url,normalized_url,domain,source_files,source_file_count,citation_occurrence_count,in_current_source_register_exact,in_current_source_register_normalized,source_register_source_ids,inferred_source_class,source_class_basis,official_or_primary_inference,malformed_url,malformed_reason
http://airworks.io,http://airworks.io/,airworks.io,research/built_environment_ecosystem_discovery_index.csv,1,1,yes,yes,,company_or_product,conservative domain/path heuristic; not a claim-quality decision,likely first-party/company domain (heuristic),no,
http://audette.io,http://audette.io/,audette.io,research/built_environment_ecosystem_discovery_index.csv,1,1,yes,yes,,company_or_product,conservative domain/path heuristic; not a claim-quality decision,likely first-party/company domain (heuristic),no,
http://butlerplus.com,http://butlerplus.com/,butlerplus.com,research/built_environment_ecosystem_discovery_index.csv,1,1,yes,yes,,company_or_product,conservative domain/path heuristic; not a claim-quality decision,likely first-party/company domain (heuristic),no,
http://closingtheory.com,http://closingtheory.com/,closingtheory.com,research/built_environment_ecosystem_discovery_index.csv,1,1,yes,yes,,company_or_product,conservative domain/path heuristic; not a claim-quality decision,likely first-party/company domain (heuristic),no,
http://connect-homes.com,http://connect-homes.com/,connect-homes.com,research/built_environment_ecosystem_discovery_index.csv,1,1,yes,yes,,company_or_product,conservative domain/path heuristic; not a claim-quality decision,likely first-party/company domain (heuristic),no,
http://meshpay.com,http://meshpay.com/,meshpay.com,research/built_environment_ecosystem_discovery_index.csv,1,1,yes,yes,,company_or_product,conservative domain/path heuristic; not a claim-quality decision,likely first-party/company domain (heuristic),no,
http://rachio.com/,http://rachio.com/,rachio.com,research/built_environment_ecosystem_discovery_index.csv,1,1,yes,yes,,company_or_product,conservative domain/path heuristic; not a claim-quality decision,likely first-party/company domain (heuristic),no,
http://siteline.com/,http://siteline.com/,siteline.com,research/built_environment_ecosystem_discovery_index.csv,1,1,yes,yes,,company_or_product,conservative domain/path heuristic; not a claim-quality decision,likely first-party/company domain (heuristic),no,
http://sklut.io,http://sklut.io/,sklut.io,research/built_environment_ecosystem_discovery_index.csv,1,1,yes,yes,,company_or_product,conservative domain/path heuristic; not a claim-quality decision,likely first-party/company domain (heuristic),no,
http://trustandwill.com,http://trustandwill.com/,trustandwill.com,research/built_environment_ecosystem_discovery_index.csv,1,1,yes,yes,,company_or_product,conservative domain/path heuristic; not a claim-quality decision,likely first-party/company domain (heuristic),no,
http://workandsolutions.com,http://workandsolutions.com/,workandsolutions.com,research/built_environment_ecosystem_discovery_index.csv,1,1,yes,yes,,company_or_product,conservative domain/path heuristic; not a claim-quality decision,likely first-party/company domain (heuristic),no,
http://www.airbnb.com/,http://airbnb.com/,airbnb.com,research/built_environment_ecosystem_discovery_index.csv,1,1,yes,yes,,company_or_product,conservative domain/path heuristic; not a claim-quality decision,likely first-party/company domain (heuristic),no,
http://www.courbanize.com/,http://courbanize.com/,courbanize.com,research/built_environment_ecosystem_discovery_index.csv,1,1,yes,yes,,company_or_product,conservative domain/path heuristic; not a claim-quality decision,likely first-party/company domain (heuristic),no,
http://www.crayonscrm.com.au,http://crayonscrm.com.au/,crayonscrm.com.au,research/built_environment_ecosystem_discovery_index.csv,1,1,yes,yes,,company_or_product,conservative domain/path heuristic; not a claim-quality decision,likely first-party/company domain (heuristic),no,
http://www.curri.com,http://curri.com/,curri.com,research/built_environment_ecosystem_discovery_index.csv,1,1,yes,yes,,company_or_product,conservative domain/path heuristic; not a claim-quality decision,likely first-party/company domain (heuristic),no,
http://www.ingenious.build/,http://ingenious.build/,ingenious.build,research/built_environment_ecosystem_discovery_index.csv,1,1,yes,yes,,company_or_product,conservative domain/path heuristic; not a claim-quality decision,likely first-party/company domain (heuristic),no,
http://www.parkbooker.com,http://parkbooker.com/,parkbooker.com,research/built_environment_ecosystem_discovery_index.csv,1,1,yes,yes,,company_or_product,conservative domain/path heuristic; not a claim-quality decision,likely first-party/company domain (heuristic),no,
http://www.parkifi.com,http://parkifi.com/,parkifi.com,research/built_environment_ecosystem_discovery_index.csv,1,1,yes,yes,,company_or_product,conservative domain/path heuristic; not a claim-quality decision,likely first-party/company domain (heuristic),no,
http://www.parkquility.com,http://parkquility.com/,parkquility.com,research/built_environment_ecosystem_discovery_index.csv,1,1,yes,yes,,company_or_product,conservative domain/path heuristic; not a claim-quality decision,likely first-party/company domain (heuristic),no,
http://www.recruitre.com.au,http://recruitre.com.au/,recruitre.com.au,research/built_environment_ecosystem_discovery_index.csv,1,1,yes,yes,,company_or_product,conservative domain/path heuristic; not a claim-quality decision,likely first-party/company domain (heuristic),no,
http://www.rhumbix.com,http://rhumbix.com/,rhumbix.com,research/built_environment_ecosystem_discovery_index.csv,1,1,yes,yes,,company_or_product,conservative domain/path heuristic; not a claim-quality decision,likely first-party/company domain (heuristic),no,
http://www.snapdocs.com/,http://snapdocs.com/,snapdocs.com,research/built_environment_ecosystem_discovery_index.csv,1,1,yes,yes,,company_or_product,conservative domain/path heuristic; not a claim-quality decision,likely first-party/company domain (heuristic),no,
http://www.zapiio.io/,http://zapiio.io/,zapiio.io,research/built_environment_ecosystem_discovery_index.csv,1,1,yes,yes,,company_or_product,conservative domain/path heuristic; not a claim-quality decision,likely first-party/company domain (heuristic),no,
http://younity.io/,http://younity.io/,younity.io,research/built_environment_ecosystem_discovery_index.csv,1,1,yes,yes,,company_or_product,conservative domain/path heuristic; not a claim-quality decision,likely first-party/company domain (heuristic),no,
https://abs2025.asia.berlin/opportunities/UGFydGljaXBhdGlvbjE5Nzk0MA%3D%3D,https://abs2025.asia.berlin/opportunities/UGFydGljaXBhdGlvbjE5Nzk0MA%3D%3D,abs2025.asia.berlin,research/regional_proptech_landscape.md,1,1,yes,yes,,company_or_product,conservative domain/path heuristic; not a claim-quality decision,likely first-party/company domain (heuristic),no,
https://acelabusa.com/,https://acelabusa.com/,acelabusa.com,research/built_environment_ecosystem_discovery_index.csv,1,1,yes,yes,,company_or_product,conservative domain/path heuristic; not a claim-quality decision,likely first-party/company domain (heuristic),no,
https://acreto.io/,https://acreto.io/,acreto.io,research/built_environment_ecosystem_discovery_index.csv,1,1,yes,yes,,company_or_product,conservative domain/path heuristic; not a claim-quality decision,likely first-party/company domain (heuristic),no,
https://actionfigure.ai/,https://actionfigure.ai/,actionfigure.ai,research/built_environment_ecosystem_discovery_index.csv,1,1,yes,yes,,company_or_product,conservative domain/path heuristic; not a claim-quality decision,likely first-party/company domain (heuristic),no,
https://actuate.ai/,https://actuate.ai/,actuate.ai,research/built_environment_ecosystem_discovery_index.csv,1,1,yes,yes,,company_or_product,conservative domain/path heuristic; not a claim-quality decision,likely first-party/company domain (heuristic),no,
https://aerwave.io/,https://aerwave.io/,aerwave.io,research/built_environment_ecosystem_discovery_index.csv,1,1,yes,yes,,company_or_product,conservative domain/path heuristic; not a claim-quality decision,likely first-party/company domain (heuristic),no,
https://ai.realestate/,https://ai.realestate/,ai.realestate,research/built_environment_ecosystem_discovery_index.csv,1,2,yes,yes,,company_or_product,conservative domain/path heuristic; not a claim-quality decision,likely first-party/company domain (heuristic),no,
https://airsidemobile.com/,https://airsidemobile.com/,airsidemobile.com,research/built_environment_ecosystem_discovery_index.csv,1,1,yes,yes,,company_or_product,conservative domain/path heuristic; not a claim-quality decision,likely first-party/company domain (heuristic),no,
https://alphaa.io/,https://alphaa.io/,alphaa.io,research/built_environment_ecosystem_discovery_index.csv,1,1,yes,yes,,company_or_product,conservative domain/path heuristic; not a claim-quality decision,likely first-party/company domain (heuristic),no,
https://ambr.company/,https://ambr.company/,ambr.company,research/built_environment_ecosystem_discovery_index.csv,1,1,yes,yes,,company_or_product,conservative domain/path heuristic; not a claim-quality decision,likely first-party/company domain (heuristic),no,
https://annual2024.mubadala.com/en/onemubadala/real-assets,https://annual2024.mubadala.com/en/onemubadala/real-assets,annual2024.mubadala.com,research/global_real_estate_pioneers.md|research/global_real_estate_pioneers_agent.csv,2,2,yes,yes,,company_or_product,conservative domain/path heuristic; not a claim-quality decision,likely first-party/company domain (heuristic),no,
https://apigateway.adx.ae/adx/cdn/1.0/content/download/4778749,https://apigateway.adx.ae/adx/cdn/1.0/content/download/4778749,apigateway.adx.ae,JCX_Meeting_Dossier_2026-08-29.md,1,1,yes,yes,,company_or_product,conservative domain/path heuristic; not a claim-quality decision,likely first-party/company domain (heuristic),no,
https://app.constructapp.io/,https://app.constructapp.io/,app.constructapp.io,research/built_environment_ecosystem_discovery_index.csv,1,1,yes,yes,,company_or_product,conservative domain/path heuristic; not a claim-quality decision,likely first-party/company domain (heuristic),no,
https://applausehq.com/,https://applausehq.com/,applausehq.com,research/built_environment_ecosystem_discovery_index.csv,1,1,yes,yes,,company_or_product,conservative domain/path heuristic; not a claim-quality decision,likely first-party/company domain (heuristic),no,
https://aquanta.io/,https://aquanta.io/,aquanta.io,research/built_environment_ecosystem_discovery_index.csv,1,1,yes,yes,,company_or_product,conservative domain/path heuristic; not a claim-quality decision,likely first-party/company domain (heuristic),no,
https://arbnco.co.uk/,https://arbnco.co.uk/,arbnco.co.uk,research/built_environment_ecosystem_discovery_index.csv,1,1,yes,yes,,company_or_product,conservative domain/path heuristic; not a claim-quality decision,likely first-party/company domain (heuristic),no,
https://artic.works/,https://artic.works/,artic.works,research/built_environment_ecosystem_discovery_index.csv,1,1,yes,yes,,company_or_product,conservative domain/path heuristic; not a claim-quality decision,likely first-party/company domain (heuristic),no,
https://assets.ctfassets.net/8jgyidtgyr4v/5JvyDH3YNv4OXX5GbjMkvl/2a9d210f709762517c3e55477457ac3f/Altus_Group_Limited_MDA_2025Q4.pdf,https://assets.ctfassets.net/8jgyidtgyr4v/5JvyDH3YNv4OXX5GbjMkvl/2a9d210f709762517c3e55477457ac3f/Altus_Group_Limited_MDA_2025Q4.pdf,assets.ctfassets.net,research/enterprise_platform_additions.csv|research/enterprise_platform_coverage_audit.md,2,2,yes,yes,,company_or_product,conservative domain/path heuristic; not a claim-quality decision,likely first-party/company domain (heuristic),no,
https://assets.group.accor.com/yrj0orc8tx24/dwdklcBVai21ztMLgb3A5/e53a5c4937c07351b855819fd097b8a6/ACCOR_DEU2025_MEL_US_270326.pdf,https://assets.group.accor.com/yrj0orc8tx24/dwdklcBVai21ztMLgb3A5/e53a5c4937c07351b855819fd097b8a6/ACCOR_DEU2025_MEL_US_270326.pdf,assets.group.accor.com,research/operator_coverage_additions.csv|research/operator_coverage_final_audit.md,2,2,yes,yes,,company_or_product,conservative domain/path heuristic; not a claim-quality decision,likely first-party/company domain (heuristic),no,
https://assets.nobroker.in/static/img/press/nb_in_chennai.pdf,https://assets.nobroker.in/static/img/press/nb_in_chennai.pdf,assets.nobroker.in,research/regional_companies_agent.csv|research/regional_proptech_landscape.md,2,2,yes,yes,,company_or_product,conservative domain/path heuristic; not a claim-quality decision,likely first-party/company domain (heuristic),no,
https://assets.pinhome.id/static/market-report/downloads/market-report_downloads_id_market_report_2024_and_outlook_2025.pdf,https://assets.pinhome.id/static/market-report/downloads/market-report_downloads_id_market_report_2024_and_outlook_2025.pdf,assets.pinhome.id,research/coverage_gap_additions.csv,1,1,yes,yes,,company_or_product,conservative domain/path heuristic; not a claim-quality decision,likely first-party/company domain (heuristic),no,
https://associationonline.com/,https://associationonline.com/,associationonline.com,research/built_environment_ecosystem_discovery_index.csv,1,2,yes,yes,,company_or_product,conservative domain/path heuristic; not a claim-quality decision,likely first-party/company domain (heuristic),no,
https://asuene.com/us/,https://asuene.com/us,asuene.com,research/built_environment_ecosystem_discovery_index.csv,1,1,yes,yes,,company_or_product,conservative domain/path heuristic; not a claim-quality decision,likely first-party/company domain (heuristic),no,
https://atease.io/,https://atease.io/,atease.io,research/built_environment_ecosystem_discovery_index.csv,1,1,yes,yes,,company_or_product,conservative domain/path heuristic; not a claim-quality decision,likely first-party/company domain (heuristic),no,
https://atoms.co/,https://atoms.co/,atoms.co,research/built_environment_ecosystem_discovery_index.csv,1,1,yes,yes,,company_or_product,conservative domain/path heuristic; not a claim-quality decision,likely first-party/company domain (heuristic),no,
https://auar.io/,https://auar.io/,auar.io,research/startup_core_additions.csv|research/startup_coverage_additions.csv,2,4,yes,yes,,company_or_product,conservative domain/path heuristic; not a claim-quality decision,likely first-party/company domain (heuristic),no,
https://auar.io/how-it-works,https://auar.io/how-it-works,auar.io,research/startup_core_additions.csv|research/startup_coverage_additions.csv,2,2,yes,yes,,company_or_product,conservative domain/path heuristic; not a claim-quality decision,likely first-party/company domain (heuristic),no,
https://auditmate.com/,https://auditmate.com/,auditmate.com,research/built_environment_ecosystem_discovery_index.csv|research/startup_coverage_additions.csv,2,2,yes,yes,,company_or_product,conservative domain/path heuristic; not a claim-quality decision,likely first-party/company domain (heuristic),no,
https://august.com/,https://august.com/,august.com,research/built_environment_ecosystem_discovery_index.csv,1,1,yes,yes,,company_or_product,conservative domain/path heuristic; not a claim-quality decision,likely first-party/company domain (heuristic),no,
https://aurorasolar.com,https://aurorasolar.com/,aurorasolar.com,research/built_environment_ecosystem_discovery_index.csv,1,1,yes,yes,,company_or_product,conservative domain/path heuristic; not a claim-quality decision,likely first-party/company domain (heuristic),no,
https://autositu.com/,https://autositu.com/,autositu.com,research/built_environment_ecosystem_discovery_index.csv,1,1,yes,yes,,company_or_product,conservative domain/path heuristic; not a claim-quality decision,likely first-party/company domain (heuristic),no,
https://bacnet.org/,https://bacnet.org/,bacnet.org,research/standards_interoperability_governance.md,1,1,yes,yes,,research_or_industry,conservative domain/path heuristic; not a claim-quality decision,research/industry context; authority varies,no,
https://bacnet.org/about-bacnet-standard/,https://bacnet.org/about-bacnet-standard,bacnet.org,JCX_Global_PropTech_Intelligence_Atlas_2026-08-30.md|research/standards_interoperability_governance.md|research/standards_registry.csv,3,4,yes,yes,,research_or_industry,conservative domain/path heuristic; not a claim-quality decision,research/industry context; authority varies,no,
https://bacnet.org/addenda/,https://bacnet.org/addenda,bacnet.org,research/standards_interoperability_governance.md,1,1,yes,yes,,research_or_industry,conservative domain/path heuristic; not a claim-quality decision,research/industry context; authority varies,no,
https://barikoi.com/,https://barikoi.com/,barikoi.com,JCX_Global_PropTech_Intelligence_Atlas_2026-08-30.md|research/regional_companies_agent.csv,2,2,yes,yes,,company_or_product,conservative domain/path heuristic; not a claim-quality decision,likely first-party/company domain (heuristic),no,
https://bd.linkedin.com/company/jcx-developments-limited,https://bd.linkedin.com/company/jcx-developments-limited,bd.linkedin.com,JCX_Meeting_Dossier_2026-08-29.md,1,1,yes,yes,,company_or_product,conservative domain/path heuristic; not a claim-quality decision,likely first-party/company domain (heuristic),no,
https://bd.linkedin.com/company/vextrus,https://bd.linkedin.com/company/vextrus,bd.linkedin.com,research/regional_companies_agent.csv|research/regional_proptech_landscape.md,2,2,yes,yes,,company_or_product,conservative domain/path heuristic; not a claim-quality decision,likely first-party/company domain (heuristic),no,
https://bd.linkedin.com/jobs/view/manager-business-development-land-acquisition-for-jcx-developments-ltd-at-bdjobs-com-3968496628,https://bd.linkedin.com/jobs/view/manager-business-development-land-acquisition-for-jcx-developments-ltd-at-bdjobs-com-3968496628,bd.linkedin.com,JCX_Second_Pass_Strategy_PropTech_Startups_2026-08-29.md,1,1,yes,yes,,company_or_product,conservative domain/path heuristic; not a claim-quality decision,likely first-party/company domain (heuristic),no,
https://bd.linkedin.com/jobs/view/manager-sr-manager-it-mis-for-jcx-developments-ltd-job-id-1514814-at-bdjobs-com-4444528147,https://bd.linkedin.com/jobs/view/manager-sr-manager-it-mis-for-jcx-developments-ltd-job-id-1514814-at-bdjobs-com-4444528147,bd.linkedin.com,JCX_Meeting_Dossier_2026-08-29.md|JCX_Second_Pass_Strategy_PropTech_Startups_2026-08-29.md,2,2,yes,yes,,company_or_product,conservative domain/path heuristic; not a claim-quality decision,likely first-party/company domain (heuristic),no,
https://bd.linkedin.com/jobs/view/manager-sr-manager-sales-for-jcx-developments-ltd-job-id-1466972-at-bdjobs-com-4381277987,https://bd.linkedin.com/jobs/view/manager-sr-manager-sales-for-jcx-developments-ltd-job-id-1466972-at-bdjobs-com-4381277987,bd.linkedin.com,JCX_Second_Pass_Strategy_PropTech_Startups_2026-08-29.md,1,1,yes,yes,,company_or_product,conservative domain/path heuristic; not a claim-quality decision,likely first-party/company domain (heuristic),no,
https://bdlaws.minlaw.gov.bd/act-print-1416/section-print-51485.html,https://bdlaws.minlaw.gov.bd/act-print-1416/section-print-51485.html,bdlaws.minlaw.gov.bd,JCX_Second_Pass_Strategy_PropTech_Startups_2026-08-29.md,1,1,yes,yes,,government_or_regulator,conservative domain/path heuristic; not a claim-quality decision,likely authoritative/official (heuristic),no,
https://bdlaws.minlaw.gov.bd/act-print-1573.html,https://bdlaws.minlaw.gov.bd/act-print-1573.html,bdlaws.minlaw.gov.bd,JCX_Global_PropTech_Intelligence_Atlas_2026-08-30.md|research/standards_interoperability_governance.md|research/standards_registry.csv,3,4,yes,yes,,government_or_regulator,conservative domain/path heuristic; not a claim-quality decision,likely authoritative/official (heuristic),no,
https://beamware.ai/,https://beamware.ai/,beamware.ai,research/built_environment_ecosystem_discovery_index.csv,1,1,yes,yes,,company_or_product,conservative domain/path heuristic; not a claim-quality decision,likely first-party/company domain (heuristic),no,
https://belonghome.com/,https://belonghome.com/,belonghome.com,research/built_environment_ecosystem_discovery_index.csv,1,1,yes,yes,,company_or_product,conservative domain/path heuristic; not a claim-quality decision,likely first-party/company domain (heuristic),no,
https://bentoforbusiness.com/,https://bentoforbusiness.com/,bentoforbusiness.com,research/built_environment_ecosystem_discovery_index.csv,1,1,yes,yes,,company_or_product,conservative domain/path heuristic; not a claim-quality decision,likely first-party/company domain (heuristic),no,
https://better.com/,https://better.com/,better.com,research/built_environment_ecosystem_discovery_index.csv,1,1,yes,yes,,company_or_product,conservative domain/path heuristic; not a claim-quality decision,likely first-party/company domain (heuristic),no,
https://bhr.fyi/,https://bhr.fyi/,bhr.fyi,research/built_environment_ecosystem_discovery_index.csv,1,1,yes,yes,,company_or_product,conservative domain/path heuristic; not a claim-quality decision,likely first-party/company domain (heuristic),no,
https://billyforinsurance.com/,https://billyforinsurance.com/,billyforinsurance.com,research/built_environment_ecosystem_discovery_index.csv,1,1,yes,yes,,company_or_product,conservative domain/path heuristic; not a claim-quality decision,likely first-party/company domain (heuristic),no,
https://biomason.com/,https://biomason.com/,biomason.com,research/final_coverage_assurance.md|research/final_residual_additions.csv,2,3,yes,yes,,company_or_product,conservative domain/path heuristic; not a claim-quality decision,likely first-party/company domain (heuristic),no,
https://biomason.com/biocement,https://biomason.com/biocement,biomason.com,research/final_residual_additions.csv,1,1,yes,yes,,company_or_product,conservative domain/path heuristic; not a claim-quality decision,likely first-party/company domain (heuristic),no,
https://bite.engineering/,https://bite.engineering/,bite.engineering,research/built_environment_ecosystem_discovery_index.csv,1,1,yes,yes,,company_or_product,conservative domain/path heuristic; not a claim-quality decision,likely first-party/company domain (heuristic),no,
https://blend.com/,https://blend.com/,blend.com,research/built_environment_ecosystem_discovery_index.csv,1,1,yes,yes,,company_or_product,conservative domain/path heuristic; not a claim-quality decision,likely first-party/company domain (heuristic),no,
https://blend.com/customers/crosscountry-mortgage/,https://blend.com/customers/crosscountry-mortgage,blend.com,research/quantified_outcome_case_library.csv,1,1,yes,yes,,company_or_product,conservative domain/path heuristic; not a claim-quality decision,likely first-party/company domain (heuristic),no,
https://blog.procore.com/en-ca/casestudies/green-mechanical,https://blog.procore.com/en-ca/casestudies/green-mechanical,blog.procore.com,JCX_Global_PropTech_Intelligence_Atlas_2026-08-30.md|research/quantified_outcome_case_library.csv,2,2,yes,yes,,company_or_product,conservative domain/path heuristic; not a claim-quality decision,likely first-party/company domain (heuristic),no,
https://bnda.gov.bd/standards,https://bnda.gov.bd/standards,bnda.gov.bd,research/standards_interoperability_governance.md,1,1,yes,yes,,government_or_regulator,conservative domain/path heuristic; not a claim-quality decision,likely authoritative/official (heuristic),no,
https://bpcproc.com/,https://bpcproc.com/,bpcproc.com,JCX_Second_Pass_Strategy_PropTech_Startups_2026-08-29.md,1,1,yes,yes,,company_or_product,conservative domain/path heuristic; not a claim-quality decision,likely first-party/company domain (heuristic),no,
https://brainboxai.com/,https://brainboxai.com/,brainboxai.com,JCX_Second_Pass_Strategy_PropTech_Startups_2026-08-29.md|research/proptech_startup_universe.md|research/proptech_startups_agent.csv,3,4,yes,yes,,company_or_product,conservative domain/path heuristic; not a claim-quality decision,likely first-party/company domain (heuristic),no,
https://brainboxai.com/en/case-studies/australian-shopping-mall-results-encourage-portfolio-wide-implementation,https://brainboxai.com/en/case-studies/australian-shopping-mall-results-encourage-portfolio-wide-implementation,brainboxai.com,JCX_Global_PropTech_Intelligence_Atlas_2026-08-30.md|research/quantified_outcome_case_library.csv,2,2,yes,yes,,company_or_product,conservative domain/path heuristic; not a claim-quality decision,likely first-party/company domain (heuristic),no,
https://brainboxai.com/hubfs/Case%20Studies/BBAI_Case%20Study_Montreal%20Office%20Building%20V4.pdf,https://brainboxai.com/hubfs/Case%20Studies/BBAI_Case%20Study_Montreal%20Office%20Building%20V4.pdf,brainboxai.com,research/quantified_outcome_case_library.csv,1,1,yes,yes,,company_or_product,conservative domain/path heuristic; not a claim-quality decision,likely first-party/company domain (heuristic),no,
https://branchtechnology.com,https://branchtechnology.com/,branchtechnology.com,research/built_environment_ecosystem_discovery_index.csv,1,1,yes,yes,,company_or_product,conservative domain/path heuristic; not a claim-quality decision,likely first-party/company domain (heuristic),no,
https://brickmortar.vc/portfolio,https://brickmortar.vc/portfolio,brickmortar.vc,JCX_Global_PropTech_Intelligence_Atlas_2026-08-30.md|research/build_ecosystem_discovery_index.py|research/built_environment_ecosystem_discovery_index.csv|research/built_environment_ecosystem_discovery_index.md|research/coverage_gap_audit.md|research/final_residual_additions.csv|research/proptech_startup_universe.md|research/proptech_startups_agent.csv,8,66,yes,yes,,ecosystem_or_investor,conservative domain/path heuristic; not a claim-quality decision,official membership source or investor domain (heuristic),no,
https://bricks-fundtokyo.com/,https://bricks-fundtokyo.com/,bricks-fundtokyo.com,research/global_real_estate_pioneers.md|research/global_real_estate_pioneers_agent.csv,2,4,yes,yes,,company_or_product,conservative domain/path heuristic; not a claim-quality decision,likely first-party/company domain (heuristic),no,
https://brkz.com/en,https://brkz.com/en,brkz.com,research/regional_companies_agent.csv,1,1,yes,yes,,company_or_product,conservative domain/path heuristic; not a claim-quality decision,likely first-party/company domain (heuristic),no,
https://brokerbot.ai/,https://brokerbot.ai/,brokerbot.ai,research/built_environment_ecosystem_discovery_index.csv,1,3,yes,yes,,company_or_product,conservative domain/path heuristic; not a claim-quality decision,likely first-party/company domain (heuristic),no,
https://bsmedia.business-standard.com/_media/bs/data/announcements/bse/19082025/0884e44f-01ac-4a6c-8a62-90727fe88fdb.pdf,https://bsmedia.business-standard.com/_media/bs/data/announcements/bse/19082025/0884e44f-01ac-4a6c-8a62-90727fe88fdb.pdf,bsmedia.business-standard.com,research/global_real_estate_pioneers.md|research/global_real_estate_pioneers_agent.csv,2,2,yes,yes,,company_or_product,conservative domain/path heuristic; not a claim-quality decision,likely first-party/company domain (heuristic),no,
https://btibd.com/,https://btibd.com/,btibd.com,JCX_Second_Pass_Strategy_PropTech_Startups_2026-08-29.md|research/regional_proptech_landscape.md,2,2,yes,yes,,company_or_product,conservative domain/path heuristic; not a claim-quality decision,likely first-party/company domain (heuristic),no,
https://btibd.com/nrb/,https://btibd.com/nrb,btibd.com,JCX_Second_Pass_Strategy_PropTech_Startups_2026-08-29.md,1,1,yes,yes,,company_or_product,conservative domain/path heuristic; not a claim-quality decision,likely first-party/company domain (heuristic),no,
https://buildings.honeywell.com/us/en/solutions/automation-solutions/sustainability/connected-solutions,https://buildings.honeywell.com/us/en/solutions/automation-solutions/sustainability/connected-solutions,buildings.honeywell.com,research/enterprise_platform_additions.csv,1,1,yes,yes,,company_or_product,conservative domain/path heuristic; not a claim-quality decision,likely first-party/company domain (heuristic),no,
https://buildings.honeywell.com/us/en/solutions/buildings,https://buildings.honeywell.com/us/en/solutions/buildings,buildings.honeywell.com,research/enterprise_platform_additions.csv|research/enterprise_platform_coverage_audit.md,2,2,yes,yes,,company_or_product,conservative domain/path heuristic; not a claim-quality decision,likely first-party/company domain (heuristic),no,
https://buildingtransparency.org/,https://buildingtransparency.org/,buildingtransparency.org,research/final_coverage_assurance.md,1,1,yes,yes,,research_or_industry,conservative domain/path heuristic; not a claim-quality decision,research/industry context; authority varies,no,
https://buildmart.com.bd/,https://buildmart.com.bd/,buildmart.com.bd,research/regional_companies_agent.csv,1,1,yes,yes,,company_or_product,conservative domain/path heuristic; not a claim-quality decision,likely first-party/company domain (heuristic),no,
https://buildmart.com.bd/pages/about-us,https://buildmart.com.bd/pages/about-us,buildmart.com.bd,JCX_Global_PropTech_Intelligence_Atlas_2026-08-30.md|JCX_Second_Pass_Strategy_PropTech_Startups_2026-08-29.md|research/regional_companies_agent.csv|research/regional_proptech_landscape.md,4,4,yes,yes,,company_or_product,conservative domain/path heuristic; not a claim-quality decision,likely first-party/company domain (heuristic),no,
https://buildops.com/about/,https://buildops.com/about,buildops.com,research/built_environment_ecosystem_discovery_index.csv,1,1,yes,yes,,company_or_product,conservative domain/path heuristic; not a claim-quality decision,likely first-party/company domain (heuristic),no,
https://buildots.com/,https://buildots.com/,buildots.com,JCX_Second_Pass_Strategy_PropTech_Startups_2026-08-29.md|research/proptech_startup_universe.md|research/proptech_startups_agent.csv,3,4,yes,yes,,company_or_product,conservative domain/path heuristic; not a claim-quality decision,likely first-party/company domain (heuristic),no,
https://buildots.com/case-studies/intel-partners-with-buildots/,https://buildots.com/case-studies/intel-partners-with-buildots,buildots.com,research/quantified_outcome_case_library.csv,1,1,yes,yes,,company_or_product,conservative domain/path heuristic; not a claim-quality decision,likely first-party/company domain (heuristic),no,
https://buildots.com/case-studies/ncc-partners-with-buildots/,https://buildots.com/case-studies/ncc-partners-with-buildots,buildots.com,JCX_Global_PropTech_Intelligence_Atlas_2026-08-30.md|JCX_Second_Pass_Strategy_PropTech_Startups_2026-08-29.md|research/proptech_startup_universe.md|research/proptech_startups_agent.csv|research/quantified_outcome_case_library.csv,5,5,yes,yes,,company_or_product,conservative domain/path heuristic; not a claim-quality decision,likely first-party/company domain (heuristic),no,
https://builtworlds.com/insights/2025-building-tech-top-50-list/,https://builtworlds.com/insights/2025-building-tech-top-50-list,builtworlds.com,research/final_coverage_assurance.md|research/startup_core_additions.csv|research/startup_coverage_additions.csv|research/startup_coverage_final_audit.md,4,11,yes,yes,,company_or_product,conservative domain/path heuristic; not a claim-quality decision,likely first-party/company domain (heuristic),no,
https://butterflymx.com/,https://butterflymx.com/,butterflymx.com,research/built_environment_ecosystem_discovery_index.csv|research/proptech_startup_universe.md|research/proptech_startups_agent.csv,3,4,yes,yes,,company_or_product,conservative domain/path heuristic; not a claim-quality decision,likely first-party/company domain (heuristic),no,
https://bytegain.com/,https://bytegain.com/,bytegain.com,research/built_environment_ecosystem_discovery_index.csv,1,1,yes,yes,,company_or_product,conservative domain/path heuristic; not a claim-quality decision,likely first-party/company domain (heuristic),no,
https://c-link.com/case-studies/,https://c-link.com/case-studies,c-link.com,research/quantified_outcome_case_library.csv,1,1,yes,yes,,company_or_product,conservative domain/path heuristic; not a claim-quality decision,likely first-party/company domain (heuristic),no,
https://cadastral.ai/,https://cadastral.ai/,cadastral.ai,research/built_environment_ecosystem_discovery_index.csv,1,1,yes,yes,,company_or_product,conservative domain/path heuristic; not a claim-quality decision,likely first-party/company domain (heuristic),no,
https://canary.is/,https://canary.is/,canary.is,research/built_environment_ecosystem_discovery_index.csv,1,1,yes,yes,,company_or_product,conservative domain/path heuristic; not a claim-quality decision,likely first-party/company domain (heuristic),no,
https://caribou.com/,https://caribou.com/,caribou.com,research/built_environment_ecosystem_discovery_index.csv,1,1,yes,yes,,company_or_product,conservative domain/path heuristic; not a claim-quality decision,likely first-party/company domain (heuristic),no,
https://cases.stretto.com/public/X174/11705/PLEADINGS/1170505222480000000154.pdf,https://cases.stretto.com/public/X174/11705/PLEADINGS/1170505222480000000154.pdf,cases.stretto.com,JCX_Global_PropTech_Intelligence_Atlas_2026-08-30.md|research/market_trends_and_failure_lessons.md,2,2,yes,yes,,company_or_product,conservative domain/path heuristic; not a claim-quality decision,likely first-party/company domain (heuristic),no,
https://cdn.aldar.com/-/media/project/aldar-tenant/aldar2/investors-documents/aldar-integrated-annual-and-sustainability-report-2024.pdf,https://cdn.aldar.com/-/media/project/aldar-tenant/aldar2/investors-documents/aldar-integrated-annual-and-sustainability-report-2024.pdf,cdn.aldar.com,JCX_Meeting_Dossier_2026-08-29.md,1,1,yes,yes,,company_or_product,conservative domain/path heuristic; not a claim-quality decision,likely first-party/company domain (heuristic),no,
https://cdn.aldar.com/en/news-and-media/aldar-fy-2024-financial-results,https://cdn.aldar.com/en/news-and-media/aldar-fy-2024-financial-results,cdn.aldar.com,research/global_real_estate_pioneers.md|research/global_real_estate_pioneers_agent.csv,2,2,yes,yes,,company_or_product,conservative domain/path heuristic; not a claim-quality decision,likely first-party/company domain (heuristic),no,
https://centercheck.com/,https://centercheck.com/,centercheck.com,research/built_environment_ecosystem_discovery_index.csv,1,1,yes,yes,,company_or_product,conservative domain/path heuristic; not a claim-quality decision,likely first-party/company domain (heuristic),no,
https://centro-ayuda.habi.co/hc/es-419/articles/20481671498011--Qu%C3%A9-es-Habi,https://centro-ayuda.habi.co/hc/es-419/articles/20481671498011--Qu%C3%A9-es-Habi,centro-ayuda.habi.co,research/coverage_gap_additions.csv,1,1,yes,yes,,company_or_product,conservative domain/path heuristic; not a claim-quality decision,likely first-party/company domain (heuristic),no,
https://cherre.com/,https://cherre.com/,cherre.com,research/proptech_startup_universe.md|research/proptech_startups_agent.csv,2,3,yes,yes,,company_or_product,conservative domain/path heuristic; not a claim-quality decision,likely first-party/company domain (heuristic),no,
https://circotrade.com/,https://circotrade.com/,circotrade.com,research/startup_coverage_additions.csv,1,1,yes,yes,,company_or_product,conservative domain/path heuristic; not a claim-quality decision,likely first-party/company domain (heuristic),no,
https://civilconstruction.trimble.com/en/products/software/trimble-connect,https://civilconstruction.trimble.com/en/products/software/trimble-connect,civilconstruction.trimble.com,research/coverage_gap_additions.csv,1,1,yes,yes,,company_or_product,conservative domain/path heuristic; not a claim-quality decision,likely first-party/company domain (heuristic),no,
https://civils.ai/,https://civils.ai/,civils.ai,research/startup_core_additions.csv|research/startup_coverage_additions.csv,2,2,yes,yes,,company_or_product,conservative domain/path heuristic; not a claim-quality decision,likely first-party/company domain (heuristic),no,
https://civils.ai/about,https://civils.ai/about,civils.ai,research/startup_core_additions.csv|research/startup_coverage_additions.csv,2,2,yes,yes,,company_or_product,conservative domain/path heuristic; not a claim-quality decision,likely first-party/company domain (heuristic),no,
https://classpass.com/,https://classpass.com/,classpass.com,research/built_environment_ecosystem_discovery_index.csv,1,1,yes,yes,,company_or_product,conservative domain/path heuristic; not a claim-quality decision,likely first-party/company domain (heuristic),no,
https://clikalia.com/,https://clikalia.com/,clikalia.com,research/built_environment_ecosystem_discovery_index.csv,1,1,yes,yes,,company_or_product,conservative domain/path heuristic; not a claim-quality decision,likely first-party/company domain (heuristic),no,
https://cms.mahindralifespaces.com/web/node/4161,https://cms.mahindralifespaces.com/web/node/4161,cms.mahindralifespaces.com,research/operator_coverage_additions.csv,1,1,yes,yes,,company_or_product,conservative domain/path heuristic; not a claim-quality decision,likely first-party/company domain (heuristic),no,
https://committee.iso.org/sites/tc251/home/projects/published/iso-55000.html,https://committee.iso.org/sites/tc251/home/projects/published/iso-55000.html,committee.iso.org,research/standards_interoperability_governance.md|research/standards_registry.csv,2,3,yes,yes,,research_or_industry,conservative domain/path heuristic; not a claim-quality decision,research/industry context; authority varies,no,
https://companion.energy/,https://companion.energy/,companion.energy,research/built_environment_ecosystem_discovery_index.csv,1,1,yes,yes,,company_or_product,conservative domain/path heuristic; not a claim-quality decision,likely first-party/company domain (heuristic),no,
https://complimind.co.uk/,https://complimind.co.uk/,complimind.co.uk,research/built_environment_ecosystem_discovery_index.csv,1,1,yes,yes,,company_or_product,conservative domain/path heuristic; not a claim-quality decision,likely first-party/company domain (heuristic),no,
https://compstak.com/,https://compstak.com/,compstak.com,research/built_environment_ecosystem_discovery_index.csv,1,1,yes,yes,,company_or_product,conservative domain/path heuristic; not a claim-quality decision,likely first-party/company domain (heuristic),no,
https://concordrealestatebd.com/,https://concordrealestatebd.com/,concordrealestatebd.com,JCX_Second_Pass_Strategy_PropTech_Startups_2026-08-29.md,1,1,yes,yes,,company_or_product,conservative domain/path heuristic; not a claim-quality decision,likely first-party/company domain (heuristic),no,
https://conservationlabs.com,https://conservationlabs.com/,conservationlabs.com,research/built_environment_ecosystem_discovery_index.csv,1,1,yes,yes,,company_or_product,conservative domain/path heuristic; not a claim-quality decision,likely first-party/company domain (heuristic),no,
https://construction.autodesk.com/,https://construction.autodesk.com/,construction.autodesk.com,JCX_Second_Pass_Strategy_PropTech_Startups_2026-08-29.md|research/global_real_estate_pioneers_agent.csv|research/proptech_startup_universe.md|research/proptech_startups_agent.csv,4,6,yes,yes,,company_or_product,conservative domain/path heuristic; not a claim-quality decision,likely first-party/company domain (heuristic),no,
https://construction.autodesk.com/products/buildingconnected,https://construction.autodesk.com/products/buildingconnected,construction.autodesk.com,research/build_ecosystem_discovery_index.py,1,1,yes,yes,,company_or_product,conservative domain/path heuristic; not a claim-quality decision,likely first-party/company domain (heuristic),no,
https://construction.autodesk.com/products/buildingconnected/,https://construction.autodesk.com/products/buildingconnected,construction.autodesk.com,research/build_ecosystem_discovery_index.py|research/built_environment_ecosystem_discovery_index.csv|research/proptech_startups_agent.csv,3,4,yes,yes,,company_or_product,conservative domain/path heuristic; not a claim-quality decision,likely first-party/company domain (heuristic),no,
https://construction.autodesk.com/resources/customer-success-stories/arcadis-strengthening-water-system-resilience-with-bim-and-cloud-collaboration/,https://construction.autodesk.com/resources/customer-success-stories/arcadis-strengthening-water-system-resilience-with-bim-and-cloud-collaboration,construction.autodesk.com,research/quantified_outcome_case_library.csv,1,1,yes,yes,,company_or_product,conservative domain/path heuristic; not a claim-quality decision,likely first-party/company domain (heuristic),no,
https://construction.autodesk.com/resources/customer-success-stories/boustead-projects-cuts-rework-by-20-and-saves-months-on-handovers-with-autodesk-forma-2/,https://construction.autodesk.com/resources/customer-success-stories/boustead-projects-cuts-rework-by-20-and-saves-months-on-handovers-with-autodesk-forma-2,construction.autodesk.com,JCX_Global_PropTech_Intelligence_Atlas_2026-08-30.md|JCX_Second_Pass_Strategy_PropTech_Startups_2026-08-29.md|research/proptech_startup_universe.md|research/proptech_startups_agent.csv|research/quantified_outcome_case_library.csv,5,5,yes,yes,,company_or_product,conservative domain/path heuristic; not a claim-quality decision,likely first-party/company domain (heuristic),no,
https://construction.autodesk.com/resources/customer-success-stories/digitalisation-delivers-better-client-outcomes-for-obayashi-singapore/,https://construction.autodesk.com/resources/customer-success-stories/digitalisation-delivers-better-client-outcomes-for-obayashi-singapore,construction.autodesk.com,JCX_Global_PropTech_Intelligence_Atlas_2026-08-30.md|research/quantified_outcome_case_library.csv,2,2,yes,yes,,company_or_product,conservative domain/path heuristic; not a claim-quality decision,likely first-party/company domain (heuristic),no,
https://construction.autodesk.com/resources/general-contractors-customer-stories/how-imc-construction-reduced-quantity-takeoff-time-by-40-percent/,https://construction.autodesk.com/resources/general-contractors-customer-stories/how-imc-construction-reduced-quantity-takeoff-time-by-40-percent,construction.autodesk.com,research/quantified_outcome_case_library.csv,1,1,yes,yes,,company_or_product,conservative domain/path heuristic; not a claim-quality decision,likely first-party/company domain (heuristic),no,
https://craftydelivers.com/,https://craftydelivers.com/,craftydelivers.com,research/built_environment_ecosystem_discovery_index.csv,1,1,yes,yes,,company_or_product,conservative domain/path heuristic; not a claim-quality decision,likely first-party/company domain (heuristic),no,
https://credentbd.com/sectors/real-estate,https://credentbd.com/sectors/real-estate,credentbd.com,research/regional_proptech_landscape.md,1,1,yes,yes,,company_or_product,conservative domain/path heuristic; not a claim-quality decision,likely first-party/company domain (heuristic),no,
https://crrem.org/learn/,https://crrem.org/learn,crrem.org,research/standards_interoperability_governance.md|research/standards_registry.csv,2,3,yes,yes,,research_or_industry,conservative domain/path heuristic; not a claim-quality decision,research/industry context; authority varies,no,
https://crrem.org/pathways/methodology/,https://crrem.org/pathways/methodology,crrem.org,JCX_Global_PropTech_Intelligence_Atlas_2026-08-30.md|research/standards_interoperability_governance.md,2,2,yes,yes,,research_or_industry,conservative domain/path heuristic; not a claim-quality decision,research/industry context; authority varies,no,
https://crrem.org/pathways/updates/,https://crrem.org/pathways/updates,crrem.org,research/standards_interoperability_governance.md,1,1,yes,yes,,research_or_industry,conservative domain/path heuristic; not a claim-quality decision,research/industry context; authority varies,no,
https://csa-iot.org/wp-content/uploads/2024/05/matter-1-3-core-specification.pdf,https://csa-iot.org/wp-content/uploads/2024/05/matter-1-3-core-specification.pdf,csa-iot.org,research/standards_interoperability_governance.md|research/standards_registry.csv,2,3,yes,yes,,research_or_industry,conservative domain/path heuristic; not a claim-quality decision,research/industry context; authority varies,no,
https://darabase.com/,https://darabase.com/,darabase.com,research/built_environment_ecosystem_discovery_index.csv,1,1,yes,yes,,company_or_product,conservative domain/path heuristic; not a claim-quality decision,likely first-party/company domain (heuristic),no,
https://darcysolutions.com/,https://darcysolutions.com/,darcysolutions.com,research/built_environment_ecosystem_discovery_index.csv,1,1,yes,yes,,company_or_product,conservative domain/path heuristic; not a claim-quality decision,likely first-party/company domain (heuristic),no,
https://dbhfinance.com/public/assets/investor/financial-statement-sub/1714286608_DBH_Annual_Report_2023.pdf,https://dbhfinance.com/public/assets/investor/financial-statement-sub/1714286608_DBH_Annual_Report_2023.pdf,dbhfinance.com,research/regional_proptech_landscape.md,1,1,yes,yes,,company_or_product,conservative domain/path heuristic; not a claim-quality decision,likely first-party/company domain (heuristic),no,
https://dcastalia.com/,https://dcastalia.com/,dcastalia.com,JCX_Second_Pass_Strategy_PropTech_Startups_2026-08-29.md,1,1,yes,yes,,company_or_product,conservative domain/path heuristic; not a claim-quality decision,likely first-party/company domain (heuristic),no,
https://desana.io/,https://desana.io/,desana.io,research/built_environment_ecosystem_discovery_index.csv,1,1,yes,yes,,company_or_product,conservative domain/path heuristic; not a claim-quality decision,likely first-party/company domain (heuristic),no,
https://digrobotics.com/,https://digrobotics.com/,digrobotics.com,research/startup_coverage_additions.csv,1,1,yes,yes,,company_or_product,conservative domain/path heuristic; not a claim-quality decision,likely first-party/company domain (heuristic),no,
https://dnk.co/en,https://dnk.co/en,dnk.co,research/built_environment_ecosystem_discovery_index.csv,1,1,yes,yes,,company_or_product,conservative domain/path heuristic; not a claim-quality decision,likely first-party/company domain (heuristic),no,
https://docs.brickschema.org/,https://docs.brickschema.org/,docs.brickschema.org,JCX_Global_PropTech_Intelligence_Atlas_2026-08-30.md|research/standards_interoperability_governance.md|research/standards_registry.csv,3,4,yes,yes,,research_or_industry,conservative domain/path heuristic; not a claim-quality decision,research/industry context; authority varies,no,
https://docs.brickschema.org/brick/overview.html,https://docs.brickschema.org/brick/overview.html,docs.brickschema.org,research/standards_interoperability_governance.md,1,1,yes,yes,,research_or_industry,conservative domain/path heuristic; not a claim-quality decision,research/industry context; authority varies,no,
https://docs.buildingtransparency.org/,https://docs.buildingtransparency.org/,docs.buildingtransparency.org,research/final_residual_additions.csv,1,1,yes,yes,,research_or_industry,conservative domain/path heuristic; not a claim-quality decision,research/industry context; authority varies,no,
https://docs.firststreet.org/api,https://docs.firststreet.org/api,docs.firststreet.org,research/enterprise_platform_additions.csv,1,1,yes,yes,,research_or_industry,conservative domain/path heuristic; not a claim-quality decision,research/industry context; authority varies,no,
https://docs.firststreet.org/api/climate-risk-api/getting-started,https://docs.firststreet.org/api/climate-risk-api/getting-started,docs.firststreet.org,research/enterprise_platform_additions.csv|research/enterprise_platform_coverage_audit.md,2,2,yes,yes,,research_or_industry,conservative domain/path heuristic; not a claim-quality decision,research/industry context; authority varies,no,
https://docs.oracle.com/en/industries/construction-engineering/,https://docs.oracle.com/en/industries/construction-engineering,docs.oracle.com,research/enterprise_platform_additions.csv|research/enterprise_platform_coverage_audit.md,2,2,yes,yes,,company_or_product,conservative domain/path heuristic; not a claim-quality decision,likely first-party/company domain (heuristic),no,
https://docs.speckle.systems/quickstart/welcome,https://docs.speckle.systems/quickstart/welcome,docs.speckle.systems,research/startup_core_additions.csv|research/startup_coverage_additions.csv,2,2,yes,yes,,company_or_product,conservative domain/path heuristic; not a claim-quality decision,likely first-party/company domain (heuristic),no,
https://documents.gresb.com/generated_files/real_estate/2025/real_estate/reference_guide/complete.html,https://documents.gresb.com/generated_files/real_estate/2025/real_estate/reference_guide/complete.html,documents.gresb.com,research/atlas_methodology_and_website_ia.md,1,1,yes,yes,,company_or_product,conservative domain/path heuristic; not a claim-quality decision,likely first-party/company domain (heuristic),no,
https://domahome.com/,https://domahome.com/,domahome.com,research/built_environment_ecosystem_discovery_index.csv,1,1,yes,yes,,company_or_product,conservative domain/path heuristic; not a claim-quality decision,likely first-party/company domain (heuristic),no,
https://door.com/,https://door.com/,door.com,research/built_environment_ecosystem_discovery_index.csv,1,1,yes,yes,,company_or_product,conservative domain/path heuristic; not a claim-quality decision,likely first-party/company domain (heuristic),no,
https://download.schneider-electric.com/files?p_Doc_Ref=Verdantix_2023_Report&p_File_Name=Verdantix_Green_Quadrant_Energy_Management_Software_2023_Schneider_Electric.pdf,https://download.schneider-electric.com/files?p_Doc_Ref=Verdantix_2023_Report&p_File_Name=Verdantix_Green_Quadrant_Energy_Management_Software_2023_Schneider_Electric.pdf,download.schneider-electric.com,research/regional_proptech_landscape.md,1,1,yes,yes,,company_or_product,conservative domain/path heuristic; not a claim-quality decision,likely first-party/company domain (heuristic),no,
https://drawer.ai/,https://drawer.ai/,drawer.ai,research/built_environment_ecosystem_discovery_index.csv,1,1,yes,yes,,company_or_product,conservative domain/path heuristic; not a claim-quality decision,likely first-party/company domain (heuristic),no,
https://dubailand.gov.ae/en/news-media/dubai-land-department-achieves-world-first-with-instant-sell-out-of-tokenized-real-estate,https://dubailand.gov.ae/en/news-media/dubai-land-department-achieves-world-first-with-instant-sell-out-of-tokenized-real-estate,dubailand.gov.ae,JCX_Global_PropTech_Intelligence_Atlas_2026-08-30.md|research/regional_companies_agent.csv|research/regional_proptech_landscape.md,3,3,yes,yes,,government_or_regulator,conservative domain/path heuristic; not a claim-quality decision,likely authoritative/official (heuristic),no,
https://dwelo.com/,https://dwelo.com/,dwelo.com,research/built_environment_ecosystem_discovery_index.csv,1,1,yes,yes,,company_or_product,conservative domain/path heuristic; not a claim-quality decision,likely first-party/company domain (heuristic),no,
https://easyknock.com/,https://easyknock.com/,easyknock.com,research/proptech_startups_agent.csv,1,1,yes,yes,,company_or_product,conservative domain/path heuristic; not a claim-quality decision,likely first-party/company domain (heuristic),no,
https://ecoclaim.ca/,https://ecoclaim.ca/,ecoclaim.ca,research/built_environment_ecosystem_discovery_index.csv,1,1,yes,yes,,company_or_product,conservative domain/path heuristic; not a claim-quality decision,likely first-party/company domain (heuristic),no,
https://edinetdb.jp/company/E34177/text?fy=2024,https://edinetdb.jp/company/E34177/text?fy=2024,edinetdb.jp,research/regional_companies_agent.csv|research/regional_proptech_landscape.md,2,3,yes,yes,,company_or_product,conservative domain/path heuristic; not a claim-quality decision,likely first-party/company domain (heuristic),no,
https://edisonrealestatebd.com/site/index,https://edisonrealestatebd.com/site/index,edisonrealestatebd.com,JCX_Second_Pass_Strategy_PropTech_Startups_2026-08-29.md,1,1,yes,yes,,company_or_product,conservative domain/path heuristic; not a claim-quality decision,likely first-party/company domain (heuristic),no,
https://eh2.com/,https://eh2.com/,eh2.com,research/built_environment_ecosystem_discovery_index.csv,1,1,yes,yes,,company_or_product,conservative domain/path heuristic; not a claim-quality decision,likely first-party/company domain (heuristic),no,
https://ehishabi.com/,https://ehishabi.com/,ehishabi.com,JCX_Global_PropTech_Intelligence_Atlas_2026-08-30.md|JCX_Second_Pass_Strategy_PropTech_Startups_2026-08-29.md|research/proptech_startups_agent.csv|research/regional_companies_agent.csv|research/regional_proptech_landscape.md,5,7,yes,yes,,company_or_product,conservative domain/path heuristic; not a claim-quality decision,likely first-party/company domain (heuristic),no,
https://eliseai.com/,https://eliseai.com/,eliseai.com,research/enterprise_platform_additions.csv,1,1,yes,yes,,company_or_product,conservative domain/path heuristic; not a claim-quality decision,likely first-party/company domain (heuristic),no,
https://eliseai.com/about-us,https://eliseai.com/about-us,eliseai.com,research/enterprise_platform_additions.csv|research/enterprise_platform_coverage_audit.md,2,2,yes,yes,,company_or_product,conservative domain/path heuristic; not a claim-quality decision,likely first-party/company domain (heuristic),no,
https://eliseai.com/platform-overview,https://eliseai.com/platform-overview,eliseai.com,research/enterprise_platform_additions.csv|research/enterprise_platform_coverage_audit.md,2,2,yes,yes,,company_or_product,conservative domain/path heuristic; not a claim-quality decision,likely first-party/company domain (heuristic),no,
https://elyos.ai/,https://elyos.ai/,elyos.ai,research/built_environment_ecosystem_discovery_index.csv|research/coverage_gap_additions.csv,2,3,yes,yes,,company_or_product,conservative domain/path heuristic; not a claim-quality decision,likely first-party/company domain (heuristic),no,
https://embue.com,https://embue.com/,embue.com,research/built_environment_ecosystem_discovery_index.csv,1,1,yes,yes,,company_or_product,conservative domain/path heuristic; not a claim-quality decision,likely first-party/company domain (heuristic),no,
https://en-gb.wordpress.org/about/requirements/,https://en-gb.wordpress.org/about/requirements,en-gb.wordpress.org,JCX_Meeting_Dossier_2026-08-29.md,1,1,yes,yes,,research_or_industry,conservative domain/path heuristic; not a claim-quality decision,research/industry context; authority varies,no,
https://en.bd-pratidin.com/economy/2026/05/17/62826,https://en.bd-pratidin.com/economy/2026/05/17/62826,en.bd-pratidin.com,JCX_Meeting_Dossier_2026-08-29.md,1,1,yes,yes,,company_or_product,conservative domain/path heuristic; not a claim-quality decision,likely first-party/company domain (heuristic),no,
https://en.prob.is/,https://en.prob.is/,en.prob.is,research/built_environment_ecosystem_discovery_index.csv,1,1,yes,yes,,company_or_product,conservative domain/path heuristic; not a claim-quality decision,likely first-party/company domain (heuristic),no,
https://en.wikipedia.org/wiki/Common_%28company%29,https://en.wikipedia.org/wiki/Common_%28company%29,en.wikipedia.org,research/built_environment_ecosystem_discovery_index.csv,1,1,yes,yes,,research_or_industry,conservative domain/path heuristic; not a claim-quality decision,research/industry context; authority varies,no,
https://estateintel.com/,https://estateintel.com/,estateintel.com,JCX_Global_PropTech_Intelligence_Atlas_2026-08-30.md|research/built_environment_ecosystem_discovery_index.csv|research/coverage_gap_additions.csv|research/coverage_gap_audit.md,4,5,yes,yes,,company_or_product,conservative domain/path heuristic; not a claim-quality decision,likely first-party/company domain (heuristic),no,
https://estateintel.com/insights/this-is-ei-pro-more-affordable-access-to-real-estate-data,https://estateintel.com/insights/this-is-ei-pro-more-affordable-access-to-real-estate-data,estateintel.com,research/coverage_gap_additions.csv,1,1,yes,yes,,company_or_product,conservative domain/path heuristic; not a claim-quality decision,likely first-party/company domain (heuristic),no,
https://eur-lex.europa.eu/eli/reg/2024/1689/oj?locale=en,https://eur-lex.europa.eu/eli/reg/2024/1689/oj?locale=en,eur-lex.europa.eu,research/standards_interoperability_governance.md|research/standards_registry.csv,2,3,yes,yes,,company_or_product,conservative domain/path heuristic; not a claim-quality decision,likely first-party/company domain (heuristic),no,
https://evloop.io/,https://evloop.io/,evloop.io,research/built_environment_ecosystem_discovery_index.csv,1,1,yes,yes,,company_or_product,conservative domain/path heuristic; not a claim-quality decision,likely first-party/company domain (heuristic),no,
https://facilio.com/,https://facilio.com/,facilio.com,JCX_Second_Pass_Strategy_PropTech_Startups_2026-08-29.md|research/proptech_startup_universe.md|research/proptech_startups_agent.csv,3,4,yes,yes,,company_or_product,conservative domain/path heuristic; not a claim-quality decision,likely first-party/company domain (heuristic),no,
https://facilio.com/)**,https://facilio.com/)**,facilio.com,JCX_Global_PropTech_Intelligence_Atlas_2026-08-30.md,1,1,yes,yes,,company_or_product,conservative domain/path heuristic; not a claim-quality decision,likely first-party/company domain (heuristic),no,
https://facilio.com/case-study/al-fajer/,https://facilio.com/case-study/al-fajer,facilio.com,JCX_Second_Pass_Strategy_PropTech_Startups_2026-08-29.md|research/proptech_startup_universe.md|research/proptech_startups_agent.csv,3,3,yes,yes,,company_or_product,conservative domain/path heuristic; not a claim-quality decision,likely first-party/company domain (heuristic),no,
https://facilio.com/newsroom/series-a/,https://facilio.com/newsroom/series-a,facilio.com,research/regional_companies_agent.csv|research/regional_proptech_landscape.md,2,2,yes,yes,,company_or_product,conservative domain/path heuristic; not a claim-quality decision,likely first-party/company domain (heuristic),no,
https://facilio.com/newsroom/series-b/,https://facilio.com/newsroom/series-b,facilio.com,research/regional_companies_agent.csv|research/regional_proptech_landscape.md,2,2,yes,yes,,company_or_product,conservative domain/path heuristic; not a claim-quality decision,likely first-party/company domain (heuristic),no,
https://facilio.com/pdf/DWTC_Case-Study.pdf,https://facilio.com/pdf/DWTC_Case-Study.pdf,facilio.com,research/quantified_outcome_case_library.csv,1,1,yes,yes,,company_or_product,conservative domain/path heuristic; not a claim-quality decision,likely first-party/company domain (heuristic),no,
https://facilio.in/,https://facilio.in/,facilio.in,research/regional_companies_agent.csv,1,1,yes,yes,,company_or_product,conservative domain/path heuristic; not a claim-quality decision,likely first-party/company domain (heuristic),no,
https://facilio.in/about/,https://facilio.in/about,facilio.in,research/regional_companies_agent.csv|research/regional_proptech_landscape.md,2,2,yes,yes,,company_or_product,conservative domain/path heuristic; not a claim-quality decision,likely first-party/company domain (heuristic),no,
https://facilio.in/contact/,https://facilio.in/contact,facilio.in,research/regional_proptech_landscape.md,1,2,yes,yes,,company_or_product,conservative domain/path heuristic; not a claim-quality decision,likely first-party/company domain (heuristic),no,
https://facilio.in/industry/commercial-portfolios/,https://facilio.in/industry/commercial-portfolios,facilio.in,research/regional_proptech_landscape.md,1,1,yes,yes,,company_or_product,conservative domain/path heuristic; not a claim-quality decision,likely first-party/company domain (heuristic),no,
https://falkbuilt.com,https://falkbuilt.com/,falkbuilt.com,research/built_environment_ecosystem_discovery_index.csv,1,1,yes,yes,,company_or_product,conservative domain/path heuristic; not a claim-quality decision,likely first-party/company domain (heuristic),no,
https://fernish.com,https://fernish.com/,fernish.com,research/built_environment_ecosystem_discovery_index.csv,1,1,yes,yes,,company_or_product,conservative domain/path heuristic; not a claim-quality decision,likely first-party/company domain (heuristic),no,
https://filtereasy.com/,https://filtereasy.com/,filtereasy.com,research/built_environment_ecosystem_discovery_index.csv,1,1,yes,yes,,company_or_product,conservative domain/path heuristic; not a claim-quality decision,likely first-party/company domain (heuristic),no,
https://firststreet.org/,https://firststreet.org/,firststreet.org,research/enterprise_platform_additions.csv,1,1,yes,yes,,research_or_industry,conservative domain/path heuristic; not a claim-quality decision,research/industry context; authority varies,no,
https://fixtender.co.uk/,https://fixtender.co.uk/,fixtender.co.uk,research/startup_coverage_additions.csv,1,1,yes,yes,,company_or_product,conservative domain/path heuristic; not a claim-quality decision,likely first-party/company domain (heuristic),no,
https://floorfy.com/,https://floorfy.com/,floorfy.com,research/built_environment_ecosystem_discovery_index.csv,1,1,yes,yes,,company_or_product,conservative domain/path heuristic; not a claim-quality decision,likely first-party/company domain (heuristic),no,
https://flowspace.co/,https://flowspace.co/,flowspace.co,research/built_environment_ecosystem_discovery_index.csv,1,1,yes,yes,,company_or_product,conservative domain/path heuristic; not a claim-quality decision,likely first-party/company domain (heuristic),no,
https://funnelleasing.com,https://funnelleasing.com/,funnelleasing.com,research/built_environment_ecosystem_discovery_index.csv,1,1,yes,yes,,company_or_product,conservative domain/path heuristic; not a claim-quality decision,likely first-party/company domain (heuristic),no,
https://funnelleasing.com/,https://funnelleasing.com/,funnelleasing.com,research/startup_core_additions.csv,1,1,yes,yes,,company_or_product,conservative domain/path heuristic; not a claim-quality decision,likely first-party/company domain (heuristic),no,
https://funnelleasing.com/about/,https://funnelleasing.com/about,funnelleasing.com,research/startup_core_additions.csv,1,1,yes,yes,,company_or_product,conservative domain/path heuristic; not a claim-quality decision,likely first-party/company domain (heuristic),no,
https://fyxt.com,https://fyxt.com/,fyxt.com,research/built_environment_ecosystem_discovery_index.csv,1,1,yes,yes,,company_or_product,conservative domain/path heuristic; not a claim-quality decision,likely first-party/company domain (heuristic),no,
https://gearflow.com/,https://gearflow.com/,gearflow.com,research/built_environment_ecosystem_discovery_index.csv,1,1,yes,yes,,company_or_product,conservative domain/path heuristic; not a claim-quality decision,likely first-party/company domain (heuristic),no,
https://get.openspace.ai/rs/283-OVQ-169/images/OpenSpace-Case-Study-Lendlease-en.pdf,https://get.openspace.ai/rs/283-OVQ-169/images/OpenSpace-Case-Study-Lendlease-en.pdf,get.openspace.ai,JCX_Global_PropTech_Intelligence_Atlas_2026-08-30.md|JCX_Second_Pass_Strategy_PropTech_Startups_2026-08-29.md|research/proptech_startup_universe.md|research/proptech_startups_agent.csv|research/quantified_outcome_case_library.csv,5,5,yes,yes,,company_or_product,conservative domain/path heuristic; not a claim-quality decision,likely first-party/company domain (heuristic),no,
https://getbuilt.com/,https://getbuilt.com/,getbuilt.com,JCX_Second_Pass_Strategy_PropTech_Startups_2026-08-29.md|research/built_environment_ecosystem_discovery_index.csv|research/proptech_startup_universe.md|research/proptech_startups_agent.csv,4,5,yes,yes,,company_or_product,conservative domain/path heuristic; not a claim-quality decision,likely first-party/company domain (heuristic),no,
https://getdimension.com/,https://getdimension.com/,getdimension.com,research/built_environment_ecosystem_discovery_index.csv,1,1,yes,yes,,company_or_product,conservative domain/path heuristic; not a claim-quality decision,likely first-party/company domain (heuristic),no,
https://getduranta.com,https://getduranta.com/,getduranta.com,research/built_environment_ecosystem_discovery_index.csv,1,1,yes,yes,,company_or_product,conservative domain/path heuristic; not a claim-quality decision,likely first-party/company domain (heuristic),no,
https://getforesight.com/,https://getforesight.com/,getforesight.com,research/built_environment_ecosystem_discovery_index.csv,1,1,yes,yes,,company_or_product,conservative domain/path heuristic; not a claim-quality decision,likely first-party/company domain (heuristic),no,
https://getjones.com,https://getjones.com/,getjones.com,research/built_environment_ecosystem_discovery_index.csv,1,1,yes,yes,,company_or_product,conservative domain/path heuristic; not a claim-quality decision,likely first-party/company domain (heuristic),no,
https://getjones.com/,https://getjones.com/,getjones.com,research/built_environment_ecosystem_discovery_index.csv,1,1,yes,yes,,company_or_product,conservative domain/path heuristic; not a claim-quality decision,likely first-party/company domain (heuristic),no,
https://getslingshot.com,https://getslingshot.com/,getslingshot.com,research/built_environment_ecosystem_discovery_index.csv,1,1,yes,yes,,company_or_product,conservative domain/path heuristic; not a claim-quality decision,likely first-party/company domain (heuristic),no,
https://getstake.com/,https://getstake.com/,getstake.com,research/regional_companies_agent.csv,1,1,yes,yes,,company_or_product,conservative domain/path heuristic; not a claim-quality decision,likely first-party/company domain (heuristic),no,
https://gettongo.com/,https://gettongo.com/,gettongo.com,research/built_environment_ecosystem_discovery_index.csv,1,1,yes,yes,,company_or_product,conservative domain/path heuristic; not a claim-quality decision,likely first-party/company domain (heuristic),no,
https://getuniti.com/,https://getuniti.com/,getuniti.com,research/built_environment_ecosystem_discovery_index.csv,1,1,yes,yes,,company_or_product,conservative domain/path heuristic; not a claim-quality decision,likely first-party/company domain (heuristic),no,
https://ghgprotocol.org/corporate-value-chain-scope-3-standard,https://ghgprotocol.org/corporate-value-chain-scope-3-standard,ghgprotocol.org,JCX_Global_PropTech_Intelligence_Atlas_2026-08-30.md|research/standards_interoperability_governance.md|research/standards_registry.csv,3,4,yes,yes,,research_or_industry,conservative domain/path heuristic; not a claim-quality decision,research/industry context; authority varies,no,
https://gigaton.co/,https://gigaton.co/,gigaton.co,research/startup_core_additions.csv|research/startup_coverage_additions.csv,2,2,yes,yes,,company_or_product,conservative domain/path heuristic; not a claim-quality decision,likely first-party/company domain (heuristic),no,
https://gigaton.co/product,https://gigaton.co/product,gigaton.co,research/startup_core_additions.csv|research/startup_coverage_additions.csv,2,2,yes,yes,,company_or_product,conservative domain/path heuristic; not a claim-quality decision,likely first-party/company domain (heuristic),no,
https://gigstreem.com,https://gigstreem.com/,gigstreem.com,research/built_environment_ecosystem_discovery_index.csv,1,1,yes,yes,,company_or_product,conservative domain/path heuristic; not a claim-quality decision,likely first-party/company domain (heuristic),no,
https://github.com/BrickSchema/Brick,https://github.com/BrickSchema/Brick,github.com,research/standards_interoperability_governance.md,1,1,yes,yes,,company_or_product,conservative domain/path heuristic; not a claim-quality decision,likely first-party/company domain (heuristic),no,
https://github.com/RealEstateCore,https://github.com/RealEstateCore,github.com,research/standards_interoperability_governance.md,1,1,yes,yes,,company_or_product,conservative domain/path heuristic; not a claim-quality decision,likely first-party/company domain (heuristic),no,
https://github.com/RealEstateCore/rec,https://github.com/RealEstateCore/rec,github.com,JCX_Global_PropTech_Intelligence_Atlas_2026-08-30.md|research/standards_interoperability_governance.md|research/standards_registry.csv,3,4,yes,yes,,company_or_product,conservative domain/path heuristic; not a claim-quality decision,likely first-party/company domain (heuristic),no,
https://goabode.com/,https://goabode.com/,goabode.com,research/built_environment_ecosystem_discovery_index.csv,1,1,yes,yes,,company_or_product,conservative domain/path heuristic; not a claim-quality decision,likely first-party/company domain (heuristic),no,
https://gohaus.ai/en/,https://gohaus.ai/en,gohaus.ai,research/built_environment_ecosystem_discovery_index.csv,1,1,yes,yes,,company_or_product,conservative domain/path heuristic; not a claim-quality decision,likely first-party/company domain (heuristic),no,
https://group.accor.com/en/,https://group.accor.com/en,group.accor.com,research/operator_coverage_additions.csv,1,1,yes,yes,,company_or_product,conservative domain/path heuristic; not a claim-quality decision,likely first-party/company domain (heuristic),no,
https://group.accor.com/en/documents-publications,https://group.accor.com/en/documents-publications,group.accor.com,research/operator_coverage_additions.csv|research/operator_coverage_final_audit.md,2,2,yes,yes,,company_or_product,conservative domain/path heuristic; not a claim-quality decision,likely first-party/company domain (heuristic),no,
https://group.accor.com/en/finance/esg-reporting-ratings,https://group.accor.com/en/finance/esg-reporting-ratings,group.accor.com,research/operator_coverage_additions.csv,1,1,yes,yes,,company_or_product,conservative domain/path heuristic; not a claim-quality decision,likely first-party/company domain (heuristic),no,
https://group.skanska.com/493a91/siteassets/investors/reports-publications/annual-reports/2025/skanska-s-annual-and-sustainability-report-2025-pdf-.pdf,https://group.skanska.com/493a91/siteassets/investors/reports-publications/annual-reports/2025/skanska-s-annual-and-sustainability-report-2025-pdf-.pdf,group.skanska.com,JCX_Global_PropTech_Intelligence_Atlas_2026-08-30.md|research/global_real_estate_pioneers.md|research/global_real_estate_pioneers_agent.csv,3,3,yes,yes,,company_or_product,conservative domain/path heuristic; not a claim-quality decision,likely first-party/company domain (heuristic),no,
https://growthpoint.co.za/,https://growthpoint.co.za/,growthpoint.co.za,research/operator_coverage_additions.csv,1,1,yes,yes,,company_or_product,conservative domain/path heuristic; not a claim-quality decision,likely first-party/company domain (heuristic),no,
https://growthpoint.co.za/pressoffice/growth-trajectory,https://growthpoint.co.za/pressoffice/growth-trajectory,growthpoint.co.za,research/operator_coverage_additions.csv|research/operator_coverage_final_audit.md,2,2,yes,yes,,company_or_product,conservative domain/path heuristic; not a claim-quality decision,likely first-party/company domain (heuristic),no,
https://growthpoint.co.za/wp-content/uploads/2025/10/2025-Environmental-Social-and-Governance-Report.pdf,https://growthpoint.co.za/wp-content/uploads/2025/10/2025-Environmental-Social-and-Governance-Report.pdf,growthpoint.co.za,research/operator_coverage_additions.csv|research/operator_coverage_final_audit.md,2,2,yes,yes,,company_or_product,conservative domain/path heuristic; not a claim-quality decision,likely first-party/company domain (heuristic),no,
https://guides.gresb.com/completingassessments/2026-real-estate-assessment/re/perf/ghg/gh1-scope-1-3-emissions,https://guides.gresb.com/completingassessments/2026-real-estate-assessment/re/perf/ghg/gh1-scope-1-3-emissions,guides.gresb.com,research/standards_interoperability_governance.md,1,1,yes,yes,,company_or_product,conservative domain/path heuristic; not a claim-quality decision,likely first-party/company domain (heuristic),no,
https://habi.co/inicio,https://habi.co/inicio,habi.co,research/coverage_gap_additions.csv|research/coverage_gap_audit.md,2,3,yes,yes,,company_or_product,conservative domain/path heuristic; not a claim-quality decision,likely first-party/company domain (heuristic),no,
https://havenly.com/,https://havenly.com/,havenly.com,research/built_environment_ecosystem_discovery_index.csv,1,1,yes,yes,,company_or_product,conservative domain/path heuristic; not a claim-quality decision,likely first-party/company domain (heuristic),no,
https://hbri.portal.gov.bd/site/page/a5c13d7e-212d-4a16-bbf9-3e1ad937ba56/BANGLADESH-NATIONAL-BUILDING-CODE,https://hbri.portal.gov.bd/site/page/a5c13d7e-212d-4a16-bbf9-3e1ad937ba56/BANGLADESH-NATIONAL-BUILDING-CODE,hbri.portal.gov.bd,JCX_Meeting_Dossier_2026-08-29.md,1,1,yes,yes,,government_or_regulator,conservative domain/path heuristic; not a claim-quality decision,likely authoritative/official (heuristic),no,
https://helloalfred.com/,https://helloalfred.com/,helloalfred.com,research/built_environment_ecosystem_discovery_index.csv,1,2,yes,yes,,company_or_product,conservative domain/path heuristic; not a claim-quality decision,likely first-party/company domain (heuristic),no,
https://hellodivorce.com/,https://hellodivorce.com/,hellodivorce.com,research/built_environment_ecosystem_discovery_index.csv,1,1,yes,yes,,company_or_product,conservative domain/path heuristic; not a claim-quality decision,likely first-party/company domain (heuristic),no,
https://hellopackage.com/,https://hellopackage.com/,hellopackage.com,research/built_environment_ecosystem_discovery_index.csv,1,1,yes,yes,,company_or_product,conservative domain/path heuristic; not a claim-quality decision,likely first-party/company domain (heuristic),no,
https://help-center.smartcrowd.ae/en/articles/7122055-how-are-investments-structured-at-smartcrowd,https://help-center.smartcrowd.ae/en/articles/7122055-how-are-investments-structured-at-smartcrowd,help-center.smartcrowd.ae,JCX_Global_PropTech_Intelligence_Atlas_2026-08-30.md|research/regional_companies_agent.csv|research/regional_proptech_landscape.md,3,3,yes,yes,,company_or_product,conservative domain/path heuristic; not a claim-quality decision,likely first-party/company domain (heuristic),no,
https://help.firststreet.org/hc/en-us/articles/9680350042903-First-Street-FAQ,https://help.firststreet.org/hc/en-us/articles/9680350042903-First-Street-FAQ,help.firststreet.org,research/enterprise_platform_additions.csv|research/enterprise_platform_coverage_audit.md,2,2,yes,yes,,research_or_industry,conservative domain/path heuristic; not a claim-quality decision,research/industry context; authority varies,no,
https://help.getstake.com/en/articles/6570336-who-can-invest-in-uae,https://help.getstake.com/en/articles/6570336-who-can-invest-in-uae,help.getstake.com,JCX_Global_PropTech_Intelligence_Atlas_2026-08-30.md|research/regional_companies_agent.csv|research/regional_proptech_landscape.md,3,3,yes,yes,,company_or_product,conservative domain/path heuristic; not a claim-quality decision,likely first-party/company domain (heuristic),no,
https://help.getstake.com/en/articles/8249047-how-do-i-begin,https://help.getstake.com/en/articles/8249047-how-do-i-begin,help.getstake.com,research/regional_companies_agent.csv|research/regional_proptech_landscape.md,2,2,yes,yes,,company_or_product,conservative domain/path heuristic; not a claim-quality decision,likely first-party/company domain (heuristic),no,
https://help.prypco.com/en/articles/13740985-what-is-prypco,https://help.prypco.com/en/articles/13740985-what-is-prypco,help.prypco.com,research/regional_companies_agent.csv|research/regional_proptech_landscape.md,2,2,yes,yes,,company_or_product,conservative domain/path heuristic; not a claim-quality decision,likely first-party/company domain (heuristic),no,
https://hexagon.com/company/divisions/geosystems,https://hexagon.com/company/divisions/geosystems,hexagon.com,research/coverage_gap_additions.csv|research/coverage_gap_audit.md,2,3,yes,yes,,company_or_product,conservative domain/path heuristic; not a claim-quality decision,likely first-party/company domain (heuristic),no,
https://hexagon.com/solutions/digital-realities,https://hexagon.com/solutions/digital-realities,hexagon.com,research/coverage_gap_additions.csv,1,1,yes,yes,,company_or_product,conservative domain/path heuristic; not a claim-quality decision,likely first-party/company domain (heuristic),no,
https://heyrenew.com/,https://heyrenew.com/,heyrenew.com,research/built_environment_ecosystem_discovery_index.csv,1,1,yes,yes,,company_or_product,conservative domain/path heuristic; not a claim-quality decision,likely first-party/company domain (heuristic),no,
https://higharc.com/,https://higharc.com/,higharc.com,research/built_environment_ecosystem_discovery_index.csv,1,1,yes,yes,,company_or_product,conservative domain/path heuristic; not a claim-quality decision,likely first-party/company domain (heuristic),no,
https://hines-assets.s3.amazonaws.com/documents/Hines-2018-Sustainability-Report.-FINAL_190925_181950.pdf,https://hines-assets.s3.amazonaws.com/documents/Hines-2018-Sustainability-Report.-FINAL_190925_181950.pdf,hines-assets.s3.amazonaws.com,research/global_real_estate_pioneers.md|research/global_real_estate_pioneers_agent.csv,2,2,yes,yes,,company_or_product,conservative domain/path heuristic; not a claim-quality decision,likely first-party/company domain (heuristic),no,
https://home.hippo.com/,https://home.hippo.com/,home.hippo.com,research/built_environment_ecosystem_discovery_index.csv,1,1,yes,yes,,company_or_product,conservative domain/path heuristic; not a claim-quality decision,likely first-party/company domain (heuristic),no,
https://homebase.ai/,https://homebase.ai/,homebase.ai,research/regional_companies_agent.csv|research/regional_proptech_landscape.md|scripts/build_proptech_master_dataset.py,3,3,yes,yes,,company_or_product,conservative domain/path heuristic; not a claim-quality decision,likely first-party/company domain (heuristic),no,
https://homebot.ai/,https://homebot.ai/,homebot.ai,research/built_environment_ecosystem_discovery_index.csv,1,1,yes,yes,,company_or_product,conservative domain/path heuristic; not a claim-quality decision,likely first-party/company domain (heuristic),no,
https://honeycombinsurance.com/,https://honeycombinsurance.com/,honeycombinsurance.com,research/proptech_startup_universe.md,1,1,yes,yes,,company_or_product,conservative domain/path heuristic; not a claim-quality decision,likely first-party/company domain (heuristic),no,
https://hosta.ai/,https://hosta.ai/,hosta.ai,research/built_environment_ecosystem_discovery_index.csv,1,1,yes,yes,,company_or_product,conservative domain/path heuristic; not a claim-quality decision,likely first-party/company domain (heuristic),no,
https://houm.com/co/quienes-somos,https://houm.com/co/quienes-somos,houm.com,research/coverage_gap_additions.csv|research/coverage_gap_audit.md,2,3,yes,yes,,company_or_product,conservative domain/path heuristic; not a claim-quality decision,likely first-party/company domain (heuristic),no,
https://houseafrica.io/,https://houseafrica.io/,houseafrica.io,JCX_Global_PropTech_Intelligence_Atlas_2026-08-30.md|research/coverage_gap_additions.csv,2,3,yes,yes,,company_or_product,conservative domain/path heuristic; not a claim-quality decision,likely first-party/company domain (heuristic),no,
https://hubblehq.com/,https://hubblehq.com/,hubblehq.com,research/built_environment_ecosystem_discovery_index.csv,1,1,yes,yes,,company_or_product,conservative domain/path heuristic; not a claim-quality decision,likely first-party/company domain (heuristic),no,
https://huspy.com/,https://huspy.com/,huspy.com,research/built_environment_ecosystem_discovery_index.csv,1,1,yes,yes,,company_or_product,conservative domain/path heuristic; not a claim-quality decision,likely first-party/company domain (heuristic),no,
https://huspy.com/ae/,https://huspy.com/ae,huspy.com,research/regional_companies_agent.csv,1,1,yes,yes,,company_or_product,conservative domain/path heuristic; not a claim-quality decision,likely first-party/company domain (heuristic),no,
https://huspy.com/ae/about,https://huspy.com/ae/about,huspy.com,JCX_Global_PropTech_Intelligence_Atlas_2026-08-30.md,1,1,yes,yes,,company_or_product,conservative domain/path heuristic; not a claim-quality decision,likely first-party/company domain (heuristic),no,
https://huspy.com/ae/blog/balderton-huspy,https://huspy.com/ae/blog/balderton-huspy,huspy.com,research/regional_companies_agent.csv|research/regional_proptech_landscape.md,2,2,yes,yes,,company_or_product,conservative domain/path heuristic; not a claim-quality decision,likely first-party/company domain (heuristic),no,
https://huspy.com/blog/huspy-series-a,https://huspy.com/blog/huspy-series-a,huspy.com,research/regional_companies_agent.csv|research/regional_proptech_landscape.md,2,2,yes,yes,,company_or_product,conservative domain/path heuristic; not a claim-quality decision,likely first-party/company domain (heuristic),no,
https://hypar.io/,https://hypar.io/,hypar.io,research/built_environment_ecosystem_discovery_index.csv,1,1,yes,yes,,company_or_product,conservative domain/path heuristic; not a claim-quality decision,likely first-party/company domain (heuristic),no,
https://hyscore.co/,https://hyscore.co/,hyscore.co,research/built_environment_ecosystem_discovery_index.csv,1,1,yes,yes,,company_or_product,conservative domain/path heuristic; not a claim-quality decision,likely first-party/company domain (heuristic),no,
https://idlc.com/mbr/download/2025/MBRJanuary2025.pdf,https://idlc.com/mbr/download/2025/MBRJanuary2025.pdf,idlc.com,research/regional_proptech_landscape.md,1,1,yes,yes,,company_or_product,conservative domain/path heuristic; not a claim-quality decision,likely first-party/company domain (heuristic),no,
https://illumagear.com/,https://illumagear.com/,illumagear.com,research/built_environment_ecosystem_discovery_index.csv,1,1,yes,yes,,company_or_product,conservative domain/path heuristic; not a claim-quality decision,likely first-party/company domain (heuristic),no,
https://incentifind.com/,https://incentifind.com/,incentifind.com,research/built_environment_ecosystem_discovery_index.csv,1,1,yes,yes,,company_or_product,conservative domain/path heuristic; not a claim-quality decision,likely first-party/company domain (heuristic),no,
https://info-vendor.nirmanbazaar.com/,https://info-vendor.nirmanbazaar.com/,info-vendor.nirmanbazaar.com,research/regional_companies_agent.csv|research/regional_proptech_landscape.md,2,2,yes,yes,,company_or_product,conservative domain/path heuristic; not a claim-quality decision,likely first-party/company domain (heuristic),no,
https://info.eliseai.com/hubfs/One-Pager-Product-Resident-EliseCRM-PMC-Final.pdf,https://info.eliseai.com/hubfs/One-Pager-Product-Resident-EliseCRM-PMC-Final.pdf,info.eliseai.com,research/enterprise_platform_additions.csv|research/enterprise_platform_coverage_audit.md,2,2,yes,yes,,company_or_product,conservative domain/path heuristic; not a claim-quality decision,likely first-party/company domain (heuristic),no,
https://infra-prod.gumlet.io/ivas/PROD/06-05-2025/1746534342377_IVAS_DezineMandapam.pdf,https://infra-prod.gumlet.io/ivas/PROD/06-05-2025/1746534342377_IVAS_DezineMandapam.pdf,infra-prod.gumlet.io,research/regional_companies_agent.csv|research/regional_proptech_landscape.md,2,2,yes,yes,,company_or_product,conservative domain/path heuristic; not a claim-quality decision,likely first-party/company domain (heuristic),no,
https://infra.market/,https://infra.market/,infra.market,research/regional_companies_agent.csv,1,1,yes,yes,,company_or_product,conservative domain/path heuristic; not a claim-quality decision,likely first-party/company domain (heuristic),no,
https://infra.market/about-us,https://infra.market/about-us,infra.market,research/regional_companies_agent.csv|research/regional_proptech_landscape.md,2,2,yes,yes,,company_or_product,conservative domain/path heuristic; not a claim-quality decision,likely first-party/company domain (heuristic),no,
https://infra.market/about-us)**,https://infra.market/about-us)**,infra.market,JCX_Global_PropTech_Intelligence_Atlas_2026-08-30.md,1,1,yes,yes,,company_or_product,conservative domain/path heuristic; not a claim-quality decision,likely first-party/company domain (heuristic),no,
https://inspace.io/,https://inspace.io/,inspace.io,research/proptech_startups_agent.csv,1,2,yes,yes,,company_or_product,conservative domain/path heuristic; not a claim-quality decision,likely first-party/company domain (heuristic),no,
https://investor.digitalrealty.com/financials/annual-reports,https://investor.digitalrealty.com/financials/annual-reports,investor.digitalrealty.com,research/operator_coverage_additions.csv,1,1,yes,yes,,company_or_product,conservative domain/path heuristic; not a claim-quality decision,likely first-party/company domain (heuristic),no,
https://investor.drhorton.com/,https://investor.drhorton.com/,investor.drhorton.com,research/operator_coverage_additions.csv,1,1,yes,yes,,company_or_product,conservative domain/path heuristic; not a claim-quality decision,likely first-party/company domain (heuristic),no,
https://investor.drhorton.com/financial-information/financial-reports/annual-reports,https://investor.drhorton.com/financial-information/financial-reports/annual-reports,investor.drhorton.com,research/operator_coverage_additions.csv|research/operator_coverage_final_audit.md,2,2,yes,yes,,company_or_product,conservative domain/path heuristic; not a claim-quality decision,likely first-party/company domain (heuristic),no,
https://investor.drhorton.com/~/media/Files/D/D-R-Horton-IR/documents/quarterly-reports/2025-dhi-annual-report.pdf,https://investor.drhorton.com/~/media/Files/D/D-R-Horton-IR/documents/quarterly-reports/2025-dhi-annual-report.pdf,investor.drhorton.com,research/operator_coverage_additions.csv|research/operator_coverage_final_audit.md,2,2,yes,yes,,company_or_product,conservative domain/path heuristic; not a claim-quality decision,likely first-party/company domain (heuristic),no,
https://investor.equinix.com/about-equinix/annual-reports-proxy,https://investor.equinix.com/about-equinix/annual-reports-proxy,investor.equinix.com,research/operator_coverage_additions.csv|research/operator_coverage_final_audit.md,2,2,yes,yes,,company_or_product,conservative domain/path heuristic; not a claim-quality decision,likely first-party/company domain (heuristic),no,
https://investor.equinix.com/sec-filings/all-sec-filings/content/0001101239-26-000032/eqix-20251231.htm,https://investor.equinix.com/sec-filings/all-sec-filings/content/0001101239-26-000032/eqix-20251231.htm,investor.equinix.com,research/operator_coverage_additions.csv|research/operator_coverage_final_audit.md,2,2,yes,yes,,company_or_product,conservative domain/path heuristic; not a claim-quality decision,likely first-party/company domain (heuristic),no,
https://investor.pulte.com/,https://investor.pulte.com/,investor.pulte.com,research/operator_coverage_additions.csv,1,1,yes,yes,,company_or_product,conservative domain/path heuristic; not a claim-quality decision,likely first-party/company domain (heuristic),no,
https://investors.autodesk.com/news-releases/news-release-details/autodesk-completes-buildingconnected-acquisition,https://investors.autodesk.com/news-releases/news-release-details/autodesk-completes-buildingconnected-acquisition,investors.autodesk.com,research/proptech_startup_universe.md,1,2,yes,yes,,company_or_product,conservative domain/path heuristic; not a claim-quality decision,likely first-party/company domain (heuristic),no,
https://investors.avalonbay.com/,https://investors.avalonbay.com/,investors.avalonbay.com,research/global_real_estate_pioneers_agent.csv,1,2,yes,yes,,company_or_product,conservative domain/path heuristic; not a claim-quality decision,likely first-party/company domain (heuristic),no,
https://investors.ke.com/,https://investors.ke.com/,investors.ke.com,research/final_residual_additions.csv,1,2,yes,yes,,company_or_product,conservative domain/path heuristic; not a claim-quality decision,likely first-party/company domain (heuristic),no,
https://investors.ke.com/static-files/1fa581d1-e84c-4840-b898-0bfcd593000d,https://investors.ke.com/static-files/1fa581d1-e84c-4840-b898-0bfcd593000d,investors.ke.com,research/final_residual_additions.csv,1,1,yes,yes,,company_or_product,conservative domain/path heuristic; not a claim-quality decision,likely first-party/company domain (heuristic),no,
https://investors.ke.com/zh-hans/annual-reports,https://investors.ke.com/zh-hans/annual-reports,investors.ke.com,research/final_residual_additions.csv,1,1,yes,yes,,company_or_product,conservative domain/path heuristic; not a claim-quality decision,likely first-party/company domain (heuristic),no,
https://investors.lennar.com/,https://investors.lennar.com/,investors.lennar.com,research/operator_coverage_additions.csv|research/operator_coverage_final_audit.md,2,2,yes,yes,,company_or_product,conservative domain/path heuristic; not a claim-quality decision,likely first-party/company domain (heuristic),no,
https://investors.lennar.com/press-releases/2026/03-30-2026,https://investors.lennar.com/press-releases/2026/03-30-2026,investors.lennar.com,research/operator_coverage_additions.csv,1,1,yes,yes,,company_or_product,conservative domain/path heuristic; not a claim-quality decision,likely first-party/company domain (heuristic),no,
https://investors.lennar.com/~/media/Files/L/Lennar-IR-V3/documents/annual-reports/annual-report-2025.pdf,https://investors.lennar.com/~/media/Files/L/Lennar-IR-V3/documents/annual-reports/annual-report-2025.pdf,investors.lennar.com,research/global_real_estate_pioneers.md|research/operator_coverage_additions.csv|research/operator_coverage_final_audit.md,3,4,yes,yes,,company_or_product,conservative domain/path heuristic; not a claim-quality decision,likely first-party/company domain (heuristic),no,
https://investors.lennar.com/~/media/Files/L/Lennar-IR-V3/reports-and-presentations/Lennar-corp-q1-2021-v1.pdf,https://investors.lennar.com/~/media/Files/L/Lennar-IR-V3/reports-and-presentations/Lennar-corp-q1-2021-v1.pdf,investors.lennar.com,research/global_real_estate_pioneers.md,1,1,yes,yes,,company_or_product,conservative domain/path heuristic; not a claim-quality decision,likely first-party/company domain (heuristic),no,
https://investors.zillowgroup.com/news-and-events/news/news-details/2021/Zillow-Group-Reports-Third-Quarter-2021-Financial-Results--Shares-Plan-to-Wind-Down-Zillow-Offers-Operations/default.aspx,https://investors.zillowgroup.com/news-and-events/news/news-details/2021/Zillow-Group-Reports-Third-Quarter-2021-Financial-Results--Shares-Plan-to-Wind-Down-Zillow-Offers-Operations/default.aspx,investors.zillowgroup.com,research/market_trends_and_failure_lessons.md,1,1,yes,yes,,company_or_product,conservative domain/path heuristic; not a claim-quality decision,likely first-party/company domain (heuristic),no,
https://ir.blackstone.com/sec-filings/sec-filings-details/default.aspx?FilingId=19199346,https://ir.blackstone.com/sec-filings/sec-filings-details/default.aspx?FilingId=19199346,ir.blackstone.com,research/operator_coverage_additions.csv|research/operator_coverage_final_audit.md,2,2,yes,yes,,company_or_product,conservative domain/path heuristic; not a claim-quality decision,likely first-party/company domain (heuristic),no,
https://ir.capitalandinvest.com/,https://ir.capitalandinvest.com/,ir.capitalandinvest.com,research/global_real_estate_pioneers.md|research/global_real_estate_pioneers_agent.csv,2,2,yes,yes,,company_or_product,conservative domain/path heuristic; not a claim-quality decision,likely first-party/company domain (heuristic),no,
https://ir.capitalandinvest.com/misc/ar2024/toc/,https://ir.capitalandinvest.com/misc/ar2024/toc,ir.capitalandinvest.com,JCX_Global_PropTech_Intelligence_Atlas_2026-08-30.md|research/global_real_estate_pioneers.md|research/global_real_estate_pioneers_agent.csv,3,3,yes,yes,,company_or_product,conservative domain/path heuristic; not a claim-quality decision,likely first-party/company domain (heuristic),no,
https://ir.cbre.com/financial-reports/sec-filings/content/0001193125-26-141311/2025_ars_filing_4-3-26.pdf,https://ir.cbre.com/financial-reports/sec-filings/content/0001193125-26-141311/2025_ars_filing_4-3-26.pdf,ir.cbre.com,JCX_Global_PropTech_Intelligence_Atlas_2026-08-30.md|research/global_real_estate_pioneers.md|research/global_real_estate_pioneers_agent.csv,3,3,yes,yes,,company_or_product,conservative domain/path heuristic; not a claim-quality decision,likely first-party/company domain (heuristic),no,
https://ir.hilton.com/financial-reporting/annual-reports,https://ir.hilton.com/financial-reporting/annual-reports,ir.hilton.com,research/operator_coverage_additions.csv,1,1,yes,yes,,company_or_product,conservative domain/path heuristic; not a claim-quality decision,likely first-party/company domain (heuristic),no,
https://ir.prologis.com/financials/sec-filings/content/0001193125-26-051453/pld-20251231.htm,https://ir.prologis.com/financials/sec-filings/content/0001193125-26-051453/pld-20251231.htm,ir.prologis.com,JCX_Global_PropTech_Intelligence_Atlas_2026-08-30.md|research/global_real_estate_pioneers.md|research/global_real_estate_pioneers_agent.csv,3,3,yes,yes,,company_or_product,conservative domain/path heuristic; not a claim-quality decision,likely first-party/company domain (heuristic),no,
https://itscovered.com/,https://itscovered.com/,itscovered.com,research/built_environment_ecosystem_discovery_index.csv,1,1,yes,yes,,company_or_product,conservative domain/path heuristic; not a claim-quality decision,likely first-party/company domain (heuristic),no,
https://jcxbd.com/,https://jcxbd.com/,jcxbd.com,JCX_Meeting_Dossier_2026-08-29.md,1,2,yes,yes,,company_or_product,conservative domain/path heuristic; not a claim-quality decision,likely first-party/company domain (heuristic),no,
https://jcxbd.com/about/,https://jcxbd.com/about,jcxbd.com,JCX_Meeting_Dossier_2026-08-29.md,1,1,yes,yes,,company_or_product,conservative domain/path heuristic; not a claim-quality decision,likely first-party/company domain (heuristic),no,
https://jcxbd.com/buyer/,https://jcxbd.com/buyer,jcxbd.com,JCX_Global_PropTech_Intelligence_Atlas_2026-08-30.md|JCX_Meeting_Dossier_2026-08-29.md,2,3,yes,yes,,company_or_product,conservative domain/path heuristic; not a claim-quality decision,likely first-party/company domain (heuristic),no,
https://jcxbd.com/construction-status/,https://jcxbd.com/construction-status,jcxbd.com,JCX_Meeting_Dossier_2026-08-29.md,1,2,yes,yes,,company_or_product,conservative domain/path heuristic; not a claim-quality decision,likely first-party/company domain (heuristic),no,
https://jcxbd.com/contact/,https://jcxbd.com/contact,jcxbd.com,JCX_Meeting_Dossier_2026-08-29.md,1,1,yes,yes,,company_or_product,conservative domain/path heuristic; not a claim-quality decision,likely first-party/company domain (heuristic),no,
https://jcxbd.com/landowner/,https://jcxbd.com/landowner,jcxbd.com,JCX_Meeting_Dossier_2026-08-29.md,1,1,yes,yes,,company_or_product,conservative domain/path heuristic; not a claim-quality decision,likely first-party/company domain (heuristic),no,
https://jcxbd.com/management-team/,https://jcxbd.com/management-team,jcxbd.com,JCX_Meeting_Dossier_2026-08-29.md|JCX_Second_Pass_Strategy_PropTech_Startups_2026-08-29.md,2,2,yes,yes,,company_or_product,conservative domain/path heuristic; not a claim-quality decision,likely first-party/company domain (heuristic),no,
https://jcxbd.com/news-events/,https://jcxbd.com/news-events,jcxbd.com,JCX_Meeting_Dossier_2026-08-29.md,1,1,yes,yes,,company_or_product,conservative domain/path heuristic; not a claim-quality decision,likely first-party/company domain (heuristic),no,
https://jcxbd.com/properties/,https://jcxbd.com/properties,jcxbd.com,JCX_Global_PropTech_Intelligence_Atlas_2026-08-30.md|JCX_Meeting_Dossier_2026-08-29.md,2,2,yes,yes,,company_or_product,conservative domain/path heuristic; not a claim-quality decision,likely first-party/company domain (heuristic),no,
https://join.build/,https://join.build/,join.build,research/built_environment_ecosystem_discovery_index.csv,1,1,yes,yes,,company_or_product,conservative domain/path heuristic; not a claim-quality decision,likely first-party/company domain (heuristic),no,
https://juno.co/,https://juno.co/,juno.co,research/built_environment_ecosystem_discovery_index.csv,1,1,yes,yes,,company_or_product,conservative domain/path heuristic; not a claim-quality decision,likely first-party/company domain (heuristic),no,
https://kasa.com,https://kasa.com/,kasa.com,research/built_environment_ecosystem_discovery_index.csv,1,1,yes,yes,,company_or_product,conservative domain/path heuristic; not a claim-quality decision,likely first-party/company domain (heuristic),no,
https://keenhome.io/press,https://keenhome.io/press,keenhome.io,research/built_environment_ecosystem_discovery_index.csv,1,1,yes,yes,,company_or_product,conservative domain/path heuristic; not a claim-quality decision,likely first-party/company domain (heuristic),no,
https://kel.vin/,https://kel.vin/,kel.vin,research/built_environment_ecosystem_discovery_index.csv,1,1,yes,yes,,company_or_product,conservative domain/path heuristic; not a claim-quality decision,likely first-party/company domain (heuristic),no,
https://keppel.com/annualreport2024/theme/default/pdf/keppel-ltd-ar2024.pdf,https://keppel.com/annualreport2024/theme/default/pdf/keppel-ltd-ar2024.pdf,keppel.com,research/global_real_estate_pioneers.md|research/global_real_estate_pioneers_agent.csv,2,2,yes,yes,,company_or_product,conservative domain/path heuristic; not a claim-quality decision,likely first-party/company domain (heuristic),no,
https://kertos.io/,https://kertos.io/,kertos.io,research/built_environment_ecosystem_discovery_index.csv,1,1,yes,yes,,company_or_product,conservative domain/path heuristic; not a claim-quality decision,likely first-party/company domain (heuristic),no,
https://klutch.ai/,https://klutch.ai/,klutch.ai,research/built_environment_ecosystem_discovery_index.csv,1,1,yes,yes,,company_or_product,conservative domain/path heuristic; not a claim-quality decision,likely first-party/company domain (heuristic),no,
https://land.gov.bd/proklpo-output?lang=bn,https://land.gov.bd/proklpo-output?lang=bn,land.gov.bd,JCX_Second_Pass_Strategy_PropTech_Startups_2026-08-29.md,1,1,yes,yes,,government_or_regulator,conservative domain/path heuristic; not a claim-quality decision,likely authoritative/official (heuristic),no,
https://land.tech/,https://land.tech/,land.tech,JCX_Second_Pass_Strategy_PropTech_Startups_2026-08-29.md|research/built_environment_ecosystem_discovery_index.csv|research/proptech_startup_universe.md|research/proptech_startups_agent.csv,4,5,yes,yes,,company_or_product,conservative domain/path heuristic; not a claim-quality decision,likely first-party/company domain (heuristic),no,
https://landing.solfacil.com.br/,https://landing.solfacil.com.br/,landing.solfacil.com.br,research/built_environment_ecosystem_discovery_index.csv,1,1,yes,yes,,company_or_product,conservative domain/path heuristic; not a claim-quality decision,likely first-party/company domain (heuristic),no,
https://latchel.com,https://latchel.com/,latchel.com,research/built_environment_ecosystem_discovery_index.csv,1,1,yes,yes,,company_or_product,conservative domain/path heuristic; not a claim-quality decision,likely first-party/company domain (heuristic),no,
https://learn.microsoft.com/en-us/azure/digital-twins/,https://learn.microsoft.com/en-us/azure/digital-twins,learn.microsoft.com,research/standards_interoperability_governance.md,1,1,yes,yes,,company_or_product,conservative domain/path heuristic; not a claim-quality decision,likely first-party/company domain (heuristic),no,
https://learn.microsoft.com/en-us/azure/digital-twins/concepts-models,https://learn.microsoft.com/en-us/azure/digital-twins/concepts-models,learn.microsoft.com,research/standards_interoperability_governance.md|research/standards_registry.csv,2,3,yes,yes,,company_or_product,conservative domain/path heuristic; not a claim-quality decision,likely first-party/company domain (heuristic),no,
https://leaselock.com/,https://leaselock.com/,leaselock.com,research/built_environment_ecosystem_discovery_index.csv,1,1,yes,yes,,company_or_product,conservative domain/path heuristic; not a claim-quality decision,likely first-party/company domain (heuristic),no,
https://leasing.ai/,https://leasing.ai/,leasing.ai,research/built_environment_ecosystem_discovery_index.csv,1,1,yes,yes,,company_or_product,conservative domain/path heuristic; not a claim-quality decision,likely first-party/company domain (heuristic),no,
https://leni.co/,https://leni.co/,leni.co,research/built_environment_ecosystem_discovery_index.csv,1,1,yes,yes,,company_or_product,conservative domain/path heuristic; not a claim-quality decision,likely first-party/company domain (heuristic),no,
https://leonard.vinci.com/agir/,https://leonard.vinci.com/agir,leonard.vinci.com,research/final_coverage_assurance.md|research/startup_coverage_final_audit.md,2,2,yes,yes,,company_or_product,conservative domain/path heuristic; not a claim-quality decision,likely first-party/company domain (heuristic),no,
https://lexicontravel.com,https://lexicontravel.com/,lexicontravel.com,research/built_environment_ecosystem_discovery_index.csv,1,1,yes,yes,,company_or_product,conservative domain/path heuristic; not a claim-quality decision,likely first-party/company domain (heuristic),no,
https://licify.co/,https://licify.co/,licify.co,research/built_environment_ecosystem_discovery_index.csv,1,1,yes,yes,,company_or_product,conservative domain/path heuristic; not a claim-quality decision,likely first-party/company domain (heuristic),no,
https://liftupchicago.org/,https://liftupchicago.org/,liftupchicago.org,research/built_environment_ecosystem_discovery_index.csv,1,1,yes,yes,,research_or_industry,conservative domain/path heuristic; not a claim-quality decision,research/industry context; authority varies,no,
https://liveby.com,https://liveby.com/,liveby.com,research/built_environment_ecosystem_discovery_index.csv,1,1,yes,yes,,company_or_product,conservative domain/path heuristic; not a claim-quality decision,likely first-party/company domain (heuristic),no,
https://locate.ai,https://locate.ai/,locate.ai,research/built_environment_ecosystem_discovery_index.csv,1,1,yes,yes,,company_or_product,conservative domain/path heuristic; not a claim-quality decision,likely first-party/company domain (heuristic),no,
https://loft.com.br/para-imobiliarias/,https://loft.com.br/para-imobiliarias,loft.com.br,research/coverage_gap_additions.csv|research/coverage_gap_audit.md,2,2,yes,yes,,company_or_product,conservative domain/path heuristic; not a claim-quality decision,likely first-party/company domain (heuristic),no,
https://loft.com.br/para-imobiliarias/institucional-loft/,https://loft.com.br/para-imobiliarias/institucional-loft,loft.com.br,research/coverage_gap_additions.csv|research/coverage_gap_audit.md,2,3,yes,yes,,company_or_product,conservative domain/path heuristic; not a claim-quality decision,likely first-party/company domain (heuristic),no,
https://lotroll.com/,https://lotroll.com/,lotroll.com,research/built_environment_ecosystem_discovery_index.csv,1,2,yes,yes,,company_or_product,conservative domain/path heuristic; not a claim-quality decision,likely first-party/company domain (heuristic),no,
https://lp.runwise.com/wireless-heating-controls-demo,https://lp.runwise.com/wireless-heating-controls-demo,lp.runwise.com,research/enterprise_platform_additions.csv,1,1,yes,yes,,company_or_product,conservative domain/path heuristic; not a claim-quality decision,likely first-party/company domain (heuristic),no,
https://lula.life,https://lula.life/,lula.life,research/built_environment_ecosystem_discovery_index.csv,1,1,yes,yes,,company_or_product,conservative domain/path heuristic; not a claim-quality decision,likely first-party/company domain (heuristic),no,
https://lula.life/,https://lula.life/,lula.life,research/startup_core_additions.csv|research/startup_coverage_additions.csv,2,2,yes,yes,,company_or_product,conservative domain/path heuristic; not a claim-quality decision,likely first-party/company domain (heuristic),no,
https://lula.life/company,https://lula.life/company,lula.life,research/startup_core_additions.csv|research/startup_coverage_additions.csv,2,2,yes,yes,,company_or_product,conservative domain/path heuristic; not a claim-quality decision,likely first-party/company domain (heuristic),no,
https://luminatech.co/,https://luminatech.co/,luminatech.co,research/startup_core_additions.csv|research/startup_coverage_additions.csv,2,2,yes,yes,,company_or_product,conservative domain/path heuristic; not a claim-quality decision,likely first-party/company domain (heuristic),no,
https://luminatech.co/moonlander,https://luminatech.co/moonlander,luminatech.co,research/startup_core_additions.csv|research/startup_coverage_additions.csv,2,2,yes,yes,,company_or_product,conservative domain/path heuristic; not a claim-quality decision,likely first-party/company domain (heuristic),no,
https://macro.finance.gov.bd/Files/PoliciesGuidelines/8th%20Five%20Year%20Plan.pdf,https://macro.finance.gov.bd/Files/PoliciesGuidelines/8th%20Five%20Year%20Plan.pdf,macro.finance.gov.bd,research/regional_proptech_landscape.md,1,1,yes,yes,,government_or_regulator,conservative domain/path heuristic; not a claim-quality decision,likely authoritative/official (heuristic),no,
https://magicdoor.com/,https://magicdoor.com/,magicdoor.com,research/startup_core_additions.csv|research/startup_coverage_additions.csv,2,4,yes,yes,,company_or_product,conservative domain/path heuristic; not a claim-quality decision,likely first-party/company domain (heuristic),no,
https://managedbyq.com/,https://managedbyq.com/,managedbyq.com,research/built_environment_ecosystem_discovery_index.csv,1,1,yes,yes,,company_or_product,conservative domain/path heuristic; not a claim-quality decision,likely first-party/company domain (heuristic),no,
https://mangxo.com/,https://mangxo.com/,mangxo.com,research/built_environment_ecosystem_discovery_index.csv,1,1,yes,yes,,company_or_product,conservative domain/path heuristic; not a claim-quality decision,likely first-party/company domain (heuristic),no,
https://markerr.com,https://markerr.com/,markerr.com,research/built_environment_ecosystem_discovery_index.csv,1,1,yes,yes,,company_or_product,conservative domain/path heuristic; not a claim-quality decision,likely first-party/company domain (heuristic),no,
https://marriott.gcs-web.com/annual,https://marriott.gcs-web.com/annual,marriott.gcs-web.com,research/operator_coverage_additions.csv,1,1,yes,yes,,company_or_product,conservative domain/path heuristic; not a claim-quality decision,likely first-party/company domain (heuristic),no,
https://marriott.gcs-web.com/static-files/b82978a6-9d28-4e38-9855-fc4ae2cebe11,https://marriott.gcs-web.com/static-files/b82978a6-9d28-4e38-9855-fc4ae2cebe11,marriott.gcs-web.com,research/operator_coverage_additions.csv|research/operator_coverage_final_audit.md,2,2,yes,yes,,company_or_product,conservative domain/path heuristic; not a claim-quality decision,likely first-party/company domain (heuristic),no,
https://masdar.ae/en/news/newsroom/tech-park-at-masdar-city-to-position-abu-dhabi-as-an-innovation-hub-for-start-ups,https://masdar.ae/en/news/newsroom/tech-park-at-masdar-city-to-position-abu-dhabi-as-an-innovation-hub-for-start-ups,masdar.ae,research/global_real_estate_pioneers.md|research/global_real_estate_pioneers_agent.csv,2,2,yes,yes,,company_or_product,conservative domain/path heuristic; not a claim-quality decision,likely first-party/company domain (heuristic),no,
https://matterport.com/,https://matterport.com/,matterport.com,research/global_real_estate_pioneers_agent.csv|research/proptech_startup_universe.md|research/proptech_startups_agent.csv,3,4,yes,yes,,company_or_product,conservative domain/path heuristic; not a claim-quality decision,likely first-party/company domain (heuristic),no,
https://matterport.com/en-gb/industries/case-studies/cushman-wakefield-uses-matterport-provide-quality-insights-and-digital,https://matterport.com/en-gb/industries/case-studies/cushman-wakefield-uses-matterport-provide-quality-insights-and-digital,matterport.com,research/quantified_outcome_case_library.csv,1,1,yes,yes,,company_or_product,conservative domain/path heuristic; not a claim-quality decision,likely first-party/company domain (heuristic),no,
https://matterport.com/industries/case-studies/atkinson-mcleod-reduces-person-visits-50-and-improves-agent-productivity,https://matterport.com/industries/case-studies/atkinson-mcleod-reduces-person-visits-50-and-improves-agent-productivity,matterport.com,research/quantified_outcome_case_library.csv,1,1,yes,yes,,company_or_product,conservative domain/path heuristic; not a claim-quality decision,likely first-party/company domain (heuristic),no,
https://maxhome.ai/,https://maxhome.ai/,maxhome.ai,research/built_environment_ecosystem_discovery_index.csv,1,2,yes,yes,,company_or_product,conservative domain/path heuristic; not a claim-quality decision,likely first-party/company domain (heuristic),no,
https://maybern.com/,https://maybern.com/,maybern.com,research/built_environment_ecosystem_discovery_index.csv,1,1,yes,yes,,company_or_product,conservative domain/path heuristic; not a claim-quality decision,likely first-party/company domain (heuristic),no,
https://mldlprodstorage.blob.core.windows.net/live/2025/07/269865_MLDL_AR_2025_Final.pdf,https://mldlprodstorage.blob.core.windows.net/live/2025/07/269865_MLDL_AR_2025_Final.pdf,mldlprodstorage.blob.core.windows.net,research/operator_coverage_additions.csv|research/operator_coverage_final_audit.md,2,2,yes,yes,,company_or_product,conservative domain/path heuristic; not a claim-quality decision,likely first-party/company domain (heuristic),no,
https://moat.app/,https://moat.app/,moat.app,research/built_environment_ecosystem_discovery_index.csv,1,1,yes,yes,,company_or_product,conservative domain/path heuristic; not a claim-quality decision,likely first-party/company domain (heuristic),no,
https://movablevoice.com/,https://movablevoice.com/,movablevoice.com,research/built_environment_ecosystem_discovery_index.csv,1,1,yes,yes,,company_or_product,conservative domain/path heuristic; not a claim-quality decision,likely first-party/company domain (heuristic),no,
https://moved.com,https://moved.com/,moved.com,research/built_environment_ecosystem_discovery_index.csv,1,1,yes,yes,,company_or_product,conservative domain/path heuristic; not a claim-quality decision,likely first-party/company domain (heuristic),no,
https://mrisoftware.checkpointid.com,https://mrisoftware.checkpointid.com/,mrisoftware.checkpointid.com,research/built_environment_ecosystem_discovery_index.csv,1,1,yes,yes,,company_or_product,conservative domain/path heuristic; not a claim-quality decision,likely first-party/company domain (heuristic),no,
https://mutation.land.gov.bd/,https://mutation.land.gov.bd/,mutation.land.gov.bd,JCX_Second_Pass_Strategy_PropTech_Startups_2026-08-29.md,1,1,yes,yes,,government_or_regulator,conservative domain/path heuristic; not a claim-quality decision,likely authoritative/official (heuristic),no,
https://mutation.land.gov.bd/nirdeshika,https://mutation.land.gov.bd/nirdeshika,mutation.land.gov.bd,JCX_Global_PropTech_Intelligence_Atlas_2026-08-30.md|research/regional_proptech_landscape.md,2,2,yes,yes,,government_or_regulator,conservative domain/path heuristic; not a claim-quality decision,likely authoritative/official (heuristic),no,
https://myhippo.com/,https://myhippo.com/,myhippo.com,research/built_environment_ecosystem_discovery_index.csv,1,1,yes,yes,,company_or_product,conservative domain/path heuristic; not a claim-quality decision,likely first-party/company domain (heuristic),no,
https://mystellar.com/,https://mystellar.com/,mystellar.com,research/built_environment_ecosystem_discovery_index.csv,1,1,yes,yes,,company_or_product,conservative domain/path heuristic; not a claim-quality decision,likely first-party/company domain (heuristic),no,
https://navanarealestate.com/,https://navanarealestate.com/,navanarealestate.com,JCX_Second_Pass_Strategy_PropTech_Startups_2026-08-29.md,1,1,yes,yes,,company_or_product,conservative domain/path heuristic; not a claim-quality decision,likely first-party/company domain (heuristic),no,
https://ncsa.gov.bd/site/page/50cf7d8c-954c-413f-8f23-eee744a1cd8d/Acts-%26-Rules,https://ncsa.gov.bd/site/page/50cf7d8c-954c-413f-8f23-eee744a1cd8d/Acts-%26-Rules,ncsa.gov.bd,JCX_Global_PropTech_Intelligence_Atlas_2026-08-30.md|JCX_Second_Pass_Strategy_PropTech_Startups_2026-08-29.md|research/standards_interoperability_governance.md|research/standards_registry.csv,4,6,yes,yes,,government_or_regulator,conservative domain/path heuristic; not a claim-quality decision,likely authoritative/official (heuristic),no,
https://nda.bcc.gov.bd/standards/standard-single.jsp?standard=Mw%3D%3D,https://nda.bcc.gov.bd/standards/standard-single.jsp?standard=Mw%3D%3D,nda.bcc.gov.bd,research/standards_interoperability_governance.md|research/standards_registry.csv,2,3,yes,yes,,government_or_regulator,conservative domain/path heuristic; not a claim-quality decision,likely authoritative/official (heuristic),no,
https://news.siemens.com/en-us/siemens-presents-building-x-an-ai-based-solution-for-transforming-buildings-into-climate-neutral-buildings/,https://news.siemens.com/en-us/siemens-presents-building-x-an-ai-based-solution-for-transforming-buildings-into-climate-neutral-buildings,news.siemens.com,research/enterprise_platform_additions.csv|research/enterprise_platform_coverage_audit.md,2,2,yes,yes,,company_or_product,conservative domain/path heuristic; not a claim-quality decision,likely first-party/company domain (heuristic),no,
https://nigeriapropertycentre.com/about-us,https://nigeriapropertycentre.com/about-us,nigeriapropertycentre.com,JCX_Global_PropTech_Intelligence_Atlas_2026-08-30.md|research/coverage_gap_additions.csv|research/coverage_gap_audit.md,3,4,yes,yes,,company_or_product,conservative domain/path heuristic; not a claim-quality decision,likely first-party/company domain (heuristic),no,
https://nirmanbazaar.com/,https://nirmanbazaar.com/,nirmanbazaar.com,JCX_Second_Pass_Strategy_PropTech_Startups_2026-08-29.md|research/proptech_startups_agent.csv,2,3,yes,yes,,company_or_product,conservative domain/path heuristic; not a claim-quality decision,likely first-party/company domain (heuristic),no,
https://northspyre.com/,https://northspyre.com/,northspyre.com,research/final_integration_qa.md,1,1,yes,yes,,company_or_product,conservative domain/path heuristic; not a claim-quality decision,likely first-party/company domain (heuristic),no,
https://northspyre.com/?hsLang=en,https://northspyre.com/,northspyre.com,research/final_integration_qa.md,1,1,yes,yes,,company_or_product,conservative domain/path heuristic; not a claim-quality decision,likely first-party/company domain (heuristic),no,
https://notarize.com/,https://notarize.com/,notarize.com,research/built_environment_ecosystem_discovery_index.csv,1,1,yes,yes,,company_or_product,conservative domain/path heuristic; not a claim-quality decision,likely first-party/company domain (heuristic),no,
https://oasix.energy/,https://oasix.energy/,oasix.energy,research/built_environment_ecosystem_discovery_index.csv,1,1,yes,yes,,company_or_product,conservative domain/path heuristic; not a claim-quality decision,likely first-party/company domain (heuristic),no,
https://occuspace.com,https://occuspace.com/,occuspace.com,research/built_environment_ecosystem_discovery_index.csv,1,1,yes,yes,,company_or_product,conservative domain/path heuristic; not a claim-quality decision,likely first-party/company domain (heuristic),no,
https://omnimls.com/en/subscribe-to-omni-mls/,https://omnimls.com/en/subscribe-to-omni-mls,omnimls.com,research/built_environment_ecosystem_discovery_index.csv,1,1,yes,yes,,company_or_product,conservative domain/path heuristic; not a claim-quality decision,likely first-party/company domain (heuristic),no,
https://oneclicklca.com/en-gb/,https://oneclicklca.com/en-gb,oneclicklca.com,research/startup_core_additions.csv|research/startup_coverage_additions.csv,2,4,yes,yes,,company_or_product,conservative domain/path heuristic; not a claim-quality decision,likely first-party/company domain (heuristic),no,
https://oneraven.com,https://oneraven.com/,oneraven.com,research/built_environment_ecosystem_discovery_index.csv,1,1,yes,yes,,company_or_product,conservative domain/path heuristic; not a claim-quality decision,likely first-party/company domain (heuristic),no,
https://onsiteiq.io/,https://onsiteiq.io/,onsiteiq.io,research/built_environment_ecosystem_discovery_index.csv,1,1,yes,yes,,company_or_product,conservative domain/path heuristic; not a claim-quality decision,likely first-party/company domain (heuristic),no,
https://openblue.johnsoncontrols.com/,https://openblue.johnsoncontrols.com/,openblue.johnsoncontrols.com,research/enterprise_platform_additions.csv|research/enterprise_platform_coverage_audit.md,2,3,yes,yes,,company_or_product,conservative domain/path heuristic; not a claim-quality decision,likely first-party/company domain (heuristic),no,
https://openblue.johnsoncontrols.com/openblue-intelligence,https://openblue.johnsoncontrols.com/openblue-intelligence,openblue.johnsoncontrols.com,research/enterprise_platform_additions.csv,1,1,yes,yes,,company_or_product,conservative domain/path heuristic; not a claim-quality decision,likely first-party/company domain (heuristic),no,
https://opiniion.com,https://opiniion.com/,opiniion.com,research/built_environment_ecosystem_discovery_index.csv,1,1,yes,yes,,company_or_product,conservative domain/path heuristic; not a claim-quality decision,likely first-party/company domain (heuristic),no,
https://opteraclimate.com,https://opteraclimate.com/,opteraclimate.com,research/built_environment_ecosystem_discovery_index.csv,1,1,yes,yes,,company_or_product,conservative domain/path heuristic; not a claim-quality decision,likely first-party/company domain (heuristic),no,
https://owasp.org/www-project-api-security/,https://owasp.org/www-project-api-security,owasp.org,JCX_Meeting_Dossier_2026-08-29.md,1,1,yes,yes,,research_or_industry,conservative domain/path heuristic; not a claim-quality decision,research/industry context; authority varies,no,
https://paintjet.com/,https://paintjet.com/,paintjet.com,research/built_environment_ecosystem_discovery_index.csv,1,1,yes,yes,,company_or_product,conservative domain/path heuristic; not a claim-quality decision,likely first-party/company domain (heuristic),no,
https://passivelogic.com,https://passivelogic.com/,passivelogic.com,research/built_environment_ecosystem_discovery_index.csv,1,1,yes,yes,,company_or_product,conservative domain/path heuristic; not a claim-quality decision,likely first-party/company domain (heuristic),no,
https://passivelogic.com/downloads/Builder-ProdSheet-%202025_web.pdf,https://passivelogic.com/downloads/Builder-ProdSheet-%202025_web.pdf,passivelogic.com,research/enterprise_platform_additions.csv|research/enterprise_platform_coverage_audit.md,2,2,yes,yes,,company_or_product,conservative domain/path heuristic; not a claim-quality decision,likely first-party/company domain (heuristic),no,
https://pathwaysai.co/,https://pathwaysai.co/,pathwaysai.co,research/built_environment_ecosystem_discovery_index.csv,1,1,yes,yes,,company_or_product,conservative domain/path heuristic; not a claim-quality decision,likely first-party/company domain (heuristic),no,
https://pepper.me/,https://pepper.me/,pepper.me,research/built_environment_ecosystem_discovery_index.csv,1,1,yes,yes,,company_or_product,conservative domain/path heuristic; not a claim-quality decision,likely first-party/company domain (heuristic),no,
https://perq.com/,https://perq.com/,perq.com,research/built_environment_ecosystem_discovery_index.csv,1,1,yes,yes,,company_or_product,conservative domain/path heuristic; not a claim-quality decision,likely first-party/company domain (heuristic),no,
https://pestshare.com/,https://pestshare.com/,pestshare.com,research/built_environment_ecosystem_discovery_index.csv,1,1,yes,yes,,company_or_product,conservative domain/path heuristic; not a claim-quality decision,likely first-party/company domain (heuristic),no,
https://picket.ai/,https://picket.ai/,picket.ai,research/built_environment_ecosystem_discovery_index.csv,1,1,yes,yes,,company_or_product,conservative domain/path heuristic; not a claim-quality decision,likely first-party/company domain (heuristic),no,
https://pilabs.vc/growth-programme,https://pilabs.vc/growth-programme,pilabs.vc,JCX_Second_Pass_Strategy_PropTech_Startups_2026-08-29.md,1,1,yes,yes,,ecosystem_or_investor,conservative domain/path heuristic; not a claim-quality decision,official membership source or investor domain (heuristic),no,
https://pilabs.vc/portfolio,https://pilabs.vc/portfolio,pilabs.vc,research/build_ecosystem_discovery_index.py|research/built_environment_ecosystem_discovery_index.csv|research/built_environment_ecosystem_discovery_index.md,3,35,yes,yes,,ecosystem_or_investor,conservative domain/path heuristic; not a claim-quality decision,official membership source or investor domain (heuristic),no,
https://pilabs.vc/portfolio?sort=date_desc,https://pilabs.vc/portfolio?sort=date_desc,pilabs.vc,JCX_Global_PropTech_Intelligence_Atlas_2026-08-30.md|research/coverage_gap_additions.csv|research/coverage_gap_audit.md|research/proptech_startup_universe.md|research/proptech_startups_agent.csv,5,14,yes,yes,,ecosystem_or_investor,conservative domain/path heuristic; not a claim-quality decision,official membership source or investor domain (heuristic),no,
https://porchgroup.com/,https://porchgroup.com/,porchgroup.com,research/built_environment_ecosystem_discovery_index.csv,1,1,yes,yes,,company_or_product,conservative domain/path heuristic; not a claim-quality decision,likely first-party/company domain (heuristic),no,
https://poweredbycompanionprotect.com/,https://poweredbycompanionprotect.com/,poweredbycompanionprotect.com,research/built_environment_ecosystem_discovery_index.csv,1,1,yes,yes,,company_or_product,conservative domain/path heuristic; not a claim-quality decision,likely first-party/company domain (heuristic),no,
https://privateproperty.ng/about,https://privateproperty.ng/about,privateproperty.ng,JCX_Global_PropTech_Intelligence_Atlas_2026-08-30.md|research/coverage_gap_additions.csv|research/coverage_gap_audit.md,3,4,yes,yes,,company_or_product,conservative domain/path heuristic; not a claim-quality decision,likely first-party/company domain (heuristic),no,
https://procuret.llc,https://procuret.llc/,procuret.llc,research/built_environment_ecosystem_discovery_index.csv,1,1,yes,yes,,company_or_product,conservative domain/path heuristic; not a claim-quality decision,likely first-party/company domain (heuristic),no,
https://proda.ai/,https://proda.ai/,proda.ai,research/built_environment_ecosystem_discovery_index.csv,1,1,yes,yes,,company_or_product,conservative domain/path heuristic; not a claim-quality decision,likely first-party/company domain (heuristic),no,
https://project-haystack.org/,https://project-haystack.org/,project-haystack.org,JCX_Global_PropTech_Intelligence_Atlas_2026-08-30.md|research/standards_interoperability_governance.md|research/standards_registry.csv,3,4,yes,yes,,research_or_industry,conservative domain/path heuristic; not a claim-quality decision,research/industry context; authority varies,no,
https://project.houseafrica.io/terms,https://project.houseafrica.io/terms,project.houseafrica.io,research/coverage_gap_additions.csv,1,1,yes,yes,,company_or_product,conservative domain/path heuristic; not a claim-quality decision,likely first-party/company domain (heuristic),no,
https://pronto.ai/,https://pronto.ai/,pronto.ai,research/built_environment_ecosystem_discovery_index.csv,1,1,yes,yes,,company_or_product,conservative domain/path heuristic; not a claim-quality decision,likely first-party/company domain (heuristic),no,
https://proper.ai/,https://proper.ai/,proper.ai,research/built_environment_ecosystem_discovery_index.csv,1,1,yes,yes,,company_or_product,conservative domain/path heuristic; not a claim-quality decision,likely first-party/company domain (heuristic),no,
https://properp.app/,https://properp.app/,properp.app,JCX_Global_PropTech_Intelligence_Atlas_2026-08-30.md|JCX_Second_Pass_Strategy_PropTech_Startups_2026-08-29.md|research/proptech_startups_agent.csv|research/regional_companies_agent.csv|research/regional_proptech_landscape.md,5,7,yes,yes,,company_or_product,conservative domain/path heuristic; not a claim-quality decision,likely first-party/company domain (heuristic),no,
https://properp.app/bn,https://properp.app/bn,properp.app,research/regional_companies_agent.csv|research/regional_proptech_landscape.md,2,2,yes,yes,,company_or_product,conservative domain/path heuristic; not a claim-quality decision,likely first-party/company domain (heuristic),no,
https://properties.emaar.com/,https://properties.emaar.com/,properties.emaar.com,research/global_real_estate_pioneers_agent.csv,1,1,yes,yes,,company_or_product,conservative domain/path heuristic; not a claim-quality decision,likely first-party/company domain (heuristic),no,
https://properties.emaar.com/wp-content/uploads/2024/03/EMAAR_Integrated-Report_2023-English.pdf,https://properties.emaar.com/wp-content/uploads/2024/03/EMAAR_Integrated-Report_2023-English.pdf,properties.emaar.com,JCX_Meeting_Dossier_2026-08-29.md,1,1,yes,yes,,company_or_product,conservative domain/path heuristic; not a claim-quality decision,likely first-party/company domain (heuristic),no,
https://properties.emaar.com/wp-content/uploads/2025/03/Emaar-Development_Integrated-Report-for-the-Year-2024_EN.pdf,https://properties.emaar.com/wp-content/uploads/2025/03/Emaar-Development_Integrated-Report-for-the-Year-2024_EN.pdf,properties.emaar.com,JCX_Global_PropTech_Intelligence_Atlas_2026-08-30.md|JCX_Meeting_Dossier_2026-08-29.md|research/global_real_estate_pioneers.md|research/global_real_estate_pioneers_agent.csv,4,4,yes,yes,,company_or_product,conservative domain/path heuristic; not a claim-quality decision,likely first-party/company domain (heuristic),no,
https://propertyshield.co,https://propertyshield.co/,propertyshield.co,research/built_environment_ecosystem_discovery_index.csv,1,1,yes,yes,,company_or_product,conservative domain/path heuristic; not a claim-quality decision,likely first-party/company domain (heuristic),no,
https://propertyshield.co/,https://propertyshield.co/,propertyshield.co,research/startup_core_additions.csv|research/startup_coverage_additions.csv,2,4,yes,yes,,company_or_product,conservative domain/path heuristic; not a claim-quality decision,likely first-party/company domain (heuristic),no,
https://propmatic.co,https://propmatic.co/,propmatic.co,research/built_environment_ecosystem_discovery_index.csv,1,1,yes,yes,,company_or_product,conservative domain/path heuristic; not a claim-quality decision,likely first-party/company domain (heuristic),no,
https://proq.com.bd/,https://proq.com.bd/,proq.com.bd,JCX_Second_Pass_Strategy_PropTech_Startups_2026-08-29.md|research/final_corpus_qa.md|research/proptech_startups_agent.csv,3,4,yes,yes,,company_or_product,conservative domain/path heuristic; not a claim-quality decision,likely first-party/company domain (heuristic),no,
https://prypco.com/,https://prypco.com/,prypco.com,research/regional_companies_agent.csv,1,1,yes,yes,,company_or_product,conservative domain/path heuristic; not a claim-quality decision,likely first-party/company domain (heuristic),no,
https://publicgrid.energy/,https://publicgrid.energy/,publicgrid.energy,research/built_environment_ecosystem_discovery_index.csv,1,1,yes,yes,,company_or_product,conservative domain/path heuristic; not a claim-quality decision,likely first-party/company domain (heuristic),no,
https://qbiq.ai/,https://qbiq.ai/,qbiq.ai,research/built_environment_ecosystem_discovery_index.csv,1,1,yes,yes,,company_or_product,conservative domain/path heuristic; not a claim-quality decision,likely first-party/company domain (heuristic),no,
https://qiddiya.com/,https://qiddiya.com/,qiddiya.com,research/operator_coverage_additions.csv,1,1,yes,yes,,company_or_product,conservative domain/path heuristic; not a claim-quality decision,likely first-party/company domain (heuristic),no,
https://qiddiya.com/about/sustainability/,https://qiddiya.com/about/sustainability,qiddiya.com,research/operator_coverage_additions.csv|research/operator_coverage_final_audit.md,2,2,yes,yes,,company_or_product,conservative domain/path heuristic; not a claim-quality decision,likely first-party/company domain (heuristic),no,
https://qiddiya.com/en/,https://qiddiya.com/en,qiddiya.com,research/operator_coverage_additions.csv,1,1,yes,yes,,company_or_product,conservative domain/path heuristic; not a claim-quality decision,likely first-party/company domain (heuristic),no,
https://rabbet.com/,https://rabbet.com/,rabbet.com,research/proptech_startup_universe.md|research/proptech_startups_agent.csv,2,3,yes,yes,,company_or_product,conservative domain/path heuristic; not a claim-quality decision,likely first-party/company domain (heuristic),no,
https://raiserobotics.ai/,https://raiserobotics.ai/,raiserobotics.ai,research/startup_coverage_additions.csv,1,1,yes,yes,,company_or_product,conservative domain/path heuristic; not a claim-quality decision,likely first-party/company domain (heuristic),no,
https://raiserobotics.ai/about/,https://raiserobotics.ai/about,raiserobotics.ai,research/startup_coverage_additions.csv,1,1,yes,yes,,company_or_product,conservative domain/path heuristic; not a claim-quality decision,likely first-party/company domain (heuristic),no,
https://rajuk.ecps.gov.bd/,https://rajuk.ecps.gov.bd/,rajuk.ecps.gov.bd,JCX_Meeting_Dossier_2026-08-29.md|JCX_Second_Pass_Strategy_PropTech_Startups_2026-08-29.md,2,2,yes,yes,,government_or_regulator,conservative domain/path heuristic; not a claim-quality decision,likely authoritative/official (heuristic),no,
https://redteam.com/product/fieldlens-by-redteam/,https://redteam.com/product/fieldlens-by-redteam,redteam.com,research/built_environment_ecosystem_discovery_index.csv,1,1,yes,yes,,company_or_product,conservative domain/path heuristic; not a claim-quality decision,likely first-party/company domain (heuristic),no,
https://rega.gov.sa/en/media-center/news-announcements/rega-concludes-saudi-proptech-events/,https://rega.gov.sa/en/media-center/news-announcements/rega-concludes-saudi-proptech-events,rega.gov.sa,research/regional_proptech_landscape.md,1,1,yes,yes,,government_or_regulator,conservative domain/path heuristic; not a claim-quality decision,likely authoritative/official (heuristic),no,
https://rega.gov.sa/en/rega-services/platforms/saudi-proptech-hub/,https://rega.gov.sa/en/rega-services/platforms/saudi-proptech-hub,rega.gov.sa,JCX_Global_PropTech_Intelligence_Atlas_2026-08-30.md|research/regional_companies_agent.csv|research/regional_proptech_landscape.md,3,4,yes,yes,,government_or_regulator,conservative domain/path heuristic; not a claim-quality decision,likely authoritative/official (heuristic),no,
https://rejig.ai/,https://rejig.ai/,rejig.ai,research/built_environment_ecosystem_discovery_index.csv,1,1,yes,yes,,company_or_product,conservative domain/path heuristic; not a claim-quality decision,likely first-party/company domain (heuristic),no,
https://renegadeinsurance.com/,https://renegadeinsurance.com/,renegadeinsurance.com,research/built_environment_ecosystem_discovery_index.csv,1,1,yes,yes,,company_or_product,conservative domain/path heuristic; not a claim-quality decision,likely first-party/company domain (heuristic),no,
https://rensystems.com/,https://rensystems.com/,rensystems.com,research/built_environment_ecosystem_discovery_index.csv,1,1,yes,yes,,company_or_product,conservative domain/path heuristic; not a claim-quality decision,likely first-party/company domain (heuristic),no,
https://repliers.com/,https://repliers.com/,repliers.com,research/built_environment_ecosystem_discovery_index.csv,1,1,yes,yes,,company_or_product,conservative domain/path heuristic; not a claim-quality decision,likely first-party/company domain (heuristic),no,
https://reports.nymblventures.com/built-environment-2026/,https://reports.nymblventures.com/built-environment-2026,reports.nymblventures.com,JCX_Global_PropTech_Intelligence_Atlas_2026-08-30.md|research/market_trends_and_failure_lessons.md,2,2,yes,yes,,company_or_product,conservative domain/path heuristic; not a claim-quality decision,likely first-party/company domain (heuristic),no,
https://reports.weforum.org/docs/WEF_Reimagining_Real_Estate_2024.pdf,https://reports.weforum.org/docs/WEF_Reimagining_Real_Estate_2024.pdf,reports.weforum.org,research/atlas_methodology_and_website_ia.md,1,1,yes,yes,,research_or_industry,conservative domain/path heuristic; not a claim-quality decision,research/industry context; authority varies,no,
https://responsibly.tech/,https://responsibly.tech/,responsibly.tech,research/built_environment_ecosystem_discovery_index.csv,1,1,yes,yes,,company_or_product,conservative domain/path heuristic; not a claim-quality decision,likely first-party/company domain (heuristic),no,
https://revizto.com/,https://revizto.com/,revizto.com,research/startup_core_additions.csv|research/startup_coverage_additions.csv,2,4,yes,yes,,company_or_product,conservative domain/path heuristic; not a claim-quality decision,likely first-party/company domain (heuristic),no,
https://revolutionre.com/,https://revolutionre.com/,revolutionre.com,research/built_environment_ecosystem_discovery_index.csv,1,1,yes,yes,,company_or_product,conservative domain/path heuristic; not a claim-quality decision,likely first-party/company domain (heuristic),no,
https://revyse.com/rvi,https://revyse.com/rvi,revyse.com,research/built_environment_ecosystem_discovery_index.csv,1,1,yes,yes,,company_or_product,conservative domain/path heuristic; not a claim-quality decision,likely first-party/company domain (heuristic),no,
https://riiico.com/,https://riiico.com/,riiico.com,research/built_environment_ecosystem_discovery_index.csv,1,1,yes,yes,,company_or_product,conservative domain/path heuristic; not a claim-quality decision,likely first-party/company domain (heuristic),no,
https://ritual.co/,https://ritual.co/,ritual.co,research/built_environment_ecosystem_discovery_index.csv,1,1,yes,yes,,company_or_product,conservative domain/path heuristic; not a claim-quality decision,likely first-party/company domain (heuristic),no,
https://roofer.com/,https://roofer.com/,roofer.com,research/built_environment_ecosystem_discovery_index.csv,1,1,yes,yes,,company_or_product,conservative domain/path heuristic; not a claim-quality decision,likely first-party/company domain (heuristic),no,
https://s202.q4cdn.com/536608393/files/doc_financials/2025/ar/JLL_Annual-Report_2026_FINAL.pdf,https://s202.q4cdn.com/536608393/files/doc_financials/2025/ar/JLL_Annual-Report_2026_FINAL.pdf,s202.q4cdn.com,research/global_real_estate_pioneers.md|research/global_real_estate_pioneers_agent.csv,2,2,yes,yes,,company_or_product,conservative domain/path heuristic; not a claim-quality decision,likely first-party/company domain (heuristic),no,
https://safehub.io/,https://safehub.io/,safehub.io,research/built_environment_ecosystem_discovery_index.csv,1,1,yes,yes,,company_or_product,conservative domain/path heuristic; not a claim-quality decision,likely first-party/company domain (heuristic),no,
https://sd.swireproperties.com/2025/performance-environment/energy,https://sd.swireproperties.com/2025/performance-environment/energy,sd.swireproperties.com,JCX_Meeting_Dossier_2026-08-29.md,1,1,yes,yes,,company_or_product,conservative domain/path heuristic; not a claim-quality decision,likely first-party/company domain (heuristic),no,
https://searchland.co.uk/,https://searchland.co.uk/,searchland.co.uk,JCX_Global_PropTech_Intelligence_Atlas_2026-08-30.md|research/coverage_gap_additions.csv|research/coverage_gap_audit.md,3,4,yes,yes,,company_or_product,conservative domain/path heuristic; not a claim-quality decision,likely first-party/company domain (heuristic),no,
https://searchland.co.uk/api,https://searchland.co.uk/api,searchland.co.uk,research/coverage_gap_additions.csv,1,1,yes,yes,,company_or_product,conservative domain/path heuristic; not a claim-quality decision,likely first-party/company domain (heuristic),no,
https://sensorita.com/,https://sensorita.com/,sensorita.com,research/built_environment_ecosystem_discovery_index.csv,1,1,yes,yes,,company_or_product,conservative domain/path heuristic; not a claim-quality decision,likely first-party/company domain (heuristic),no,
https://services.buildingsmart.org/,https://services.buildingsmart.org/,services.buildingsmart.org,research/standards_interoperability_governance.md|research/standards_registry.csv,2,2,yes,yes,,research_or_industry,conservative domain/path heuristic; not a claim-quality decision,research/industry context; authority varies,no,
https://shadow.vc/,https://shadow.vc/,shadow.vc,research/final_coverage_assurance.md|research/startup_coverage_final_audit.md,2,2,yes,yes,,company_or_product,conservative domain/path heuristic; not a claim-quality decision,likely first-party/company domain (heuristic),no,
https://shadow.vc/blog/announcing-our-investment-in-magicdoor,https://shadow.vc/blog/announcing-our-investment-in-magicdoor,shadow.vc,research/startup_core_additions.csv|research/startup_coverage_additions.csv,2,2,yes,yes,,company_or_product,conservative domain/path heuristic; not a claim-quality decision,likely first-party/company domain (heuristic),no,
https://shadow.vc/investments/auar,https://shadow.vc/investments/auar,shadow.vc,research/startup_core_additions.csv|research/startup_coverage_additions.csv,2,2,yes,yes,,company_or_product,conservative domain/path heuristic; not a claim-quality decision,likely first-party/company domain (heuristic),no,
https://shadow.vc/investments/lumina,https://shadow.vc/investments/lumina,shadow.vc,research/startup_core_additions.csv|research/startup_coverage_additions.csv,2,2,yes,yes,,company_or_product,conservative domain/path heuristic; not a claim-quality decision,likely first-party/company domain (heuristic),no,
https://shadow.vc/investments/magicdoor,https://shadow.vc/investments/magicdoor,shadow.vc,research/startup_core_additions.csv|research/startup_coverage_additions.csv,2,2,yes,yes,,company_or_product,conservative domain/path heuristic; not a claim-quality decision,likely first-party/company domain (heuristic),no,
https://shantaholdings.com/,https://shantaholdings.com/,shantaholdings.com,JCX_Second_Pass_Strategy_PropTech_Startups_2026-08-29.md,1,1,yes,yes,,company_or_product,conservative domain/path heuristic; not a claim-quality decision,likely first-party/company domain (heuristic),no,
https://sharebari.com/,https://sharebari.com/,sharebari.com,JCX_Global_PropTech_Intelligence_Atlas_2026-08-30.md|JCX_Second_Pass_Strategy_PropTech_Startups_2026-08-29.md|research/regional_companies_agent.csv|research/regional_proptech_landscape.md,4,5,yes,yes,,company_or_product,conservative domain/path heuristic; not a claim-quality decision,likely first-party/company domain (heuristic),no,
https://sharedata.co.za/v2/Scripts/Glossies.aspx?c=GRT,https://sharedata.co.za/v2/Scripts/Glossies.aspx?c=GRT,sharedata.co.za,research/operator_coverage_additions.csv,1,1,yes,yes,,company_or_product,conservative domain/path heuristic; not a claim-quality decision,likely first-party/company domain (heuristic),no,
https://sheltechhomes.com/,https://sheltechhomes.com/,sheltechhomes.com,research/regional_proptech_landscape.md,1,1,yes,yes,,company_or_product,conservative domain/path heuristic; not a claim-quality decision,likely first-party/company domain (heuristic),no,
https://shortlyst.us/,https://shortlyst.us/,shortlyst.us,research/built_environment_ecosystem_discovery_index.csv,1,1,yes,yes,,company_or_product,conservative domain/path heuristic; not a claim-quality decision,likely first-party/company domain (heuristic),no,
https://sisu.co/,https://sisu.co/,sisu.co,research/built_environment_ecosystem_discovery_index.csv,1,1,yes,yes,,company_or_product,conservative domain/path heuristic; not a claim-quality decision,likely first-party/company domain (heuristic),no,
https://skipp.ai/,https://skipp.ai/,skipp.ai,research/built_environment_ecosystem_discovery_index.csv,1,1,yes,yes,,company_or_product,conservative domain/path heuristic; not a claim-quality decision,likely first-party/company domain (heuristic),no,
https://smartlife.com.bd/about,https://smartlife.com.bd/about,smartlife.com.bd,research/regional_proptech_landscape.md,1,1,yes,yes,,company_or_product,conservative domain/path heuristic; not a claim-quality decision,likely first-party/company domain (heuristic),no,
https://smartpm.com/,https://smartpm.com/,smartpm.com,research/final_coverage_assurance.md|research/final_residual_additions.csv,2,3,yes,yes,,company_or_product,conservative domain/path heuristic; not a claim-quality decision,likely first-party/company domain (heuristic),no,
https://smartpm.com/about,https://smartpm.com/about,smartpm.com,research/final_residual_additions.csv,1,1,yes,yes,,company_or_product,conservative domain/path heuristic; not a claim-quality decision,likely first-party/company domain (heuristic),no,
https://smartrent.com,https://smartrent.com/,smartrent.com,research/built_environment_ecosystem_discovery_index.csv,1,1,yes,yes,,company_or_product,conservative domain/path heuristic; not a claim-quality decision,likely first-party/company domain (heuristic),no,
https://smartrent.com/,https://smartrent.com/,smartrent.com,research/built_environment_ecosystem_discovery_index.csv|research/proptech_startup_universe.md|research/proptech_startups_agent.csv,3,4,yes,yes,,company_or_product,conservative domain/path heuristic; not a claim-quality decision,likely first-party/company domain (heuristic),no,
https://smartrent.com/products/work-management,https://smartrent.com/products/work-management,smartrent.com,research/built_environment_ecosystem_discovery_index.csv,1,1,yes,yes,,company_or_product,conservative domain/path heuristic; not a claim-quality decision,likely first-party/company domain (heuristic),no,
https://snappt.com/,https://snappt.com/,snappt.com,research/built_environment_ecosystem_discovery_index.csv,1,1,yes,yes,,company_or_product,conservative domain/path heuristic; not a claim-quality decision,likely first-party/company domain (heuristic),no,
https://snaprefund.io,https://snaprefund.io/,snaprefund.io,research/built_environment_ecosystem_discovery_index.csv,1,1,yes,yes,,company_or_product,conservative domain/path heuristic; not a claim-quality decision,likely first-party/company domain (heuristic),no,
https://sobhaltd.in/updates/sobha-honoured-as-real-estate-developer-of-year-residential-2025/,https://sobhaltd.in/updates/sobha-honoured-as-real-estate-developer-of-year-residential-2025,sobhaltd.in,research/global_real_estate_pioneers.md|research/global_real_estate_pioneers_agent.csv,2,2,yes,yes,,company_or_product,conservative domain/path heuristic; not a claim-quality decision,likely first-party/company domain (heuristic),no,
https://sobharealty.com/sites/default/files/2025-07/SR%202024%20SOBHA%2031%20JULY%202025%20V2%20all_compressed.pdf,https://sobharealty.com/sites/default/files/2025-07/SR%202024%20SOBHA%2031%20JULY%202025%20V2%20all_compressed.pdf,sobharealty.com,research/global_real_estate_pioneers.md|research/global_real_estate_pioneers_agent.csv,2,2,yes,yes,,company_or_product,conservative domain/path heuristic; not a claim-quality decision,likely first-party/company domain (heuristic),no,
https://solstice.us/,https://solstice.us/,solstice.us,research/built_environment_ecosystem_discovery_index.csv,1,1,yes,yes,,company_or_product,conservative domain/path heuristic; not a claim-quality decision,likely first-party/company domain (heuristic),no,
https://somo.ai/,https://somo.ai/,somo.ai,research/built_environment_ecosystem_discovery_index.csv,1,1,yes,yes,,company_or_product,conservative domain/path heuristic; not a claim-quality decision,likely first-party/company domain (heuristic),no,
https://spa.gov.sa/en/N2440931,https://spa.gov.sa/en/N2440931,spa.gov.sa,research/operator_coverage_additions.csv|research/operator_coverage_final_audit.md,2,2,yes,yes,,government_or_regulator,conservative domain/path heuristic; not a claim-quality decision,likely authoritative/official (heuristic),no,
https://spacemaze.io/,https://spacemaze.io/,spacemaze.io,research/built_environment_ecosystem_discovery_index.csv,1,1,yes,yes,,company_or_product,conservative domain/path heuristic; not a claim-quality decision,likely first-party/company domain (heuristic),no,
https://spark.jllt.com/,https://spark.jllt.com/,spark.jllt.com,JCX_Global_PropTech_Intelligence_Atlas_2026-08-30.md|JCX_Second_Pass_Strategy_PropTech_Startups_2026-08-29.md|research/coverage_gap_audit.md|research/global_real_estate_pioneers.md|research/global_real_estate_pioneers_agent.csv|research/proptech_startup_universe.md|research/proptech_startups_agent.csv,7,10,yes,yes,,company_or_product,conservative domain/path heuristic; not a claim-quality decision,likely first-party/company domain (heuristic),no,
https://spark.jllt.com/portfolio/,https://spark.jllt.com/portfolio,spark.jllt.com,research/build_ecosystem_discovery_index.py|research/built_environment_ecosystem_discovery_index.csv|research/built_environment_ecosystem_discovery_index.md|research/final_residual_additions.csv,4,47,yes,yes,,company_or_product,conservative domain/path heuristic; not a claim-quality decision,likely first-party/company domain (heuristic),no,
https://sparkfund.com,https://sparkfund.com/,sparkfund.com,research/built_environment_ecosystem_discovery_index.csv,1,1,yes,yes,,company_or_product,conservative domain/path heuristic; not a claim-quality decision,likely first-party/company domain (heuristic),no,
https://speckle.systems/,https://speckle.systems/,speckle.systems,research/startup_core_additions.csv|research/startup_coverage_additions.csv,2,4,yes,yes,,company_or_product,conservative domain/path heuristic; not a claim-quality decision,likely first-party/company domain (heuristic),no,
https://spleet.africa/,https://spleet.africa/,spleet.africa,research/built_environment_ecosystem_discovery_index.csv,1,1,yes,yes,,company_or_product,conservative domain/path heuristic; not a claim-quality decision,likely first-party/company domain (heuristic),no,
https://splitpay.com/,https://splitpay.com/,splitpay.com,research/built_environment_ecosystem_discovery_index.csv,1,2,yes,yes,,company_or_product,conservative domain/path heuristic; not a claim-quality decision,likely first-party/company domain (heuristic),no,
https://stackwrap.com/,https://stackwrap.com/,stackwrap.com,research/built_environment_ecosystem_discovery_index.csv,1,2,yes,yes,,company_or_product,conservative domain/path heuristic; not a claim-quality decision,likely first-party/company domain (heuristic),no,
https://staircase.co/,https://staircase.co/,staircase.co,research/built_environment_ecosystem_discovery_index.csv,1,1,yes,yes,,company_or_product,conservative domain/path heuristic; not a claim-quality decision,likely first-party/company domain (heuristic),no,
https://standards.buildingsmart.org/,https://standards.buildingsmart.org/,standards.buildingsmart.org,research/atlas_methodology_and_website_ia.md,1,1,yes,yes,,research_or_industry,conservative domain/path heuristic; not a claim-quality decision,research/industry context; authority varies,no,
https://standards.buildingsmart.org/IFC/RELEASE/IFC4_3/HTML/content/introduction.htm,https://standards.buildingsmart.org/IFC/RELEASE/IFC4_3/HTML/content/introduction.htm,standards.buildingsmart.org,research/standards_interoperability_governance.md,1,1,yes,yes,,research_or_industry,conservative domain/path heuristic; not a claim-quality decision,research/industry context; authority varies,no,
https://standards.buildingsmart.org/IFC/RELEASE/IFC4_3/HTML/content/scope.htm,https://standards.buildingsmart.org/IFC/RELEASE/IFC4_3/HTML/content/scope.htm,standards.buildingsmart.org,research/standards_interoperability_governance.md,1,1,yes,yes,,research_or_industry,conservative domain/path heuristic; not a claim-quality decision,research/industry context; authority varies,no,
https://static.matterport.com/mp_cms/media/filer_public/4f/bf/4fbfdb3a-4e41-494c-b3ab-e45ab1f81569/matterport_for_real_estate_-_script_updated.pdf,https://static.matterport.com/mp_cms/media/filer_public/4f/bf/4fbfdb3a-4e41-494c-b3ab-e45ab1f81569/matterport_for_real_estate_-_script_updated.pdf,static.matterport.com,research/global_real_estate_pioneers_agent.csv,1,1,yes,yes,,company_or_product,conservative domain/path heuristic; not a claim-quality decision,likely first-party/company domain (heuristic),no,
https://stayopen.com/,https://stayopen.com/,stayopen.com,research/built_environment_ecosystem_discovery_index.csv,1,1,yes,yes,,company_or_product,conservative domain/path heuristic; not a claim-quality decision,likely first-party/company domain (heuristic),no,
https://storage-share.nl/,https://storage-share.nl/,storage-share.nl,research/built_environment_ecosystem_discovery_index.csv,1,1,yes,yes,,company_or_product,conservative domain/path heuristic; not a claim-quality decision,likely first-party/company domain (heuristic),no,
https://stories.hilton.com/2025-annual-report,https://stories.hilton.com/2025-annual-report,stories.hilton.com,research/operator_coverage_additions.csv|research/operator_coverage_final_audit.md,2,2,yes,yes,,company_or_product,conservative domain/path heuristic; not a claim-quality decision,likely first-party/company domain (heuristic),no,
https://struxhub.com/,https://struxhub.com/,struxhub.com,research/built_environment_ecosystem_discovery_index.csv,1,1,yes,yes,,company_or_product,conservative domain/path heuristic; not a claim-quality decision,likely first-party/company domain (heuristic),no,
https://sublime-systems.com/,https://sublime-systems.com/,sublime-systems.com,research/final_coverage_assurance.md|research/final_residual_additions.csv,2,3,yes,yes,,company_or_product,conservative domain/path heuristic; not a claim-quality decision,likely first-party/company domain (heuristic),no,
https://sublime-systems.com/our-process/,https://sublime-systems.com/our-process,sublime-systems.com,research/final_residual_additions.csv,1,1,yes,yes,,company_or_product,conservative domain/path heuristic; not a claim-quality decision,likely first-party/company domain (heuristic),no,
https://sublime-systems.com/sublime-cement/,https://sublime-systems.com/sublime-cement,sublime-systems.com,research/final_residual_additions.csv,1,1,yes,yes,,company_or_product,conservative domain/path heuristic; not a claim-quality decision,likely first-party/company domain (heuristic),no,
https://suburbanjunglegroup.com/,https://suburbanjunglegroup.com/,suburbanjunglegroup.com,research/built_environment_ecosystem_discovery_index.csv,1,1,yes,yes,,company_or_product,conservative domain/path heuristic; not a claim-quality decision,likely first-party/company domain (heuristic),no,
https://suffolktech.com/boost/,https://suffolktech.com/boost,suffolktech.com,research/final_coverage_assurance.md|research/startup_coverage_final_audit.md,2,2,yes,yes,,company_or_product,conservative domain/path heuristic; not a claim-quality decision,likely first-party/company domain (heuristic),no,
https://swiftconnect.io/,https://swiftconnect.io/,swiftconnect.io,research/built_environment_ecosystem_discovery_index.csv,1,1,yes,yes,,company_or_product,conservative domain/path heuristic; not a claim-quality decision,likely first-party/company domain (heuristic),no,
https://table22.com/,https://table22.com/,table22.com,research/built_environment_ecosystem_discovery_index.csv,1,1,yes,yes,,company_or_product,conservative domain/path heuristic; not a claim-quality decision,likely first-party/company domain (heuristic),no,
https://tailos.com/,https://tailos.com/,tailos.com,research/built_environment_ecosystem_discovery_index.csv,1,1,yes,yes,,company_or_product,conservative domain/path heuristic; not a claim-quality decision,likely first-party/company domain (heuristic),no,
https://tangiblematerials.com/,https://tangiblematerials.com/,tangiblematerials.com,research/built_environment_ecosystem_discovery_index.csv,1,1,yes,yes,,company_or_product,conservative domain/path heuristic; not a claim-quality decision,likely first-party/company domain (heuristic),no,
https://tapihq.com/en-gb,https://tapihq.com/en-gb,tapihq.com,research/built_environment_ecosystem_discovery_index.csv,1,1,yes,yes,,company_or_product,conservative domain/path heuristic; not a claim-quality decision,likely first-party/company domain (heuristic),no,
https://tarongagroup.com/,https://tarongagroup.com/,tarongagroup.com,JCX_Second_Pass_Strategy_PropTech_Startups_2026-08-29.md,1,1,yes,yes,,ecosystem_or_investor,conservative domain/path heuristic; not a claim-quality decision,official membership source or investor domain (heuristic),no,
https://tarongagroup.com/realtechx/,https://tarongagroup.com/realtechx,tarongagroup.com,JCX_Global_PropTech_Intelligence_Atlas_2026-08-30.md|research/coverage_gap_audit.md|research/proptech_startup_universe.md|research/proptech_startups_agent.csv,4,18,yes,yes,,ecosystem_or_investor,conservative domain/path heuristic; not a claim-quality decision,official membership source or investor domain (heuristic),no,
https://tarongagroup.com/wp-content/uploads/2025/07/RealTechX-Asset-Impact-Booklet-2025-1.pdf,https://tarongagroup.com/wp-content/uploads/2025/07/RealTechX-Asset-Impact-Booklet-2025-1.pdf,tarongagroup.com,research/build_ecosystem_discovery_index.py|research/built_environment_ecosystem_discovery_index.csv|research/built_environment_ecosystem_discovery_index.md,3,58,yes,yes,,ecosystem_or_investor,conservative domain/path heuristic; not a claim-quality decision,official membership source or investor domain (heuristic),no,
https://teamsynco.com/,https://teamsynco.com/,teamsynco.com,research/built_environment_ecosystem_discovery_index.csv,1,1,yes,yes,,company_or_product,conservative domain/path heuristic; not a claim-quality decision,likely first-party/company domain (heuristic),no,
https://techcrunch.com/2020/05/07/sidewalk-labs-shuts-down-toronto-project/,https://techcrunch.com/2020/05/07/sidewalk-labs-shuts-down-toronto-project,techcrunch.com,research/global_real_estate_pioneers.md|research/global_real_estate_pioneers_agent.csv,2,2,yes,yes,,independent_media,conservative domain/path heuristic; not a claim-quality decision,independent reporting; verify article scope,no,
https://techcrunch.com/2021/06/01/softbank-backed-construction-giant-katerra-said-to-be-shutting-down-after-raising-billions/,https://techcrunch.com/2021/06/01/softbank-backed-construction-giant-katerra-said-to-be-shutting-down-after-raising-billions,techcrunch.com,research/proptech_startup_universe.md|research/proptech_startups_agent.csv,2,2,yes,yes,,independent_media,conservative domain/path heuristic; not a claim-quality decision,independent reporting; verify article scope,no,
https://techcrunch.com/2024/03/05/brkz-emerges-from-stealth-with-8m/,https://techcrunch.com/2024/03/05/brkz-emerges-from-stealth-with-8m,techcrunch.com,research/regional_proptech_landscape.md,1,1,yes,yes,,independent_media,conservative domain/path heuristic; not a claim-quality decision,independent reporting; verify article scope,no,
https://technical.buildingsmart.org/services/bsdd/,https://technical.buildingsmart.org/services/bsdd,technical.buildingsmart.org,JCX_Global_PropTech_Intelligence_Atlas_2026-08-30.md,1,1,yes,yes,,research_or_industry,conservative domain/path heuristic; not a claim-quality decision,research/industry context; authority varies,no,
https://technical.buildingsmart.org/services/bsdd/data-structure/,https://technical.buildingsmart.org/services/bsdd/data-structure,technical.buildingsmart.org,research/standards_interoperability_governance.md,1,1,yes,yes,,research_or_industry,conservative domain/path heuristic; not a claim-quality decision,research/industry context; authority varies,no,
https://technical.buildingsmart.org/services/bsdd/using-the-bsdd-api/,https://technical.buildingsmart.org/services/bsdd/using-the-bsdd-api,technical.buildingsmart.org,research/standards_interoperability_governance.md,1,1,yes,yes,,research_or_industry,conservative domain/path heuristic; not a claim-quality decision,research/industry context; authority varies,no,
https://technical.buildingsmart.org/standards/bcf/,https://technical.buildingsmart.org/standards/bcf,technical.buildingsmart.org,JCX_Global_PropTech_Intelligence_Atlas_2026-08-30.md|research/standards_interoperability_governance.md|research/standards_registry.csv,3,4,yes,yes,,research_or_industry,conservative domain/path heuristic; not a claim-quality decision,research/industry context; authority varies,no,
https://terass.com/,https://terass.com/,terass.com,research/built_environment_ecosystem_discovery_index.csv,1,1,yes,yes,,company_or_product,conservative domain/path heuristic; not a claim-quality decision,likely first-party/company domain (heuristic),no,
https://thedemexgroup.com/,https://thedemexgroup.com/,thedemexgroup.com,research/built_environment_ecosystem_discovery_index.csv,1,1,yes,yes,,company_or_product,conservative domain/path heuristic; not a claim-quality decision,likely first-party/company domain (heuristic),no,
https://therealdeal.com/national/2024/12/09/easyknock-suddenly-shuts-down/,https://therealdeal.com/national/2024/12/09/easyknock-suddenly-shuts-down,therealdeal.com,research/proptech_startup_universe.md|research/proptech_startups_agent.csv,2,2,yes,yes,,company_or_product,conservative domain/path heuristic; not a claim-quality decision,likely first-party/company domain (heuristic),no,
https://today.thefinancialexpress.com.bd/public/print/10m-investment-for-real-estate-dev-1551026076,https://today.thefinancialexpress.com.bd/public/print/10m-investment-for-real-estate-dev-1551026076,today.thefinancialexpress.com.bd,research/regional_proptech_landscape.md,1,1,yes,yes,,company_or_product,conservative domain/path heuristic; not a claim-quality decision,likely first-party/company domain (heuristic),no,
https://toggle.co.jp/,https://toggle.co.jp/,toggle.co.jp,research/built_environment_ecosystem_discovery_index.csv,1,1,yes,yes,,company_or_product,conservative domain/path heuristic; not a claim-quality decision,likely first-party/company domain (heuristic),no,
https://tomo.com/,https://tomo.com/,tomo.com,research/built_environment_ecosystem_discovery_index.csv,1,1,yes,yes,,company_or_product,conservative domain/path heuristic; not a claim-quality decision,likely first-party/company domain (heuristic),no,
https://tothesource.com,https://tothesource.com/,tothesource.com,research/built_environment_ecosystem_discovery_index.csv,1,1,yes,yes,,company_or_product,conservative domain/path heuristic; not a claim-quality decision,likely first-party/company domain (heuristic),no,
https://tracfloapp.com/,https://tracfloapp.com/,tracfloapp.com,research/built_environment_ecosystem_discovery_index.csv,1,1,yes,yes,,company_or_product,conservative domain/path heuristic; not a claim-quality decision,likely first-party/company domain (heuristic),no,
https://track3d.ai/,https://track3d.ai/,track3d.ai,research/startup_core_additions.csv|research/startup_coverage_additions.csv,2,4,yes,yes,,company_or_product,conservative domain/path heuristic; not a claim-quality decision,likely first-party/company domain (heuristic),no,
https://track3d.ai/newsroom/,https://track3d.ai/newsroom,track3d.ai,research/startup_core_additions.csv|research/startup_coverage_additions.csv,2,2,yes,yes,,company_or_product,conservative domain/path heuristic; not a claim-quality decision,likely first-party/company domain (heuristic),no,
https://track3d.ai/reality-intelligence-platform/,https://track3d.ai/reality-intelligence-platform,track3d.ai,research/startup_core_additions.csv|research/startup_coverage_additions.csv,2,2,yes,yes,,company_or_product,conservative domain/path heuristic; not a claim-quality decision,likely first-party/company domain (heuristic),no,
https://trendspek.com/,https://trendspek.com/,trendspek.com,research/proptech_startups_agent.csv,1,2,yes,yes,,company_or_product,conservative domain/path heuristic; not a claim-quality decision,likely first-party/company domain (heuristic),no,
https://trunktools.com/,https://trunktools.com/,trunktools.com,research/startup_core_additions.csv|research/startup_coverage_additions.csv,2,4,yes,yes,,company_or_product,conservative domain/path heuristic; not a claim-quality decision,likely first-party/company domain (heuristic),no,
https://trustlayer.io/,https://trustlayer.io/,trustlayer.io,research/built_environment_ecosystem_discovery_index.csv,1,1,yes,yes,,company_or_product,conservative domain/path heuristic; not a claim-quality decision,likely first-party/company domain (heuristic),no,
https://trustup-group.com/,https://trustup-group.com/,trustup-group.com,research/built_environment_ecosystem_discovery_index.csv,1,1,yes,yes,,company_or_product,conservative domain/path heuristic; not a claim-quality decision,likely first-party/company domain (heuristic),no,
https://turn.ai/,https://turn.ai/,turn.ai,research/built_environment_ecosystem_discovery_index.csv,1,1,yes,yes,,company_or_product,conservative domain/path heuristic; not a claim-quality decision,likely first-party/company domain (heuristic),no,
https://turno.com,https://turno.com/,turno.com,research/built_environment_ecosystem_discovery_index.csv,1,1,yes,yes,,company_or_product,conservative domain/path heuristic; not a claim-quality decision,likely first-party/company domain (heuristic),no,
https://tvasta.construction/,https://tvasta.construction/,tvasta.construction,research/built_environment_ecosystem_discovery_index.csv,1,1,yes,yes,,company_or_product,conservative domain/path heuristic; not a claim-quality decision,likely first-party/company domain (heuristic),no,
https://uhooair.com/,https://uhooair.com/,uhooair.com,research/proptech_startups_agent.csv,1,2,yes,yes,,company_or_product,conservative domain/path heuristic; not a claim-quality decision,likely first-party/company domain (heuristic),no,
https://updater.com/,https://updater.com/,updater.com,research/built_environment_ecosystem_discovery_index.csv,1,1,yes,yes,,company_or_product,conservative domain/path heuristic; not a claim-quality decision,likely first-party/company domain (heuristic),no,
https://user.buildingsmart.org/knowledge-base/terminology/,https://user.buildingsmart.org/knowledge-base/terminology,user.buildingsmart.org,research/standards_interoperability_governance.md,1,1,yes,yes,,research_or_industry,conservative domain/path heuristic; not a claim-quality decision,research/industry context; authority varies,no,
https://veerum.com/,https://veerum.com/,veerum.com,research/built_environment_ecosystem_discovery_index.csv,1,1,yes,yes,,company_or_product,conservative domain/path heuristic; not a claim-quality decision,likely first-party/company domain (heuristic),no,
https://vengolabs.com/,https://vengolabs.com/,vengolabs.com,research/built_environment_ecosystem_discovery_index.csv,1,1,yes,yes,,company_or_product,conservative domain/path heuristic; not a claim-quality decision,likely first-party/company domain (heuristic),no,
https://vergesense.com,https://vergesense.com/,vergesense.com,research/built_environment_ecosystem_discovery_index.csv,1,1,yes,yes,,company_or_product,conservative domain/path heuristic; not a claim-quality decision,likely first-party/company domain (heuristic),no,
https://vergesense.com/,https://vergesense.com/,vergesense.com,research/built_environment_ecosystem_discovery_index.csv,1,1,yes,yes,,company_or_product,conservative domain/path heuristic; not a claim-quality decision,likely first-party/company domain (heuristic),no,
https://vestahome.com/,https://vestahome.com/,vestahome.com,research/built_environment_ecosystem_discovery_index.csv,1,1,yes,yes,,company_or_product,conservative domain/path heuristic; not a claim-quality decision,likely first-party/company domain (heuristic),no,
https://vinci-construction.com/en/engagements/innovation_eng/,https://vinci-construction.com/en/engagements/innovation_eng,vinci-construction.com,research/global_real_estate_pioneers.md|research/global_real_estate_pioneers_agent.csv,2,2,yes,yes,,company_or_product,conservative domain/path heuristic; not a claim-quality decision,likely first-party/company domain (heuristic),no,
https://visoft-eng.com/,https://visoft-eng.com/,visoft-eng.com,research/built_environment_ecosystem_discovery_index.csv,1,1,yes,yes,,company_or_product,conservative domain/path heuristic; not a claim-quality decision,likely first-party/company domain (heuristic),no,
https://vizcab.io/,https://vizcab.io/,vizcab.io,research/built_environment_ecosystem_discovery_index.csv,1,1,yes,yes,,company_or_product,conservative domain/path heuristic; not a claim-quality decision,likely first-party/company domain (heuristic),no,
https://vyv.tech/,https://vyv.tech/,vyv.tech,research/built_environment_ecosystem_discovery_index.csv,1,1,yes,yes,,company_or_product,conservative domain/path heuristic; not a claim-quality decision,likely first-party/company domain (heuristic),no,
https://wattbuy.com/en/,https://wattbuy.com/en,wattbuy.com,research/built_environment_ecosystem_discovery_index.csv,1,1,yes,yes,,company_or_product,conservative domain/path heuristic; not a claim-quality decision,likely first-party/company domain (heuristic),no,
https://wayleadr.com/,https://wayleadr.com/,wayleadr.com,research/built_environment_ecosystem_discovery_index.csv,1,1,yes,yes,,company_or_product,conservative domain/path heuristic; not a claim-quality decision,likely first-party/company domain (heuristic),no,
https://webserver-redseaportal-prd.lfr.cloud/en/web/guest/responsible-development,https://webserver-redseaportal-prd.lfr.cloud/en/web/guest/responsible-development,webserver-redseaportal-prd.lfr.cloud,research/operator_coverage_additions.csv,1,1,yes,yes,,company_or_product,conservative domain/path heuristic; not a claim-quality decision,likely first-party/company domain (heuristic),no,
https://welcome.plugandplaytechcenter.com/company-performance-report-2025,https://welcome.plugandplaytechcenter.com/company-performance-report-2025,welcome.plugandplaytechcenter.com,research/final_coverage_assurance.md|research/startup_coverage_final_audit.md,2,2,yes,yes,,company_or_product,conservative domain/path heuristic; not a claim-quality decision,likely first-party/company domain (heuristic),no,
https://welcome.plugandplaytechcenter.com/hubfs/Mobility%20SV%20Folder/June%20Summit%202025%20Decks/Real%20Estate%20%26%20Construction%20Expo.pdf,https://welcome.plugandplaytechcenter.com/hubfs/Mobility%20SV%20Folder/June%20Summit%202025%20Decks/Real%20Estate%20%26%20Construction%20Expo.pdf,welcome.plugandplaytechcenter.com,research/final_coverage_assurance.md|research/proptech_startup_universe.md|research/proptech_startups_agent.csv|research/startup_coverage_final_audit.md,4,4,yes,yes,,company_or_product,conservative domain/path heuristic; not a claim-quality decision,likely first-party/company domain (heuristic),no,
https://welcome.plugandplaytechcenter.com/investment-portfolio,https://welcome.plugandplaytechcenter.com/investment-portfolio,welcome.plugandplaytechcenter.com,JCX_Global_PropTech_Intelligence_Atlas_2026-08-30.md|research/final_coverage_assurance.md|research/proptech_startup_universe.md|research/proptech_startups_agent.csv|research/startup_coverage_final_audit.md,5,7,yes,yes,,company_or_product,conservative domain/path heuristic; not a claim-quality decision,likely first-party/company domain (heuristic),no,
https://wingtra.com/,https://wingtra.com/,wingtra.com,research/built_environment_ecosystem_discovery_index.csv,1,1,yes,yes,,company_or_product,conservative domain/path heuristic; not a claim-quality decision,likely first-party/company domain (heuristic),no,
https://wint.ai/,https://wint.ai/,wint.ai,research/proptech_startups_agent.csv,1,2,yes,yes,,company_or_product,conservative domain/path heuristic; not a claim-quality decision,likely first-party/company domain (heuristic),no,
https://wiredscore.com/,https://wiredscore.com/,wiredscore.com,research/proptech_startups_agent.csv|research/standards_interoperability_governance.md|research/standards_registry.csv,3,4,yes,yes,,company_or_product,conservative domain/path heuristic; not a claim-quality decision,likely first-party/company domain (heuristic),no,
https://wiredscore.com/en/,https://wiredscore.com/en,wiredscore.com,research/built_environment_ecosystem_discovery_index.csv,1,1,yes,yes,,company_or_product,conservative domain/path heuristic; not a claim-quality decision,likely first-party/company domain (heuristic),no,
https://www.2150.vc/,https://2150.vc/,2150.vc,research/build_ecosystem_discovery_index.py,1,1,yes,yes,,company_or_product,conservative domain/path heuristic; not a claim-quality decision,likely first-party/company domain (heuristic),no,
https://www.2150.vc/investments,https://2150.vc/investments,2150.vc,JCX_Global_PropTech_Intelligence_Atlas_2026-08-30.md|research/build_ecosystem_discovery_index.py|research/built_environment_ecosystem_discovery_index.md|research/final_coverage_assurance.md|research/startup_coverage_final_audit.md,5,8,yes,yes,,company_or_product,conservative domain/path heuristic; not a claim-quality decision,likely first-party/company domain (heuristic),no,
https://www.2150.vc/investments/1komma5,https://2150.vc/investments/1komma5,2150.vc,research/built_environment_ecosystem_discovery_index.csv,1,1,yes,yes,,company_or_product,conservative domain/path heuristic; not a claim-quality decision,likely first-party/company domain (heuristic),no,
https://www.2150.vc/investments/aeroseal,https://2150.vc/investments/aeroseal,2150.vc,research/built_environment_ecosystem_discovery_index.csv,1,1,yes,yes,,company_or_product,conservative domain/path heuristic; not a claim-quality decision,likely first-party/company domain (heuristic),no,
https://www.2150.vc/investments/ampd-energy,https://2150.vc/investments/ampd-energy,2150.vc,research/built_environment_ecosystem_discovery_index.csv,1,1,yes,yes,,company_or_product,conservative domain/path heuristic; not a claim-quality decision,likely first-party/company domain (heuristic),no,
https://www.2150.vc/investments/atmoszero,https://2150.vc/investments/atmoszero,2150.vc,research/built_environment_ecosystem_discovery_index.csv,1,1,yes,yes,,company_or_product,conservative domain/path heuristic; not a claim-quality decision,likely first-party/company domain (heuristic),no,
https://www.2150.vc/investments/biomason,https://2150.vc/investments/biomason,2150.vc,research/built_environment_ecosystem_discovery_index.csv|research/final_residual_additions.csv,2,2,yes,yes,,company_or_product,conservative domain/path heuristic; not a claim-quality decision,likely first-party/company domain (heuristic),no,
https://www.2150.vc/investments/blue-frontier,https://2150.vc/investments/blue-frontier,2150.vc,research/built_environment_ecosystem_discovery_index.csv,1,1,yes,yes,,company_or_product,conservative domain/path heuristic; not a claim-quality decision,likely first-party/company domain (heuristic),no,
https://www.2150.vc/investments/carboncure,https://2150.vc/investments/carboncure,2150.vc,research/built_environment_ecosystem_discovery_index.csv,1,1,yes,yes,,company_or_product,conservative domain/path heuristic; not a claim-quality decision,likely first-party/company domain (heuristic),no,
https://www.2150.vc/investments/cocoon,https://2150.vc/investments/cocoon,2150.vc,research/built_environment_ecosystem_discovery_index.csv|research/startup_core_additions.csv|research/startup_coverage_additions.csv,3,3,yes,yes,,company_or_product,conservative domain/path heuristic; not a claim-quality decision,likely first-party/company domain (heuristic),no,
https://www.2150.vc/investments/disperse,https://2150.vc/investments/disperse,2150.vc,research/built_environment_ecosystem_discovery_index.csv,1,1,yes,yes,,company_or_product,conservative domain/path heuristic; not a claim-quality decision,likely first-party/company domain (heuristic),no,
https://www.2150.vc/investments/ember,https://2150.vc/investments/ember,2150.vc,research/built_environment_ecosystem_discovery_index.csv,1,1,yes,yes,,company_or_product,conservative domain/path heuristic; not a claim-quality decision,likely first-party/company domain (heuristic),no,
https://www.2150.vc/investments/getmobil,https://2150.vc/investments/getmobil,2150.vc,research/built_environment_ecosystem_discovery_index.csv,1,1,yes,yes,,company_or_product,conservative domain/path heuristic; not a claim-quality decision,likely first-party/company domain (heuristic),no,
https://www.2150.vc/investments/gigaton,https://2150.vc/investments/gigaton,2150.vc,research/built_environment_ecosystem_discovery_index.csv|research/startup_core_additions.csv|research/startup_coverage_additions.csv,3,3,yes,yes,,company_or_product,conservative domain/path heuristic; not a claim-quality decision,likely first-party/company domain (heuristic),no,
https://www.2150.vc/investments/hometree,https://2150.vc/investments/hometree,2150.vc,research/built_environment_ecosystem_discovery_index.csv,1,1,yes,yes,,company_or_product,conservative domain/path heuristic; not a claim-quality decision,likely first-party/company domain (heuristic),no,
https://www.2150.vc/investments/kelvin-systems,https://2150.vc/investments/kelvin-systems,2150.vc,research/built_environment_ecosystem_discovery_index.csv,1,1,yes,yes,,company_or_product,conservative domain/path heuristic; not a claim-quality decision,likely first-party/company domain (heuristic),no,
https://www.2150.vc/investments/leko-labs,https://2150.vc/investments/leko-labs,2150.vc,research/built_environment_ecosystem_discovery_index.csv,1,1,yes,yes,,company_or_product,conservative domain/path heuristic; not a claim-quality decision,likely first-party/company domain (heuristic),no,
https://www.2150.vc/investments/luxwall,https://2150.vc/investments/luxwall,2150.vc,research/built_environment_ecosystem_discovery_index.csv,1,1,yes,yes,,company_or_product,conservative domain/path heuristic; not a claim-quality decision,likely first-party/company domain (heuristic),no,
https://www.2150.vc/investments/metycle,https://2150.vc/investments/metycle,2150.vc,research/built_environment_ecosystem_discovery_index.csv,1,1,yes,yes,,company_or_product,conservative domain/path heuristic; not a claim-quality decision,likely first-party/company domain (heuristic),no,
https://www.2150.vc/investments/mission-zero-technologies,https://2150.vc/investments/mission-zero-technologies,2150.vc,research/built_environment_ecosystem_discovery_index.csv,1,1,yes,yes,,company_or_product,conservative domain/path heuristic; not a claim-quality decision,likely first-party/company domain (heuristic),no,
https://www.2150.vc/investments/molg,https://2150.vc/investments/molg,2150.vc,research/built_environment_ecosystem_discovery_index.csv,1,1,yes,yes,,company_or_product,conservative domain/path heuristic; not a claim-quality decision,likely first-party/company domain (heuristic),no,
https://www.2150.vc/investments/nabr,https://2150.vc/investments/nabr,2150.vc,research/built_environment_ecosystem_discovery_index.csv|research/startup_core_additions.csv|research/startup_coverage_additions.csv,3,3,yes,yes,,company_or_product,conservative domain/path heuristic; not a claim-quality decision,likely first-party/company domain (heuristic),no,
https://www.2150.vc/investments/nature-metrics,https://2150.vc/investments/nature-metrics,2150.vc,research/built_environment_ecosystem_discovery_index.csv,1,1,yes,yes,,company_or_product,conservative domain/path heuristic; not a claim-quality decision,likely first-party/company domain (heuristic),no,
https://www.2150.vc/investments/nodes-links,https://2150.vc/investments/nodes-links,2150.vc,research/built_environment_ecosystem_discovery_index.csv,1,1,yes,yes,,company_or_product,conservative domain/path heuristic; not a claim-quality decision,likely first-party/company domain (heuristic),no,
https://www.2150.vc/investments/normative,https://2150.vc/investments/normative,2150.vc,research/built_environment_ecosystem_discovery_index.csv,1,1,yes,yes,,company_or_product,conservative domain/path heuristic; not a claim-quality decision,likely first-party/company domain (heuristic),no,
https://www.2150.vc/investments/opensolar,https://2150.vc/investments/opensolar,2150.vc,research/built_environment_ecosystem_discovery_index.csv|research/startup_core_additions.csv|research/startup_coverage_additions.csv,3,3,yes,yes,,company_or_product,conservative domain/path heuristic; not a claim-quality decision,likely first-party/company domain (heuristic),no,
https://www.2150.vc/investments/photara,https://2150.vc/investments/photara,2150.vc,research/built_environment_ecosystem_discovery_index.csv,1,1,yes,yes,,company_or_product,conservative domain/path heuristic; not a claim-quality decision,likely first-party/company domain (heuristic),no,
https://www.2150.vc/investments/sitration,https://2150.vc/investments/sitration,2150.vc,research/built_environment_ecosystem_discovery_index.csv,1,1,yes,yes,,company_or_product,conservative domain/path heuristic; not a claim-quality decision,likely first-party/company domain (heuristic),no,
https://www.2150.vc/investments/superlight,https://2150.vc/investments/superlight,2150.vc,research/built_environment_ecosystem_discovery_index.csv,1,1,yes,yes,,company_or_product,conservative domain/path heuristic; not a claim-quality decision,likely first-party/company domain (heuristic),no,
https://www.2150.vc/investments/urban-footprint,https://2150.vc/investments/urban-footprint,2150.vc,research/built_environment_ecosystem_discovery_index.csv,1,1,yes,yes,,company_or_product,conservative domain/path heuristic; not a claim-quality decision,likely first-party/company domain (heuristic),no,
https://www.2150.vc/investments/vammo,https://2150.vc/investments/vammo,2150.vc,research/built_environment_ecosystem_discovery_index.csv,1,1,yes,yes,,company_or_product,conservative domain/path heuristic; not a claim-quality decision,likely first-party/company domain (heuristic),no,
https://www.2150.vc/wp-content/uploads/2024/01/2150_Impact-report-2023_Master_2605.pdf,https://2150.vc/wp-content/uploads/2024/01/2150_Impact-report-2023_Master_2605.pdf,2150.vc,research/startup_core_additions.csv|research/startup_coverage_additions.csv,2,2,yes,yes,,company_or_product,conservative domain/path heuristic; not a claim-quality decision,likely first-party/company domain (heuristic),no,
https://www.31ventures.jp/en/,https://31ventures.jp/en,31ventures.jp,research/global_real_estate_pioneers_agent.csv,1,1,yes,yes,,company_or_product,conservative domain/path heuristic; not a claim-quality decision,likely first-party/company domain (heuristic),no,
https://www.31ventures.jp/en/about/,https://31ventures.jp/en/about,31ventures.jp,research/global_real_estate_pioneers.md|research/global_real_estate_pioneers_agent.csv,2,2,yes,yes,,company_or_product,conservative domain/path heuristic; not a claim-quality decision,likely first-party/company domain (heuristic),no,
https://www.31ventures.jp/en/case/,https://31ventures.jp/en/case,31ventures.jp,research/global_real_estate_pioneers.md|research/global_real_estate_pioneers_agent.csv,2,2,yes,yes,,company_or_product,conservative domain/path heuristic; not a claim-quality decision,likely first-party/company domain (heuristic),no,
https://www.31ventures.jp/en/fund/,https://31ventures.jp/en/fund,31ventures.jp,research/global_real_estate_pioneers.md|research/global_real_estate_pioneers_agent.csv,2,2,yes,yes,,company_or_product,conservative domain/path heuristic; not a claim-quality decision,likely first-party/company domain (heuristic),no,
https://www.3vinfrastructure.com/,https://3vinfrastructure.com/,3vinfrastructure.com,research/built_environment_ecosystem_discovery_index.csv,1,1,yes,yes,,company_or_product,conservative domain/path heuristic; not a claim-quality decision,likely first-party/company domain (heuristic),no,
https://www.99.co/,https://99.co/,99.co,research/regional_companies_agent.csv,1,1,yes,yes,,company_or_product,conservative domain/path heuristic; not a claim-quality decision,likely first-party/company domain (heuristic),no,
https://www.99.co/about-us,https://99.co/about-us,99.co,research/regional_companies_agent.csv|research/regional_proptech_landscape.md,2,2,yes,yes,,company_or_product,conservative domain/path heuristic; not a claim-quality decision,likely first-party/company domain (heuristic),no,
https://www.99.co/about-us)**,https://99.co/about-us)**,99.co,JCX_Global_PropTech_Intelligence_Atlas_2026-08-30.md,1,1,yes,yes,,company_or_product,conservative domain/path heuristic; not a claim-quality decision,likely first-party/company domain (heuristic),no,
https://www.99.co/about-us/indonesia,https://99.co/about-us/indonesia,99.co,research/regional_companies_agent.csv|research/regional_proptech_landscape.md,2,2,yes,yes,,company_or_product,conservative domain/path heuristic; not a claim-quality decision,likely first-party/company domain (heuristic),no,
https://www.99.co/singapore/insider/wp-content/uploads/2024/12/singapore-property-market-review-2024-25-1.pdf,https://99.co/singapore/insider/wp-content/uploads/2024/12/singapore-property-market-review-2024-25-1.pdf,99.co,research/regional_proptech_landscape.md,1,1,yes,yes,,company_or_product,conservative domain/path heuristic; not a claim-quality decision,likely first-party/company domain (heuristic),no,
https://www.abodu.com/,https://abodu.com/,abodu.com,research/built_environment_ecosystem_discovery_index.csv,1,1,yes,yes,,company_or_product,conservative domain/path heuristic; not a claim-quality decision,likely first-party/company domain (heuristic),no,
https://www.accel.com/companies/powerplay,https://accel.com/companies/powerplay,accel.com,research/regional_companies_agent.csv|research/regional_proptech_landscape.md,2,3,yes,yes,,company_or_product,conservative domain/path heuristic; not a claim-quality decision,likely first-party/company domain (heuristic),no,
https://www.accel.com/companies/powerplay)**,https://accel.com/companies/powerplay)**,accel.com,JCX_Global_PropTech_Intelligence_Atlas_2026-08-30.md,1,1,yes,yes,,company_or_product,conservative domain/path heuristic; not a claim-quality decision,likely first-party/company domain (heuristic),no,
https://www.aclaimant.com/,https://aclaimant.com/,aclaimant.com,research/built_environment_ecosystem_discovery_index.csv,1,1,yes,yes,,company_or_product,conservative domain/path heuristic; not a claim-quality decision,likely first-party/company domain (heuristic),no,
https://www.acornfinance.com/,https://acornfinance.com/,acornfinance.com,research/built_environment_ecosystem_discovery_index.csv,1,2,yes,yes,,company_or_product,conservative domain/path heuristic; not a claim-quality decision,likely first-party/company domain (heuristic),no,
https://www.acres.com/,https://acres.com/,acres.com,research/built_environment_ecosystem_discovery_index.csv|research/startup_coverage_additions.csv,2,2,yes,yes,,company_or_product,conservative domain/path heuristic; not a claim-quality decision,likely first-party/company domain (heuristic),no,
https://www.adaptis.ai/,https://adaptis.ai/,adaptis.ai,research/built_environment_ecosystem_discovery_index.csv,1,1,yes,yes,,company_or_product,conservative domain/path heuristic; not a claim-quality decision,likely first-party/company domain (heuristic),no,
https://www.advancednavigation.com/,https://advancednavigation.com/,advancednavigation.com,research/built_environment_ecosystem_discovery_index.csv,1,1,yes,yes,,company_or_product,conservative domain/path heuristic; not a claim-quality decision,likely first-party/company domain (heuristic),no,
https://www.advocate.app/,https://advocate.app/,advocate.app,research/built_environment_ecosystem_discovery_index.csv,1,1,yes,yes,,company_or_product,conservative domain/path heuristic; not a claim-quality decision,likely first-party/company domain (heuristic),no,
https://www.afterlifeag.com/,https://afterlifeag.com/,afterlifeag.com,research/built_environment_ecosystem_discovery_index.csv,1,1,yes,yes,,company_or_product,conservative domain/path heuristic; not a claim-quality decision,likely first-party/company domain (heuristic),no,
https://www.airmo.io/,https://airmo.io/,airmo.io,research/built_environment_ecosystem_discovery_index.csv,1,1,yes,yes,,company_or_product,conservative domain/path heuristic; not a claim-quality decision,likely first-party/company domain (heuristic),no,
https://www.alchemistaccelerator.com/portfolio,https://alchemistaccelerator.com/portfolio,alchemistaccelerator.com,research/final_coverage_assurance.md|research/startup_coverage_final_audit.md,2,2,yes,yes,,company_or_product,conservative domain/path heuristic; not a claim-quality decision,likely first-party/company domain (heuristic),no,
https://www.alchemistaccelerator.com/portfolio-2,https://alchemistaccelerator.com/portfolio-2,alchemistaccelerator.com,JCX_Global_PropTech_Intelligence_Atlas_2026-08-30.md|research/proptech_startup_universe.md|research/proptech_startups_agent.csv,3,5,yes,yes,,company_or_product,conservative domain/path heuristic; not a claim-quality decision,likely first-party/company domain (heuristic),no,
https://www.alchemistaccelerator.com/portfolio-2?pno=5,https://alchemistaccelerator.com/portfolio-2?pno=5,alchemistaccelerator.com,research/startup_coverage_additions.csv,1,1,yes,yes,,company_or_product,conservative domain/path heuristic; not a claim-quality decision,likely first-party/company domain (heuristic),no,
https://www.alchemistaccelerator.com/programs,https://alchemistaccelerator.com/programs,alchemistaccelerator.com,research/final_coverage_assurance.md|research/startup_coverage_additions.csv,2,2,yes,yes,,company_or_product,conservative domain/path heuristic; not a claim-quality decision,likely first-party/company domain (heuristic),no,
https://www.aldar.com/,https://aldar.com/,aldar.com,research/global_real_estate_pioneers_agent.csv,1,1,yes,yes,,company_or_product,conservative domain/path heuristic; not a claim-quality decision,likely first-party/company domain (heuristic),no,
https://www.aldar.com/aldar-report2024/documents/ENG-Aldar-Annual-Report-2024-Governance.pdf,https://aldar.com/aldar-report2024/documents/ENG-Aldar-Annual-Report-2024-Governance.pdf,aldar.com,research/global_real_estate_pioneers.md,1,2,yes,yes,,company_or_product,conservative domain/path heuristic; not a claim-quality decision,likely first-party/company domain (heuristic),no,
https://www.aldar.com/aldar-report2024/documents/aldar-annual-report-2024_compressed-1.pdf,https://aldar.com/aldar-report2024/documents/aldar-annual-report-2024_compressed-1.pdf,aldar.com,JCX_Global_PropTech_Intelligence_Atlas_2026-08-30.md|research/global_real_estate_pioneers.md|research/global_real_estate_pioneers_agent.csv,3,3,yes,yes,,company_or_product,conservative domain/path heuristic; not a claim-quality decision,likely first-party/company domain (heuristic),no,
https://www.aldar.com/en/explore-aldar/innovation,https://aldar.com/en/explore-aldar/innovation,aldar.com,research/global_real_estate_pioneers.md,1,2,yes,yes,,company_or_product,conservative domain/path heuristic; not a claim-quality decision,likely first-party/company domain (heuristic),no,
https://www.aldar.com/en/explore-aldar/innovation/scale-up,https://aldar.com/en/explore-aldar/innovation/scale-up,aldar.com,JCX_Second_Pass_Strategy_PropTech_Startups_2026-08-29.md,1,1,yes,yes,,company_or_product,conservative domain/path heuristic; not a claim-quality decision,likely first-party/company domain (heuristic),no,
https://www.aldoa.com/,https://aldoa.com/,aldoa.com,research/built_environment_ecosystem_discovery_index.csv,1,1,yes,yes,,company_or_product,conservative domain/path heuristic; not a claim-quality decision,likely first-party/company domain (heuristic),no,
https://www.algoma.co/,https://algoma.co/,algoma.co,research/built_environment_ecosystem_discovery_index.csv,1,1,yes,yes,,company_or_product,conservative domain/path heuristic; not a claim-quality decision,likely first-party/company domain (heuristic),no,
https://www.algoma.com/,https://algoma.com/,algoma.com,research/startup_coverage_additions.csv,1,1,yes,yes,,company_or_product,conservative domain/path heuristic; not a claim-quality decision,likely first-party/company domain (heuristic),no,
https://www.alicetechnologies.com/,https://alicetechnologies.com/,alicetechnologies.com,research/built_environment_ecosystem_discovery_index.csv|research/final_residual_additions.csv,2,3,yes,yes,,company_or_product,conservative domain/path heuristic; not a claim-quality decision,likely first-party/company domain (heuristic),no,
https://www.alicetechnologies.com/construction-optioneering,https://alicetechnologies.com/construction-optioneering,alicetechnologies.com,research/final_coverage_assurance.md|research/final_residual_additions.csv,2,2,yes,yes,,company_or_product,conservative domain/path heuristic; not a claim-quality decision,likely first-party/company domain (heuristic),no,
https://www.alicetechnologies.com/home,https://alicetechnologies.com/home,alicetechnologies.com,research/built_environment_ecosystem_discovery_index.csv,1,1,yes,yes,,company_or_product,conservative domain/path heuristic; not a claim-quality decision,likely first-party/company domain (heuristic),no,
https://www.alrik.com/,https://alrik.com/,alrik.com,research/built_environment_ecosystem_discovery_index.csv,1,1,yes,yes,,company_or_product,conservative domain/path heuristic; not a claim-quality decision,likely first-party/company domain (heuristic),no,
https://www.altusgroup.com/argus/,https://altusgroup.com/argus,altusgroup.com,research/enterprise_platform_additions.csv|research/enterprise_platform_coverage_audit.md,2,2,yes,yes,,company_or_product,conservative domain/path heuristic; not a claim-quality decision,likely first-party/company domain (heuristic),no,
https://www.altusgroup.com/solutions/argus-enterprise/,https://altusgroup.com/solutions/argus-enterprise,altusgroup.com,research/enterprise_platform_additions.csv|research/enterprise_platform_coverage_audit.md,2,3,yes,yes,,company_or_product,conservative domain/path heuristic; not a claim-quality decision,likely first-party/company domain (heuristic),no,
https://www.amenify.com,https://amenify.com/,amenify.com,research/built_environment_ecosystem_discovery_index.csv,1,1,yes,yes,,company_or_product,conservative domain/path heuristic; not a claim-quality decision,likely first-party/company domain (heuristic),no,
https://www.ampd.energy/,https://ampd.energy/,ampd.energy,research/proptech_startups_agent.csv,1,2,yes,yes,,company_or_product,conservative domain/path heuristic; not a claim-quality decision,likely first-party/company domain (heuristic),no,
https://www.appfolio.com/,https://appfolio.com/,appfolio.com,research/built_environment_ecosystem_discovery_index.csv|research/global_real_estate_pioneers_agent.csv|research/proptech_startup_universe.md|research/proptech_startups_agent.csv,4,6,yes,yes,,company_or_product,conservative domain/path heuristic; not a claim-quality decision,likely first-party/company domain (heuristic),no,
https://www.appfolio.com/customer-stories/jw-property-services,https://appfolio.com/customer-stories/jw-property-services,appfolio.com,research/quantified_outcome_case_library.csv,1,1,yes,yes,,company_or_product,conservative domain/path heuristic; not a claim-quality decision,likely first-party/company domain (heuristic),no,
https://www.appfolio.com/customer-stories/rainier-properties,https://appfolio.com/customer-stories/rainier-properties,appfolio.com,JCX_Global_PropTech_Intelligence_Atlas_2026-08-30.md|research/quantified_outcome_case_library.csv,2,2,yes,yes,,company_or_product,conservative domain/path heuristic; not a claim-quality decision,likely first-party/company domain (heuristic),no,
https://www.appfolio.com/customer-stories/structure-properties,https://appfolio.com/customer-stories/structure-properties,appfolio.com,research/quantified_outcome_case_library.csv,1,1,yes,yes,,company_or_product,conservative domain/path heuristic; not a claim-quality decision,likely first-party/company domain (heuristic),no,
https://www.appraisify.com/,https://appraisify.com/,appraisify.com,research/built_environment_ecosystem_discovery_index.csv,1,1,yes,yes,,company_or_product,conservative domain/path heuristic; not a claim-quality decision,likely first-party/company domain (heuristic),no,
https://www.arcbazar.com/,https://arcbazar.com/,arcbazar.com,research/built_environment_ecosystem_discovery_index.csv,1,1,yes,yes,,company_or_product,conservative domain/path heuristic; not a claim-quality decision,likely first-party/company domain (heuristic),no,
https://www.archistar.ai/,https://archistar.ai/,archistar.ai,JCX_Second_Pass_Strategy_PropTech_Startups_2026-08-29.md|research/regional_companies_agent.csv,2,2,yes,yes,,company_or_product,conservative domain/path heuristic; not a claim-quality decision,likely first-party/company domain (heuristic),no,
https://www.archistar.ai/for-property-developers-legacy/,https://archistar.ai/for-property-developers-legacy,archistar.ai,research/regional_companies_agent.csv|research/regional_proptech_landscape.md,2,2,yes,yes,,company_or_product,conservative domain/path heuristic; not a claim-quality decision,likely first-party/company domain (heuristic),no,
https://www.archistar.ai/for-property-developers-legacy/)**,https://archistar.ai/for-property-developers-legacy/)**,archistar.ai,JCX_Global_PropTech_Intelligence_Atlas_2026-08-30.md,1,1,yes,yes,,company_or_product,conservative domain/path heuristic; not a claim-quality decision,likely first-party/company domain (heuristic),no,
https://www.arosoftware.com/,https://arosoftware.com/,arosoftware.com,research/built_environment_ecosystem_discovery_index.csv,1,1,yes,yes,,company_or_product,conservative domain/path heuristic; not a claim-quality decision,likely first-party/company domain (heuristic),no,
https://www.assuregroupbd.com/,https://assuregroupbd.com/,assuregroupbd.com,JCX_Second_Pass_Strategy_PropTech_Startups_2026-08-29.md,1,1,yes,yes,,company_or_product,conservative domain/path heuristic; not a claim-quality decision,likely first-party/company domain (heuristic),no,
https://www.astonpower.com/,https://astonpower.com/,astonpower.com,research/built_environment_ecosystem_discovery_index.csv,1,1,yes,yes,,company_or_product,conservative domain/path heuristic; not a claim-quality decision,likely first-party/company domain (heuristic),no,
https://www.atcresearch.co/,https://atcresearch.co/,atcresearch.co,research/built_environment_ecosystem_discovery_index.csv,1,1,yes,yes,,company_or_product,conservative domain/path heuristic; not a claim-quality decision,likely first-party/company domain (heuristic),no,
https://www.attentive.com/,https://attentive.com/,attentive.com,research/built_environment_ecosystem_discovery_index.csv,1,1,yes,yes,,company_or_product,conservative domain/path heuristic; not a claim-quality decision,likely first-party/company domain (heuristic),no,
https://www.attuneiot.com/,https://attuneiot.com/,attuneiot.com,research/built_environment_ecosystem_discovery_index.csv,1,1,yes,yes,,company_or_product,conservative domain/path heuristic; not a claim-quality decision,likely first-party/company domain (heuristic),no,
https://www.audiencetown.com/,https://audiencetown.com/,audiencetown.com,research/built_environment_ecosystem_discovery_index.csv,1,1,yes,yes,,company_or_product,conservative domain/path heuristic; not a claim-quality decision,likely first-party/company domain (heuristic),no,
https://www.aurorasolar.com/,https://aurorasolar.com/,aurorasolar.com,research/proptech_startup_universe.md|research/proptech_startups_agent.csv,2,3,yes,yes,,company_or_product,conservative domain/path heuristic; not a claim-quality decision,likely first-party/company domain (heuristic),no,
https://www.aurumproptech.in/,https://aurumproptech.in/,aurumproptech.in,research/regional_companies_agent.csv|research/regional_proptech_landscape.md,2,3,yes,yes,,company_or_product,conservative domain/path heuristic; not a claim-quality decision,likely first-party/company domain (heuristic),no,
https://www.aurumproptech.in/about,https://aurumproptech.in/about,aurumproptech.in,research/regional_companies_agent.csv|research/regional_proptech_landscape.md,2,2,yes,yes,,company_or_product,conservative domain/path heuristic; not a claim-quality decision,likely first-party/company domain (heuristic),no,
https://www.autodesk.com/customer-stories/aec-autodesk-platform-services-2024-story,https://autodesk.com/customer-stories/aec-autodesk-platform-services-2024-story,autodesk.com,research/quantified_outcome_case_library.csv,1,1,yes,yes,,company_or_product,conservative domain/path heuristic; not a claim-quality decision,likely first-party/company domain (heuristic),no,
https://www.autodesk.com/customer-stories/granlund-autodesk-construction-cloud-story,https://autodesk.com/customer-stories/granlund-autodesk-construction-cloud-story,autodesk.com,research/quantified_outcome_case_library.csv,1,1,yes,yes,,company_or_product,conservative domain/path heuristic; not a claim-quality decision,likely first-party/company domain (heuristic),no,
https://www.autodesk.com/technology-centers,https://autodesk.com/technology-centers,autodesk.com,research/final_coverage_assurance.md|research/startup_coverage_final_audit.md,2,2,yes,yes,,company_or_product,conservative domain/path heuristic; not a claim-quality decision,likely first-party/company domain (heuristic),no,
https://www.avail.com,https://avail.com/,avail.com,research/built_environment_ecosystem_discovery_index.csv,1,1,yes,yes,,company_or_product,conservative domain/path heuristic; not a claim-quality decision,likely first-party/company domain (heuristic),no,
https://www.avvir.io/,https://avvir.io/,avvir.io,research/built_environment_ecosystem_discovery_index.csv,1,1,yes,yes,,company_or_product,conservative domain/path heuristic; not a claim-quality decision,likely first-party/company domain (heuristic),no,
https://www.axios.com/newsletters/axios-pro-rata-f336e149-c6af-498b-bf2f-68f2-d73d9d9c6a,https://axios.com/newsletters/axios-pro-rata-f336e149-c6af-498b-bf2f-68f2-d73d9d9c6a,axios.com,research/regional_proptech_landscape.md,1,1,yes,yes,,company_or_product,conservative domain/path heuristic; not a claim-quality decision,likely first-party/company domain (heuristic),no,
https://www.azibo.com,https://azibo.com/,azibo.com,research/built_environment_ecosystem_discovery_index.csv,1,1,yes,yes,,company_or_product,conservative domain/path heuristic; not a claim-quality decision,likely first-party/company domain (heuristic),no,
https://www.bendhsa.com/,https://bendhsa.com/,bendhsa.com,research/built_environment_ecosystem_discovery_index.csv,1,1,yes,yes,,company_or_product,conservative domain/path heuristic; not a claim-quality decision,likely first-party/company domain (heuristic),no,
https://www.bentley.com/en/products/itwin-iot/,https://bentley.com/en/products/itwin-iot,bentley.com,research/coverage_gap_additions.csv,1,1,yes,yes,,company_or_product,conservative domain/path heuristic; not a claim-quality decision,likely first-party/company domain (heuristic),no,
https://www.bentley.com/en/products/itwin-platform/,https://bentley.com/en/products/itwin-platform,bentley.com,research/coverage_gap_additions.csv|research/coverage_gap_audit.md,2,3,yes,yes,,company_or_product,conservative domain/path heuristic; not a claim-quality decision,likely first-party/company domain (heuristic),no,
https://www.bestegg.com/,https://bestegg.com/,bestegg.com,research/built_environment_ecosystem_discovery_index.csv,1,1,yes,yes,,company_or_product,conservative domain/path heuristic; not a claim-quality decision,likely first-party/company domain (heuristic),no,
https://www.billee.ai/,https://billee.ai/,billee.ai,research/built_environment_ecosystem_discovery_index.csv,1,1,yes,yes,,company_or_product,conservative domain/path heuristic; not a claim-quality decision,likely first-party/company domain (heuristic),no,
https://www.biltrewards.com/,https://biltrewards.com/,biltrewards.com,research/built_environment_ecosystem_discovery_index.csv,1,1,yes,yes,,company_or_product,conservative domain/path heuristic; not a claim-quality decision,likely first-party/company domain (heuristic),no,
https://www.bitgo.com/,https://bitgo.com/,bitgo.com,research/built_environment_ecosystem_discovery_index.csv,1,1,yes,yes,,company_or_product,conservative domain/path heuristic; not a claim-quality decision,likely first-party/company domain (heuristic),no,
https://www.bizly.com,https://bizly.com/,bizly.com,research/built_environment_ecosystem_discovery_index.csv,1,1,yes,yes,,company_or_product,conservative domain/path heuristic; not a claim-quality decision,likely first-party/company domain (heuristic),no,
https://www.blackstone.com/,https://blackstone.com/,blackstone.com,research/operator_coverage_additions.csv,1,1,yes,yes,,company_or_product,conservative domain/path heuristic; not a claim-quality decision,likely first-party/company domain (heuristic),no,
https://www.blackstone.com/insights/article/behind-the-deal-airtrunk/,https://blackstone.com/insights/article/behind-the-deal-airtrunk,blackstone.com,research/operator_coverage_additions.csv|research/operator_coverage_final_audit.md,2,2,yes,yes,,company_or_product,conservative domain/path heuristic; not a claim-quality decision,likely first-party/company domain (heuristic),no,
https://www.blackstone.com/investing-in-ai/,https://blackstone.com/investing-in-ai,blackstone.com,research/operator_coverage_additions.csv|research/operator_coverage_final_audit.md,2,2,yes,yes,,company_or_product,conservative domain/path heuristic; not a claim-quality decision,likely first-party/company domain (heuristic),no,
https://www.blend.com/,https://blend.com/,blend.com,research/proptech_startup_universe.md|research/proptech_startups_agent.csv,2,3,yes,yes,,company_or_product,conservative domain/path heuristic; not a claim-quality decision,likely first-party/company domain (heuristic),no,
https://www.blueprintpower.com/,https://blueprintpower.com/,blueprintpower.com,research/built_environment_ecosystem_discovery_index.csv,1,1,yes,yes,,company_or_product,conservative domain/path heuristic; not a claim-quality decision,likely first-party/company domain (heuristic),no,
https://www.boomandbucket.com/,https://boomandbucket.com/,boomandbucket.com,research/built_environment_ecosystem_discovery_index.csv,1,1,yes,yes,,company_or_product,conservative domain/path heuristic; not a claim-quality decision,likely first-party/company domain (heuristic),no,
https://www.bouygues-construction.com/,https://bouygues-construction.com/,bouygues-construction.com,research/global_real_estate_pioneers_agent.csv,1,1,yes,yes,,company_or_product,conservative domain/path heuristic; not a claim-quality decision,likely first-party/company domain (heuristic),no,
https://www.bouygues-construction.com/en/our-commitments/innovating-for-the-construction-of-tomorrow,https://bouygues-construction.com/en/our-commitments/innovating-for-the-construction-of-tomorrow,bouygues-construction.com,JCX_Global_PropTech_Intelligence_Atlas_2026-08-30.md,1,1,yes,yes,,company_or_product,conservative domain/path heuristic; not a claim-quality decision,likely first-party/company domain (heuristic),no,
https://www.bouygues-construction.com/sites/default/files/bycn_financier_gb_2024_0.pdf,https://bouygues-construction.com/sites/default/files/bycn_financier_gb_2024_0.pdf,bouygues-construction.com,research/global_real_estate_pioneers.md|research/global_real_estate_pioneers_agent.csv,2,2,yes,yes,,company_or_product,conservative domain/path heuristic; not a claim-quality decision,likely first-party/company domain (heuristic),no,
https://www.bouygues.com/integrated-report-2024/doc/article/29/,https://bouygues.com/integrated-report-2024/doc/article/29,bouygues.com,research/global_real_estate_pioneers.md|research/global_real_estate_pioneers_agent.csv,2,2,yes,yes,,company_or_product,conservative domain/path heuristic; not a claim-quality decision,likely first-party/company domain (heuristic),no,
https://www.boweryvaluation.com/,https://boweryvaluation.com/,boweryvaluation.com,research/built_environment_ecosystem_discovery_index.csv,1,1,yes,yes,,company_or_product,conservative domain/path heuristic; not a claim-quality decision,likely first-party/company domain (heuristic),no,
https://www.bp.com/,https://bp.com/,bp.com,research/built_environment_ecosystem_discovery_index.csv,1,1,yes,yes,,company_or_product,conservative domain/path heuristic; not a claim-quality decision,likely first-party/company domain (heuristic),no,
https://www.bproperty.com/,https://bproperty.com/,bproperty.com,research/regional_companies_agent.csv,1,1,yes,yes,,company_or_product,conservative domain/path heuristic; not a claim-quality decision,likely first-party/company domain (heuristic),no,
https://www.bproperty.com/about-us,https://bproperty.com/about-us,bproperty.com,JCX_Global_PropTech_Intelligence_Atlas_2026-08-30.md|JCX_Second_Pass_Strategy_PropTech_Startups_2026-08-29.md|research/proptech_startup_universe.md|research/proptech_startups_agent.csv|research/regional_companies_agent.csv|research/regional_proptech_landscape.md,6,7,yes,yes,,company_or_product,conservative domain/path heuristic; not a claim-quality decision,likely first-party/company domain (heuristic),no,
https://www.bproperty.com/home-loan,https://bproperty.com/home-loan,bproperty.com,JCX_Second_Pass_Strategy_PropTech_Startups_2026-08-29.md,1,1,yes,yes,,company_or_product,conservative domain/path heuristic; not a claim-quality decision,likely first-party/company domain (heuristic),no,
https://www.bproperty.com/terms-of-use,https://bproperty.com/terms-of-use,bproperty.com,research/regional_companies_agent.csv|research/regional_proptech_landscape.md,2,2,yes,yes,,company_or_product,conservative domain/path heuristic; not a claim-quality decision,likely first-party/company domain (heuristic),no,
https://www.br.iq,https://br.iq/,br.iq,research/built_environment_ecosystem_discovery_index.csv,1,1,yes,yes,,company_or_product,conservative domain/path heuristic; not a claim-quality decision,likely first-party/company domain (heuristic),no,
https://www.branch.technology/,https://branch.technology/,branch.technology,research/built_environment_ecosystem_discovery_index.csv,1,1,yes,yes,,company_or_product,conservative domain/path heuristic; not a claim-quality decision,likely first-party/company domain (heuristic),no,
https://www.breaksports.com/,https://breaksports.com/,breaksports.com,research/built_environment_ecosystem_discovery_index.csv,1,1,yes,yes,,company_or_product,conservative domain/path heuristic; not a claim-quality decision,likely first-party/company domain (heuristic),no,
https://www.breezy.com,https://breezy.com/,breezy.com,research/built_environment_ecosystem_discovery_index.csv,1,1,yes,yes,,company_or_product,conservative domain/path heuristic; not a claim-quality decision,likely first-party/company domain (heuristic),no,
https://www.bricknbolt.com/,https://bricknbolt.com/,bricknbolt.com,research/final_coverage_assurance.md|research/final_residual_additions.csv,2,3,yes,yes,,company_or_product,conservative domain/path heuristic; not a claim-quality decision,likely first-party/company domain (heuristic),no,
https://www.bricknbolt.com/commercial-construction-company,https://bricknbolt.com/commercial-construction-company,bricknbolt.com,research/final_residual_additions.csv,1,1,yes,yes,,company_or_product,conservative domain/path heuristic; not a claim-quality decision,likely first-party/company domain (heuristic),no,
https://www.brightplace.ai/,https://brightplace.ai/,brightplace.ai,research/built_environment_ecosystem_discovery_index.csv,1,1,yes,yes,,company_or_product,conservative domain/path heuristic; not a claim-quality decision,likely first-party/company domain (heuristic),no,
https://www.brimstone.com/,https://brimstone.com/,brimstone.com,research/built_environment_ecosystem_discovery_index.csv,1,1,yes,yes,,company_or_product,conservative domain/path heuristic; not a claim-quality decision,likely first-party/company domain (heuristic),no,
https://www.brimstoneenergy.com/,https://brimstoneenergy.com/,brimstoneenergy.com,research/proptech_startup_universe.md|research/proptech_startups_agent.csv,2,3,yes,yes,,company_or_product,conservative domain/path heuristic; not a claim-quality decision,likely first-party/company domain (heuristic),no,
https://www.brookfield.com/,https://brookfield.com/,brookfield.com,research/global_real_estate_pioneers_agent.csv,1,1,yes,yes,,company_or_product,conservative domain/path heuristic; not a claim-quality decision,likely first-party/company domain (heuristic),no,
https://www.brookfield.com/2025-brookfield-corporation-annual-report,https://brookfield.com/2025-brookfield-corporation-annual-report,brookfield.com,research/global_real_estate_pioneers.md|research/global_real_estate_pioneers_agent.csv,2,2,yes,yes,,company_or_product,conservative domain/path heuristic; not a claim-quality decision,likely first-party/company domain (heuristic),no,
https://www.bssnews.net/assets/gallery/Finance_Minister_Budget_Speech2022_23.pdf,https://bssnews.net/assets/gallery/Finance_Minister_Budget_Speech2022_23.pdf,bssnews.net,research/regional_proptech_landscape.md,1,1,yes,yes,,company_or_product,conservative domain/path heuristic; not a claim-quality decision,likely first-party/company domain (heuristic),no,
https://www.bssnews.net/business/107809,https://bssnews.net/business/107809,bssnews.net,research/regional_companies_agent.csv|research/regional_proptech_landscape.md,2,2,yes,yes,,company_or_product,conservative domain/path heuristic; not a claim-quality decision,likely first-party/company domain (heuristic),no,
https://www.bssnews.net/news-flash/330104,https://bssnews.net/news-flash/330104,bssnews.net,JCX_Second_Pass_Strategy_PropTech_Startups_2026-08-29.md,1,1,yes,yes,,company_or_product,conservative domain/path heuristic; not a claim-quality decision,likely first-party/company domain (heuristic),no,
https://www.buildingengines.com/company/ravti/,https://buildingengines.com/company/ravti,buildingengines.com,research/built_environment_ecosystem_discovery_index.csv,1,1,yes,yes,,company_or_product,conservative domain/path heuristic; not a claim-quality decision,likely first-party/company domain (heuristic),no,
https://www.buildingsmart.org/information-delivery-specification-ids-v1-0-is-approved-as-a-final-standard/,https://buildingsmart.org/information-delivery-specification-ids-v1-0-is-approved-as-a-final-standard,buildingsmart.org,JCX_Global_PropTech_Intelligence_Atlas_2026-08-30.md|research/standards_interoperability_governance.md|research/standards_registry.csv,3,4,yes,yes,,research_or_industry,conservative domain/path heuristic; not a claim-quality decision,research/industry context; authority varies,no,
https://www.buildingsmart.org/standards/bsi-standards/bim-collaboration-format/,https://buildingsmart.org/standards/bsi-standards/bim-collaboration-format,buildingsmart.org,research/standards_interoperability_governance.md,1,1,yes,yes,,research_or_industry,conservative domain/path heuristic; not a claim-quality decision,research/industry context; authority varies,no,
https://www.buildingsmart.org/standards/bsi-standards/industry-foundation-classes/?lang=en,https://buildingsmart.org/standards/bsi-standards/industry-foundation-classes?lang=en,buildingsmart.org,JCX_Meeting_Dossier_2026-08-29.md,1,1,yes,yes,,research_or_industry,conservative domain/path heuristic; not a claim-quality decision,research/industry context; authority varies,no,
https://www.buildingsmart.org/standards/bsi-standards/information-delivery-specification-ids/,https://buildingsmart.org/standards/bsi-standards/information-delivery-specification-ids,buildingsmart.org,research/atlas_methodology_and_website_ia.md,1,1,yes,yes,,research_or_industry,conservative domain/path heuristic; not a claim-quality decision,research/industry context; authority varies,no,
https://www.buildingsmart.org/users/services/buildingsmart-data-dictionary/,https://buildingsmart.org/users/services/buildingsmart-data-dictionary,buildingsmart.org,research/standards_interoperability_governance.md|research/standards_registry.csv,2,3,yes,yes,,research_or_industry,conservative domain/path heuristic; not a claim-quality decision,research/industry context; authority varies,no,
https://www.buildingtransparency.org/,https://buildingtransparency.org/,buildingtransparency.org,research/final_residual_additions.csv,1,2,yes,yes,,research_or_industry,conservative domain/path heuristic; not a claim-quality decision,research/industry context; authority varies,no,
https://www.buildingtransparency.org/tools/ec3/,https://buildingtransparency.org/tools/ec3,buildingtransparency.org,research/final_coverage_assurance.md|research/final_residual_additions.csv,2,2,yes,yes,,research_or_industry,conservative domain/path heuristic; not a claim-quality decision,research/industry context; authority varies,no,
https://www.buildpeer.com/en,https://buildpeer.com/en,buildpeer.com,research/built_environment_ecosystem_discovery_index.csv,1,1,yes,yes,,company_or_product,conservative domain/path heuristic; not a claim-quality decision,likely first-party/company domain (heuristic),no,
https://www.buildzoom.com/,https://buildzoom.com/,buildzoom.com,research/built_environment_ecosystem_discovery_index.csv,1,1,yes,yes,,company_or_product,conservative domain/path heuristic; not a claim-quality decision,likely first-party/company domain (heuristic),no,
https://www.builtrobotics.com/,https://builtrobotics.com/,builtrobotics.com,research/coverage_gap_additions.csv|research/coverage_gap_audit.md,2,3,yes,yes,,company_or_product,conservative domain/path heuristic; not a claim-quality decision,likely first-party/company domain (heuristic),no,
https://www.businesstimes.com.sg/international/asean/south-east-asia-emerges-proptech-hotspot-challenges-loom-funding-and-talent-say-panellists,https://businesstimes.com.sg/international/asean/south-east-asia-emerges-proptech-hotspot-challenges-loom-funding-and-talent-say-panellists,businesstimes.com.sg,research/regional_proptech_landscape.md,1,1,yes,yes,,company_or_product,conservative domain/path heuristic; not a claim-quality decision,likely first-party/company domain (heuristic),no,
https://www.calcalistech.com/ctechnews/article/sypuszzjr,https://calcalistech.com/ctechnews/article/sypuszzjr,calcalistech.com,research/proptech_startup_universe.md|research/proptech_startups_agent.csv,2,2,yes,yes,,company_or_product,conservative domain/path heuristic; not a claim-quality decision,likely first-party/company domain (heuristic),no,
https://www.caltana.com/,https://caltana.com/,caltana.com,research/built_environment_ecosystem_discovery_index.csv,1,1,yes,yes,,company_or_product,conservative domain/path heuristic; not a claim-quality decision,likely first-party/company domain (heuristic),no,
https://www.capgemini.com/in-en/news/client-stories/taking-control-of-purchasing-in-the-construction-industry/,https://capgemini.com/in-en/news/client-stories/taking-control-of-purchasing-in-the-construction-industry,capgemini.com,research/quantified_outcome_case_library.csv,1,1,yes,yes,,company_or_product,conservative domain/path heuristic; not a claim-quality decision,likely first-party/company domain (heuristic),no,
https://www.capitaland.com/,https://capitaland.com/,capitaland.com,research/global_real_estate_pioneers_agent.csv,1,1,yes,yes,,company_or_product,conservative domain/path heuristic; not a claim-quality decision,likely first-party/company domain (heuristic),no,
https://www.capitaland.com/en/about-capitaland/sustainability/sustainabilityxchallenge.html,https://capitaland.com/en/about-capitaland/sustainability/sustainabilityxchallenge.html,capitaland.com,JCX_Second_Pass_Strategy_PropTech_Startups_2026-08-29.md,1,1,yes,yes,,company_or_product,conservative domain/path heuristic; not a claim-quality decision,likely first-party/company domain (heuristic),no,
https://www.capitaland.com/en/our-impact/sustainability/sustainabilityxchallenge/innovations.html,https://capitaland.com/en/our-impact/sustainability/sustainabilityxchallenge/innovations.html,capitaland.com,JCX_Meeting_Dossier_2026-08-29.md,1,1,yes,yes,,company_or_product,conservative domain/path heuristic; not a claim-quality decision,likely first-party/company domain (heuristic),no,
https://www.carboncure.com/,https://carboncure.com/,carboncure.com,research/proptech_startup_universe.md|research/proptech_startups_agent.csv,2,3,yes,yes,,company_or_product,conservative domain/path heuristic; not a claim-quality decision,likely first-party/company domain (heuristic),no,
https://www.cbre.com/,https://cbre.com/,cbre.com,research/global_real_estate_pioneers_agent.csv,1,1,yes,yes,,company_or_product,conservative domain/path heuristic; not a claim-quality decision,likely first-party/company domain (heuristic),no,
https://www.cbre.com/press-releases/investment-recovery-to-gain-momentum-despite-interest-rates-remaining-higher-for-longer,https://cbre.com/press-releases/investment-recovery-to-gain-momentum-despite-interest-rates-remaining-higher-for-longer,cbre.com,research/atlas_methodology_and_website_ia.md,1,1,yes,yes,,company_or_product,conservative domain/path heuristic; not a claim-quality decision,likely first-party/company domain (heuristic),no,
https://www.cemexventures.com/cemex-ventures-top-50-2026/,https://cemexventures.com/cemex-ventures-top-50-2026,cemexventures.com,JCX_Global_PropTech_Intelligence_Atlas_2026-08-30.md,1,1,yes,yes,,company_or_product,conservative domain/path heuristic; not a claim-quality decision,likely first-party/company domain (heuristic),no,
https://www.cemexventures.com/construction-startup-competition-2026/,https://cemexventures.com/construction-startup-competition-2026,cemexventures.com,research/final_coverage_assurance.md|research/startup_coverage_final_audit.md,2,2,yes,yes,,company_or_product,conservative domain/path heuristic; not a claim-quality decision,likely first-party/company domain (heuristic),no,
https://www.cemexventures.com/startup-competition-2026-apac-finalists/,https://cemexventures.com/startup-competition-2026-apac-finalists,cemexventures.com,research/final_coverage_assurance.md|research/startup_core_additions.csv|research/startup_coverage_additions.csv|research/startup_coverage_final_audit.md,4,7,yes,yes,,company_or_product,conservative domain/path heuristic; not a claim-quality decision,likely first-party/company domain (heuristic),no,
https://www.cemexventures.com/top-50-2025/,https://cemexventures.com/top-50-2025,cemexventures.com,research/final_coverage_assurance.md|research/startup_core_additions.csv|research/startup_coverage_additions.csv|research/startup_coverage_final_audit.md,4,11,yes,yes,,company_or_product,conservative domain/path heuristic; not a claim-quality decision,likely first-party/company domain (heuristic),no,
https://www.cemexventures.com/top-50-startups/togal-ai/,https://cemexventures.com/top-50-startups/togal-ai,cemexventures.com,research/final_coverage_assurance.md|research/final_residual_additions.csv,2,2,yes,yes,,company_or_product,conservative domain/path heuristic; not a claim-quality decision,likely first-party/company domain (heuristic),no,
https://www.cemexventures.com/top-50/,https://cemexventures.com/top-50,cemexventures.com,JCX_Global_PropTech_Intelligence_Atlas_2026-08-30.md|research/build_ecosystem_discovery_index.py|research/built_environment_ecosystem_discovery_index.csv|research/built_environment_ecosystem_discovery_index.md|research/final_residual_additions.csv,5,58,yes,yes,,company_or_product,conservative domain/path heuristic; not a claim-quality decision,likely first-party/company domain (heuristic),no,
https://www.chateauz.io/,https://chateauz.io/,chateauz.io,research/built_environment_ecosystem_discovery_index.csv,1,1,yes,yes,,company_or_product,conservative domain/path heuristic; not a claim-quality decision,likely first-party/company domain (heuristic),no,
https://www.civcheck.ai/blog/clariti-acquires-civcheck-to-accelerate-permit-approvals-with-ai,https://civcheck.ai/blog/clariti-acquires-civcheck-to-accelerate-permit-approvals-with-ai,civcheck.ai,research/startup_coverage_additions.csv,1,1,yes,yes,,company_or_product,conservative domain/path heuristic; not a claim-quality decision,likely first-party/company domain (heuristic),no,
https://www.claritisoftware.com/products/civcheck-ai-plan-review-software,https://claritisoftware.com/products/civcheck-ai-plan-review-software,claritisoftware.com,research/startup_coverage_additions.csv,1,1,yes,yes,,company_or_product,conservative domain/path heuristic; not a claim-quality decision,likely first-party/company domain (heuristic),no,
https://www.claritisoftware.com/products/civcheck-ai-plan-review-software/,https://claritisoftware.com/products/civcheck-ai-plan-review-software,claritisoftware.com,research/startup_coverage_additions.csv,1,1,yes,yes,,company_or_product,conservative domain/path heuristic; not a claim-quality decision,likely first-party/company domain (heuristic),no,
https://www.climate-x.com/,https://climate-x.com/,climate-x.com,research/enterprise_platform_additions.csv|research/enterprise_platform_coverage_audit.md,2,3,yes,yes,,company_or_product,conservative domain/path heuristic; not a claim-quality decision,likely first-party/company domain (heuristic),no,
https://www.climate-x.com/faqs,https://climate-x.com/faqs,climate-x.com,research/enterprise_platform_additions.csv|research/enterprise_platform_coverage_audit.md,2,2,yes,yes,,company_or_product,conservative domain/path heuristic; not a claim-quality decision,likely first-party/company domain (heuristic),no,
https://www.climate-x.com/industries,https://climate-x.com/industries,climate-x.com,research/enterprise_platform_additions.csv|research/enterprise_platform_coverage_audit.md,2,2,yes,yes,,company_or_product,conservative domain/path heuristic; not a claim-quality decision,likely first-party/company domain (heuristic),no,
https://www.cocodelivery.com/,https://cocodelivery.com/,cocodelivery.com,research/built_environment_ecosystem_discovery_index.csv,1,1,yes,yes,,company_or_product,conservative domain/path heuristic; not a claim-quality decision,likely first-party/company domain (heuristic),no,
https://www.cocooncarbon.com/,https://cocooncarbon.com/,cocooncarbon.com,research/built_environment_ecosystem_discovery_index.csv|research/startup_core_additions.csv|research/startup_coverage_additions.csv,3,3,yes,yes,,company_or_product,conservative domain/path heuristic; not a claim-quality decision,likely first-party/company domain (heuristic),no,
https://www.cocooncarbon.com/about,https://cocooncarbon.com/about,cocooncarbon.com,research/startup_core_additions.csv|research/startup_coverage_additions.csv,2,2,yes,yes,,company_or_product,conservative domain/path heuristic; not a claim-quality decision,likely first-party/company domain (heuristic),no,
https://www.cofilending.com/,https://cofilending.com/,cofilending.com,research/built_environment_ecosystem_discovery_index.csv,1,1,yes,yes,,company_or_product,conservative domain/path heuristic; not a claim-quality decision,likely first-party/company domain (heuristic),no,
https://www.colliers.com/en-gb/services/proptech-solutions,https://colliers.com/en-gb/services/proptech-solutions,colliers.com,research/final_coverage_assurance.md|research/startup_coverage_final_audit.md,2,2,yes,yes,,company_or_product,conservative domain/path heuristic; not a claim-quality decision,likely first-party/company domain (heuristic),no,
https://www.concrete4change.com/,https://concrete4change.com/,concrete4change.com,research/startup_coverage_additions.csv,1,1,yes,yes,,company_or_product,conservative domain/path heuristic; not a claim-quality decision,likely first-party/company domain (heuristic),no,
https://www.concreteai.io/,https://concreteai.io/,concreteai.io,research/startup_core_additions.csv|research/startup_coverage_additions.csv,2,2,yes,yes,,company_or_product,conservative domain/path heuristic; not a claim-quality decision,likely first-party/company domain (heuristic),no,
https://www.concreteai.io/about_us,https://concreteai.io/about_us,concreteai.io,research/startup_core_additions.csv|research/startup_coverage_additions.csv,2,2,yes,yes,,company_or_product,conservative domain/path heuristic; not a claim-quality decision,likely first-party/company domain (heuristic),no,
https://www.conduit.app/,https://conduit.app/,conduit.app,research/built_environment_ecosystem_discovery_index.csv,1,1,yes,yes,,company_or_product,conservative domain/path heuristic; not a claim-quality decision,likely first-party/company domain (heuristic),no,
https://www.constructiondive.com/news/katerra-files-for-chapter-11/601439/,https://constructiondive.com/news/katerra-files-for-chapter-11/601439,constructiondive.com,research/proptech_startup_universe.md|research/proptech_startups_agent.csv,2,2,yes,yes,,independent_media,conservative domain/path heuristic; not a claim-quality decision,independent reporting; verify article scope,no,
https://www.construex.com.mx/,https://construex.com.mx/,construex.com.mx,research/startup_coverage_additions.csv,1,1,yes,yes,,company_or_product,conservative domain/path heuristic; not a claim-quality decision,likely first-party/company domain (heuristic),no,
https://www.construex.com.mx/contenidos/faq,https://construex.com.mx/contenidos/faq,construex.com.mx,research/startup_coverage_additions.csv,1,1,yes,yes,,company_or_product,conservative domain/path heuristic; not a claim-quality decision,likely first-party/company domain (heuristic),no,
https://www.costar.com/,https://costar.com/,costar.com,research/global_real_estate_pioneers_agent.csv,1,2,yes,yes,,company_or_product,conservative domain/path heuristic; not a claim-quality decision,likely first-party/company domain (heuristic),no,
https://www.costar.com/sites/costar.com.na/files/2023-02/case-study---jll.pdf,https://costar.com/sites/costar.com.na/files/2023-02/case-study---jll.pdf,costar.com,research/quantified_outcome_case_library.csv,1,1,yes,yes,,company_or_product,conservative domain/path heuristic; not a claim-quality decision,likely first-party/company domain (heuristic),no,
https://www.costar.com/sites/costar.com.na/files/2023-02/case-study---mnp.pdf,https://costar.com/sites/costar.com.na/files/2023-02/case-study---mnp.pdf,costar.com,research/quantified_outcome_case_library.csv,1,1,yes,yes,,company_or_product,conservative domain/path heuristic; not a claim-quality decision,likely first-party/company domain (heuristic),no,
https://www.costargroup.com/,https://costargroup.com/,costargroup.com,research/proptech_startup_universe.md|research/proptech_startups_agent.csv,2,5,yes,yes,,company_or_product,conservative domain/path heuristic; not a claim-quality decision,likely first-party/company domain (heuristic),no,
https://www.credivera.com/,https://credivera.com/,credivera.com,research/built_environment_ecosystem_discovery_index.csv,1,1,yes,yes,,company_or_product,conservative domain/path heuristic; not a claim-quality decision,likely first-party/company domain (heuristic),no,
https://www.creed-group.com/jcxbusinesstower,https://creed-group.com/jcxbusinesstower,creed-group.com,JCX_Meeting_Dossier_2026-08-29.md,1,1,yes,yes,,company_or_product,conservative domain/path heuristic; not a claim-quality decision,likely first-party/company domain (heuristic),no,
https://www.creed-group.com/partner,https://creed-group.com/partner,creed-group.com,JCX_Meeting_Dossier_2026-08-29.md,1,1,yes,yes,,company_or_product,conservative domain/path heuristic; not a claim-quality decision,likely first-party/company domain (heuristic),no,
https://www.crexi.com/,https://crexi.com/,crexi.com,research/built_environment_ecosystem_discovery_index.csv,1,1,yes,yes,,company_or_product,conservative domain/path heuristic; not a claim-quality decision,likely first-party/company domain (heuristic),no,
https://www.crunchbase.com/organization/barikoi,https://crunchbase.com/organization/barikoi,crunchbase.com,research/regional_companies_agent.csv|research/regional_proptech_landscape.md,2,2,yes,yes,,company_or_product,conservative domain/path heuristic; not a claim-quality decision,likely first-party/company domain (heuristic),no,
https://www.cubi.casa/,https://cubi.casa/,cubi.casa,research/built_environment_ecosystem_discovery_index.csv,1,1,yes,yes,,company_or_product,conservative domain/path heuristic; not a claim-quality decision,likely first-party/company domain (heuristic),no,
https://www.cumulusds.com/,https://cumulusds.com/,cumulusds.com,research/built_environment_ecosystem_discovery_index.csv,1,1,yes,yes,,company_or_product,conservative domain/path heuristic; not a claim-quality decision,likely first-party/company domain (heuristic),no,
https://www.cupix.com/,https://cupix.com/,cupix.com,research/startup_core_additions.csv|research/startup_coverage_additions.csv,2,4,yes,yes,,company_or_product,conservative domain/path heuristic; not a claim-quality decision,likely first-party/company domain (heuristic),no,
https://www.curbio.com/,https://curbio.com/,curbio.com,research/built_environment_ecosystem_discovery_index.csv,1,1,yes,yes,,company_or_product,conservative domain/path heuristic; not a claim-quality decision,likely first-party/company domain (heuristic),no,
https://www.cyb3roperations.com/,https://cyb3roperations.com/,cyb3roperations.com,research/built_environment_ecosystem_discovery_index.csv,1,1,yes,yes,,company_or_product,conservative domain/path heuristic; not a claim-quality decision,likely first-party/company domain (heuristic),no,
https://www.daiwahouse.com/English/,https://daiwahouse.com/English,daiwahouse.com,research/global_real_estate_pioneers_agent.csv,1,2,yes,yes,,company_or_product,conservative domain/path heuristic; not a claim-quality decision,likely first-party/company domain (heuristic),no,
https://www.dealpath.com/,https://dealpath.com/,dealpath.com,research/built_environment_ecosystem_discovery_index.csv|research/enterprise_platform_additions.csv,2,4,yes,yes,,company_or_product,conservative domain/path heuristic; not a claim-quality decision,likely first-party/company domain (heuristic),no,
https://www.dealpath.com/company/,https://dealpath.com/company,dealpath.com,research/enterprise_platform_additions.csv|research/enterprise_platform_coverage_audit.md,2,2,yes,yes,,company_or_product,conservative domain/path heuristic; not a claim-quality decision,likely first-party/company domain (heuristic),no,
https://www.dealpath.com/platform/,https://dealpath.com/platform,dealpath.com,research/enterprise_platform_additions.csv|research/enterprise_platform_coverage_audit.md,2,2,yes,yes,,company_or_product,conservative domain/path heuristic; not a claim-quality decision,likely first-party/company domain (heuristic),no,
https://www.deepki.com/,https://deepki.com/,deepki.com,JCX_Global_PropTech_Intelligence_Atlas_2026-08-30.md|research/coverage_gap_additions.csv,2,2,yes,yes,,company_or_product,conservative domain/path heuristic; not a claim-quality decision,likely first-party/company domain (heuristic),no,
https://www.deepki.com/platform/,https://deepki.com/platform,deepki.com,research/coverage_gap_additions.csv|research/coverage_gap_audit.md,2,3,yes,yes,,company_or_product,conservative domain/path heuristic; not a claim-quality decision,likely first-party/company domain (heuristic),no,
https://www.deloitte.com/us/en/insights/industry/financial-services/financial-services-industry-outlooks/commercial-real-estate-outlook.html,https://deloitte.com/us/en/insights/industry/financial-services/financial-services-industry-outlooks/commercial-real-estate-outlook.html,deloitte.com,research/atlas_methodology_and_website_ia.md,1,1,yes,yes,,company_or_product,conservative domain/path heuristic; not a claim-quality decision,likely first-party/company domain (heuristic),no,
https://www.dhakatribune.com/amp/business/real-estate/208904/bproperty%E2%80%99s-parent-empg-raises-150m-in,https://dhakatribune.com/amp/business/real-estate/208904/bproperty%E2%80%99s-parent-empg-raises-150m-in,dhakatribune.com,research/regional_proptech_landscape.md,1,1,yes,yes,,company_or_product,conservative domain/path heuristic; not a claim-quality decision,likely first-party/company domain (heuristic),no,
https://www.digitalrealty.com/,https://digitalrealty.com/,digitalrealty.com,research/operator_coverage_additions.csv,1,1,yes,yes,,company_or_product,conservative domain/path heuristic; not a claim-quality decision,likely first-party/company domain (heuristic),no,
https://www.digitalrealty.com/platform-digital,https://digitalrealty.com/platform-digital,digitalrealty.com,research/operator_coverage_additions.csv|research/operator_coverage_final_audit.md,2,2,yes,yes,,company_or_product,conservative domain/path heuristic; not a claim-quality decision,likely first-party/company domain (heuristic),no,
https://www.dili.com/,https://dili.com/,dili.com,research/built_environment_ecosystem_discovery_index.csv,1,1,yes,yes,,company_or_product,conservative domain/path heuristic; not a claim-quality decision,likely first-party/company domain (heuristic),no,
https://www.dlf.in/,https://dlf.in/,dlf.in,research/global_real_estate_pioneers_agent.csv,1,1,yes,yes,,company_or_product,conservative domain/path heuristic; not a claim-quality decision,likely first-party/company domain (heuristic),no,
https://www.dlf.in/dccdl/annual-docket/DCCDL_Annual_Report_FY_2024_25.pdf,https://dlf.in/dccdl/annual-docket/DCCDL_Annual_Report_FY_2024_25.pdf,dlf.in,research/global_real_estate_pioneers.md|research/global_real_estate_pioneers_agent.csv,2,2,yes,yes,,company_or_product,conservative domain/path heuristic; not a claim-quality decision,likely first-party/company domain (heuristic),no,
https://www.dlf.in/investor,https://dlf.in/investor,dlf.in,JCX_Global_PropTech_Intelligence_Atlas_2026-08-30.md,1,1,yes,yes,,company_or_product,conservative domain/path heuristic; not a claim-quality decision,likely first-party/company domain (heuristic),no,
https://www.documentcrunch.com/,https://documentcrunch.com/,documentcrunch.com,research/built_environment_ecosystem_discovery_index.csv,1,1,yes,yes,,company_or_product,conservative domain/path heuristic; not a claim-quality decision,likely first-party/company domain (heuristic),no,
https://www.docusign.com/,https://docusign.com/,docusign.com,research/built_environment_ecosystem_discovery_index.csv,1,1,yes,yes,,company_or_product,conservative domain/path heuristic; not a claim-quality decision,likely first-party/company domain (heuristic),no,
https://www.doma.com/,https://doma.com/,doma.com,research/built_environment_ecosystem_discovery_index.csv,1,1,yes,yes,,company_or_product,conservative domain/path heuristic; not a claim-quality decision,likely first-party/company domain (heuristic),no,
https://www.domatic.io/,https://domatic.io/,domatic.io,research/built_environment_ecosystem_discovery_index.csv,1,1,yes,yes,,company_or_product,conservative domain/path heuristic; not a claim-quality decision,likely first-party/company domain (heuristic),no,
https://www.doorstead.com/,https://doorstead.com/,doorstead.com,research/built_environment_ecosystem_discovery_index.csv,1,1,yes,yes,,company_or_product,conservative domain/path heuristic; not a claim-quality decision,likely first-party/company domain (heuristic),no,
https://www.dronedeploy.com/,https://dronedeploy.com/,dronedeploy.com,research/startup_core_additions.csv|research/startup_coverage_additions.csv,2,4,yes,yes,,company_or_product,conservative domain/path heuristic; not a claim-quality decision,likely first-party/company domain (heuristic),no,
https://www.dubizzlegroup.com/,https://dubizzlegroup.com/,dubizzlegroup.com,research/coverage_gap_additions.csv,1,1,yes,yes,,company_or_product,conservative domain/path heuristic; not a claim-quality decision,likely first-party/company domain (heuristic),no,
https://www.dubizzlegroup.com/dubizzle-group-acquires-property-monitor/,https://dubizzlegroup.com/dubizzle-group-acquires-property-monitor,dubizzlegroup.com,research/coverage_gap_audit.md,1,1,yes,yes,,company_or_product,conservative domain/path heuristic; not a claim-quality decision,likely first-party/company domain (heuristic),no,
https://www.dubizzlegroup.com/our-brands/,https://dubizzlegroup.com/our-brands,dubizzlegroup.com,research/coverage_gap_additions.csv|research/coverage_gap_audit.md,2,3,yes,yes,,company_or_product,conservative domain/path heuristic; not a claim-quality decision,likely first-party/company domain (heuristic),no,
https://www.dustyrobotics.com/,https://dustyrobotics.com/,dustyrobotics.com,research/coverage_gap_additions.csv|research/coverage_gap_audit.md,2,3,yes,yes,,company_or_product,conservative domain/path heuristic; not a claim-quality decision,likely first-party/company domain (heuristic),no,
https://www.dustyrobotics.com/customer-stories/skanska-case-study,https://dustyrobotics.com/customer-stories/skanska-case-study,dustyrobotics.com,research/coverage_gap_additions.csv,1,1,yes,yes,,company_or_product,conservative domain/path heuristic; not a claim-quality decision,likely first-party/company domain (heuristic),no,
https://www.dustyrobotics.com/customers,https://dustyrobotics.com/customers,dustyrobotics.com,research/coverage_gap_additions.csv,1,1,yes,yes,,company_or_product,conservative domain/path heuristic; not a claim-quality decision,likely first-party/company domain (heuristic),no,
https://www.dynasty.com,https://dynasty.com/,dynasty.com,research/built_environment_ecosystem_discovery_index.csv,1,1,yes,yes,,company_or_product,conservative domain/path heuristic; not a claim-quality decision,likely first-party/company domain (heuristic),no,
https://www.ecolibriumenergy.com,https://ecolibriumenergy.com/,ecolibriumenergy.com,research/built_environment_ecosystem_discovery_index.csv,1,1,yes,yes,,company_or_product,conservative domain/path heuristic; not a claim-quality decision,likely first-party/company domain (heuristic),no,
https://www.ecoworks.tech/,https://ecoworks.tech/,ecoworks.tech,research/built_environment_ecosystem_discovery_index.csv,1,1,yes,yes,,company_or_product,conservative domain/path heuristic; not a claim-quality decision,likely first-party/company domain (heuristic),no,
https://www.edb.gov.sg/en/business-insights/market-and-industry-reports/destination-southeast-asia-report-2024.html,https://edb.gov.sg/en/business-insights/market-and-industry-reports/destination-southeast-asia-report-2024.html,edb.gov.sg,research/regional_proptech_landscape.md,1,1,yes,yes,,government_or_regulator,conservative domain/path heuristic; not a claim-quality decision,likely authoritative/official (heuristic),no,
https://www.eib.org/files/publications/20250379-030326-investment-report-2025-en.pdf,https://eib.org/files/publications/20250379-030326-investment-report-2025-en.pdf,eib.org,JCX_Global_PropTech_Intelligence_Atlas_2026-08-30.md|research/market_trends_and_failure_lessons.md,2,3,yes,yes,,research_or_industry,conservative domain/path heuristic; not a claim-quality decision,research/industry context; authority varies,no,
https://www.electrotempo.com/,https://electrotempo.com/,electrotempo.com,research/built_environment_ecosystem_discovery_index.csv,1,1,yes,yes,,company_or_product,conservative domain/path heuristic; not a claim-quality decision,likely first-party/company domain (heuristic),no,
https://www.eliseai.com/,https://eliseai.com/,eliseai.com,research/built_environment_ecosystem_discovery_index.csv,1,1,yes,yes,,company_or_product,conservative domain/path heuristic; not a claim-quality decision,likely first-party/company domain (heuristic),no,
https://www.energystar.gov/about/digital-realty-trust,https://energystar.gov/about/digital-realty-trust,energystar.gov,JCX_Meeting_Dossier_2026-08-29.md,1,1,yes,yes,,government_or_regulator,conservative domain/path heuristic; not a claim-quality decision,likely authoritative/official (heuristic),no,
https://www.enertiv.com,https://enertiv.com/,enertiv.com,research/built_environment_ecosystem_discovery_index.csv,1,1,yes,yes,,company_or_product,conservative domain/path heuristic; not a claim-quality decision,likely first-party/company domain (heuristic),no,
https://www.engrain.com,https://engrain.com/,engrain.com,research/built_environment_ecosystem_discovery_index.csv,1,1,yes,yes,,company_or_product,conservative domain/path heuristic; not a claim-quality decision,likely first-party/company domain (heuristic),no,
https://www.entrata.com/,https://entrata.com/,entrata.com,research/global_real_estate_pioneers_agent.csv|research/proptech_startup_universe.md|research/proptech_startups_agent.csv,3,5,yes,yes,,company_or_product,conservative domain/path heuristic; not a claim-quality decision,likely first-party/company domain (heuristic),no,
https://www.envoythere.com/,https://envoythere.com/,envoythere.com,research/built_environment_ecosystem_discovery_index.csv,1,1,yes,yes,,company_or_product,conservative domain/path heuristic; not a claim-quality decision,likely first-party/company domain (heuristic),no,
https://www.equinix.com/,https://equinix.com/,equinix.com,research/operator_coverage_additions.csv,1,1,yes,yes,,company_or_product,conservative domain/path heuristic; not a claim-quality decision,likely first-party/company domain (heuristic),no,
https://www.equipmentshare.com/,https://equipmentshare.com/,equipmentshare.com,research/global_real_estate_pioneers_agent.csv,1,1,yes,yes,,company_or_product,conservative domain/path heuristic; not a claim-quality decision,likely first-party/company domain (heuristic),no,
https://www.equityapartments.com/,https://equityapartments.com/,equityapartments.com,research/global_real_estate_pioneers_agent.csv,1,2,yes,yes,,company_or_product,conservative domain/path heuristic; not a claim-quality decision,likely first-party/company domain (heuristic),no,
https://www.ergeon.com/,https://ergeon.com/,ergeon.com,research/built_environment_ecosystem_discovery_index.csv,1,1,yes,yes,,company_or_product,conservative domain/path heuristic; not a claim-quality decision,likely first-party/company domain (heuristic),no,
https://www.esr.com/,https://esr.com/,esr.com,research/operator_coverage_additions.csv,1,1,yes,yes,,company_or_product,conservative domain/path heuristic; not a claim-quality decision,likely first-party/company domain (heuristic),no,
https://www.esr.com/investor-relations/,https://esr.com/investor-relations,esr.com,research/operator_coverage_additions.csv|research/operator_coverage_final_audit.md,2,2,yes,yes,,company_or_product,conservative domain/path heuristic; not a claim-quality decision,likely first-party/company domain (heuristic),no,
https://www.esr.com/news/esr-completes-privatisation-strengthens-leadership-team/,https://esr.com/news/esr-completes-privatisation-strengthens-leadership-team,esr.com,research/operator_coverage_additions.csv|research/operator_coverage_final_audit.md,2,2,yes,yes,,company_or_product,conservative domain/path heuristic; not a claim-quality decision,likely first-party/company domain (heuristic),no,
https://www.esr.com/news/esr-group-reports-fy2024-results-demonstrates-business-resilience-as-its-clear-core-focus-on-logistics-real-estate-data-centres-and-infrastructure-drives-next-phase-of-growth/,https://esr.com/news/esr-group-reports-fy2024-results-demonstrates-business-resilience-as-its-clear-core-focus-on-logistics-real-estate-data-centres-and-infrastructure-drives-next-phase-of-growth,esr.com,research/operator_coverage_additions.csv|research/operator_coverage_final_audit.md,2,2,yes,yes,,company_or_product,conservative domain/path heuristic; not a claim-quality decision,likely first-party/company domain (heuristic),no,
https://www.estate.unova.bd/,https://estate.unova.bd/,estate.unova.bd,JCX_Global_PropTech_Intelligence_Atlas_2026-08-30.md|JCX_Second_Pass_Strategy_PropTech_Startups_2026-08-29.md|research/regional_companies_agent.csv|research/regional_proptech_landscape.md,4,5,yes,yes,,company_or_product,conservative domain/path heuristic; not a claim-quality decision,likely first-party/company domain (heuristic),no,
https://www.estate.unova.bd/solutions/erp-for-real-estate-developers,https://estate.unova.bd/solutions/erp-for-real-estate-developers,estate.unova.bd,research/regional_companies_agent.csv|research/regional_proptech_landscape.md,2,2,yes,yes,,company_or_product,conservative domain/path heuristic; not a claim-quality decision,likely first-party/company domain (heuristic),no,
https://www.everbody.com/,https://everbody.com/,everbody.com,research/built_environment_ecosystem_discovery_index.csv,1,1,yes,yes,,company_or_product,conservative domain/path heuristic; not a claim-quality decision,likely first-party/company domain (heuristic),no,
https://www.everlance.com/,https://everlance.com/,everlance.com,research/built_environment_ecosystem_discovery_index.csv,1,1,yes,yes,,company_or_product,conservative domain/path heuristic; not a claim-quality decision,likely first-party/company domain (heuristic),no,
https://www.expediagroup.com/,https://expediagroup.com/,expediagroup.com,research/built_environment_ecosystem_discovery_index.csv,1,1,yes,yes,,company_or_product,conservative domain/path heuristic; not a claim-quality decision,likely first-party/company domain (heuristic),no,
https://www.faura.us/,https://faura.us/,faura.us,research/built_environment_ecosystem_discovery_index.csv,1,1,yes,yes,,company_or_product,conservative domain/path heuristic; not a claim-quality decision,likely first-party/company domain (heuristic),no,
https://www.fbr.com.au/,https://fbr.com.au/,fbr.com.au,research/coverage_gap_additions.csv|research/coverage_gap_audit.md,2,3,yes,yes,,company_or_product,conservative domain/path heuristic; not a claim-quality decision,likely first-party/company domain (heuristic),no,
https://www.fbr.com.au/view/hadrian,https://fbr.com.au/view/hadrian,fbr.com.au,research/coverage_gap_additions.csv,1,1,yes,yes,,company_or_product,conservative domain/path heuristic; not a claim-quality decision,likely first-party/company domain (heuristic),no,
https://www.fieldmaterials.com/,https://fieldmaterials.com/,fieldmaterials.com,research/startup_core_additions.csv|research/startup_coverage_additions.csv,2,2,yes,yes,,company_or_product,conservative domain/path heuristic; not a claim-quality decision,likely first-party/company domain (heuristic),no,
https://www.fieldmaterials.com/about,https://fieldmaterials.com/about,fieldmaterials.com,research/startup_core_additions.csv|research/startup_coverage_additions.csv,2,2,yes,yes,,company_or_product,conservative domain/path heuristic; not a claim-quality decision,likely first-party/company domain (heuristic),no,
https://www.fieldwire.com/,https://fieldwire.com/,fieldwire.com,research/proptech_startups_agent.csv,1,2,yes,yes,,company_or_product,conservative domain/path heuristic; not a claim-quality decision,likely first-party/company domain (heuristic),no,
https://www.fieldwire.com/ie/plangrid-switch-guarantee/,https://fieldwire.com/ie/plangrid-switch-guarantee,fieldwire.com,research/proptech_startup_universe.md,1,1,yes,yes,,company_or_product,conservative domain/path heuristic; not a claim-quality decision,likely first-party/company domain (heuristic),no,
https://www.fifthwall.com/,https://fifthwall.com/,fifthwall.com,research/proptech_startup_universe.md,1,1,yes,yes,,ecosystem_or_investor,conservative domain/path heuristic; not a claim-quality decision,official membership source or investor domain (heuristic),no,
https://www.fifthwall.com/portfolio,https://fifthwall.com/portfolio,fifthwall.com,JCX_Global_PropTech_Intelligence_Atlas_2026-08-30.md|research/build_ecosystem_discovery_index.py|research/built_environment_ecosystem_discovery_index.csv|research/built_environment_ecosystem_discovery_index.md|research/coverage_gap_audit.md|research/proptech_startup_universe.md|research/proptech_startups_agent.csv,7,39,yes,yes,,ecosystem_or_investor,conservative domain/path heuristic; not a claim-quality decision,official membership source or investor domain (heuristic),no,
https://www.fifthwall.com/portfolio?2bddaefa_page=2,https://fifthwall.com/portfolio?2bddaefa_page=2,fifthwall.com,research/built_environment_ecosystem_discovery_index.csv,1,16,yes,yes,,ecosystem_or_investor,conservative domain/path heuristic; not a claim-quality decision,official membership source or investor domain (heuristic),no,
https://www.fifthwall.com/portfolio?2bddaefa_page=3,https://fifthwall.com/portfolio?2bddaefa_page=3,fifthwall.com,research/built_environment_ecosystem_discovery_index.csv,1,16,yes,yes,,ecosystem_or_investor,conservative domain/path heuristic; not a claim-quality decision,official membership source or investor domain (heuristic),no,
https://www.fifthwall.com/portfolio?2bddaefa_page=4,https://fifthwall.com/portfolio?2bddaefa_page=4,fifthwall.com,research/built_environment_ecosystem_discovery_index.csv,1,1,yes,yes,,ecosystem_or_investor,conservative domain/path heuristic; not a claim-quality decision,official membership source or investor domain (heuristic),no,
https://www.firmus.ai/,https://firmus.ai/,firmus.ai,research/built_environment_ecosystem_discovery_index.csv,1,1,yes,yes,,company_or_product,conservative domain/path heuristic; not a claim-quality decision,likely first-party/company domain (heuristic),no,
https://www.fitwel.org,https://fitwel.org/,fitwel.org,research/built_environment_ecosystem_discovery_index.csv,1,1,yes,yes,,research_or_industry,conservative domain/path heuristic; not a claim-quality decision,research/industry context; authority varies,no,
https://www.fluidlytix.com/,https://fluidlytix.com/,fluidlytix.com,research/built_environment_ecosystem_discovery_index.csv,1,1,yes,yes,,company_or_product,conservative domain/path heuristic; not a claim-quality decision,likely first-party/company domain (heuristic),no,
https://www.fohlio.com/,https://fohlio.com/,fohlio.com,research/built_environment_ecosystem_discovery_index.csv,1,1,yes,yes,,company_or_product,conservative domain/path heuristic; not a claim-quality decision,likely first-party/company domain (heuristic),no,
https://www.foundamental.com/portfolio,https://foundamental.com/portfolio,foundamental.com,research/final_coverage_assurance.md|research/final_residual_additions.csv|research/startup_core_additions.csv|research/startup_coverage_additions.csv|research/startup_coverage_final_audit.md,5,5,yes,yes,,company_or_product,conservative domain/path heuristic; not a claim-quality decision,likely first-party/company domain (heuristic),no,
https://www.frasersproperty.com/,https://frasersproperty.com/,frasersproperty.com,research/global_real_estate_pioneers_agent.csv,1,2,yes,yes,,company_or_product,conservative domain/path heuristic; not a claim-quality decision,likely first-party/company domain (heuristic),no,
https://www.freedaai.com/,https://freedaai.com/,freedaai.com,research/built_environment_ecosystem_discovery_index.csv,1,1,yes,yes,,company_or_product,conservative domain/path heuristic; not a claim-quality decision,likely first-party/company domain (heuristic),no,
https://www.freemodel.com/,https://freemodel.com/,freemodel.com,research/built_environment_ecosystem_discovery_index.csv,1,1,yes,yes,,company_or_product,conservative domain/path heuristic; not a claim-quality decision,likely first-party/company domain (heuristic),no,
https://www.funnelleasing.com/,https://funnelleasing.com/,funnelleasing.com,research/startup_coverage_additions.csv,1,1,yes,yes,,company_or_product,conservative domain/path heuristic; not a claim-quality decision,likely first-party/company domain (heuristic),no,
https://www.furnishr.com,https://furnishr.com/,furnishr.com,research/built_environment_ecosystem_discovery_index.csv,1,1,yes,yes,,company_or_product,conservative domain/path heuristic; not a claim-quality decision,likely first-party/company domain (heuristic),no,
https://www.ga-tech.co.jp/en/,https://ga-tech.co.jp/en,ga-tech.co.jp,research/regional_companies_agent.csv,1,1,yes,yes,,company_or_product,conservative domain/path heuristic; not a claim-quality decision,likely first-party/company domain (heuristic),no,
https://www.ga-tech.co.jp/en/company/history/,https://ga-tech.co.jp/en/company/history,ga-tech.co.jp,research/regional_companies_agent.csv|research/regional_proptech_landscape.md,2,2,yes,yes,,company_or_product,conservative domain/path heuristic; not a claim-quality decision,likely first-party/company domain (heuristic),no,
https://www.ga-tech.co.jp/en/company/history/)**,https://ga-tech.co.jp/en/company/history/)**,ga-tech.co.jp,JCX_Global_PropTech_Intelligence_Atlas_2026-08-30.md,1,1,yes,yes,,company_or_product,conservative domain/path heuristic; not a claim-quality decision,likely first-party/company domain (heuristic),no,
https://www.ga-tech.co.jp/ir/,https://ga-tech.co.jp/ir,ga-tech.co.jp,research/regional_proptech_landscape.md,1,1,yes,yes,,company_or_product,conservative domain/path heuristic; not a claim-quality decision,likely first-party/company domain (heuristic),no,
https://www.genia.design/,https://genia.design/,genia.design,research/built_environment_ecosystem_discovery_index.csv,1,1,yes,yes,,company_or_product,conservative domain/path heuristic; not a claim-quality decision,likely first-party/company domain (heuristic),no,
https://www.geolava.com/,https://geolava.com/,geolava.com,research/built_environment_ecosystem_discovery_index.csv,1,1,yes,yes,,company_or_product,conservative domain/path heuristic; not a claim-quality decision,likely first-party/company domain (heuristic),no,
https://www.get100.com/,https://get100.com/,get100.com,research/built_environment_ecosystem_discovery_index.csv,1,1,yes,yes,,company_or_product,conservative domain/path heuristic; not a claim-quality decision,likely first-party/company domain (heuristic),no,
https://www.getcedar.com/ca-en,https://getcedar.com/ca-en,getcedar.com,research/built_environment_ecosystem_discovery_index.csv,1,1,yes,yes,,company_or_product,conservative domain/path heuristic; not a claim-quality decision,likely first-party/company domain (heuristic),no,
https://www.getcovered.io,https://getcovered.io/,getcovered.io,research/built_environment_ecosystem_discovery_index.csv,1,1,yes,yes,,company_or_product,conservative domain/path heuristic; not a claim-quality decision,likely first-party/company domain (heuristic),no,
https://www.geteeva.com/,https://geteeva.com/,geteeva.com,research/built_environment_ecosystem_discovery_index.csv,1,1,yes,yes,,company_or_product,conservative domain/path heuristic; not a claim-quality decision,likely first-party/company domain (heuristic),no,
https://www.getladder.ai/,https://getladder.ai/,getladder.ai,research/built_environment_ecosystem_discovery_index.csv,1,1,yes,yes,,company_or_product,conservative domain/path heuristic; not a claim-quality decision,likely first-party/company domain (heuristic),no,
https://www.getplexai.com/,https://getplexai.com/,getplexai.com,research/built_environment_ecosystem_discovery_index.csv,1,1,yes,yes,,company_or_product,conservative domain/path heuristic; not a claim-quality decision,likely first-party/company domain (heuristic),no,
https://www.getrentcheck.com/,https://getrentcheck.com/,getrentcheck.com,research/built_environment_ecosystem_discovery_index.csv,1,1,yes,yes,,company_or_product,conservative domain/path heuristic; not a claim-quality decision,likely first-party/company domain (heuristic),no,
https://www.gic.com.sg/,https://gic.com.sg/,gic.com.sg,research/global_real_estate_pioneers_agent.csv,1,2,yes,yes,,company_or_product,conservative domain/path heuristic; not a claim-quality decision,likely first-party/company domain (heuristic),no,
https://www.globenewswire.com/news-release/2025/02/10/3023492/0/en/BRKZ-closes-17M-Series-A-to-transform-construction-procurement-as-Saudi-Arabia-s-3T-project-pipeline-accelerates.html,https://globenewswire.com/news-release/2025/02/10/3023492/0/en/BRKZ-closes-17M-Series-A-to-transform-construction-procurement-as-Saudi-Arabia-s-3T-project-pipeline-accelerates.html,globenewswire.com,research/regional_companies_agent.csv|research/regional_proptech_landscape.md,2,2,yes,yes,,company_or_product,conservative domain/path heuristic; not a claim-quality decision,likely first-party/company domain (heuristic),no,
https://www.goauntflow.com/,https://goauntflow.com/,goauntflow.com,research/built_environment_ecosystem_discovery_index.csv,1,1,yes,yes,,company_or_product,conservative domain/path heuristic; not a claim-quality decision,likely first-party/company domain (heuristic),no,
https://www.godrejindustries.com/public/uploads/subsidiaries_accounts/gpl-integrated-report-2024-25-jWKrCcH3RaISAacZufU.pdf,https://godrejindustries.com/public/uploads/subsidiaries_accounts/gpl-integrated-report-2024-25-jWKrCcH3RaISAacZufU.pdf,godrejindustries.com,research/global_real_estate_pioneers.md|research/global_real_estate_pioneers_agent.csv,2,2,yes,yes,,company_or_product,conservative domain/path heuristic; not a claim-quality decision,likely first-party/company domain (heuristic),no,
https://www.godrejproperties.com/,https://godrejproperties.com/,godrejproperties.com,research/global_real_estate_pioneers_agent.csv,1,1,yes,yes,,company_or_product,conservative domain/path heuristic; not a claim-quality decision,likely first-party/company domain (heuristic),no,
https://www.godrejproperties.com/investor-relations/annual-reports,https://godrejproperties.com/investor-relations/annual-reports,godrejproperties.com,JCX_Global_PropTech_Intelligence_Atlas_2026-08-30.md,1,1,yes,yes,,company_or_product,conservative domain/path heuristic; not a claim-quality decision,likely first-party/company domain (heuristic),no,
https://www.godrejproperties.com/investors/investor-information,https://godrejproperties.com/investors/investor-information,godrejproperties.com,research/global_real_estate_pioneers.md|research/global_real_estate_pioneers_agent.csv,2,2,yes,yes,,company_or_product,conservative domain/path heuristic; not a claim-quality decision,likely first-party/company domain (heuristic),no,
https://www.goodman.com/,https://goodman.com/,goodman.com,research/global_real_estate_pioneers_agent.csv,1,2,yes,yes,,company_or_product,conservative domain/path heuristic; not a claim-quality decision,likely first-party/company domain (heuristic),no,
https://www.gotrestle.com/,https://gotrestle.com/,gotrestle.com,research/built_environment_ecosystem_discovery_index.csv,1,1,yes,yes,,company_or_product,conservative domain/path heuristic; not a claim-quality decision,likely first-party/company domain (heuristic),no,
https://www.gradiant.com/wp-content/uploads/2024/10/Destination-Southeast-Asia-2024_Founders-Forum-Group_EDBI.pdf,https://gradiant.com/wp-content/uploads/2024/10/Destination-Southeast-Asia-2024_Founders-Forum-Group_EDBI.pdf,gradiant.com,research/regional_proptech_landscape.md,1,1,yes,yes,,company_or_product,conservative domain/path heuristic; not a claim-quality decision,likely first-party/company domain (heuristic),no,
https://www.gravisrobotics.com/,https://gravisrobotics.com/,gravisrobotics.com,research/startup_core_additions.csv|research/startup_coverage_additions.csv,2,4,yes,yes,,company_or_product,conservative domain/path heuristic; not a claim-quality decision,likely first-party/company domain (heuristic),no,
https://www.gresb.com/insights/2026-gresb-real-estate-standard-updates/,https://gresb.com/insights/2026-gresb-real-estate-standard-updates,gresb.com,research/standards_interoperability_governance.md,1,1,yes,yes,,company_or_product,conservative domain/path heuristic; not a claim-quality decision,likely first-party/company domain (heuristic),no,
https://www.gresb.com/real-estate-assessment/,https://gresb.com/real-estate-assessment,gresb.com,research/standards_interoperability_governance.md|research/standards_registry.csv,2,3,yes,yes,,company_or_product,conservative domain/path heuristic; not a claim-quality decision,likely first-party/company domain (heuristic),no,
https://www.greystar.com/,https://greystar.com/,greystar.com,research/global_real_estate_pioneers_agent.csv,1,2,yes,yes,,company_or_product,conservative domain/path heuristic; not a claim-quality decision,likely first-party/company domain (heuristic),no,
https://www.gscan.eu/,https://gscan.eu/,gscan.eu,research/startup_coverage_additions.csv,1,2,yes,yes,,company_or_product,conservative domain/path heuristic; not a claim-quality decision,likely first-party/company domain (heuristic),no,
https://www.h2corporation.co.jp/,https://h2corporation.co.jp/,h2corporation.co.jp,research/built_environment_ecosystem_discovery_index.csv,1,1,yes,yes,,company_or_product,conservative domain/path heuristic; not a claim-quality decision,likely first-party/company domain (heuristic),no,
https://www.handdii.com/,https://handdii.com/,handdii.com,research/built_environment_ecosystem_discovery_index.csv,1,1,yes,yes,,company_or_product,conservative domain/path heuristic; not a claim-quality decision,likely first-party/company domain (heuristic),no,
https://www.handoff.ai/,https://handoff.ai/,handoff.ai,research/built_environment_ecosystem_discovery_index.csv,1,1,yes,yes,,company_or_product,conservative domain/path heuristic; not a claim-quality decision,likely first-party/company domain (heuristic),no,
https://www.healthyhomeschecklist.co.uk/,https://healthyhomeschecklist.co.uk/,healthyhomeschecklist.co.uk,research/built_environment_ecosystem_discovery_index.csv,1,1,yes,yes,,company_or_product,conservative domain/path heuristic; not a claim-quality decision,likely first-party/company domain (heuristic),no,
https://www.helloalfred.com/,https://helloalfred.com/,helloalfred.com,research/built_environment_ecosystem_discovery_index.csv,1,1,yes,yes,,company_or_product,conservative domain/path heuristic; not a claim-quality decision,likely first-party/company domain (heuristic),no,
https://www.hellosuper.com/,https://hellosuper.com/,hellosuper.com,research/built_environment_ecosystem_discovery_index.csv,1,1,yes,yes,,company_or_product,conservative domain/path heuristic; not a claim-quality decision,likely first-party/company domain (heuristic),no,
https://www.hellotech.com/,https://hellotech.com/,hellotech.com,research/built_environment_ecosystem_discovery_index.csv,1,1,yes,yes,,company_or_product,conservative domain/path heuristic; not a claim-quality decision,likely first-party/company domain (heuristic),no,
https://www.higharc.com/,https://higharc.com/,higharc.com,research/built_environment_ecosystem_discovery_index.csv,1,1,yes,yes,,company_or_product,conservative domain/path heuristic; not a claim-quality decision,likely first-party/company domain (heuristic),no,
https://www.hilton.com/,https://hilton.com/,hilton.com,research/operator_coverage_additions.csv,1,1,yes,yes,,company_or_product,conservative domain/path heuristic; not a claim-quality decision,likely first-party/company domain (heuristic),no,
https://www.hines.com/,https://hines.com/,hines.com,research/global_real_estate_pioneers_agent.csv,1,1,yes,yes,,company_or_product,conservative domain/path heuristic; not a claim-quality decision,likely first-party/company domain (heuristic),no,
https://www.hines.com/2024-sustainability-report-full-report,https://hines.com/2024-sustainability-report-full-report,hines.com,research/global_real_estate_pioneers.md|research/global_real_estate_pioneers_agent.csv,2,2,yes,yes,,company_or_product,conservative domain/path heuristic; not a claim-quality decision,likely first-party/company domain (heuristic),no,
https://www.hines.com/globalventures,https://hines.com/globalventures,hines.com,JCX_Global_PropTech_Intelligence_Atlas_2026-08-30.md|JCX_Meeting_Dossier_2026-08-29.md|JCX_Second_Pass_Strategy_PropTech_Startups_2026-08-29.md|research/global_real_estate_pioneers.md|research/global_real_estate_pioneers_agent.csv,5,5,yes,yes,,company_or_product,conservative domain/path heuristic; not a claim-quality decision,likely first-party/company domain (heuristic),no,
https://www.hines.com/news/hines-invests-in-digital-ecosystem-to-enhance-workplace-experience-connectivity,https://hines.com/news/hines-invests-in-digital-ecosystem-to-enhance-workplace-experience-connectivity,hines.com,JCX_Meeting_Dossier_2026-08-29.md,1,1,yes,yes,,company_or_product,conservative domain/path heuristic; not a claim-quality decision,likely first-party/company domain (heuristic),no,
https://www.hippo.com/,https://hippo.com/,hippo.com,research/built_environment_ecosystem_discovery_index.csv|research/proptech_startup_universe.md|research/proptech_startups_agent.csv,3,4,yes,yes,,company_or_product,conservative domain/path heuristic; not a claim-quality decision,likely first-party/company domain (heuristic),no,
https://www.hkland.com/,https://hkland.com/,hkland.com,research/global_real_estate_pioneers_agent.csv,1,2,yes,yes,,company_or_product,conservative domain/path heuristic; not a claim-quality decision,likely first-party/company domain (heuristic),no,
https://www.holcim.com/innovation/holcim-maqer-ventures,https://holcim.com/innovation/holcim-maqer-ventures,holcim.com,research/final_coverage_assurance.md|research/startup_coverage_final_audit.md,2,2,yes,yes,,company_or_product,conservative domain/path heuristic; not a claim-quality decision,likely first-party/company domain (heuristic),no,
https://www.hologrammedia.net/,https://hologrammedia.net/,hologrammedia.net,research/built_environment_ecosystem_discovery_index.csv,1,2,yes,yes,,company_or_product,conservative domain/path heuristic; not a claim-quality decision,likely first-party/company domain (heuristic),no,
https://www.homebound.com/,https://homebound.com/,homebound.com,research/built_environment_ecosystem_discovery_index.csv,1,1,yes,yes,,company_or_product,conservative domain/path heuristic; not a claim-quality decision,likely first-party/company domain (heuristic),no,
https://www.homelight.com/,https://homelight.com/,homelight.com,research/built_environment_ecosystem_discovery_index.csv,1,1,yes,yes,,company_or_product,conservative domain/path heuristic; not a claim-quality decision,likely first-party/company domain (heuristic),no,
https://www.homelister.com/,https://homelister.com/,homelister.com,research/built_environment_ecosystem_discovery_index.csv,1,1,yes,yes,,company_or_product,conservative domain/path heuristic; not a claim-quality decision,likely first-party/company domain (heuristic),no,
https://www.homepay.co.il/index-en.html,https://homepay.co.il/index-en.html,homepay.co.il,research/built_environment_ecosystem_discovery_index.csv,1,1,yes,yes,,company_or_product,conservative domain/path heuristic; not a claim-quality decision,likely first-party/company domain (heuristic),no,
https://www.homes.com/,https://homes.com/,homes.com,research/built_environment_ecosystem_discovery_index.csv,1,1,yes,yes,,company_or_product,conservative domain/path heuristic; not a claim-quality decision,likely first-party/company domain (heuristic),no,
https://www.homexservices.com/,https://homexservices.com/,homexservices.com,research/built_environment_ecosystem_discovery_index.csv,1,1,yes,yes,,company_or_product,conservative domain/path heuristic; not a claim-quality decision,likely first-party/company domain (heuristic),no,
https://www.honeywell.com/us/en/honeywell-forge,https://honeywell.com/us/en/honeywell-forge,honeywell.com,research/enterprise_platform_additions.csv|research/enterprise_platform_coverage_audit.md,2,3,yes,yes,,company_or_product,conservative domain/path heuristic; not a claim-quality decision,likely first-party/company domain (heuristic),no,
https://www.houseaccount.com/,https://houseaccount.com/,houseaccount.com,research/built_environment_ecosystem_discovery_index.csv,1,1,yes,yes,,company_or_product,conservative domain/path heuristic; not a claim-quality decision,likely first-party/company domain (heuristic),no,
https://www.housecanary.com/,https://housecanary.com/,housecanary.com,research/proptech_startup_universe.md|research/proptech_startups_agent.csv,2,3,yes,yes,,company_or_product,conservative domain/path heuristic; not a claim-quality decision,likely first-party/company domain (heuristic),no,
https://www.hqo.com,https://hqo.com/,hqo.com,research/built_environment_ecosystem_discovery_index.csv,1,1,yes,yes,,company_or_product,conservative domain/path heuristic; not a claim-quality decision,likely first-party/company domain (heuristic),no,
https://www.hqo.com/,https://hqo.com/,hqo.com,research/built_environment_ecosystem_discovery_index.csv,1,1,yes,yes,,company_or_product,conservative domain/path heuristic; not a claim-quality decision,likely first-party/company domain (heuristic),no,
https://www.hubspot.com/case-studies/re/max-romania-increased-leads-by-114-with-hubspot,https://hubspot.com/case-studies/re/max-romania-increased-leads-by-114-with-hubspot,hubspot.com,research/quantified_outcome_case_library.csv,1,1,yes,yes,,company_or_product,conservative domain/path heuristic; not a claim-quality decision,likely first-party/company domain (heuristic),no,
https://www.huspy.com/ae/blog/record-aed-1-billion-in-mortgages-processed-november-2023,https://huspy.com/ae/blog/record-aed-1-billion-in-mortgages-processed-november-2023,huspy.com,research/regional_proptech_landscape.md,1,1,yes,yes,,company_or_product,conservative domain/path heuristic; not a claim-quality decision,likely first-party/company domain (heuristic),no,
https://www.i-bhd.com/about/,https://i-bhd.com/about,i-bhd.com,research/global_real_estate_pioneers_agent.csv,1,2,yes,yes,,company_or_product,conservative domain/path heuristic; not a claim-quality decision,likely first-party/company domain (heuristic),no,
https://www.iconbuild.com/,https://iconbuild.com/,iconbuild.com,research/built_environment_ecosystem_discovery_index.csv,1,1,yes,yes,,company_or_product,conservative domain/path heuristic; not a claim-quality decision,likely first-party/company domain (heuristic),no,
https://www.iconbuild.com/newsroom/icon-announces-first-commercial-rollout-of-its-3d-printing-construction-technology-for-builders,https://iconbuild.com/newsroom/icon-announces-first-commercial-rollout-of-its-3d-printing-construction-technology-for-builders,iconbuild.com,research/coverage_gap_additions.csv,1,1,yes,yes,,company_or_product,conservative domain/path heuristic; not a claim-quality decision,likely first-party/company domain (heuristic),no,
https://www.iconbuild.com/technology,https://iconbuild.com/technology,iconbuild.com,research/coverage_gap_additions.csv|research/coverage_gap_audit.md,2,3,yes,yes,,company_or_product,conservative domain/path heuristic; not a claim-quality decision,likely first-party/company domain (heuristic),no,
https://www.industriousoffice.com/,https://industriousoffice.com/,industriousoffice.com,research/built_environment_ecosystem_discovery_index.csv,1,1,yes,yes,,company_or_product,conservative domain/path heuristic; not a claim-quality decision,likely first-party/company domain (heuristic),no,
https://www.industry.gov.au/sites/default/files/2025-08/senate-order-13-2024-25-financial-year.pdf,https://industry.gov.au/sites/default/files/2025-08/senate-order-13-2024-25-financial-year.pdf,industry.gov.au,research/regional_proptech_landscape.md,1,1,yes,yes,,government_or_regulator,conservative domain/path heuristic; not a claim-quality decision,likely authoritative/official (heuristic),no,
https://www.insidemaps.com,https://insidemaps.com/,insidemaps.com,research/built_environment_ecosystem_discovery_index.csv,1,1,yes,yes,,company_or_product,conservative domain/path heuristic; not a claim-quality decision,likely first-party/company domain (heuristic),no,
https://www.invitationhomes.com/,https://invitationhomes.com/,invitationhomes.com,research/global_real_estate_pioneers_agent.csv,1,2,yes,yes,,company_or_product,conservative domain/path heuristic; not a claim-quality decision,likely first-party/company domain (heuristic),no,
https://www.ironledger.ai/,https://ironledger.ai/,ironledger.ai,research/yc_real_estate_construction_directory_2026-08-30.csv|research/yc_real_estate_construction_directory_2026-08-30.md,2,2,yes,yes,,company_or_product,conservative domain/path heuristic; not a claim-quality decision,likely first-party/company domain (heuristic),no,
https://www.isa.org/standards-and-publications/isa-standards/isa-62443-series-of-standards,https://isa.org/standards-and-publications/isa-standards/isa-62443-series-of-standards,isa.org,research/standards_interoperability_governance.md|research/standards_registry.csv,2,2,yes,yes,,research_or_industry,conservative domain/path heuristic; not a claim-quality decision,research/industry context; authority varies,no,
https://www.iso.org/ics/35.020/x/,https://iso.org/ics/35.020/x,iso.org,research/standards_interoperability_governance.md,1,1,yes,yes,,research_or_industry,conservative domain/path heuristic; not a claim-quality decision,research/industry context; authority varies,no,
https://www.iso.org/management-system-standards-list.html,https://iso.org/management-system-standards-list.html,iso.org,research/standards_interoperability_governance.md,1,1,yes,yes,,research_or_industry,conservative domain/path heuristic; not a claim-quality decision,research/industry context; authority varies,no,
https://www.iso.org/obp/ui?_escaped_fragment_=iso%3Astd%3Aiso%3A19650%3A-1%3Adis%3Aed-2%3Av1%3Aen,https://iso.org/obp/ui?_escaped_fragment_=iso%3Astd%3Aiso%3A19650%3A-1%3Adis%3Aed-2%3Av1%3Aen,iso.org,research/standards_interoperability_governance.md,1,1,yes,yes,,research_or_industry,conservative domain/path heuristic; not a claim-quality decision,research/industry context; authority varies,no,
https://www.iso.org/sectors/building-construction/building-information-modelling,https://iso.org/sectors/building-construction/building-information-modelling,iso.org,JCX_Global_PropTech_Intelligence_Atlas_2026-08-30.md|research/standards_interoperability_governance.md|research/standards_registry.csv,3,4,yes,yes,,research_or_industry,conservative domain/path heuristic; not a claim-quality decision,research/industry context; authority varies,no,
https://www.iso.org/standard/27001.html,https://iso.org/standard/27001.html,iso.org,JCX_Global_PropTech_Intelligence_Atlas_2026-08-30.md|research/standards_interoperability_governance.md|research/standards_registry.csv,3,4,yes,yes,,research_or_industry,conservative domain/path heuristic; not a claim-quality decision,research/industry context; authority varies,no,
https://www.iso.org/standard/42001,https://iso.org/standard/42001,iso.org,JCX_Global_PropTech_Intelligence_Atlas_2026-08-30.md|research/standards_interoperability_governance.md|research/standards_registry.csv,3,4,yes,yes,,research_or_industry,conservative domain/path heuristic; not a claim-quality decision,research/industry context; authority varies,no,
https://www.iso.org/standard/72840.html,https://iso.org/standard/72840.html,iso.org,research/standards_registry.csv,1,1,yes,yes,,research_or_industry,conservative domain/path heuristic; not a claim-quality decision,research/industry context; authority varies,no,
https://www.iso.org/standard/74206.html,https://iso.org/standard/74206.html,iso.org,research/standards_interoperability_governance.md|research/standards_registry.csv,2,3,yes,yes,,research_or_industry,conservative domain/path heuristic; not a claim-quality decision,research/industry context; authority varies,no,
https://www.iso.org/standard/75401.html,https://iso.org/standard/75401.html,iso.org,research/standards_interoperability_governance.md|research/standards_registry.csv,2,3,yes,yes,,research_or_industry,conservative domain/path heuristic; not a claim-quality decision,research/industry context; authority varies,no,
https://www.iso.org/standard/83053.html,https://iso.org/standard/83053.html,iso.org,JCX_Meeting_Dossier_2026-08-29.md,1,1,yes,yes,,research_or_industry,conservative domain/path heuristic; not a claim-quality decision,research/industry context; authority varies,no,
https://www.iso.org/standard/83054.html,https://iso.org/standard/83054.html,iso.org,research/standards_interoperability_governance.md|research/standards_registry.csv,2,2,yes,yes,,research_or_industry,conservative domain/path heuristic; not a claim-quality decision,research/industry context; authority varies,no,
https://www.iso.org/standard/84123.html,https://iso.org/standard/84123.html,iso.org,JCX_Global_PropTech_Intelligence_Atlas_2026-08-30.md|research/standards_interoperability_governance.md|research/standards_registry.csv,3,4,yes,yes,,research_or_industry,conservative domain/path heuristic; not a claim-quality decision,research/industry context; authority varies,no,
https://www.iso.org/standard/85391.html,https://iso.org/standard/85391.html,iso.org,JCX_Global_PropTech_Intelligence_Atlas_2026-08-30.md|research/standards_interoperability_governance.md|research/standards_registry.csv,3,4,yes,yes,,research_or_industry,conservative domain/path heuristic; not a claim-quality decision,research/industry context; authority varies,no,
https://www.iso.org/standard/92300.html,https://iso.org/standard/92300.html,iso.org,research/standards_registry.csv,1,1,yes,yes,,research_or_industry,conservative domain/path heuristic; not a claim-quality decision,research/industry context; authority varies,no,
https://www.itron.com/,https://itron.com/,itron.com,research/built_environment_ecosystem_discovery_index.csv,1,1,yes,yes,,company_or_product,conservative domain/path heuristic; not a claim-quality decision,likely first-party/company domain (heuristic),no,
https://www.ivanhoecambridge.com/,https://ivanhoecambridge.com/,ivanhoecambridge.com,research/global_real_estate_pioneers_agent.csv,1,2,yes,yes,,company_or_product,conservative domain/path heuristic; not a claim-quality decision,likely first-party/company domain (heuristic),no,
https://www.ivy-energy.com/,https://ivy-energy.com/,ivy-energy.com,research/built_environment_ecosystem_discovery_index.csv,1,1,yes,yes,,company_or_product,conservative domain/path heuristic; not a claim-quality decision,likely first-party/company domain (heuristic),no,
https://www.j-vgi.co.jp/en/news/housmart211008,https://j-vgi.co.jp/en/news/housmart211008,j-vgi.co.jp,research/regional_companies_agent.csv|research/regional_proptech_landscape.md,2,3,yes,yes,,company_or_product,conservative domain/path heuristic; not a claim-quality decision,likely first-party/company domain (heuristic),no,
https://www.jabbrrbox.com,https://jabbrrbox.com/,jabbrrbox.com,research/built_environment_ecosystem_discovery_index.csv,1,1,yes,yes,,company_or_product,conservative domain/path heuristic; not a claim-quality decision,likely first-party/company domain (heuristic),no,
https://www.jeeva.ai/,https://jeeva.ai/,jeeva.ai,research/built_environment_ecosystem_discovery_index.csv,1,1,yes,yes,,company_or_product,conservative domain/path heuristic; not a claim-quality decision,likely first-party/company domain (heuristic),no,
https://www.jetty.com,https://jetty.com/,jetty.com,research/built_environment_ecosystem_discovery_index.csv,1,1,yes,yes,,company_or_product,conservative domain/path heuristic; not a claim-quality decision,likely first-party/company domain (heuristic),no,
https://www.jlg.com/en/canvas,https://jlg.com/en/canvas,jlg.com,research/built_environment_ecosystem_discovery_index.csv,1,1,yes,yes,,company_or_product,conservative domain/path heuristic; not a claim-quality decision,likely first-party/company domain (heuristic),no,
https://www.jll.com/,https://jll.com/,jll.com,research/global_real_estate_pioneers_agent.csv,1,1,yes,yes,,research_or_industry,conservative domain/path heuristic; not a claim-quality decision,research/industry context; authority varies,no,
https://www.jll.com/content/dam/jllcom/en/global/documents/reports/research-reports/25-insights-global-real-estate-2026.pdf,https://jll.com/content/dam/jllcom/en/global/documents/reports/research-reports/25-insights-global-real-estate-2026.pdf,jll.com,JCX_Global_PropTech_Intelligence_Atlas_2026-08-30.md|research/market_trends_and_failure_lessons.md,2,3,yes,yes,,research_or_industry,conservative domain/path heuristic; not a claim-quality decision,research/industry context; authority varies,no,
https://www.jll.com/en-ca/insights/global-real-estate-cre-technology-survey,https://jll.com/en-ca/insights/global-real-estate-cre-technology-survey,jll.com,JCX_Global_PropTech_Intelligence_Atlas_2026-08-30.md|research/market_trends_and_failure_lessons.md,2,3,yes,yes,,research_or_industry,conservative domain/path heuristic; not a claim-quality decision,research/industry context; authority varies,no,
https://www.johnsoncontrols.com/media-center/news/press-releases/2026/08/04/johnson-controls-unveils-ai-powered-openblue-platform-expansions,https://johnsoncontrols.com/media-center/news/press-releases/2026/08/04/johnson-controls-unveils-ai-powered-openblue-platform-expansions,johnsoncontrols.com,research/enterprise_platform_additions.csv|research/enterprise_platform_coverage_audit.md,2,2,yes,yes,,company_or_product,conservative domain/path heuristic; not a claim-quality decision,likely first-party/company domain (heuristic),no,
https://www.joinernest.com/,https://joinernest.com/,joinernest.com,research/built_environment_ecosystem_discovery_index.csv,1,1,yes,yes,,company_or_product,conservative domain/path heuristic; not a claim-quality decision,likely first-party/company domain (heuristic),no,
https://www.joinmesa.com/,https://joinmesa.com/,joinmesa.com,research/built_environment_ecosystem_discovery_index.csv,1,1,yes,yes,,company_or_product,conservative domain/path heuristic; not a claim-quality decision,likely first-party/company domain (heuristic),no,
https://www.jomeejomaa.com/,https://jomeejomaa.com/,jomeejomaa.com,JCX_Global_PropTech_Intelligence_Atlas_2026-08-30.md|research/regional_companies_agent.csv,2,2,yes,yes,,company_or_product,conservative domain/path heuristic; not a claim-quality decision,likely first-party/company domain (heuristic),no,
https://www.jomeejomaa.com/how-it-works,https://jomeejomaa.com/how-it-works,jomeejomaa.com,JCX_Second_Pass_Strategy_PropTech_Startups_2026-08-29.md,1,1,yes,yes,,company_or_product,conservative domain/path heuristic; not a claim-quality decision,likely first-party/company domain (heuristic),no,
https://www.jomeejomaa.com/offerings,https://jomeejomaa.com/offerings,jomeejomaa.com,research/regional_proptech_landscape.md,1,1,yes,yes,,company_or_product,conservative domain/path heuristic; not a claim-quality decision,likely first-party/company domain (heuristic),no,
https://www.jomeejomaa.com/terms,https://jomeejomaa.com/terms,jomeejomaa.com,research/regional_companies_agent.csv|research/regional_proptech_landscape.md,2,2,yes,yes,,company_or_product,conservative domain/path heuristic; not a claim-quality decision,likely first-party/company domain (heuristic),no,
https://www.jubileehomes.com/,https://jubileehomes.com/,jubileehomes.com,research/built_environment_ecosystem_discovery_index.csv,1,1,yes,yes,,company_or_product,conservative domain/path heuristic; not a claim-quality decision,likely first-party/company domain (heuristic),no,
https://www.junipersquare.com/,https://junipersquare.com/,junipersquare.com,research/built_environment_ecosystem_discovery_index.csv|research/enterprise_platform_additions.csv|research/enterprise_platform_coverage_audit.md,3,4,yes,yes,,company_or_product,conservative domain/path heuristic; not a claim-quality decision,likely first-party/company domain (heuristic),no,
https://www.junipersquare.com/company/press,https://junipersquare.com/company/press,junipersquare.com,research/enterprise_platform_additions.csv|research/enterprise_platform_coverage_audit.md,2,2,yes,yes,,company_or_product,conservative domain/path heuristic; not a claim-quality decision,likely first-party/company domain (heuristic),no,
https://www.juno.co,https://juno.co/,juno.co,research/built_environment_ecosystem_discovery_index.csv,1,1,yes,yes,,company_or_product,conservative domain/path heuristic; not a claim-quality decision,likely first-party/company domain (heuristic),no,
https://www.kairoswater.io/,https://kairoswater.io/,kairoswater.io,research/built_environment_ecosystem_discovery_index.csv,1,1,yes,yes,,company_or_product,conservative domain/path heuristic; not a claim-quality decision,likely first-party/company domain (heuristic),no,
https://www.kajima.co.jp/english/,https://kajima.co.jp/english,kajima.co.jp,research/global_real_estate_pioneers_agent.csv,1,1,yes,yes,,company_or_product,conservative domain/path heuristic; not a claim-quality decision,likely first-party/company domain (heuristic),no,
https://www.kajima.co.jp/english/sustainability/report/2025/pdf/ir_e_all.pdf,https://kajima.co.jp/english/sustainability/report/2025/pdf/ir_e_all.pdf,kajima.co.jp,research/global_real_estate_pioneers.md|research/global_real_estate_pioneers_agent.csv,2,2,yes,yes,,company_or_product,conservative domain/path heuristic; not a claim-quality decision,likely first-party/company domain (heuristic),no,
https://www.kajima.co.jp/english/tech/c_a4csel/index.html,https://kajima.co.jp/english/tech/c_a4csel/index.html,kajima.co.jp,JCX_Global_PropTech_Intelligence_Atlas_2026-08-30.md,1,1,yes,yes,,company_or_product,conservative domain/path heuristic; not a claim-quality decision,likely first-party/company domain (heuristic),no,
https://www.katerra.com/,https://katerra.com/,katerra.com,research/global_real_estate_pioneers_agent.csv|research/proptech_startups_agent.csv,2,2,yes,yes,,company_or_product,conservative domain/path heuristic; not a claim-quality decision,likely first-party/company domain (heuristic),no,
https://www.keppel.com/,https://keppel.com/,keppel.com,research/global_real_estate_pioneers_agent.csv,1,1,yes,yes,,company_or_product,conservative domain/path heuristic; not a claim-quality decision,likely first-party/company domain (heuristic),no,
https://www.keppel.com/annualreport2024/,https://keppel.com/annualreport2024,keppel.com,research/global_real_estate_pioneers.md|research/global_real_estate_pioneers_agent.csv,2,2,yes,yes,,company_or_product,conservative domain/path heuristic; not a claim-quality decision,likely first-party/company domain (heuristic),no,
https://www.keppel.com/investor-relations/annual-reports/,https://keppel.com/investor-relations/annual-reports,keppel.com,research/global_real_estate_pioneers.md,1,1,yes,yes,,company_or_product,conservative domain/path heuristic; not a claim-quality decision,likely first-party/company domain (heuristic),no,
https://www.kestrix.io/,https://kestrix.io/,kestrix.io,JCX_Global_PropTech_Intelligence_Atlas_2026-08-30.md|research/built_environment_ecosystem_discovery_index.csv|research/coverage_gap_additions.csv,3,4,yes,yes,,company_or_product,conservative domain/path heuristic; not a claim-quality decision,likely first-party/company domain (heuristic),no,
https://www.key.me/,https://key.me/,key.me,research/built_environment_ecosystem_discovery_index.csv,1,1,yes,yes,,company_or_product,conservative domain/path heuristic; not a claim-quality decision,likely first-party/company domain (heuristic),no,
https://www.keyway.ai/,https://keyway.ai/,keyway.ai,research/built_environment_ecosystem_discovery_index.csv,1,1,yes,yes,,company_or_product,conservative domain/path heuristic; not a claim-quality decision,likely first-party/company domain (heuristic),no,
https://www.kin.com/,https://kin.com/,kin.com,research/proptech_startup_universe.md,1,1,yes,yes,,company_or_product,conservative domain/path heuristic; not a claim-quality decision,likely first-party/company domain (heuristic),no,
https://www.knockcrm.com/,https://knockcrm.com/,knockcrm.com,research/built_environment_ecosystem_discovery_index.csv,1,1,yes,yes,,company_or_product,conservative domain/path heuristic; not a claim-quality decision,likely first-party/company domain (heuristic),no,
https://www.kraaft.com/en,https://kraaft.com/en,kraaft.com,research/built_environment_ecosystem_discovery_index.csv,1,1,yes,yes,,company_or_product,conservative domain/path heuristic; not a claim-quality decision,likely first-party/company domain (heuristic),no,
https://www.kwant.ai,https://kwant.ai/,kwant.ai,research/built_environment_ecosystem_discovery_index.csv,1,1,yes,yes,,company_or_product,conservative domain/path heuristic; not a claim-quality decision,likely first-party/company domain (heuristic),no,
https://www.lahaus.com/quienes-somos,https://lahaus.com/quienes-somos,lahaus.com,research/coverage_gap_additions.csv|research/coverage_gap_audit.md,2,3,yes,yes,,company_or_product,conservative domain/path heuristic; not a claim-quality decision,likely first-party/company domain (heuristic),no,
https://www.landeed.com/,https://landeed.com/,landeed.com,research/regional_companies_agent.csv|research/regional_proptech_landscape.md,2,3,yes,yes,,company_or_product,conservative domain/path heuristic; not a claim-quality decision,likely first-party/company domain (heuristic),no,
https://www.landeed.com/)**,https://landeed.com/)**,landeed.com,JCX_Global_PropTech_Intelligence_Atlas_2026-08-30.md,1,1,yes,yes,,company_or_product,conservative domain/path heuristic; not a claim-quality decision,likely first-party/company domain (heuristic),no,
https://www.landeed.com/about,https://landeed.com/about,landeed.com,research/regional_companies_agent.csv|research/regional_proptech_landscape.md,2,2,yes,yes,,company_or_product,conservative domain/path heuristic; not a claim-quality decision,likely first-party/company domain (heuristic),no,
https://www.laurelandwolf.com/,https://laurelandwolf.com/,laurelandwolf.com,research/built_environment_ecosystem_discovery_index.csv,1,1,yes,yes,,company_or_product,conservative domain/path heuristic; not a claim-quality decision,likely first-party/company domain (heuristic),no,
https://www.lawnstarter.com/,https://lawnstarter.com/,lawnstarter.com,research/built_environment_ecosystem_discovery_index.csv,1,1,yes,yes,,company_or_product,conservative domain/path heuristic; not a claim-quality decision,likely first-party/company domain (heuristic),no,
https://www.leadsquared.com/,https://leadsquared.com/,leadsquared.com,JCX_Second_Pass_Strategy_PropTech_Startups_2026-08-29.md,1,1,yes,yes,,company_or_product,conservative domain/path heuristic; not a claim-quality decision,likely first-party/company domain (heuristic),no,
https://www.lendlease.com/,https://lendlease.com/,lendlease.com,research/global_real_estate_pioneers_agent.csv,1,1,yes,yes,,company_or_product,conservative domain/path heuristic; not a claim-quality decision,likely first-party/company domain (heuristic),no,
https://www.lendlease.com/media-centre/media-releases/20180327-lendlease-accelerates-productivity-through-innovation/,https://lendlease.com/media-centre/media-releases/20180327-lendlease-accelerates-productivity-through-innovation,lendlease.com,JCX_Meeting_Dossier_2026-08-29.md|research/global_real_estate_pioneers.md,2,2,yes,yes,,company_or_product,conservative domain/path heuristic; not a claim-quality decision,likely first-party/company domain (heuristic),no,
https://www.lendlease.com/media-centre/media-releases/trx-delivers-5-million-safe-work-hours/,https://lendlease.com/media-centre/media-releases/trx-delivers-5-million-safe-work-hours,lendlease.com,research/global_real_estate_pioneers.md,1,1,yes,yes,,company_or_product,conservative domain/path heuristic; not a claim-quality decision,likely first-party/company domain (heuristic),no,
https://www.lendlease.com/siteassets/lendlease/shared/investor-centre/announcements/reports/2021/2021-lendlease-annual-report-pdf.pdf,https://lendlease.com/siteassets/lendlease/shared/investor-centre/announcements/reports/2021/2021-lendlease-annual-report-pdf.pdf,lendlease.com,JCX_Global_PropTech_Intelligence_Atlas_2026-08-30.md|research/global_real_estate_pioneers.md|research/global_real_estate_pioneers_agent.csv,3,3,yes,yes,,company_or_product,conservative domain/path heuristic; not a claim-quality decision,likely first-party/company domain (heuristic),no,
https://www.lendlease.com/siteassets/lendlease/shared/investor-centre/announcements/results/2020/fy20---2020-annual-report.pdf,https://lendlease.com/siteassets/lendlease/shared/investor-centre/announcements/results/2020/fy20---2020-annual-report.pdf,lendlease.com,research/global_real_estate_pioneers.md|research/global_real_estate_pioneers_agent.csv,2,2,yes,yes,,company_or_product,conservative domain/path heuristic; not a claim-quality decision,likely first-party/company domain (heuristic),no,
https://www.lennar.com/,https://lennar.com/,lennar.com,research/operator_coverage_additions.csv,1,1,yes,yes,,company_or_product,conservative domain/path heuristic; not a claim-quality decision,likely first-party/company domain (heuristic),no,
https://www.lennar.com/about/companies,https://lennar.com/about/companies,lennar.com,research/global_real_estate_pioneers_agent.csv,1,1,yes,yes,,company_or_product,conservative domain/path heuristic; not a claim-quality decision,likely first-party/company domain (heuristic),no,
https://www.lennar.com/about/lenx,https://lennar.com/about/lenx,lennar.com,JCX_Global_PropTech_Intelligence_Atlas_2026-08-30.md,1,1,yes,yes,,company_or_product,conservative domain/path heuristic; not a claim-quality decision,likely first-party/company domain (heuristic),no,
https://www.lennar.com/new-homes/california/san-francisco-bay-area/santa-rosa/veev-by-lennar,https://lennar.com/new-homes/california/san-francisco-bay-area/santa-rosa/veev-by-lennar,lennar.com,JCX_Global_PropTech_Intelligence_Atlas_2026-08-30.md|research/market_trends_and_failure_lessons.md,2,2,yes,yes,,company_or_product,conservative domain/path heuristic; not a claim-quality decision,likely first-party/company domain (heuristic),no,
https://www.lenx.com/,https://lenx.com/,lenx.com,research/global_real_estate_pioneers.md,1,1,yes,yes,,company_or_product,conservative domain/path heuristic; not a claim-quality decision,likely first-party/company domain (heuristic),no,
https://www.lenx.com/innovationpartners/blend,https://lenx.com/innovationpartners/blend,lenx.com,research/global_real_estate_pioneers.md,1,1,yes,yes,,company_or_product,conservative domain/path heuristic; not a claim-quality decision,likely first-party/company domain (heuristic),no,
https://www.lessen.com/,https://lessen.com/,lessen.com,research/built_environment_ecosystem_discovery_index.csv,1,1,yes,yes,,company_or_product,conservative domain/path heuristic; not a claim-quality decision,likely first-party/company domain (heuristic),no,
https://www.lev.com/,https://lev.com/,lev.com,research/built_environment_ecosystem_discovery_index.csv,1,1,yes,yes,,company_or_product,conservative domain/path heuristic; not a claim-quality decision,likely first-party/company domain (heuristic),no,
https://www.levelset.com/,https://levelset.com/,levelset.com,research/built_environment_ecosystem_discovery_index.csv,1,1,yes,yes,,company_or_product,conservative domain/path heuristic; not a claim-quality decision,likely first-party/company domain (heuristic),no,
https://www.lightrfp.com/,https://lightrfp.com/,lightrfp.com,research/built_environment_ecosystem_discovery_index.csv,1,1,yes,yes,,company_or_product,conservative domain/path heuristic; not a claim-quality decision,likely first-party/company domain (heuristic),no,
https://www.lighttable.ai/,https://lighttable.ai/,lighttable.ai,research/built_environment_ecosystem_discovery_index.csv,1,1,yes,yes,,company_or_product,conservative domain/path heuristic; not a claim-quality decision,likely first-party/company domain (heuristic),no,
https://www.limebike.com/,https://limebike.com/,limebike.com,research/built_environment_ecosystem_discovery_index.csv,1,1,yes,yes,,company_or_product,conservative domain/path heuristic; not a claim-quality decision,likely first-party/company domain (heuristic),no,
https://www.linkedin.com/company/proq-platform,https://linkedin.com/company/proq-platform,linkedin.com,research/regional_companies_agent.csv|research/regional_proptech_landscape.md,2,2,yes,yes,,company_or_product,conservative domain/path heuristic; not a claim-quality decision,likely first-party/company domain (heuristic),no,
https://www.linkedin.com/posts/idlc-asset-management-limited_idlc-venture-capitalhas-made-an-equity-investment-activity-7196948544384098304-EgcV,https://linkedin.com/posts/idlc-asset-management-limited_idlc-venture-capitalhas-made-an-equity-investment-activity-7196948544384098304-EgcV,linkedin.com,research/regional_companies_agent.csv|research/regional_proptech_landscape.md,2,2,yes,yes,,company_or_product,conservative domain/path heuristic; not a claim-quality decision,likely first-party/company domain (heuristic),no,
https://www.linkedin.com/posts/md-sohel-rana-aca-acca-fifc_at-jcx-developments-limited-with-odoo-erp-activity-7244684507776217089-nj-2,https://linkedin.com/posts/md-sohel-rana-aca-acca-fifc_at-jcx-developments-limited-with-odoo-erp-activity-7244684507776217089-nj-2,linkedin.com,JCX_Meeting_Dossier_2026-08-29.md|JCX_Second_Pass_Strategy_PropTech_Startups_2026-08-29.md,2,2,yes,yes,,company_or_product,conservative domain/path heuristic; not a claim-quality decision,likely first-party/company domain (heuristic),no,
https://www.linkreit.com/en/,https://linkreit.com/en,linkreit.com,research/operator_coverage_additions.csv,1,1,yes,yes,,company_or_product,conservative domain/path heuristic; not a claim-quality decision,likely first-party/company domain (heuristic),no,
https://www.linkreit.com/en/investor-relations/,https://linkreit.com/en/investor-relations,linkreit.com,research/operator_coverage_additions.csv|research/operator_coverage_final_audit.md,2,2,yes,yes,,company_or_product,conservative domain/path heuristic; not a claim-quality decision,likely first-party/company domain (heuristic),no,
https://www.linkreit.com/en/investor-relations/financial-reports/,https://linkreit.com/en/investor-relations/financial-reports,linkreit.com,research/operator_coverage_additions.csv,1,1,yes,yes,,company_or_product,conservative domain/path heuristic; not a claim-quality decision,likely first-party/company domain (heuristic),no,
https://www.linkreit.com/en/sustainability/,https://linkreit.com/en/sustainability,linkreit.com,research/operator_coverage_additions.csv|research/operator_coverage_final_audit.md,2,2,yes,yes,,company_or_product,conservative domain/path heuristic; not a claim-quality decision,likely first-party/company domain (heuristic),no,
https://www.livly.io/,https://livly.io/,livly.io,research/built_environment_ecosystem_discovery_index.csv,1,1,yes,yes,,company_or_product,conservative domain/path heuristic; not a claim-quality decision,likely first-party/company domain (heuristic),no,
https://www.livspace.com/in,https://livspace.com/in,livspace.com,research/coverage_gap_additions.csv|research/coverage_gap_audit.md,2,3,yes,yes,,company_or_product,conservative domain/path heuristic; not a claim-quality decision,likely first-party/company domain (heuristic),no,
https://www.livspace.com/in/about-us,https://livspace.com/in/about-us,livspace.com,research/coverage_gap_additions.csv,1,1,yes,yes,,company_or_product,conservative domain/path heuristic; not a claim-quality decision,likely first-party/company domain (heuristic),no,
https://www.localize.city/,https://localize.city/,localize.city,research/proptech_startups_agent.csv,1,1,yes,yes,,company_or_product,conservative domain/path heuristic; not a claim-quality decision,likely first-party/company domain (heuristic),no,
https://www.lodhagroup.com/,https://lodhagroup.com/,lodhagroup.com,research/global_real_estate_pioneers_agent.csv,1,1,yes,yes,,company_or_product,conservative domain/path heuristic; not a claim-quality decision,likely first-party/company domain (heuristic),no,
https://www.lodhagroup.com/investor-relations,https://lodhagroup.com/investor-relations,lodhagroup.com,research/global_real_estate_pioneers.md|research/global_real_estate_pioneers_agent.csv,2,2,yes,yes,,company_or_product,conservative domain/path heuristic; not a claim-quality decision,likely first-party/company domain (heuristic),no,
https://www.lodhagroup.in/investor-relations,https://lodhagroup.in/investor-relations,lodhagroup.in,JCX_Global_PropTech_Intelligence_Atlas_2026-08-30.md,1,1,yes,yes,,company_or_product,conservative domain/path heuristic; not a claim-quality decision,likely first-party/company domain (heuristic),no,
https://www.lodhagroup.in/investor-relations/assets/pdf/3rd-Integrated-Annual-Report_2023-24.pdf,https://lodhagroup.in/investor-relations/assets/pdf/3rd-Integrated-Annual-Report_2023-24.pdf,lodhagroup.in,research/global_real_estate_pioneers.md|research/global_real_estate_pioneers_agent.csv,2,2,yes,yes,,company_or_product,conservative domain/path heuristic; not a claim-quality decision,likely first-party/company domain (heuristic),no,
https://www.loft.com.br/,https://loft.com.br/,loft.com.br,research/built_environment_ecosystem_discovery_index.csv,1,1,yes,yes,,company_or_product,conservative domain/path heuristic; not a claim-quality decision,likely first-party/company domain (heuristic),no,
https://www.loggi.com/,https://loggi.com/,loggi.com,research/built_environment_ecosystem_discovery_index.csv,1,1,yes,yes,,company_or_product,conservative domain/path heuristic; not a claim-quality decision,likely first-party/company domain (heuristic),no,
https://www.longmark.com/,https://longmark.com/,longmark.com,research/built_environment_ecosystem_discovery_index.csv,1,1,yes,yes,,company_or_product,conservative domain/path heuristic; not a claim-quality decision,likely first-party/company domain (heuristic),no,
https://www.mahindralifespaces.com/,https://mahindralifespaces.com/,mahindralifespaces.com,research/operator_coverage_additions.csv,1,1,yes,yes,,company_or_product,conservative domain/path heuristic; not a claim-quality decision,likely first-party/company domain (heuristic),no,
https://www.mahindralifespaces.com/investor-center/?category=annual-reports,https://mahindralifespaces.com/investor-center?category=annual-reports,mahindralifespaces.com,research/operator_coverage_additions.csv|research/operator_coverage_final_audit.md,2,2,yes,yes,,company_or_product,conservative domain/path heuristic; not a claim-quality decision,likely first-party/company domain (heuristic),no,
https://www.majidalfuttaim.com/,https://majidalfuttaim.com/,majidalfuttaim.com,research/operator_coverage_additions.csv,1,1,yes,yes,,company_or_product,conservative domain/path heuristic; not a claim-quality decision,likely first-party/company domain (heuristic),no,
https://www.majidalfuttaim.com/docs/default-source/reports/maf-sus-pages-full_final.pdf?sfvrsn=7c1de58c_2,https://majidalfuttaim.com/docs/default-source/reports/maf-sus-pages-full_final.pdf?sfvrsn=7c1de58c_2,majidalfuttaim.com,JCX_Meeting_Dossier_2026-08-29.md,1,1,yes,yes,,company_or_product,conservative domain/path heuristic; not a claim-quality decision,likely first-party/company domain (heuristic),no,
https://www.majidalfuttaim.com/docs/default-source/reports/majid-alfuttaim-holding-consolidated-fs-2025.pdf?sfvrsn=aa95b9a_3,https://majidalfuttaim.com/docs/default-source/reports/majid-alfuttaim-holding-consolidated-fs-2025.pdf?sfvrsn=aa95b9a_3,majidalfuttaim.com,research/operator_coverage_additions.csv,1,1,yes,yes,,company_or_product,conservative domain/path heuristic; not a claim-quality decision,likely first-party/company domain (heuristic),no,
https://www.majidalfuttaim.com/en/investor-relations/financial-summary,https://majidalfuttaim.com/en/investor-relations/financial-summary,majidalfuttaim.com,research/operator_coverage_additions.csv|research/operator_coverage_final_audit.md,2,2,yes,yes,,company_or_product,conservative domain/path heuristic; not a claim-quality decision,likely first-party/company domain (heuristic),no,
https://www.majidalfuttaim.com/en/media-centre/press-releases/detail/2025/09/strategic-investments--digital-scale-drive-majid-al-futtaims-solid-h1-2025-results,https://majidalfuttaim.com/en/media-centre/press-releases/detail/2025/09/strategic-investments--digital-scale-drive-majid-al-futtaims-solid-h1-2025-results,majidalfuttaim.com,research/operator_coverage_additions.csv,1,1,yes,yes,,company_or_product,conservative domain/path heuristic; not a claim-quality decision,likely first-party/company domain (heuristic),no,
https://www.majidalfuttaim.com/en/media-centre/press-releases/detail/2025/09/strategic-investments--digital-scale-drive-majid-alfuttaims-solid-h1-2025-results,https://majidalfuttaim.com/en/media-centre/press-releases/detail/2025/09/strategic-investments--digital-scale-drive-majid-alfuttaims-solid-h1-2025-results,majidalfuttaim.com,research/operator_coverage_final_audit.md,1,1,yes,yes,,company_or_product,conservative domain/path heuristic; not a claim-quality decision,likely first-party/company domain (heuristic),no,
https://www.mapletree.com.sg/,https://mapletree.com.sg/,mapletree.com.sg,research/global_real_estate_pioneers_agent.csv,1,2,yes,yes,,company_or_product,conservative domain/path heuristic; not a claim-quality decision,likely first-party/company domain (heuristic),no,
https://www.mapletree.com.sg/newsroom/advancing-energy-efficiency-across-mapletrees-europe-portfolio/,https://mapletree.com.sg/newsroom/advancing-energy-efficiency-across-mapletrees-europe-portfolio,mapletree.com.sg,JCX_Meeting_Dossier_2026-08-29.md,1,1,yes,yes,,company_or_product,conservative domain/path heuristic; not a claim-quality decision,likely first-party/company domain (heuristic),no,
https://www.mapped.com/,https://mapped.com/,mapped.com,research/built_environment_ecosystem_discovery_index.csv,1,1,yes,yes,,company_or_product,conservative domain/path heuristic; not a claim-quality decision,likely first-party/company domain (heuristic),no,
https://www.marriott.com/,https://marriott.com/,marriott.com,research/operator_coverage_additions.csv,1,1,yes,yes,,company_or_product,conservative domain/path heuristic; not a claim-quality decision,likely first-party/company domain (heuristic),no,
https://www.measurabl.com,https://measurabl.com/,measurabl.com,research/built_environment_ecosystem_discovery_index.csv,1,1,yes,yes,,company_or_product,conservative domain/path heuristic; not a claim-quality decision,likely first-party/company domain (heuristic),no,
https://www.measurabl.com/,https://measurabl.com/,measurabl.com,JCX_Second_Pass_Strategy_PropTech_Startups_2026-08-29.md|research/built_environment_ecosystem_discovery_index.csv|research/proptech_startup_universe.md|research/proptech_startups_agent.csv,4,5,yes,yes,,company_or_product,conservative domain/path heuristic; not a claim-quality decision,likely first-party/company domain (heuristic),no,
https://www.measurabl.com/resources/rubenstein-partners-energy-management-strategy-turning-operational-efficiency-into-investment-value-with-optimize/,https://measurabl.com/resources/rubenstein-partners-energy-management-strategy-turning-operational-efficiency-into-investment-value-with-optimize,measurabl.com,JCX_Global_PropTech_Intelligence_Atlas_2026-08-30.md|research/quantified_outcome_case_library.csv,2,2,yes,yes,,company_or_product,conservative domain/path heuristic; not a claim-quality decision,likely first-party/company domain (heuristic),no,
https://www.mec.co.jp/en/,https://mec.co.jp/en,mec.co.jp,research/global_real_estate_pioneers_agent.csv,1,2,yes,yes,,company_or_product,conservative domain/path heuristic; not a claim-quality decision,likely first-party/company domain (heuristic),no,
https://www.mec.co.jp/ir/library/2023/1Q/irpresentation2023_2.pdf,https://mec.co.jp/ir/library/2023/1Q/irpresentation2023_2.pdf,mec.co.jp,research/global_real_estate_pioneers.md|research/global_real_estate_pioneers_agent.csv,2,2,yes,yes,,company_or_product,conservative domain/path heuristic; not a claim-quality decision,likely first-party/company domain (heuristic),no,
https://www.metaprop.com/,https://metaprop.com/,metaprop.com,research/proptech_startup_universe.md|research/proptech_startups_agent.csv,2,3,yes,yes,,ecosystem_or_investor,conservative domain/path heuristic; not a claim-quality decision,official membership source or investor domain (heuristic),no,
https://www.metaprop.com/portfolio,https://metaprop.com/portfolio,metaprop.com,JCX_Global_PropTech_Intelligence_Atlas_2026-08-30.md|research/build_ecosystem_discovery_index.py|research/built_environment_ecosystem_discovery_index.csv|research/built_environment_ecosystem_discovery_index.md|research/coverage_gap_audit.md|research/proptech_startup_universe.md|research/proptech_startups_agent.csv,7,155,yes,yes,,ecosystem_or_investor,conservative domain/path heuristic; not a claim-quality decision,official membership source or investor domain (heuristic),no,
https://www.metaprop.com/research,https://metaprop.com/research,metaprop.com,JCX_Global_PropTech_Intelligence_Atlas_2026-08-30.md|research/market_trends_and_failure_lessons.md,2,3,yes,yes,,ecosystem_or_investor,conservative domain/path heuristic; not a claim-quality decision,official membership source or investor domain (heuristic),no,
https://www.microsoft.com/en-us/power-platform,https://microsoft.com/en-us/power-platform,microsoft.com,JCX_Second_Pass_Strategy_PropTech_Startups_2026-08-29.md,1,1,yes,yes,,company_or_product,conservative domain/path heuristic; not a claim-quality decision,likely first-party/company domain (heuristic),no,
https://www.milo.io/,https://milo.io/,milo.io,research/built_environment_ecosystem_discovery_index.csv,1,1,yes,yes,,company_or_product,conservative domain/path heuristic; not a claim-quality decision,likely first-party/company domain (heuristic),no,
https://www.mirvac.com/,https://mirvac.com/,mirvac.com,research/global_real_estate_pioneers_agent.csv,1,2,yes,yes,,company_or_product,conservative domain/path heuristic; not a claim-quality decision,likely first-party/company domain (heuristic),no,
https://www.mitsuifudosan.co.jp/english/,https://mitsuifudosan.co.jp/english,mitsuifudosan.co.jp,research/global_real_estate_pioneers_agent.csv,1,1,yes,yes,,company_or_product,conservative domain/path heuristic; not a claim-quality decision,likely first-party/company domain (heuristic),no,
https://www.mitsuifudosan.co.jp/english/corporate/ir/library/integratedreport/ir2025/dx/,https://mitsuifudosan.co.jp/english/corporate/ir/library/integratedreport/ir2025/dx,mitsuifudosan.co.jp,JCX_Global_PropTech_Intelligence_Atlas_2026-08-30.md|JCX_Meeting_Dossier_2026-08-29.md|research/global_real_estate_pioneers.md|research/global_real_estate_pioneers_agent.csv,4,4,yes,yes,,company_or_product,conservative domain/path heuristic; not a claim-quality decision,likely first-party/company domain (heuristic),no,
https://www.mitsuifudosan.co.jp/english/corporate/ir/library/integratedreport/pdf/IR2025_en.pdf,https://mitsuifudosan.co.jp/english/corporate/ir/library/integratedreport/pdf/IR2025_en.pdf,mitsuifudosan.co.jp,research/global_real_estate_pioneers.md|research/global_real_estate_pioneers_agent.csv,2,2,yes,yes,,company_or_product,conservative domain/path heuristic; not a claim-quality decision,likely first-party/company domain (heuristic),no,
https://www.mitsuifudosan.co.jp/english/corporate/news/2020/0916/,https://mitsuifudosan.co.jp/english/corporate/news/2020/0916,mitsuifudosan.co.jp,research/global_real_estate_pioneers.md,1,1,yes,yes,,company_or_product,conservative domain/path heuristic; not a claim-quality decision,likely first-party/company domain (heuristic),no,
https://www.modbus.org/modbus-specifications,https://modbus.org/modbus-specifications,modbus.org,JCX_Global_PropTech_Intelligence_Atlas_2026-08-30.md|research/standards_interoperability_governance.md|research/standards_registry.csv,3,4,yes,yes,,research_or_industry,conservative domain/path heuristic; not a claim-quality decision,research/industry context; authority varies,no,
https://www.moderneventures.com/portfolio,https://moderneventures.com/portfolio,moderneventures.com,JCX_Global_PropTech_Intelligence_Atlas_2026-08-30.md|research/build_ecosystem_discovery_index.py|research/built_environment_ecosystem_discovery_index.md|research/final_coverage_assurance.md|research/startup_coverage_additions.csv,5,10,yes,yes,,company_or_product,conservative domain/path heuristic; not a claim-quality decision,likely first-party/company domain (heuristic),no,
https://www.moderneventures.com/portfolio/3v-infrastructure,https://moderneventures.com/portfolio/3v-infrastructure,moderneventures.com,research/built_environment_ecosystem_discovery_index.csv,1,1,yes,yes,,company_or_product,conservative domain/path heuristic; not a claim-quality decision,likely first-party/company domain (heuristic),no,
https://www.moderneventures.com/portfolio/abode,https://moderneventures.com/portfolio/abode,moderneventures.com,research/built_environment_ecosystem_discovery_index.csv,1,1,yes,yes,,company_or_product,conservative domain/path heuristic; not a claim-quality decision,likely first-party/company domain (heuristic),no,
https://www.moderneventures.com/portfolio/abodu,https://moderneventures.com/portfolio/abodu,moderneventures.com,research/built_environment_ecosystem_discovery_index.csv,1,1,yes,yes,,company_or_product,conservative domain/path heuristic; not a claim-quality decision,likely first-party/company domain (heuristic),no,
https://www.moderneventures.com/portfolio/aclaimant,https://moderneventures.com/portfolio/aclaimant,moderneventures.com,research/built_environment_ecosystem_discovery_index.csv,1,1,yes,yes,,company_or_product,conservative domain/path heuristic; not a claim-quality decision,likely first-party/company domain (heuristic),no,
https://www.moderneventures.com/portfolio/acorn,https://moderneventures.com/portfolio/acorn,moderneventures.com,research/built_environment_ecosystem_discovery_index.csv,1,1,yes,yes,,company_or_product,conservative domain/path heuristic; not a claim-quality decision,likely first-party/company domain (heuristic),no,
https://www.moderneventures.com/portfolio/acres,https://moderneventures.com/portfolio/acres,moderneventures.com,research/built_environment_ecosystem_discovery_index.csv,1,1,yes,yes,,company_or_product,conservative domain/path heuristic; not a claim-quality decision,likely first-party/company domain (heuristic),no,
https://www.moderneventures.com/portfolio/acreto,https://moderneventures.com/portfolio/acreto,moderneventures.com,research/built_environment_ecosystem_discovery_index.csv,1,1,yes,yes,,company_or_product,conservative domain/path heuristic; not a claim-quality decision,likely first-party/company domain (heuristic),no,
https://www.moderneventures.com/portfolio/actionfigure,https://moderneventures.com/portfolio/actionfigure,moderneventures.com,research/built_environment_ecosystem_discovery_index.csv,1,1,yes,yes,,company_or_product,conservative domain/path heuristic; not a claim-quality decision,likely first-party/company domain (heuristic),no,
https://www.moderneventures.com/portfolio/aerwave,https://moderneventures.com/portfolio/aerwave,moderneventures.com,research/built_environment_ecosystem_discovery_index.csv,1,1,yes,yes,,company_or_product,conservative domain/path heuristic; not a claim-quality decision,likely first-party/company domain (heuristic),no,
https://www.moderneventures.com/portfolio/airside,https://moderneventures.com/portfolio/airside,moderneventures.com,research/built_environment_ecosystem_discovery_index.csv,1,1,yes,yes,,company_or_product,conservative domain/path heuristic; not a claim-quality decision,likely first-party/company domain (heuristic),no,
https://www.moderneventures.com/portfolio/alfred,https://moderneventures.com/portfolio/alfred,moderneventures.com,research/built_environment_ecosystem_discovery_index.csv,1,1,yes,yes,,company_or_product,conservative domain/path heuristic; not a claim-quality decision,likely first-party/company domain (heuristic),no,
https://www.moderneventures.com/portfolio/algoma,https://moderneventures.com/portfolio/algoma,moderneventures.com,research/built_environment_ecosystem_discovery_index.csv,1,1,yes,yes,,company_or_product,conservative domain/path heuristic; not a claim-quality decision,likely first-party/company domain (heuristic),no,
https://www.moderneventures.com/portfolio/ambient,https://moderneventures.com/portfolio/ambient,moderneventures.com,research/built_environment_ecosystem_discovery_index.csv,1,1,yes,yes,,company_or_product,conservative domain/path heuristic; not a claim-quality decision,likely first-party/company domain (heuristic),no,
https://www.moderneventures.com/portfolio/aquanta,https://moderneventures.com/portfolio/aquanta,moderneventures.com,research/built_environment_ecosystem_discovery_index.csv,1,1,yes,yes,,company_or_product,conservative domain/path heuristic; not a claim-quality decision,likely first-party/company domain (heuristic),no,
https://www.moderneventures.com/portfolio/arcbazar,https://moderneventures.com/portfolio/arcbazar,moderneventures.com,research/built_environment_ecosystem_discovery_index.csv,1,1,yes,yes,,company_or_product,conservative domain/path heuristic; not a claim-quality decision,likely first-party/company domain (heuristic),no,
https://www.moderneventures.com/portfolio/audette,https://moderneventures.com/portfolio/audette,moderneventures.com,research/built_environment_ecosystem_discovery_index.csv,1,1,yes,yes,,company_or_product,conservative domain/path heuristic; not a claim-quality decision,likely first-party/company domain (heuristic),no,
https://www.moderneventures.com/portfolio/audience-town,https://moderneventures.com/portfolio/audience-town,moderneventures.com,research/built_environment_ecosystem_discovery_index.csv,1,1,yes,yes,,company_or_product,conservative domain/path heuristic; not a claim-quality decision,likely first-party/company domain (heuristic),no,
https://www.moderneventures.com/portfolio/auditmate,https://moderneventures.com/portfolio/auditmate,moderneventures.com,research/built_environment_ecosystem_discovery_index.csv,1,1,yes,yes,,company_or_product,conservative domain/path heuristic; not a claim-quality decision,likely first-party/company domain (heuristic),no,
https://www.moderneventures.com/portfolio/august-home,https://moderneventures.com/portfolio/august-home,moderneventures.com,research/built_environment_ecosystem_discovery_index.csv,1,1,yes,yes,,company_or_product,conservative domain/path heuristic; not a claim-quality decision,likely first-party/company domain (heuristic),no,
https://www.moderneventures.com/portfolio/avvir,https://moderneventures.com/portfolio/avvir,moderneventures.com,research/built_environment_ecosystem_discovery_index.csv,1,1,yes,yes,,company_or_product,conservative domain/path heuristic; not a claim-quality decision,likely first-party/company domain (heuristic),no,
https://www.moderneventures.com/portfolio/bend,https://moderneventures.com/portfolio/bend,moderneventures.com,research/built_environment_ecosystem_discovery_index.csv,1,1,yes,yes,,company_or_product,conservative domain/path heuristic; not a claim-quality decision,likely first-party/company domain (heuristic),no,
https://www.moderneventures.com/portfolio/bento,https://moderneventures.com/portfolio/bento,moderneventures.com,research/built_environment_ecosystem_discovery_index.csv,1,1,yes,yes,,company_or_product,conservative domain/path heuristic; not a claim-quality decision,likely first-party/company domain (heuristic),no,
https://www.moderneventures.com/portfolio/better,https://moderneventures.com/portfolio/better,moderneventures.com,research/built_environment_ecosystem_discovery_index.csv,1,1,yes,yes,,company_or_product,conservative domain/path heuristic; not a claim-quality decision,likely first-party/company domain (heuristic),no,
https://www.moderneventures.com/portfolio/break-sports,https://moderneventures.com/portfolio/break-sports,moderneventures.com,research/built_environment_ecosystem_discovery_index.csv,1,1,yes,yes,,company_or_product,conservative domain/path heuristic; not a claim-quality decision,likely first-party/company domain (heuristic),no,
https://www.moderneventures.com/portfolio/broker-bot,https://moderneventures.com/portfolio/broker-bot,moderneventures.com,research/built_environment_ecosystem_discovery_index.csv,1,1,yes,yes,,company_or_product,conservative domain/path heuristic; not a claim-quality decision,likely first-party/company domain (heuristic),no,
https://www.moderneventures.com/portfolio/butler-plus,https://moderneventures.com/portfolio/butler-plus,moderneventures.com,research/built_environment_ecosystem_discovery_index.csv,1,1,yes,yes,,company_or_product,conservative domain/path heuristic; not a claim-quality decision,likely first-party/company domain (heuristic),no,
https://www.moderneventures.com/portfolio/bytegain,https://moderneventures.com/portfolio/bytegain,moderneventures.com,research/built_environment_ecosystem_discovery_index.csv,1,1,yes,yes,,company_or_product,conservative domain/path heuristic; not a claim-quality decision,likely first-party/company domain (heuristic),no,
https://www.moderneventures.com/portfolio/caribou,https://moderneventures.com/portfolio/caribou,moderneventures.com,research/built_environment_ecosystem_discovery_index.csv,1,1,yes,yes,,company_or_product,conservative domain/path heuristic; not a claim-quality decision,likely first-party/company domain (heuristic),no,
https://www.moderneventures.com/portfolio/chateauz,https://moderneventures.com/portfolio/chateauz,moderneventures.com,research/built_environment_ecosystem_discovery_index.csv,1,1,yes,yes,,company_or_product,conservative domain/path heuristic; not a claim-quality decision,likely first-party/company domain (heuristic),no,
https://www.moderneventures.com/portfolio/closing-theory,https://moderneventures.com/portfolio/closing-theory,moderneventures.com,research/built_environment_ecosystem_discovery_index.csv,1,1,yes,yes,,company_or_product,conservative domain/path heuristic; not a claim-quality decision,likely first-party/company domain (heuristic),no,
https://www.moderneventures.com/portfolio/companion-protect,https://moderneventures.com/portfolio/companion-protect,moderneventures.com,research/built_environment_ecosystem_discovery_index.csv,1,1,yes,yes,,company_or_product,conservative domain/path heuristic; not a claim-quality decision,likely first-party/company domain (heuristic),no,
https://www.moderneventures.com/portfolio/covered,https://moderneventures.com/portfolio/covered,moderneventures.com,research/built_environment_ecosystem_discovery_index.csv,1,1,yes,yes,,company_or_product,conservative domain/path heuristic; not a claim-quality decision,likely first-party/company domain (heuristic),no,
https://www.moderneventures.com/portfolio/cubicasa,https://moderneventures.com/portfolio/cubicasa,moderneventures.com,research/built_environment_ecosystem_discovery_index.csv,1,1,yes,yes,,company_or_product,conservative domain/path heuristic; not a claim-quality decision,likely first-party/company domain (heuristic),no,
https://www.moderneventures.com/portfolio/darabase,https://moderneventures.com/portfolio/darabase,moderneventures.com,research/built_environment_ecosystem_discovery_index.csv,1,1,yes,yes,,company_or_product,conservative domain/path heuristic; not a claim-quality decision,likely first-party/company domain (heuristic),no,
https://www.moderneventures.com/portfolio/darcy-solutions,https://moderneventures.com/portfolio/darcy-solutions,moderneventures.com,research/built_environment_ecosystem_discovery_index.csv,1,1,yes,yes,,company_or_product,conservative domain/path heuristic; not a claim-quality decision,likely first-party/company domain (heuristic),no,
https://www.moderneventures.com/portfolio/dimension,https://moderneventures.com/portfolio/dimension,moderneventures.com,research/built_environment_ecosystem_discovery_index.csv,1,1,yes,yes,,company_or_product,conservative domain/path heuristic; not a claim-quality decision,likely first-party/company domain (heuristic),no,
https://www.moderneventures.com/portfolio/docusign,https://moderneventures.com/portfolio/docusign,moderneventures.com,research/built_environment_ecosystem_discovery_index.csv,1,1,yes,yes,,company_or_product,conservative domain/path heuristic; not a claim-quality decision,likely first-party/company domain (heuristic),no,
https://www.moderneventures.com/portfolio/doma,https://moderneventures.com/portfolio/doma,moderneventures.com,research/built_environment_ecosystem_discovery_index.csv,1,1,yes,yes,,company_or_product,conservative domain/path heuristic; not a claim-quality decision,likely first-party/company domain (heuristic),no,
https://www.moderneventures.com/portfolio/electrotempo,https://moderneventures.com/portfolio/electrotempo,moderneventures.com,research/built_environment_ecosystem_discovery_index.csv,1,1,yes,yes,,company_or_product,conservative domain/path heuristic; not a claim-quality decision,likely first-party/company domain (heuristic),no,
https://www.moderneventures.com/portfolio/envoy,https://moderneventures.com/portfolio/envoy,moderneventures.com,research/built_environment_ecosystem_discovery_index.csv,1,1,yes,yes,,company_or_product,conservative domain/path heuristic; not a claim-quality decision,likely first-party/company domain (heuristic),no,
https://www.moderneventures.com/portfolio/everlance,https://moderneventures.com/portfolio/everlance,moderneventures.com,research/built_environment_ecosystem_discovery_index.csv,1,1,yes,yes,,company_or_product,conservative domain/path heuristic; not a claim-quality decision,likely first-party/company domain (heuristic),no,
https://www.moderneventures.com/portfolio/fluidlytix,https://moderneventures.com/portfolio/fluidlytix,moderneventures.com,research/built_environment_ecosystem_discovery_index.csv,1,1,yes,yes,,company_or_product,conservative domain/path heuristic; not a claim-quality decision,likely first-party/company domain (heuristic),no,
https://www.moderneventures.com/portfolio/freemodel,https://moderneventures.com/portfolio/freemodel,moderneventures.com,research/built_environment_ecosystem_discovery_index.csv,1,1,yes,yes,,company_or_product,conservative domain/path heuristic; not a claim-quality decision,likely first-party/company domain (heuristic),no,
https://www.moderneventures.com/portfolio/geolava,https://moderneventures.com/portfolio/geolava,moderneventures.com,research/built_environment_ecosystem_discovery_index.csv,1,1,yes,yes,,company_or_product,conservative domain/path heuristic; not a claim-quality decision,likely first-party/company domain (heuristic),no,
https://www.moderneventures.com/portfolio/havenly,https://moderneventures.com/portfolio/havenly,moderneventures.com,research/built_environment_ecosystem_discovery_index.csv,1,1,yes,yes,,company_or_product,conservative domain/path heuristic; not a claim-quality decision,likely first-party/company domain (heuristic),no,
https://www.moderneventures.com/portfolio/hello-tech,https://moderneventures.com/portfolio/hello-tech,moderneventures.com,research/built_environment_ecosystem_discovery_index.csv,1,1,yes,yes,,company_or_product,conservative domain/path heuristic; not a claim-quality decision,likely first-party/company domain (heuristic),no,
https://www.moderneventures.com/portfolio/hellodivorce,https://moderneventures.com/portfolio/hellodivorce,moderneventures.com,research/built_environment_ecosystem_discovery_index.csv,1,1,yes,yes,,company_or_product,conservative domain/path heuristic; not a claim-quality decision,likely first-party/company domain (heuristic),no,
https://www.moderneventures.com/portfolio/hippo,https://moderneventures.com/portfolio/hippo,moderneventures.com,research/built_environment_ecosystem_discovery_index.csv,1,1,yes,yes,,company_or_product,conservative domain/path heuristic; not a claim-quality decision,likely first-party/company domain (heuristic),no,
https://www.moderneventures.com/portfolio/hologram-media-network,https://moderneventures.com/portfolio/hologram-media-network,moderneventures.com,research/built_environment_ecosystem_discovery_index.csv,1,1,yes,yes,,company_or_product,conservative domain/path heuristic; not a claim-quality decision,likely first-party/company domain (heuristic),no,
https://www.moderneventures.com/portfolio/hom,https://moderneventures.com/portfolio/hom,moderneventures.com,research/built_environment_ecosystem_discovery_index.csv,1,1,yes,yes,,company_or_product,conservative domain/path heuristic; not a claim-quality decision,likely first-party/company domain (heuristic),no,
https://www.moderneventures.com/portfolio/homebot,https://moderneventures.com/portfolio/homebot,moderneventures.com,research/built_environment_ecosystem_discovery_index.csv,1,1,yes,yes,,company_or_product,conservative domain/path heuristic; not a claim-quality decision,likely first-party/company domain (heuristic),no,
https://www.moderneventures.com/portfolio/homesnap,https://moderneventures.com/portfolio/homesnap,moderneventures.com,research/built_environment_ecosystem_discovery_index.csv,1,1,yes,yes,,company_or_product,conservative domain/path heuristic; not a claim-quality decision,likely first-party/company domain (heuristic),no,
https://www.moderneventures.com/portfolio/homex,https://moderneventures.com/portfolio/homex,moderneventures.com,research/built_environment_ecosystem_discovery_index.csv,1,1,yes,yes,,company_or_product,conservative domain/path heuristic; not a claim-quality decision,likely first-party/company domain (heuristic),no,
https://www.moderneventures.com/portfolio/icon,https://moderneventures.com/portfolio/icon,moderneventures.com,research/built_environment_ecosystem_discovery_index.csv,1,1,yes,yes,,company_or_product,conservative domain/path heuristic; not a claim-quality decision,likely first-party/company domain (heuristic),no,
https://www.moderneventures.com/portfolio/incentifind,https://moderneventures.com/portfolio/incentifind,moderneventures.com,research/built_environment_ecosystem_discovery_index.csv,1,1,yes,yes,,company_or_product,conservative domain/path heuristic; not a claim-quality decision,likely first-party/company domain (heuristic),no,
https://www.moderneventures.com/portfolio/ivy-energy,https://moderneventures.com/portfolio/ivy-energy,moderneventures.com,research/built_environment_ecosystem_discovery_index.csv,1,1,yes,yes,,company_or_product,conservative domain/path heuristic; not a claim-quality decision,likely first-party/company domain (heuristic),no,
https://www.moderneventures.com/portfolio/kairos,https://moderneventures.com/portfolio/kairos,moderneventures.com,research/built_environment_ecosystem_discovery_index.csv,1,1,yes,yes,,company_or_product,conservative domain/path heuristic; not a claim-quality decision,likely first-party/company domain (heuristic),no,
https://www.moderneventures.com/portfolio/keyway,https://moderneventures.com/portfolio/keyway,moderneventures.com,research/built_environment_ecosystem_discovery_index.csv,1,1,yes,yes,,company_or_product,conservative domain/path heuristic; not a claim-quality decision,likely first-party/company domain (heuristic),no,
https://www.moderneventures.com/portfolio/leaselock,https://moderneventures.com/portfolio/leaselock,moderneventures.com,research/built_environment_ecosystem_discovery_index.csv,1,1,yes,yes,,company_or_product,conservative domain/path heuristic; not a claim-quality decision,likely first-party/company domain (heuristic),no,
https://www.moderneventures.com/portfolio/leni,https://moderneventures.com/portfolio/leni,moderneventures.com,research/built_environment_ecosystem_discovery_index.csv,1,1,yes,yes,,company_or_product,conservative domain/path heuristic; not a claim-quality decision,likely first-party/company domain (heuristic),no,
https://www.moderneventures.com/portfolio/liftup,https://moderneventures.com/portfolio/liftup,moderneventures.com,research/built_environment_ecosystem_discovery_index.csv,1,1,yes,yes,,company_or_product,conservative domain/path heuristic; not a claim-quality decision,likely first-party/company domain (heuristic),no,
https://www.moderneventures.com/portfolio/liveeasy,https://moderneventures.com/portfolio/liveeasy,moderneventures.com,research/built_environment_ecosystem_discovery_index.csv,1,1,yes,yes,,company_or_product,conservative domain/path heuristic; not a claim-quality decision,likely first-party/company domain (heuristic),no,
https://www.moderneventures.com/portfolio/measurabl,https://moderneventures.com/portfolio/measurabl,moderneventures.com,research/built_environment_ecosystem_discovery_index.csv,1,1,yes,yes,,company_or_product,conservative domain/path heuristic; not a claim-quality decision,likely first-party/company domain (heuristic),no,
https://www.moderneventures.com/portfolio/mesh,https://moderneventures.com/portfolio/mesh,moderneventures.com,research/built_environment_ecosystem_discovery_index.csv,1,1,yes,yes,,company_or_product,conservative domain/path heuristic; not a claim-quality decision,likely first-party/company domain (heuristic),no,
https://www.moderneventures.com/portfolio/moat,https://moderneventures.com/portfolio/moat,moderneventures.com,research/built_environment_ecosystem_discovery_index.csv,1,1,yes,yes,,company_or_product,conservative domain/path heuristic; not a claim-quality decision,likely first-party/company domain (heuristic),no,
https://www.moderneventures.com/portfolio/modwell,https://moderneventures.com/portfolio/modwell,moderneventures.com,research/built_environment_ecosystem_discovery_index.csv,1,1,yes,yes,,company_or_product,conservative domain/path heuristic; not a claim-quality decision,likely first-party/company domain (heuristic),no,
https://www.moderneventures.com/portfolio/moii,https://moderneventures.com/portfolio/moii,moderneventures.com,research/built_environment_ecosystem_discovery_index.csv,1,1,yes,yes,,company_or_product,conservative domain/path heuristic; not a claim-quality decision,likely first-party/company domain (heuristic),no,
https://www.moderneventures.com/portfolio/nestment,https://moderneventures.com/portfolio/nestment,moderneventures.com,research/built_environment_ecosystem_discovery_index.csv,1,1,yes,yes,,company_or_product,conservative domain/path heuristic; not a claim-quality decision,likely first-party/company domain (heuristic),no,
https://www.moderneventures.com/portfolio/new-story,https://moderneventures.com/portfolio/new-story,moderneventures.com,research/built_environment_ecosystem_discovery_index.csv,1,1,yes,yes,,company_or_product,conservative domain/path heuristic; not a claim-quality decision,likely first-party/company domain (heuristic),no,
https://www.moderneventures.com/portfolio/nova-credit,https://moderneventures.com/portfolio/nova-credit,moderneventures.com,research/built_environment_ecosystem_discovery_index.csv,1,1,yes,yes,,company_or_product,conservative domain/path heuristic; not a claim-quality decision,likely first-party/company domain (heuristic),no,
https://www.moderneventures.com/portfolio/occuspace,https://moderneventures.com/portfolio/occuspace,moderneventures.com,research/built_environment_ecosystem_discovery_index.csv,1,1,yes,yes,,company_or_product,conservative domain/path heuristic; not a claim-quality decision,likely first-party/company domain (heuristic),no,
https://www.moderneventures.com/portfolio/on3-ai,https://moderneventures.com/portfolio/on3-ai,moderneventures.com,research/built_environment_ecosystem_discovery_index.csv,1,1,yes,yes,,company_or_product,conservative domain/path heuristic; not a claim-quality decision,likely first-party/company domain (heuristic),no,
https://www.moderneventures.com/portfolio/optera,https://moderneventures.com/portfolio/optera,moderneventures.com,research/built_environment_ecosystem_discovery_index.csv,1,1,yes,yes,,company_or_product,conservative domain/path heuristic; not a claim-quality decision,likely first-party/company domain (heuristic),no,
https://www.moderneventures.com/portfolio/orbital,https://moderneventures.com/portfolio/orbital,moderneventures.com,research/built_environment_ecosystem_discovery_index.csv,1,1,yes,yes,,company_or_product,conservative domain/path heuristic; not a claim-quality decision,likely first-party/company domain (heuristic),no,
https://www.moderneventures.com/portfolio/peek,https://moderneventures.com/portfolio/peek,moderneventures.com,research/built_environment_ecosystem_discovery_index.csv,1,1,yes,yes,,company_or_product,conservative domain/path heuristic; not a claim-quality decision,likely first-party/company domain (heuristic),no,
https://www.moderneventures.com/portfolio/perq,https://moderneventures.com/portfolio/perq,moderneventures.com,research/built_environment_ecosystem_discovery_index.csv,1,1,yes,yes,,company_or_product,conservative domain/path heuristic; not a claim-quality decision,likely first-party/company domain (heuristic),no,
https://www.moderneventures.com/portfolio/pinata,https://moderneventures.com/portfolio/pinata,moderneventures.com,research/built_environment_ecosystem_discovery_index.csv,1,1,yes,yes,,company_or_product,conservative domain/path heuristic; not a claim-quality decision,likely first-party/company domain (heuristic),no,
https://www.moderneventures.com/portfolio/porch,https://moderneventures.com/portfolio/porch,moderneventures.com,research/built_environment_ecosystem_discovery_index.csv,1,1,yes,yes,,company_or_product,conservative domain/path heuristic; not a claim-quality decision,likely first-party/company domain (heuristic),no,
https://www.moderneventures.com/portfolio/proof,https://moderneventures.com/portfolio/proof,moderneventures.com,research/built_environment_ecosystem_discovery_index.csv,1,1,yes,yes,,company_or_product,conservative domain/path heuristic; not a claim-quality decision,likely first-party/company domain (heuristic),no,
https://www.moderneventures.com/portfolio/public-grid,https://moderneventures.com/portfolio/public-grid,moderneventures.com,research/built_environment_ecosystem_discovery_index.csv,1,1,yes,yes,,company_or_product,conservative domain/path heuristic; not a claim-quality decision,likely first-party/company domain (heuristic),no,
https://www.moderneventures.com/portfolio/qloo,https://moderneventures.com/portfolio/qloo,moderneventures.com,research/built_environment_ecosystem_discovery_index.csv,1,1,yes,yes,,company_or_product,conservative domain/path heuristic; not a claim-quality decision,likely first-party/company domain (heuristic),no,
https://www.moderneventures.com/portfolio/realreports,https://moderneventures.com/portfolio/realreports,moderneventures.com,research/built_environment_ecosystem_discovery_index.csv,1,1,yes,yes,,company_or_product,conservative domain/path heuristic; not a claim-quality decision,likely first-party/company domain (heuristic),no,
https://www.moderneventures.com/portfolio/rejig-ai,https://moderneventures.com/portfolio/rejig-ai,moderneventures.com,research/built_environment_ecosystem_discovery_index.csv,1,1,yes,yes,,company_or_product,conservative domain/path heuristic; not a claim-quality decision,likely first-party/company domain (heuristic),no,
https://www.moderneventures.com/portfolio/renew,https://moderneventures.com/portfolio/renew,moderneventures.com,research/built_environment_ecosystem_discovery_index.csv,1,1,yes,yes,,company_or_product,conservative domain/path heuristic; not a claim-quality decision,likely first-party/company domain (heuristic),no,
https://www.moderneventures.com/portfolio/renofi,https://moderneventures.com/portfolio/renofi,moderneventures.com,research/built_environment_ecosystem_discovery_index.csv,1,1,yes,yes,,company_or_product,conservative domain/path heuristic; not a claim-quality decision,likely first-party/company domain (heuristic),no,
https://www.moderneventures.com/portfolio/rentcheck,https://moderneventures.com/portfolio/rentcheck,moderneventures.com,research/built_environment_ecosystem_discovery_index.csv,1,1,yes,yes,,company_or_product,conservative domain/path heuristic; not a claim-quality decision,likely first-party/company domain (heuristic),no,
https://www.moderneventures.com/portfolio/revolutionre,https://moderneventures.com/portfolio/revolutionre,moderneventures.com,research/built_environment_ecosystem_discovery_index.csv,1,1,yes,yes,,company_or_product,conservative domain/path heuristic; not a claim-quality decision,likely first-party/company domain (heuristic),no,
https://www.moderneventures.com/portfolio/ritual,https://moderneventures.com/portfolio/ritual,moderneventures.com,research/built_environment_ecosystem_discovery_index.csv,1,1,yes,yes,,company_or_product,conservative domain/path heuristic; not a claim-quality decision,likely first-party/company domain (heuristic),no,
https://www.moderneventures.com/portfolio/rolla,https://moderneventures.com/portfolio/rolla,moderneventures.com,research/built_environment_ecosystem_discovery_index.csv,1,1,yes,yes,,company_or_product,conservative domain/path heuristic; not a claim-quality decision,likely first-party/company domain (heuristic),no,
https://www.moderneventures.com/portfolio/roofer-com,https://moderneventures.com/portfolio/roofer-com,moderneventures.com,research/built_environment_ecosystem_discovery_index.csv,1,1,yes,yes,,company_or_product,conservative domain/path heuristic; not a claim-quality decision,likely first-party/company domain (heuristic),no,
https://www.moderneventures.com/portfolio/second-nature,https://moderneventures.com/portfolio/second-nature,moderneventures.com,research/built_environment_ecosystem_discovery_index.csv,1,1,yes,yes,,company_or_product,conservative domain/path heuristic; not a claim-quality decision,likely first-party/company domain (heuristic),no,
https://www.moderneventures.com/portfolio/sigma360,https://moderneventures.com/portfolio/sigma360,moderneventures.com,research/built_environment_ecosystem_discovery_index.csv,1,1,yes,yes,,company_or_product,conservative domain/path heuristic; not a claim-quality decision,likely first-party/company domain (heuristic),no,
https://www.moderneventures.com/portfolio/sisu,https://moderneventures.com/portfolio/sisu,moderneventures.com,research/built_environment_ecosystem_discovery_index.csv,1,1,yes,yes,,company_or_product,conservative domain/path heuristic; not a claim-quality decision,likely first-party/company domain (heuristic),no,
https://www.moderneventures.com/portfolio/snappt,https://moderneventures.com/portfolio/snappt,moderneventures.com,research/built_environment_ecosystem_discovery_index.csv,1,1,yes,yes,,company_or_product,conservative domain/path heuristic; not a claim-quality decision,likely first-party/company domain (heuristic),no,
https://www.moderneventures.com/portfolio/solarkal,https://moderneventures.com/portfolio/solarkal,moderneventures.com,research/built_environment_ecosystem_discovery_index.csv,1,1,yes,yes,,company_or_product,conservative domain/path heuristic; not a claim-quality decision,likely first-party/company domain (heuristic),no,
https://www.moderneventures.com/portfolio/solstice,https://moderneventures.com/portfolio/solstice,moderneventures.com,research/built_environment_ecosystem_discovery_index.csv,1,1,yes,yes,,company_or_product,conservative domain/path heuristic; not a claim-quality decision,likely first-party/company domain (heuristic),no,
https://www.moderneventures.com/portfolio/split-pay,https://moderneventures.com/portfolio/split-pay,moderneventures.com,research/built_environment_ecosystem_discovery_index.csv,1,1,yes,yes,,company_or_product,conservative domain/path heuristic; not a claim-quality decision,likely first-party/company domain (heuristic),no,
https://www.moderneventures.com/portfolio/stride,https://moderneventures.com/portfolio/stride,moderneventures.com,research/built_environment_ecosystem_discovery_index.csv,1,1,yes,yes,,company_or_product,conservative domain/path heuristic; not a claim-quality decision,likely first-party/company domain (heuristic),no,
https://www.moderneventures.com/portfolio/suburban-jungle,https://moderneventures.com/portfolio/suburban-jungle,moderneventures.com,research/built_environment_ecosystem_discovery_index.csv,1,1,yes,yes,,company_or_product,conservative domain/path heuristic; not a claim-quality decision,likely first-party/company domain (heuristic),no,
https://www.moderneventures.com/portfolio/super,https://moderneventures.com/portfolio/super,moderneventures.com,research/built_environment_ecosystem_discovery_index.csv,1,1,yes,yes,,company_or_product,conservative domain/path heuristic; not a claim-quality decision,likely first-party/company domain (heuristic),no,
https://www.moderneventures.com/portfolio/tailorbird,https://moderneventures.com/portfolio/tailorbird,moderneventures.com,research/built_environment_ecosystem_discovery_index.csv,1,1,yes,yes,,company_or_product,conservative domain/path heuristic; not a claim-quality decision,likely first-party/company domain (heuristic),no,
https://www.moderneventures.com/portfolio/tailos,https://moderneventures.com/portfolio/tailos,moderneventures.com,research/built_environment_ecosystem_discovery_index.csv,1,1,yes,yes,,company_or_product,conservative domain/path heuristic; not a claim-quality decision,likely first-party/company domain (heuristic),no,
https://www.moderneventures.com/portfolio/taskeasy,https://moderneventures.com/portfolio/taskeasy,moderneventures.com,research/built_environment_ecosystem_discovery_index.csv,1,1,yes,yes,,company_or_product,conservative domain/path heuristic; not a claim-quality decision,likely first-party/company domain (heuristic),no,
https://www.moderneventures.com/portfolio/testfit,https://moderneventures.com/portfolio/testfit,moderneventures.com,research/built_environment_ecosystem_discovery_index.csv,1,1,yes,yes,,company_or_product,conservative domain/path heuristic; not a claim-quality decision,likely first-party/company domain (heuristic),no,
https://www.moderneventures.com/portfolio/trashie,https://moderneventures.com/portfolio/trashie,moderneventures.com,research/built_environment_ecosystem_discovery_index.csv,1,1,yes,yes,,company_or_product,conservative domain/path heuristic; not a claim-quality decision,likely first-party/company domain (heuristic),no,
https://www.moderneventures.com/portfolio/truliv,https://moderneventures.com/portfolio/truliv,moderneventures.com,research/built_environment_ecosystem_discovery_index.csv,1,1,yes,yes,,company_or_product,conservative domain/path heuristic; not a claim-quality decision,likely first-party/company domain (heuristic),no,
https://www.moderneventures.com/portfolio/trust-will,https://moderneventures.com/portfolio/trust-will,moderneventures.com,research/built_environment_ecosystem_discovery_index.csv,1,1,yes,yes,,company_or_product,conservative domain/path heuristic; not a claim-quality decision,likely first-party/company domain (heuristic),no,
https://www.moderneventures.com/portfolio/trustlayer,https://moderneventures.com/portfolio/trustlayer,moderneventures.com,research/built_environment_ecosystem_discovery_index.csv,1,1,yes,yes,,company_or_product,conservative domain/path heuristic; not a claim-quality decision,likely first-party/company domain (heuristic),no,
https://www.moderneventures.com/portfolio/tumble,https://moderneventures.com/portfolio/tumble,moderneventures.com,research/built_environment_ecosystem_discovery_index.csv,1,1,yes,yes,,company_or_product,conservative domain/path heuristic; not a claim-quality decision,likely first-party/company domain (heuristic),no,
https://www.moderneventures.com/portfolio/turn,https://moderneventures.com/portfolio/turn,moderneventures.com,research/built_environment_ecosystem_discovery_index.csv,1,1,yes,yes,,company_or_product,conservative domain/path heuristic; not a claim-quality decision,likely first-party/company domain (heuristic),no,
https://www.moderneventures.com/portfolio/unacast,https://moderneventures.com/portfolio/unacast,moderneventures.com,research/built_environment_ecosystem_discovery_index.csv,1,1,yes,yes,,company_or_product,conservative domain/path heuristic; not a claim-quality decision,likely first-party/company domain (heuristic),no,
https://www.moderneventures.com/portfolio/updater,https://moderneventures.com/portfolio/updater,moderneventures.com,research/built_environment_ecosystem_discovery_index.csv,1,1,yes,yes,,company_or_product,conservative domain/path heuristic; not a claim-quality decision,likely first-party/company domain (heuristic),no,
https://www.moderneventures.com/portfolio/urbanbound,https://moderneventures.com/portfolio/urbanbound,moderneventures.com,research/built_environment_ecosystem_discovery_index.csv,1,1,yes,yes,,company_or_product,conservative domain/path heuristic; not a claim-quality decision,likely first-party/company domain (heuristic),no,
https://www.moderneventures.com/portfolio/v7,https://moderneventures.com/portfolio/v7,moderneventures.com,research/built_environment_ecosystem_discovery_index.csv,1,1,yes,yes,,company_or_product,conservative domain/path heuristic; not a claim-quality decision,likely first-party/company domain (heuristic),no,
https://www.moderneventures.com/portfolio/vengo,https://moderneventures.com/portfolio/vengo,moderneventures.com,research/built_environment_ecosystem_discovery_index.csv,1,1,yes,yes,,company_or_product,conservative domain/path heuristic; not a claim-quality decision,likely first-party/company domain (heuristic),no,
https://www.moderneventures.com/portfolio/verse,https://moderneventures.com/portfolio/verse,moderneventures.com,research/built_environment_ecosystem_discovery_index.csv,1,1,yes,yes,,company_or_product,conservative domain/path heuristic; not a claim-quality decision,likely first-party/company domain (heuristic),no,
https://www.moderneventures.com/portfolio/virtuo,https://moderneventures.com/portfolio/virtuo,moderneventures.com,research/built_environment_ecosystem_discovery_index.csv,1,1,yes,yes,,company_or_product,conservative domain/path heuristic; not a claim-quality decision,likely first-party/company domain (heuristic),no,
https://www.moderneventures.com/portfolio/vyv,https://moderneventures.com/portfolio/vyv,moderneventures.com,research/built_environment_ecosystem_discovery_index.csv,1,1,yes,yes,,company_or_product,conservative domain/path heuristic; not a claim-quality decision,likely first-party/company domain (heuristic),no,
https://www.moderneventures.com/portfolio/wattbuy,https://moderneventures.com/portfolio/wattbuy,moderneventures.com,research/built_environment_ecosystem_discovery_index.csv,1,1,yes,yes,,company_or_product,conservative domain/path heuristic; not a claim-quality decision,likely first-party/company domain (heuristic),no,
https://www.moderneventures.com/portfolio/wayleadr,https://moderneventures.com/portfolio/wayleadr,moderneventures.com,research/built_environment_ecosystem_discovery_index.csv,1,1,yes,yes,,company_or_product,conservative domain/path heuristic; not a claim-quality decision,likely first-party/company domain (heuristic),no,
https://www.moderneventures.com/portfolio/work-and-solutions,https://moderneventures.com/portfolio/work-and-solutions,moderneventures.com,research/built_environment_ecosystem_discovery_index.csv,1,1,yes,yes,,company_or_product,conservative domain/path heuristic; not a claim-quality decision,likely first-party/company domain (heuristic),no,
https://www.moderneventures.com/portfolio/workbox,https://moderneventures.com/portfolio/workbox,moderneventures.com,research/built_environment_ecosystem_discovery_index.csv,1,1,yes,yes,,company_or_product,conservative domain/path heuristic; not a claim-quality decision,likely first-party/company domain (heuristic),no,
https://www.moderneventures.com/portfolio/wyl,https://moderneventures.com/portfolio/wyl,moderneventures.com,research/built_environment_ecosystem_discovery_index.csv,1,1,yes,yes,,company_or_product,conservative domain/path heuristic; not a claim-quality decision,likely first-party/company domain (heuristic),no,
https://www.moderneventures.com/portfolio/xeal,https://moderneventures.com/portfolio/xeal,moderneventures.com,research/built_environment_ecosystem_discovery_index.csv,1,1,yes,yes,,company_or_product,conservative domain/path heuristic; not a claim-quality decision,likely first-party/company domain (heuristic),no,
https://www.moderneventures.com/portfolio/zebel,https://moderneventures.com/portfolio/zebel,moderneventures.com,research/built_environment_ecosystem_discovery_index.csv,1,1,yes,yes,,company_or_product,conservative domain/path heuristic; not a claim-quality decision,likely first-party/company domain (heuristic),no,
https://www.moderneventures.com/portfolio/zeguro,https://moderneventures.com/portfolio/zeguro,moderneventures.com,research/built_environment_ecosystem_discovery_index.csv,1,1,yes,yes,,company_or_product,conservative domain/path heuristic; not a claim-quality decision,likely first-party/company domain (heuristic),no,
https://www.moderneventures.com/portfolio/{slug,https://moderneventures.com/portfolio/{slug,moderneventures.com,research/build_ecosystem_discovery_index.py,1,1,yes,yes,,company_or_product,conservative domain/path heuristic; not a claim-quality decision,likely first-party/company domain (heuristic),no,
https://www.modwell.io/,https://modwell.io/,modwell.io,research/built_environment_ecosystem_discovery_index.csv,1,1,yes,yes,,company_or_product,conservative domain/path heuristic; not a claim-quality decision,likely first-party/company domain (heuristic),no,
https://www.moen.com/,https://moen.com/,moen.com,research/built_environment_ecosystem_discovery_index.csv,1,1,yes,yes,,company_or_product,conservative domain/path heuristic; not a claim-quality decision,likely first-party/company domain (heuristic),no,
https://www.moii.ai/,https://moii.ai/,moii.ai,research/built_environment_ecosystem_discovery_index.csv,1,1,yes,yes,,company_or_product,conservative domain/path heuristic; not a claim-quality decision,likely first-party/company domain (heuristic),no,
https://www.morty.com/,https://morty.com/,morty.com,research/built_environment_ecosystem_discovery_index.csv,1,1,yes,yes,,company_or_product,conservative domain/path heuristic; not a claim-quality decision,likely first-party/company domain (heuristic),no,
https://www.mrisoftware.com/,https://mrisoftware.com/,mrisoftware.com,research/global_real_estate_pioneers_agent.csv|research/proptech_startup_universe.md|research/proptech_startups_agent.csv,3,5,yes,yes,,company_or_product,conservative domain/path heuristic; not a claim-quality decision,likely first-party/company domain (heuristic),no,
https://www.mubadala.com/,https://mubadala.com/,mubadala.com,research/global_real_estate_pioneers_agent.csv,1,1,yes,yes,,company_or_product,conservative domain/path heuristic; not a claim-quality decision,likely first-party/company domain (heuristic),no,
https://www.mubadala.com/en/what-we-do/masdar-city,https://mubadala.com/en/what-we-do/masdar-city,mubadala.com,research/global_real_estate_pioneers.md|research/global_real_estate_pioneers_agent.csv,2,3,yes,yes,,company_or_product,conservative domain/path heuristic; not a claim-quality decision,likely first-party/company domain (heuristic),no,
https://www.mubawab.com/,https://mubawab.com/,mubawab.com,research/coverage_gap_additions.csv,1,1,yes,yes,,company_or_product,conservative domain/path heuristic; not a claim-quality decision,likely first-party/company domain (heuristic),no,
https://www.mubawab.ma/en/about,https://mubawab.ma/en/about,mubawab.ma,JCX_Global_PropTech_Intelligence_Atlas_2026-08-30.md|research/coverage_gap_additions.csv|research/coverage_gap_audit.md,3,4,yes,yes,,company_or_product,conservative domain/path heuristic; not a claim-quality decision,likely first-party/company domain (heuristic),no,
https://www.multivista.com/,https://multivista.com/,multivista.com,research/built_environment_ecosystem_discovery_index.csv,1,1,yes,yes,,company_or_product,conservative domain/path heuristic; not a claim-quality decision,likely first-party/company domain (heuristic),no,
https://www.muro.ai/,https://muro.ai/,muro.ai,research/built_environment_ecosystem_discovery_index.csv,1,1,yes,yes,,company_or_product,conservative domain/path heuristic; not a claim-quality decision,likely first-party/company domain (heuristic),no,
https://www.nabr.com/,https://nabr.com/,nabr.com,research/startup_core_additions.csv|research/startup_coverage_additions.csv,2,2,yes,yes,,company_or_product,conservative domain/path heuristic; not a claim-quality decision,likely first-party/company domain (heuristic),no,
https://www.nar-reach.com/,https://nar-reach.com/,nar-reach.com,JCX_Global_PropTech_Intelligence_Atlas_2026-08-30.md|research/build_ecosystem_discovery_index.py|research/built_environment_ecosystem_discovery_index.csv|research/built_environment_ecosystem_discovery_index.md|research/coverage_gap_audit.md|research/proptech_startup_universe.md|research/proptech_startups_agent.csv,7,19,yes,yes,,ecosystem_or_investor,conservative domain/path heuristic; not a claim-quality decision,official membership source or investor domain (heuristic),no,
https://www.nar-reach.com/australia-and-newzealand,https://nar-reach.com/australia-and-newzealand,nar-reach.com,research/build_ecosystem_discovery_index.py|research/built_environment_ecosystem_discovery_index.csv|research/built_environment_ecosystem_discovery_index.md,3,7,yes,yes,,ecosystem_or_investor,conservative domain/path heuristic; not a claim-quality decision,official membership source or investor domain (heuristic),no,
https://www.nar-reach.com/canada,https://nar-reach.com/canada,nar-reach.com,research/build_ecosystem_discovery_index.py|research/built_environment_ecosystem_discovery_index.csv|research/built_environment_ecosystem_discovery_index.md,3,6,yes,yes,,ecosystem_or_investor,conservative domain/path heuristic; not a claim-quality decision,official membership source or investor domain (heuristic),no,
https://www.nar-reach.com/dubai-land-department-second-century-ventures-celebrate-start-of-reach-middle-east,https://nar-reach.com/dubai-land-department-second-century-ventures-celebrate-start-of-reach-middle-east,nar-reach.com,research/build_ecosystem_discovery_index.py|research/built_environment_ecosystem_discovery_index.csv|research/built_environment_ecosystem_discovery_index.md,3,10,yes,yes,,ecosystem_or_investor,conservative domain/path heuristic; not a claim-quality decision,official membership source or investor domain (heuristic),no,
https://www.nar-reach.com/israel,https://nar-reach.com/israel,nar-reach.com,research/build_ecosystem_discovery_index.py|research/built_environment_ecosystem_discovery_index.csv|research/built_environment_ecosystem_discovery_index.md,3,9,yes,yes,,ecosystem_or_investor,conservative domain/path heuristic; not a claim-quality decision,official membership source or investor domain (heuristic),no,
https://www.nar-reach.com/latam,https://nar-reach.com/latam,nar-reach.com,research/build_ecosystem_discovery_index.py|research/built_environment_ecosystem_discovery_index.csv|research/built_environment_ecosystem_discovery_index.md,3,10,yes,yes,,ecosystem_or_investor,conservative domain/path heuristic; not a claim-quality decision,official membership source or investor domain (heuristic),no,
https://www.nar-reach.com/news,https://nar-reach.com/news,nar-reach.com,research/final_corpus_qa.md|research/proptech_startup_universe.md|research/proptech_startups_agent.csv,3,12,yes,yes,,ecosystem_or_investor,conservative domain/path heuristic; not a claim-quality decision,official membership source or investor domain (heuristic),no,
https://www.nar-reach.com/reach-israel-2026-where-real-estate-innovation-meets-real-world-impact,https://nar-reach.com/reach-israel-2026-where-real-estate-innovation-meets-real-world-impact,nar-reach.com,research/proptech_startup_universe.md,1,1,yes,yes,,ecosystem_or_investor,conservative domain/path heuristic; not a claim-quality decision,official membership source or investor domain (heuristic),no,
https://www.nar-reach.com/second-century-ventures-announces-6-technology-companies-for-2026-reach-scale-up-program,https://nar-reach.com/second-century-ventures-announces-6-technology-companies-for-2026-reach-scale-up-program,nar-reach.com,research/final_corpus_qa.md|research/proptech_startup_universe.md|research/proptech_startups_agent.csv,3,14,yes,yes,,ecosystem_or_investor,conservative domain/path heuristic; not a claim-quality decision,official membership source or investor domain (heuristic),no,
https://www.nar-reach.com/second-century-ventures-selects-four-tech-companies-for-2026-reach-canada-program,https://nar-reach.com/second-century-ventures-selects-four-tech-companies-for-2026-reach-canada-program,nar-reach.com,research/proptech_startup_universe.md,1,1,yes,yes,,ecosystem_or_investor,conservative domain/path heuristic; not a claim-quality decision,official membership source or investor domain (heuristic),no,
https://www.nar-reach.com/uk,https://nar-reach.com/uk,nar-reach.com,research/build_ecosystem_discovery_index.py|research/built_environment_ecosystem_discovery_index.csv|research/built_environment_ecosystem_discovery_index.md,3,9,yes,yes,,ecosystem_or_investor,conservative domain/path heuristic; not a claim-quality decision,official membership source or investor domain (heuristic),no,
https://www.nar-reach.com/us-commercial,https://nar-reach.com/us-commercial,nar-reach.com,research/build_ecosystem_discovery_index.py|research/built_environment_ecosystem_discovery_index.csv|research/built_environment_ecosystem_discovery_index.md,3,10,yes,yes,,ecosystem_or_investor,conservative domain/path heuristic; not a claim-quality decision,official membership source or investor domain (heuristic),no,
https://www.nar-reach.com/us-residential,https://nar-reach.com/us-residential,nar-reach.com,research/build_ecosystem_discovery_index.py|research/built_environment_ecosystem_discovery_index.csv|research/built_environment_ecosystem_discovery_index.md,3,8,yes,yes,,ecosystem_or_investor,conservative domain/path heuristic; not a claim-quality decision,official membership source or investor domain (heuristic),no,
https://www.nar-reach.com/{slug,https://nar-reach.com/{slug,nar-reach.com,research/build_ecosystem_discovery_index.py,1,1,yes,yes,,ecosystem_or_investor,conservative domain/path heuristic; not a claim-quality decision,official membership source or investor domain (heuristic),no,
https://www.navable.com/,https://navable.com/,navable.com,research/built_environment_ecosystem_discovery_index.csv,1,1,yes,yes,,company_or_product,conservative domain/path heuristic; not a claim-quality decision,likely first-party/company domain (heuristic),no,
https://www.navigate.ai,https://navigate.ai/,navigate.ai,research/built_environment_ecosystem_discovery_index.csv,1,1,yes,yes,,company_or_product,conservative domain/path heuristic; not a claim-quality decision,likely first-party/company domain (heuristic),no,
https://www.nawy.com/,https://nawy.com/,nawy.com,research/regional_companies_agent.csv,1,1,yes,yes,,company_or_product,conservative domain/path heuristic; not a claim-quality decision,likely first-party/company domain (heuristic),no,
https://www.nawy.com/about-us,https://nawy.com/about-us,nawy.com,JCX_Global_PropTech_Intelligence_Atlas_2026-08-30.md|research/regional_companies_agent.csv|research/regional_proptech_landscape.md,3,3,yes,yes,,company_or_product,conservative domain/path heuristic; not a claim-quality decision,likely first-party/company domain (heuristic),no,
https://www.nawy.com/blog/116847-nawy-raises-a-52m-series-a-to-take-on-mena,https://nawy.com/blog/116847-nawy-raises-a-52m-series-a-to-take-on-mena,nawy.com,research/regional_companies_agent.csv|research/regional_proptech_landscape.md,2,2,yes,yes,,company_or_product,conservative domain/path heuristic; not a claim-quality decision,likely first-party/company domain (heuristic),no,
https://www.nearmap.com/au,https://nearmap.com/au,nearmap.com,research/regional_companies_agent.csv,1,1,yes,yes,,company_or_product,conservative domain/path heuristic; not a claim-quality decision,likely first-party/company domain (heuristic),no,
https://www.nearmap.com/au/about,https://nearmap.com/au/about,nearmap.com,research/regional_companies_agent.csv|research/regional_proptech_landscape.md,2,2,yes,yes,,company_or_product,conservative domain/path heuristic; not a claim-quality decision,likely first-party/company domain (heuristic),no,
https://www.nearmap.com/au/property-intelligence,https://nearmap.com/au/property-intelligence,nearmap.com,research/regional_companies_agent.csv|research/regional_proptech_landscape.md,2,2,yes,yes,,company_or_product,conservative domain/path heuristic; not a claim-quality decision,likely first-party/company domain (heuristic),no,
https://www.nearmap.com/au/property-intelligence)**,https://nearmap.com/au/property-intelligence)**,nearmap.com,JCX_Global_PropTech_Intelligence_Atlas_2026-08-30.md,1,1,yes,yes,,company_or_product,conservative domain/path heuristic; not a claim-quality decision,likely first-party/company domain (heuristic),no,
https://www.nearmap.com/products/betterview,https://nearmap.com/products/betterview,nearmap.com,research/built_environment_ecosystem_discovery_index.csv,1,1,yes,yes,,company_or_product,conservative domain/path heuristic; not a claim-quality decision,likely first-party/company domain (heuristic),no,
https://www.neighbor.com/,https://neighbor.com/,neighbor.com,research/built_environment_ecosystem_discovery_index.csv,1,1,yes,yes,,company_or_product,conservative domain/path heuristic; not a claim-quality decision,likely first-party/company domain (heuristic),no,
https://www.nemetschek.com/en/company/brands,https://nemetschek.com/en/company/brands,nemetschek.com,research/coverage_gap_additions.csv,1,1,yes,yes,,company_or_product,conservative domain/path heuristic; not a claim-quality decision,likely first-party/company domain (heuristic),no,
https://www.nemetschek.com/en/solutions,https://nemetschek.com/en/solutions,nemetschek.com,research/coverage_gap_additions.csv|research/coverage_gap_audit.md,2,3,yes,yes,,company_or_product,conservative domain/path heuristic; not a claim-quality decision,likely first-party/company domain (heuristic),no,
https://www.neobanc.com/,https://neobanc.com/,neobanc.com,research/built_environment_ecosystem_discovery_index.csv,1,1,yes,yes,,company_or_product,conservative domain/path heuristic; not a claim-quality decision,likely first-party/company domain (heuristic),no,
https://www.neom.com/,https://neom.com/,neom.com,research/global_real_estate_pioneers_agent.csv,1,2,yes,yes,,company_or_product,conservative domain/path heuristic; not a claim-quality decision,likely first-party/company domain (heuristic),no,
https://www.nestment.com/,https://nestment.com/,nestment.com,research/built_environment_ecosystem_discovery_index.csv,1,1,yes,yes,,company_or_product,conservative domain/path heuristic; not a claim-quality decision,likely first-party/company domain (heuristic),no,
https://www.newstoryhomes.org/,https://newstoryhomes.org/,newstoryhomes.org,research/built_environment_ecosystem_discovery_index.csv,1,1,yes,yes,,research_or_industry,conservative domain/path heuristic; not a claim-quality decision,research/industry context; authority varies,no,
https://www.nhimble.com/,https://nhimble.com/,nhimble.com,research/built_environment_ecosystem_discovery_index.csv,1,1,yes,yes,,company_or_product,conservative domain/path heuristic; not a claim-quality decision,likely first-party/company domain (heuristic),no,
https://www.nice.com/,https://nice.com/,nice.com,research/built_environment_ecosystem_discovery_index.csv,1,1,yes,yes,,company_or_product,conservative domain/path heuristic; not a claim-quality decision,likely first-party/company domain (heuristic),no,
https://www.nickel.com/,https://nickel.com/,nickel.com,research/built_environment_ecosystem_discovery_index.csv,1,1,yes,yes,,company_or_product,conservative domain/path heuristic; not a claim-quality decision,likely first-party/company domain (heuristic),no,
https://www.nirmanbazaar.com.bd/,https://nirmanbazaar.com.bd/,nirmanbazaar.com.bd,JCX_Global_PropTech_Intelligence_Atlas_2026-08-30.md|research/regional_companies_agent.csv|research/regional_proptech_landscape.md,3,4,yes,yes,,company_or_product,conservative domain/path heuristic; not a claim-quality decision,likely first-party/company domain (heuristic),no,
https://www.nist.gov/cyberframework,https://nist.gov/cyberframework,nist.gov,JCX_Global_PropTech_Intelligence_Atlas_2026-08-30.md|JCX_Meeting_Dossier_2026-08-29.md|research/standards_interoperability_governance.md|research/standards_registry.csv,4,5,yes,yes,,government_or_regulator,conservative domain/path heuristic; not a claim-quality decision,likely authoritative/official (heuristic),no,
https://www.nist.gov/itl/ai-risk-management-framework,https://nist.gov/itl/ai-risk-management-framework,nist.gov,JCX_Global_PropTech_Intelligence_Atlas_2026-08-30.md|JCX_Meeting_Dossier_2026-08-29.md|research/standards_interoperability_governance.md|research/standards_registry.csv,4,5,yes,yes,,government_or_regulator,conservative domain/path heuristic; not a claim-quality decision,likely authoritative/official (heuristic),no,
https://www.njb.uscourts.gov/wework,https://njb.uscourts.gov/wework,njb.uscourts.gov,research/global_real_estate_pioneers.md|research/global_real_estate_pioneers_agent.csv,2,2,yes,yes,,government_or_regulator,conservative domain/path heuristic; not a claim-quality decision,likely authoritative/official (heuristic),no,
https://www.nmrk.com/,https://nmrk.com/,nmrk.com,research/built_environment_ecosystem_discovery_index.csv,1,1,yes,yes,,company_or_product,conservative domain/path heuristic; not a claim-quality decision,likely first-party/company domain (heuristic),no,
https://www.nobroker.in/,https://nobroker.in/,nobroker.in,research/regional_companies_agent.csv,1,1,yes,yes,,company_or_product,conservative domain/path heuristic; not a claim-quality decision,likely first-party/company domain (heuristic),no,
https://www.nobroker.in/forum/wp-content/uploads/2026/01/NoBroker_Realestate_Report_2025_compressed.pdf,https://nobroker.in/forum/wp-content/uploads/2026/01/NoBroker_Realestate_Report_2025_compressed.pdf,nobroker.in,research/regional_companies_agent.csv|research/regional_proptech_landscape.md,2,2,yes,yes,,company_or_product,conservative domain/path heuristic; not a claim-quality decision,likely first-party/company domain (heuristic),no,
https://www.noda.ai/,https://noda.ai/,noda.ai,research/built_environment_ecosystem_discovery_index.csv,1,1,yes,yes,,company_or_product,conservative domain/path heuristic; not a claim-quality decision,likely first-party/company domain (heuristic),no,
https://www.noro.co/,https://noro.co/,noro.co,research/built_environment_ecosystem_discovery_index.csv,1,1,yes,yes,,company_or_product,conservative domain/path heuristic; not a claim-quality decision,likely first-party/company domain (heuristic),no,
https://www.northspyre.com/,https://northspyre.com/,northspyre.com,research/enterprise_platform_additions.csv,1,1,yes,yes,,company_or_product,conservative domain/path heuristic; not a claim-quality decision,likely first-party/company domain (heuristic),no,
https://www.northspyre.com/?hsLang=en,https://northspyre.com/,northspyre.com,research/enterprise_platform_additions.csv|research/enterprise_platform_coverage_audit.md,2,2,yes,yes,,company_or_product,conservative domain/path heuristic; not a claim-quality decision,likely first-party/company domain (heuristic),no,
https://www.northspyre.com/about-us,https://northspyre.com/about-us,northspyre.com,research/enterprise_platform_additions.csv|research/enterprise_platform_coverage_audit.md,2,2,yes,yes,,company_or_product,conservative domain/path heuristic; not a claim-quality decision,likely first-party/company domain (heuristic),no,
https://www.northspyre.com/all-asset-classes/commercial,https://northspyre.com/all-asset-classes/commercial,northspyre.com,research/enterprise_platform_additions.csv,1,1,yes,yes,,company_or_product,conservative domain/path heuristic; not a claim-quality decision,likely first-party/company domain (heuristic),no,
https://www.northspyre.com/blog/northspyre-2025-year-in-review,https://northspyre.com/blog/northspyre-2025-year-in-review,northspyre.com,research/enterprise_platform_additions.csv|research/enterprise_platform_coverage_audit.md,2,2,yes,yes,,company_or_product,conservative domain/path heuristic; not a claim-quality decision,likely first-party/company domain (heuristic),no,
https://www.novacredit.com/,https://novacredit.com/,novacredit.com,research/built_environment_ecosystem_discovery_index.csv,1,1,yes,yes,,company_or_product,conservative domain/path heuristic; not a claim-quality decision,likely first-party/company domain (heuristic),no,
https://www.nuveen.com/global/real-estate,https://nuveen.com/global/real-estate,nuveen.com,research/global_real_estate_pioneers_agent.csv,1,2,yes,yes,,company_or_product,conservative domain/path heuristic; not a claim-quality decision,likely first-party/company domain (heuristic),no,
https://www.obayashi.co.jp/en/,https://obayashi.co.jp/en,obayashi.co.jp,research/global_real_estate_pioneers_agent.csv,1,2,yes,yes,,company_or_product,conservative domain/path heuristic; not a claim-quality decision,likely first-party/company domain (heuristic),no,
https://www.obieinsurance.com/,https://obieinsurance.com/,obieinsurance.com,research/built_environment_ecosystem_discovery_index.csv,1,2,yes,yes,,company_or_product,conservative domain/path heuristic; not a claim-quality decision,likely first-party/company domain (heuristic),no,
https://www.occupier.com/,https://occupier.com/,occupier.com,research/built_environment_ecosystem_discovery_index.csv,1,1,yes,yes,,company_or_product,conservative domain/path heuristic; not a claim-quality decision,likely first-party/company domain (heuristic),no,
https://www.odoo.com/pl_PL/partners/kolpolok-limited-12013434,https://odoo.com/pl_PL/partners/kolpolok-limited-12013434,odoo.com,JCX_Second_Pass_Strategy_PropTech_Startups_2026-08-29.md,1,1,yes,yes,,company_or_product,conservative domain/path heuristic; not a claim-quality decision,likely first-party/company domain (heuristic),no,
https://www.ogc.org/standards/citygml/,https://ogc.org/standards/citygml,ogc.org,research/standards_interoperability_governance.md|research/standards_registry.csv,2,3,yes,yes,,research_or_industry,conservative domain/path heuristic; not a claim-quality decision,research/industry context; authority varies,no,
https://www.ogc.org/standards/ogcapi-features/,https://ogc.org/standards/ogcapi-features,ogc.org,JCX_Global_PropTech_Intelligence_Atlas_2026-08-30.md|research/standards_interoperability_governance.md|research/standards_registry.csv,3,4,yes,yes,,research_or_industry,conservative domain/path heuristic; not a claim-quality decision,research/industry context; authority varies,no,
https://www.ogc.org/standards/sensorthings/,https://ogc.org/standards/sensorthings,ogc.org,JCX_Global_PropTech_Intelligence_Atlas_2026-08-30.md|research/standards_interoperability_governance.md|research/standards_registry.csv,3,4,yes,yes,,research_or_industry,conservative domain/path heuristic; not a claim-quality decision,research/industry context; authority varies,no,
https://www.onsiteiq.com,https://onsiteiq.com/,onsiteiq.com,research/built_environment_ecosystem_discovery_index.csv,1,1,yes,yes,,company_or_product,conservative domain/path heuristic; not a claim-quality decision,likely first-party/company domain (heuristic),no,
https://www.opendoor.com/,https://opendoor.com/,opendoor.com,research/built_environment_ecosystem_discovery_index.csv|research/global_real_estate_pioneers_agent.csv,2,3,yes,yes,,company_or_product,conservative domain/path heuristic; not a claim-quality decision,likely first-party/company domain (heuristic),no,
https://www.opensolar.com/,https://opensolar.com/,opensolar.com,research/startup_core_additions.csv|research/startup_coverage_additions.csv,2,4,yes,yes,,company_or_product,conservative domain/path heuristic; not a claim-quality decision,likely first-party/company domain (heuristic),no,
https://www.openspace.ai/,https://openspace.ai/,openspace.ai,JCX_Second_Pass_Strategy_PropTech_Startups_2026-08-29.md|research/built_environment_ecosystem_discovery_index.csv|research/proptech_startup_universe.md|research/proptech_startups_agent.csv,4,5,yes,yes,,company_or_product,conservative domain/path heuristic; not a claim-quality decision,likely first-party/company domain (heuristic),no,
https://www.openspace.ai/blog/vinci-construction-uk-uses-openspace-to-create-efficiency/,https://openspace.ai/blog/vinci-construction-uk-uses-openspace-to-create-efficiency,openspace.ai,research/quantified_outcome_case_library.csv,1,1,yes,yes,,company_or_product,conservative domain/path heuristic; not a claim-quality decision,likely first-party/company domain (heuristic),no,
https://www.openspace.ai/resources/case-studies/balfour-beatty-openspace-case-study/,https://openspace.ai/resources/case-studies/balfour-beatty-openspace-case-study,openspace.ai,research/quantified_outcome_case_library.csv,1,1,yes,yes,,company_or_product,conservative domain/path heuristic; not a claim-quality decision,likely first-party/company domain (heuristic),no,
https://www.openspace.ai/resources/case-studies/how-openspace-delivers-faster-more-complete-documentation-to-novo-construction/,https://openspace.ai/resources/case-studies/how-openspace-delivers-faster-more-complete-documentation-to-novo-construction,openspace.ai,research/quantified_outcome_case_library.csv,1,1,yes,yes,,company_or_product,conservative domain/path heuristic; not a claim-quality decision,likely first-party/company domain (heuristic),no,
https://www.openspace.ai/resources/case-studies/us-engineering/,https://openspace.ai/resources/case-studies/us-engineering,openspace.ai,research/quantified_outcome_case_library.csv,1,1,yes,yes,,company_or_product,conservative domain/path heuristic; not a claim-quality decision,likely first-party/company domain (heuristic),no,
https://www.oracle.com/construction-engineering/aconex/,https://oracle.com/construction-engineering/aconex,oracle.com,research/enterprise_platform_additions.csv|research/enterprise_platform_coverage_audit.md,2,3,yes,yes,,company_or_product,conservative domain/path heuristic; not a claim-quality decision,likely first-party/company domain (heuristic),no,
https://www.oracle.com/construction-engineering/textura-construction-payment-management/,https://oracle.com/construction-engineering/textura-construction-payment-management,oracle.com,JCX_Second_Pass_Strategy_PropTech_Startups_2026-08-29.md|research/enterprise_platform_additions.csv|research/enterprise_platform_coverage_audit.md,3,3,yes,yes,,company_or_product,conservative domain/path heuristic; not a claim-quality decision,likely first-party/company domain (heuristic),no,
https://www.orbital.tech/,https://orbital.tech/,orbital.tech,research/built_environment_ecosystem_discovery_index.csv,1,1,yes,yes,,company_or_product,conservative domain/path heuristic; not a claim-quality decision,likely first-party/company domain (heuristic),no,
https://www.orbital.tech/uk,https://orbital.tech/uk,orbital.tech,JCX_Global_PropTech_Intelligence_Atlas_2026-08-30.md|research/coverage_gap_additions.csv|research/coverage_gap_audit.md,3,4,yes,yes,,company_or_product,conservative domain/path heuristic; not a claim-quality decision,likely first-party/company domain (heuristic),no,
https://www.orbital.tech/uk/solutions/acquisitions,https://orbital.tech/uk/solutions/acquisitions,orbital.tech,research/coverage_gap_additions.csv,1,1,yes,yes,,company_or_product,conservative domain/path heuristic; not a claim-quality decision,likely first-party/company domain (heuristic),no,
https://www.orbitalwitness.com/,https://orbitalwitness.com/,orbitalwitness.com,research/built_environment_ecosystem_discovery_index.csv,1,1,yes,yes,,company_or_product,conservative domain/path heuristic; not a claim-quality decision,likely first-party/company domain (heuristic),no,
https://www.oscre.org/,https://oscre.org/,oscre.org,research/standards_interoperability_governance.md,1,1,yes,yes,,research_or_industry,conservative domain/path heuristic; not a claim-quality decision,research/industry context; authority varies,no,
https://www.oscre.org/Industry-Data-Model/Introducing-the-Data-Model,https://oscre.org/Industry-Data-Model/Introducing-the-Data-Model,oscre.org,JCX_Global_PropTech_Intelligence_Atlas_2026-08-30.md|research/standards_interoperability_governance.md|research/standards_registry.csv,3,4,yes,yes,,research_or_industry,conservative domain/path heuristic; not a claim-quality decision,research/industry context; authority varies,no,
https://www.oscre.org/Resources/FAQs,https://oscre.org/Resources/FAQs,oscre.org,research/standards_interoperability_governance.md,1,1,yes,yes,,research_or_industry,conservative domain/path heuristic; not a claim-quality decision,research/industry context; authority varies,no,
https://www.ourpetpolicy.com,https://ourpetpolicy.com/,ourpetpolicy.com,research/built_environment_ecosystem_discovery_index.csv,1,1,yes,yes,,company_or_product,conservative domain/path heuristic; not a claim-quality decision,likely first-party/company domain (heuristic),no,
https://www.outbuild.com/,https://outbuild.com/,outbuild.com,research/startup_core_additions.csv|research/startup_coverage_additions.csv,2,4,yes,yes,,company_or_product,conservative domain/path heuristic; not a claim-quality decision,likely first-party/company domain (heuristic),no,
https://www.outbuild.com/about-us,https://outbuild.com/about-us,outbuild.com,research/startup_core_additions.csv|research/startup_coverage_additions.csv,2,2,yes,yes,,company_or_product,conservative domain/path heuristic; not a claim-quality decision,likely first-party/company domain (heuristic),no,
https://www.oxfordproperties.com/,https://oxfordproperties.com/,oxfordproperties.com,research/global_real_estate_pioneers_agent.csv,1,2,yes,yes,,company_or_product,conservative domain/path heuristic; not a claim-quality decision,likely first-party/company domain (heuristic),no,
https://www.pacaso.com/,https://pacaso.com/,pacaso.com,research/built_environment_ecosystem_discovery_index.csv,1,1,yes,yes,,company_or_product,conservative domain/path heuristic; not a claim-quality decision,likely first-party/company domain (heuristic),no,
https://www.padsplit.com,https://padsplit.com/,padsplit.com,research/built_environment_ecosystem_discovery_index.csv,1,1,yes,yes,,company_or_product,conservative domain/path heuristic; not a claim-quality decision,likely first-party/company domain (heuristic),no,
https://www.palazzo.ai/,https://palazzo.ai/,palazzo.ai,research/built_environment_ecosystem_discovery_index.csv,1,1,yes,yes,,company_or_product,conservative domain/path heuristic; not a claim-quality decision,likely first-party/company domain (heuristic),no,
https://www.paritygo.com,https://paritygo.com/,paritygo.com,research/built_environment_ecosystem_discovery_index.csv,1,1,yes,yes,,company_or_product,conservative domain/path heuristic; not a claim-quality decision,likely first-party/company domain (heuristic),no,
https://www.passivelogic.com/,https://passivelogic.com/,passivelogic.com,research/enterprise_platform_additions.csv|research/enterprise_platform_coverage_audit.md,2,3,yes,yes,,company_or_product,conservative domain/path heuristic; not a claim-quality decision,likely first-party/company domain (heuristic),no,
https://www.peek.us/,https://peek.us/,peek.us,research/built_environment_ecosystem_discovery_index.csv,1,1,yes,yes,,company_or_product,conservative domain/path heuristic; not a claim-quality decision,likely first-party/company domain (heuristic),no,
https://www.pelles.ai/,https://pelles.ai/,pelles.ai,research/built_environment_ecosystem_discovery_index.csv,1,1,yes,yes,,company_or_product,conservative domain/path heuristic; not a claim-quality decision,likely first-party/company domain (heuristic),no,
https://www.php.net/eol.php,https://php.net/eol.php,php.net,JCX_Meeting_Dossier_2026-08-29.md,1,1,yes,yes,,company_or_product,conservative domain/path heuristic; not a claim-quality decision,likely first-party/company domain (heuristic),no,
https://www.pinata.ai/,https://pinata.ai/,pinata.ai,research/built_environment_ecosystem_discovery_index.csv,1,1,yes,yes,,company_or_product,conservative domain/path heuristic; not a claim-quality decision,likely first-party/company domain (heuristic),no,
https://www.pine.ca/,https://pine.ca/,pine.ca,research/built_environment_ecosystem_discovery_index.csv,1,1,yes,yes,,company_or_product,conservative domain/path heuristic; not a claim-quality decision,likely first-party/company domain (heuristic),no,
https://www.pinhome.id/pages/tentang-kami,https://pinhome.id/pages/tentang-kami,pinhome.id,research/coverage_gap_additions.csv|research/coverage_gap_audit.md,2,3,yes,yes,,company_or_product,conservative domain/path heuristic; not a claim-quality decision,likely first-party/company domain (heuristic),no,
https://www.pinpointanalytics.ai/,https://pinpointanalytics.ai/,pinpointanalytics.ai,research/built_environment_ecosystem_discovery_index.csv,1,1,yes,yes,,company_or_product,conservative domain/path heuristic; not a claim-quality decision,likely first-party/company domain (heuristic),no,
https://www.placemakr.com/,https://placemakr.com/,placemakr.com,research/built_environment_ecosystem_discovery_index.csv,1,1,yes,yes,,company_or_product,conservative domain/path heuristic; not a claim-quality decision,likely first-party/company domain (heuristic),no,
https://www.planera.io/,https://planera.io/,planera.io,research/built_environment_ecosystem_discovery_index.csv,1,1,yes,yes,,company_or_product,conservative domain/path heuristic; not a claim-quality decision,likely first-party/company domain (heuristic),no,
https://www.plangrid.com/,https://plangrid.com/,plangrid.com,research/proptech_startups_agent.csv,1,1,yes,yes,,company_or_product,conservative domain/path heuristic; not a claim-quality decision,likely first-party/company domain (heuristic),no,
https://www.planning.nsw.gov.au/news/nsw-government-bringing-planning-21st-century,https://planning.nsw.gov.au/news/nsw-government-bringing-planning-21st-century,planning.nsw.gov.au,research/regional_companies_agent.csv|research/regional_proptech_landscape.md,2,2,yes,yes,,government_or_regulator,conservative domain/path heuristic; not a claim-quality decision,likely authoritative/official (heuristic),no,
https://www.planradar.com/,https://planradar.com/,planradar.com,JCX_Second_Pass_Strategy_PropTech_Startups_2026-08-29.md|research/proptech_startup_universe.md|research/proptech_startups_agent.csv,3,4,yes,yes,,company_or_product,conservative domain/path heuristic; not a claim-quality decision,likely first-party/company domain (heuristic),no,
https://www.plentific.com/,https://plentific.com/,plentific.com,JCX_Global_PropTech_Intelligence_Atlas_2026-08-30.md|research/coverage_gap_additions.csv,2,3,yes,yes,,company_or_product,conservative domain/path heuristic; not a claim-quality decision,likely first-party/company domain (heuristic),no,
https://www.plugzio.com,https://plugzio.com/,plugzio.com,research/built_environment_ecosystem_discovery_index.csv,1,1,yes,yes,,company_or_product,conservative domain/path heuristic; not a claim-quality decision,likely first-party/company domain (heuristic),no,
https://www.pointcentral.com/,https://pointcentral.com/,pointcentral.com,research/built_environment_ecosystem_discovery_index.csv,1,1,yes,yes,,company_or_product,conservative domain/path heuristic; not a claim-quality decision,likely first-party/company domain (heuristic),no,
https://www.pollyex.com/,https://pollyex.com/,pollyex.com,research/built_environment_ecosystem_discovery_index.csv,1,1,yes,yes,,company_or_product,conservative domain/path heuristic; not a claim-quality decision,likely first-party/company domain (heuristic),no,
https://www.predictap.com,https://predictap.com/,predictap.com,research/built_environment_ecosystem_discovery_index.csv,1,1,yes,yes,,company_or_product,conservative domain/path heuristic; not a claim-quality decision,likely first-party/company domain (heuristic),no,
https://www.predictap.com/,https://predictap.com/,predictap.com,research/startup_core_additions.csv|research/startup_coverage_additions.csv,2,3,yes,yes,,company_or_product,conservative domain/path heuristic; not a claim-quality decision,likely first-party/company domain (heuristic),no,
https://www.prestigeconstructions.com/,https://prestigeconstructions.com/,prestigeconstructions.com,research/global_real_estate_pioneers.md|research/global_real_estate_pioneers_agent.csv,2,2,yes,yes,,company_or_product,conservative domain/path heuristic; not a claim-quality decision,likely first-party/company domain (heuristic),no,
https://www.prestigeconstructions.com/investors,https://prestigeconstructions.com/investors,prestigeconstructions.com,JCX_Global_PropTech_Intelligence_Atlas_2026-08-30.md,1,1,yes,yes,,company_or_product,conservative domain/path heuristic; not a claim-quality decision,likely first-party/company domain (heuristic),no,
https://www.prnewswire.com/news-releases/passivelogic-introduces-the-worlds-first-generative-autonomy-platform-for-buildings-and-industrial-infrastructure-302820208.html,https://prnewswire.com/news-releases/passivelogic-introduces-the-worlds-first-generative-autonomy-platform-for-buildings-and-industrial-infrastructure-302820208.html,prnewswire.com,research/enterprise_platform_additions.csv|research/enterprise_platform_coverage_audit.md,2,2,yes,yes,,company_or_product,conservative domain/path heuristic; not a claim-quality decision,likely first-party/company domain (heuristic),no,
https://www.procore.com/,https://procore.com/,procore.com,JCX_Second_Pass_Strategy_PropTech_Startups_2026-08-29.md|research/global_real_estate_pioneers_agent.csv|research/proptech_startup_universe.md|research/proptech_startups_agent.csv,4,6,yes,yes,,company_or_product,conservative domain/path heuristic; not a claim-quality decision,likely first-party/company domain (heuristic),no,
https://www.procore.com/casestudies/beck-group,https://procore.com/casestudies/beck-group,procore.com,research/quantified_outcome_case_library.csv,1,1,yes,yes,,company_or_product,conservative domain/path heuristic; not a claim-quality decision,likely first-party/company domain (heuristic),no,
https://www.procore.com/casestudies/modigent,https://procore.com/casestudies/modigent,procore.com,JCX_Global_PropTech_Intelligence_Atlas_2026-08-30.md|research/quantified_outcome_case_library.csv,2,2,yes,yes,,company_or_product,conservative domain/path heuristic; not a claim-quality decision,likely first-party/company domain (heuristic),no,
https://www.procore.com/en-gb/casestudies/alpine-works,https://procore.com/en-gb/casestudies/alpine-works,procore.com,research/quantified_outcome_case_library.csv,1,1,yes,yes,,company_or_product,conservative domain/path heuristic; not a claim-quality decision,likely first-party/company domain (heuristic),no,
https://www.procore.com/owners,https://procore.com/owners,procore.com,research/built_environment_ecosystem_discovery_index.csv,1,1,yes,yes,,company_or_product,conservative domain/path heuristic; not a claim-quality decision,likely first-party/company domain (heuristic),no,
https://www.procore.com/what-is-procore,https://procore.com/what-is-procore,procore.com,research/built_environment_ecosystem_discovery_index.csv,1,1,yes,yes,,company_or_product,conservative domain/path heuristic; not a claim-quality decision,likely first-party/company domain (heuristic),no,
https://www.project-haystack.org/doc/docHaystack/Intro,https://project-haystack.org/doc/docHaystack/Intro,project-haystack.org,research/standards_interoperability_governance.md,1,1,yes,yes,,research_or_industry,conservative domain/path heuristic; not a claim-quality decision,research/industry context; authority varies,no,
https://www.prologis.com/,https://prologis.com/,prologis.com,research/global_real_estate_pioneers_agent.csv,1,1,yes,yes,,company_or_product,conservative domain/path heuristic; not a claim-quality decision,likely first-party/company domain (heuristic),no,
https://www.prologis.com/insights-news/blog/evolution-smart-warehouse-ai-automation-and-robotics-work,https://prologis.com/insights-news/blog/evolution-smart-warehouse-ai-automation-and-robotics-work,prologis.com,research/global_real_estate_pioneers.md,1,1,yes,yes,,company_or_product,conservative domain/path heuristic; not a claim-quality decision,likely first-party/company domain (heuristic),no,
https://www.prologis.com/insights-news/blog/sustainability-growth-strategy-logistics-real-estate-prologis-2025-26-gis-report,https://prologis.com/insights-news/blog/sustainability-growth-strategy-logistics-real-estate-prologis-2025-26-gis-report,prologis.com,research/global_real_estate_pioneers.md,1,1,yes,yes,,company_or_product,conservative domain/path heuristic; not a claim-quality decision,likely first-party/company domain (heuristic),no,
https://www.prologis.com/insights-news/success-stories/turnkey-warehouse-solution-transforms-3pl-warehouse-operation,https://prologis.com/insights-news/success-stories/turnkey-warehouse-solution-transforms-3pl-warehouse-operation,prologis.com,JCX_Meeting_Dossier_2026-08-29.md,1,1,yes,yes,,company_or_product,conservative domain/path heuristic; not a claim-quality decision,likely first-party/company domain (heuristic),no,
https://www.prologis.com/shareholder-letter-2025,https://prologis.com/shareholder-letter-2025,prologis.com,research/global_real_estate_pioneers.md|research/global_real_estate_pioneers_agent.csv,2,2,yes,yes,,company_or_product,conservative domain/path heuristic; not a claim-quality decision,likely first-party/company domain (heuristic),no,
https://www.proof.com/,https://proof.com/,proof.com,research/built_environment_ecosystem_discovery_index.csv,1,1,yes,yes,,company_or_product,conservative domain/path heuristic; not a claim-quality decision,likely first-party/company domain (heuristic),no,
https://www.property24.com/about-us,https://property24.com/about-us,property24.com,JCX_Global_PropTech_Intelligence_Atlas_2026-08-30.md|research/coverage_gap_additions.csv|research/coverage_gap_audit.md,3,4,yes,yes,,company_or_product,conservative domain/path heuristic; not a claim-quality decision,likely first-party/company domain (heuristic),no,
https://www.propertyfinder.ae/en,https://propertyfinder.ae/en,propertyfinder.ae,research/coverage_gap_additions.csv,1,1,yes,yes,,company_or_product,conservative domain/path heuristic; not a claim-quality decision,likely first-party/company domain (heuristic),no,
https://www.propertyfinder.ae/en/about-us.html,https://propertyfinder.ae/en/about-us.html,propertyfinder.ae,research/coverage_gap_additions.csv|research/coverage_gap_audit.md,2,3,yes,yes,,company_or_product,conservative domain/path heuristic; not a claim-quality decision,likely first-party/company domain (heuristic),no,
https://www.propertyguru.com.sg/,https://propertyguru.com.sg/,propertyguru.com.sg,research/proptech_startup_universe.md|research/proptech_startups_agent.csv|research/regional_companies_agent.csv,3,4,yes,yes,,company_or_product,conservative domain/path heuristic; not a claim-quality decision,likely first-party/company domain (heuristic),no,
https://www.propertyguru.com.sg/about-us/our-company,https://propertyguru.com.sg/about-us/our-company,propertyguru.com.sg,research/regional_companies_agent.csv|research/regional_proptech_landscape.md,2,2,yes,yes,,company_or_product,conservative domain/path heuristic; not a claim-quality decision,likely first-party/company domain (heuristic),no,
https://www.propertyguru.com.sg/about-us/our-company)**,https://propertyguru.com.sg/about-us/our-company)**,propertyguru.com.sg,JCX_Global_PropTech_Intelligence_Atlas_2026-08-30.md,1,1,yes,yes,,company_or_product,conservative domain/path heuristic; not a claim-quality decision,likely first-party/company domain (heuristic),no,
https://www.propertyland.co/,https://propertyland.co/,propertyland.co,research/regional_companies_agent.csv,1,1,yes,yes,,company_or_product,conservative domain/path heuristic; not a claim-quality decision,likely first-party/company domain (heuristic),no,
https://www.propertyland.co/footer/about,https://propertyland.co/footer/about,propertyland.co,JCX_Global_PropTech_Intelligence_Atlas_2026-08-30.md|research/regional_companies_agent.csv|research/regional_proptech_landscape.md,3,3,yes,yes,,company_or_product,conservative domain/path heuristic; not a claim-quality decision,likely first-party/company domain (heuristic),no,
https://www.propexo.com/,https://propexo.com/,propexo.com,research/proptech_startup_universe.md|research/proptech_startups_agent.csv,2,3,yes,yes,,company_or_product,conservative domain/path heuristic; not a claim-quality decision,likely first-party/company domain (heuristic),no,
https://www.proq.com.bd/,https://proq.com.bd/,proq.com.bd,research/final_corpus_qa.md|research/regional_companies_agent.csv,2,2,yes,yes,,company_or_product,conservative domain/path heuristic; not a claim-quality decision,likely first-party/company domain (heuristic),no,
https://www.pultegroup.com/,https://pultegroup.com/,pultegroup.com,research/operator_coverage_additions.csv,1,1,yes,yes,,company_or_product,conservative domain/path heuristic; not a claim-quality decision,likely first-party/company domain (heuristic),no,
https://www.pwc.com/gx/en/industries/financial-services/real-estate/emerging-trends-real-estate/europe.html,https://pwc.com/gx/en/industries/financial-services/real-estate/emerging-trends-real-estate/europe.html,pwc.com,JCX_Global_PropTech_Intelligence_Atlas_2026-08-30.md|research/market_trends_and_failure_lessons.md,2,2,yes,yes,,research_or_industry,conservative domain/path heuristic; not a claim-quality decision,research/industry context; authority varies,no,
https://www.pwc.com/us/en/industries/financial-services/asset-wealth-management/real-estate/emerging-trends-in-real-estate-pwc-uli/trends/proptech-to-propos.html,https://pwc.com/us/en/industries/financial-services/asset-wealth-management/real-estate/emerging-trends-in-real-estate-pwc-uli/trends/proptech-to-propos.html,pwc.com,JCX_Global_PropTech_Intelligence_Atlas_2026-08-30.md|research/market_trends_and_failure_lessons.md,2,2,yes,yes,,research_or_industry,conservative domain/path heuristic; not a claim-quality decision,research/industry context; authority varies,no,
https://www.qdesq.com/,https://qdesq.com/,qdesq.com,research/built_environment_ecosystem_discovery_index.csv,1,1,yes,yes,,company_or_product,conservative domain/path heuristic; not a claim-quality decision,likely first-party/company domain (heuristic),no,
https://www.qflow.tech/,https://qflow.tech/,qflow.tech,research/proptech_startups_agent.csv,1,2,yes,yes,,company_or_product,conservative domain/path heuristic; not a claim-quality decision,likely first-party/company domain (heuristic),no,
https://www.qloo.com/,https://qloo.com/,qloo.com,research/built_environment_ecosystem_discovery_index.csv,1,1,yes,yes,,company_or_product,conservative domain/path heuristic; not a claim-quality decision,likely first-party/company domain (heuristic),no,
https://www.qualisflow.com/,https://qualisflow.com/,qualisflow.com,JCX_Global_PropTech_Intelligence_Atlas_2026-08-30.md|research/coverage_gap_additions.csv,2,3,yes,yes,,company_or_product,conservative domain/path heuristic; not a claim-quality decision,likely first-party/company domain (heuristic),no,
https://www.quintoandar.com.br/forbusiness,https://quintoandar.com.br/forbusiness,quintoandar.com.br,research/coverage_gap_audit.md,1,1,yes,yes,,company_or_product,conservative domain/path heuristic; not a claim-quality decision,likely first-party/company domain (heuristic),no,
https://www.quintoandar.com.br/newsroom/en/,https://quintoandar.com.br/newsroom/en,quintoandar.com.br,research/coverage_gap_additions.csv,1,1,yes,yes,,company_or_product,conservative domain/path heuristic; not a claim-quality decision,likely first-party/company domain (heuristic),no,
https://www.quintoandar.com.br/newsroom/en/about/,https://quintoandar.com.br/newsroom/en/about,quintoandar.com.br,research/coverage_gap_additions.csv|research/coverage_gap_audit.md,2,3,yes,yes,,company_or_product,conservative domain/path heuristic; not a claim-quality decision,likely first-party/company domain (heuristic),no,
https://www.re-leased.com/en-us/,https://re-leased.com/en-us,re-leased.com,research/built_environment_ecosystem_discovery_index.csv,1,1,yes,yes,,company_or_product,conservative domain/path heuristic; not a claim-quality decision,likely first-party/company domain (heuristic),no,
https://www.realpage.com/,https://realpage.com/,realpage.com,research/enterprise_platform_additions.csv|research/enterprise_platform_coverage_audit.md,2,3,yes,yes,,company_or_product,conservative domain/path heuristic; not a claim-quality decision,likely first-party/company domain (heuristic),no,
https://www.realpage.com/multifamily/,https://realpage.com/multifamily,realpage.com,research/enterprise_platform_additions.csv,1,1,yes,yes,,company_or_product,conservative domain/path heuristic; not a claim-quality decision,likely first-party/company domain (heuristic),no,
https://www.realpage.com/news/realpage-showcases-lumina-ai-at-apartmentalize-2025/,https://realpage.com/news/realpage-showcases-lumina-ai-at-apartmentalize-2025,realpage.com,research/enterprise_platform_additions.csv|research/enterprise_platform_coverage_audit.md,2,2,yes,yes,,company_or_product,conservative domain/path heuristic; not a claim-quality decision,likely first-party/company domain (heuristic),no,
https://www.realpage.com/platforms/property-operations/,https://realpage.com/platforms/property-operations,realpage.com,research/enterprise_platform_additions.csv|research/enterprise_platform_coverage_audit.md,2,2,yes,yes,,company_or_product,conservative domain/path heuristic; not a claim-quality decision,likely first-party/company domain (heuristic),no,
https://www.redfin.com/,https://redfin.com/,redfin.com,research/global_real_estate_pioneers_agent.csv,1,2,yes,yes,,company_or_product,conservative domain/path heuristic; not a claim-quality decision,likely first-party/company domain (heuristic),no,
https://www.redseaglobal.com/,https://redseaglobal.com/,redseaglobal.com,research/operator_coverage_additions.csv,1,1,yes,yes,,company_or_product,conservative domain/path heuristic; not a claim-quality decision,likely first-party/company domain (heuristic),no,
https://www.redseaglobal.com/en/responsible-development/,https://redseaglobal.com/en/responsible-development,redseaglobal.com,research/operator_coverage_additions.csv|research/operator_coverage_final_audit.md,2,2,yes,yes,,company_or_product,conservative domain/path heuristic; not a claim-quality decision,likely first-party/company domain (heuristic),no,
https://www.redseaglobal.com/en/responsible-development/planet/,https://redseaglobal.com/en/responsible-development/planet,redseaglobal.com,research/operator_coverage_additions.csv|research/operator_coverage_final_audit.md,2,2,yes,yes,,company_or_product,conservative domain/path heuristic; not a claim-quality decision,likely first-party/company domain (heuristic),no,
https://www.rehab-bd.org/rehab-member/,https://rehab-bd.org/rehab-member,rehab-bd.org,JCX_Global_PropTech_Intelligence_Atlas_2026-08-30.md|research/regional_proptech_landscape.md,2,2,yes,yes,,research_or_industry,conservative domain/path heuristic; not a claim-quality decision,research/industry context; authority varies,no,
https://www.related-digital.com/,https://related-digital.com/,related-digital.com,research/global_real_estate_pioneers.md|research/global_real_estate_pioneers_agent.csv,2,3,yes,yes,,company_or_product,conservative domain/path heuristic; not a claim-quality decision,likely first-party/company domain (heuristic),no,
https://www.related.com/,https://related.com/,related.com,research/global_real_estate_pioneers_agent.csv,1,1,yes,yes,,company_or_product,conservative domain/path heuristic; not a claim-quality decision,likely first-party/company domain (heuristic),no,
https://www.related.com/our-company,https://related.com/our-company,related.com,JCX_Global_PropTech_Intelligence_Atlas_2026-08-30.md|research/global_real_estate_pioneers.md|research/global_real_estate_pioneers_agent.csv,3,3,yes,yes,,company_or_product,conservative domain/path heuristic; not a claim-quality decision,likely first-party/company domain (heuristic),no,
https://www.renofi.com/,https://renofi.com/,renofi.com,research/built_environment_ecosystem_discovery_index.csv,1,1,yes,yes,,company_or_product,conservative domain/path heuristic; not a claim-quality decision,likely first-party/company domain (heuristic),no,
https://www.rentbutter.com,https://rentbutter.com/,rentbutter.com,research/built_environment_ecosystem_discovery_index.csv,1,1,yes,yes,,company_or_product,conservative domain/path heuristic; not a claim-quality decision,likely first-party/company domain (heuristic),no,
https://www.rentflow.com/,https://rentflow.com/,rentflow.com,research/built_environment_ecosystem_discovery_index.csv,1,1,yes,yes,,company_or_product,conservative domain/path heuristic; not a claim-quality decision,likely first-party/company domain (heuristic),no,
https://www.ret.vc/perspectives/looking-back-on-a-successful-2023,https://ret.vc/perspectives/looking-back-on-a-successful-2023,ret.vc,research/startup_core_additions.csv|research/startup_coverage_additions.csv,2,2,yes,yes,,company_or_product,conservative domain/path heuristic; not a claim-quality decision,likely first-party/company domain (heuristic),no,
https://www.ret.vc/portfolio,https://ret.vc/portfolio,ret.vc,research/final_coverage_assurance.md|research/startup_core_additions.csv|research/startup_coverage_additions.csv|research/startup_coverage_final_audit.md,4,13,yes,yes,,company_or_product,conservative domain/path heuristic; not a claim-quality decision,likely first-party/company domain (heuristic),no,
https://www.ret.vc/portfolio/,https://ret.vc/portfolio,ret.vc,JCX_Global_PropTech_Intelligence_Atlas_2026-08-30.md|research/build_ecosystem_discovery_index.py|research/built_environment_ecosystem_discovery_index.csv|research/built_environment_ecosystem_discovery_index.md,4,55,yes,yes,,company_or_product,conservative domain/path heuristic; not a claim-quality decision,likely first-party/company domain (heuristic),no,
https://www.reuters.com/,https://reuters.com/,reuters.com,research/global_real_estate_pioneers_agent.csv,1,1,yes,yes,,independent_media,conservative domain/path heuristic; not a claim-quality decision,independent reporting; verify article scope,no,
https://www.revela.co/,https://revela.co/,revela.co,research/built_environment_ecosystem_discovery_index.csv,1,1,yes,yes,,company_or_product,conservative domain/path heuristic; not a claim-quality decision,likely first-party/company domain (heuristic),no,
https://www.reverecre.com,https://reverecre.com/,reverecre.com,research/built_environment_ecosystem_discovery_index.csv,1,1,yes,yes,,company_or_product,conservative domain/path heuristic; not a claim-quality decision,likely first-party/company domain (heuristic),no,
https://www.rics.org/profession-standards/rics-standards-and-guidance/sector-standards/construction-standards/whole-life-carbon-assessment,https://rics.org/profession-standards/rics-standards-and-guidance/sector-standards/construction-standards/whole-life-carbon-assessment,rics.org,JCX_Global_PropTech_Intelligence_Atlas_2026-08-30.md|research/standards_interoperability_governance.md|research/standards_registry.csv,3,4,yes,yes,,research_or_industry,conservative domain/path heuristic; not a claim-quality decision,research/industry context; authority varies,no,
https://www.rics.org/profession-standards/rics-standards-and-guidance/sector-standards/land-standards/international-land-measurement-standard,https://rics.org/profession-standards/rics-standards-and-guidance/sector-standards/land-standards/international-land-measurement-standard,rics.org,research/atlas_methodology_and_website_ia.md,1,1,yes,yes,,research_or_industry,conservative domain/path heuristic; not a claim-quality decision,research/industry context; authority varies,no,
https://www.rightmove.co.uk/,https://rightmove.co.uk/,rightmove.co.uk,research/proptech_startup_universe.md,1,1,yes,yes,,company_or_product,conservative domain/path heuristic; not a claim-quality decision,likely first-party/company domain (heuristic),no,
https://www.rivet.work/,https://rivet.work/,rivet.work,research/built_environment_ecosystem_discovery_index.csv,1,1,yes,yes,,company_or_product,conservative domain/path heuristic; not a claim-quality decision,likely first-party/company domain (heuristic),no,
https://www.roadrunnerwm.com/,https://roadrunnerwm.com/,roadrunnerwm.com,research/built_environment_ecosystem_discovery_index.csv,1,1,yes,yes,,company_or_product,conservative domain/path heuristic; not a claim-quality decision,likely first-party/company domain (heuristic),no,
https://www.rodradar.com/,https://rodradar.com/,rodradar.com,research/built_environment_ecosystem_discovery_index.csv,1,1,yes,yes,,company_or_product,conservative domain/path heuristic; not a claim-quality decision,likely first-party/company domain (heuristic),no,
https://www.rollavideo.com/,https://rollavideo.com/,rollavideo.com,research/built_environment_ecosystem_discovery_index.csv,1,1,yes,yes,,company_or_product,conservative domain/path heuristic; not a claim-quality decision,likely first-party/company domain (heuristic),no,
https://www.roofstock.com/,https://roofstock.com/,roofstock.com,research/built_environment_ecosystem_discovery_index.csv,1,1,yes,yes,,company_or_product,conservative domain/path heuristic; not a claim-quality decision,likely first-party/company domain (heuristic),no,
https://www.roshn.sa/,https://roshn.sa/,roshn.sa,research/global_real_estate_pioneers_agent.csv,1,2,yes,yes,,company_or_product,conservative domain/path heuristic; not a claim-quality decision,likely first-party/company domain (heuristic),no,
https://www.rugged-robotics.com/,https://rugged-robotics.com/,rugged-robotics.com,research/built_environment_ecosystem_discovery_index.csv,1,1,yes,yes,,company_or_product,conservative domain/path heuristic; not a claim-quality decision,likely first-party/company domain (heuristic),no,
https://www.runwise.com/,https://runwise.com/,runwise.com,research/built_environment_ecosystem_discovery_index.csv|research/enterprise_platform_additions.csv|research/enterprise_platform_coverage_audit.md,3,4,yes,yes,,company_or_product,conservative domain/path heuristic; not a claim-quality decision,likely first-party/company domain (heuristic),no,
https://www.runwise.com/faq,https://runwise.com/faq,runwise.com,research/enterprise_platform_additions.csv|research/enterprise_platform_coverage_audit.md,2,2,yes,yes,,company_or_product,conservative domain/path heuristic; not a claim-quality decision,likely first-party/company domain (heuristic),no,
https://www.rypeoffice.com/,https://rypeoffice.com/,rypeoffice.com,research/built_environment_ecosystem_discovery_index.csv,1,1,yes,yes,,company_or_product,conservative domain/path heuristic; not a claim-quality decision,likely first-party/company domain (heuristic),no,
https://www.salesforce.com/,https://salesforce.com/,salesforce.com,JCX_Second_Pass_Strategy_PropTech_Startups_2026-08-29.md,1,1,yes,yes,,company_or_product,conservative domain/path heuristic; not a claim-quality decision,likely first-party/company domain (heuristic),no,
https://www.salesforce.com/ap/customer-stories/uem-sunrise-berhad/,https://salesforce.com/ap/customer-stories/uem-sunrise-berhad,salesforce.com,research/quantified_outcome_case_library.csv,1,1,yes,yes,,company_or_product,conservative domain/path heuristic; not a claim-quality decision,likely first-party/company domain (heuristic),no,
https://www.salesforce.com/in/customer-stories/raymond-realty/,https://salesforce.com/in/customer-stories/raymond-realty,salesforce.com,JCX_Global_PropTech_Intelligence_Atlas_2026-08-30.md|research/quantified_outcome_case_library.csv,2,2,yes,yes,,company_or_product,conservative domain/path heuristic; not a claim-quality decision,likely first-party/company domain (heuristic),no,
https://www.salesforce.com/real-estate/,https://salesforce.com/real-estate,salesforce.com,research/proptech_startup_universe.md|research/proptech_startups_agent.csv,2,3,yes,yes,,company_or_product,conservative domain/path heuristic; not a claim-quality decision,likely first-party/company domain (heuristic),no,
https://www.saltbox.com/,https://saltbox.com/,saltbox.com,research/built_environment_ecosystem_discovery_index.csv,1,1,yes,yes,,company_or_product,conservative domain/path heuristic; not a claim-quality decision,likely first-party/company domain (heuristic),no,
https://www.saltmine.com/,https://saltmine.com/,saltmine.com,research/built_environment_ecosystem_discovery_index.csv,1,1,yes,yes,,company_or_product,conservative domain/path heuristic; not a claim-quality decision,likely first-party/company domain (heuristic),no,
https://www.sap.com/india/asset/dynamic/2023/05/ae97b67f-737e-0010-bca6-c68f7e60039b.html,https://sap.com/india/asset/dynamic/2023/05/ae97b67f-737e-0010-bca6-c68f7e60039b.html,sap.com,JCX_Meeting_Dossier_2026-08-29.md,1,1,yes,yes,,company_or_product,conservative domain/path heuristic; not a claim-quality decision,likely first-party/company domain (heuristic),no,
https://www.se.com/ww/en/assets/564/document/514405/presentation-agm-2025-en.pdf,https://se.com/ww/en/assets/564/document/514405/presentation-agm-2025-en.pdf,se.com,research/enterprise_platform_additions.csv,1,1,yes,yes,,company_or_product,conservative domain/path heuristic; not a claim-quality decision,likely first-party/company domain (heuristic),no,
https://www.se.com/ww/en/work/products/product-launch/building-management-system/,https://se.com/ww/en/work/products/product-launch/building-management-system,se.com,research/enterprise_platform_additions.csv|research/enterprise_platform_coverage_audit.md,2,3,yes,yes,,company_or_product,conservative domain/path heuristic; not a claim-quality decision,likely first-party/company domain (heuristic),no,
https://www.sec.gov/,https://sec.gov/,sec.gov,research/global_real_estate_pioneers_agent.csv,1,1,yes,yes,,government_or_regulator,conservative domain/path heuristic; not a claim-quality decision,likely authoritative/official (heuristic),no,
https://www.sec.gov/Archives/edgar/data/0000822416/000082241626000018/pultegroupinc2025_ars.pdf,https://sec.gov/Archives/edgar/data/0000822416/000082241626000018/pultegroupinc2025_ars.pdf,sec.gov,research/global_real_estate_pioneers.md|research/operator_coverage_additions.csv|research/operator_coverage_final_audit.md,3,3,yes,yes,,government_or_regulator,conservative domain/path heuristic; not a claim-quality decision,likely authoritative/official (heuristic),no,
https://www.sec.gov/Archives/edgar/data/1037976/000103797626000037/jll-20251231.htm,https://sec.gov/Archives/edgar/data/1037976/000103797626000037/jll-20251231.htm,sec.gov,JCX_Global_PropTech_Intelligence_Atlas_2026-08-30.md|research/global_real_estate_pioneers.md|research/global_real_estate_pioneers_agent.csv,3,3,yes,yes,,government_or_regulator,conservative domain/path heuristic; not a claim-quality decision,likely authoritative/official (heuristic),no,
https://www.sec.gov/Archives/edgar/data/1048286/000104828626000007/mar-20251231.htm,https://sec.gov/Archives/edgar/data/1048286/000104828626000007/mar-20251231.htm,sec.gov,research/operator_coverage_additions.csv|research/operator_coverage_final_audit.md,2,2,yes,yes,,government_or_regulator,conservative domain/path heuristic; not a claim-quality decision,likely authoritative/official (heuristic),no,
https://www.sec.gov/Archives/edgar/data/1297996/000110465926015365/dlr-20251231x10k.htm,https://sec.gov/Archives/edgar/data/1297996/000110465926015365/dlr-20251231x10k.htm,sec.gov,research/operator_coverage_additions.csv|research/operator_coverage_final_audit.md,2,2,yes,yes,,government_or_regulator,conservative domain/path heuristic; not a claim-quality decision,likely authoritative/official (heuristic),no,
https://www.sec.gov/Archives/edgar/data/1585689/000158568926000025/a2025annualreportprint.pdf,https://sec.gov/Archives/edgar/data/1585689/000158568926000025/a2025annualreportprint.pdf,sec.gov,research/operator_coverage_additions.csv|research/operator_coverage_final_audit.md,2,2,yes,yes,,government_or_regulator,conservative domain/path heuristic; not a claim-quality decision,likely authoritative/official (heuristic),no,
https://www.sec.gov/Archives/edgar/data/1617640/000161764022000013/z-20211231.htm,https://sec.gov/Archives/edgar/data/1617640/000161764022000013/z-20211231.htm,sec.gov,JCX_Global_PropTech_Intelligence_Atlas_2026-08-30.md|research/quantified_outcome_case_library.csv,2,3,yes,yes,,government_or_regulator,conservative domain/path heuristic; not a claim-quality decision,likely authoritative/official (heuristic),no,
https://www.sec.gov/Archives/edgar/data/1811856/000119312524146158/d826528d8k.htm,https://sec.gov/Archives/edgar/data/1811856/000119312524146158/d826528d8k.htm,sec.gov,JCX_Global_PropTech_Intelligence_Atlas_2026-08-30.md|research/market_trends_and_failure_lessons.md,2,2,yes,yes,,government_or_regulator,conservative domain/path heuristic; not a claim-quality decision,likely authoritative/official (heuristic),no,
https://www.sec.gov/Archives/edgar/data/1813756/000119312523274596/d295389d8k.htm,https://sec.gov/Archives/edgar/data/1813756/000119312523274596/d295389d8k.htm,sec.gov,research/global_real_estate_pioneers.md|research/global_real_estate_pioneers_agent.csv,2,2,yes,yes,,government_or_regulator,conservative domain/path heuristic; not a claim-quality decision,likely authoritative/official (heuristic),no,
https://www.sec.gov/Archives/edgar/data/1813756/000119312524159419/d803133dex993.htm,https://sec.gov/Archives/edgar/data/1813756/000119312524159419/d803133dex993.htm,sec.gov,JCX_Global_PropTech_Intelligence_Atlas_2026-08-30.md|research/global_real_estate_pioneers.md|research/market_trends_and_failure_lessons.md,3,4,yes,yes,,government_or_regulator,conservative domain/path heuristic; not a claim-quality decision,likely authoritative/official (heuristic),no,
https://www.sec.gov/Archives/edgar/data/882184/000088218425000116/DHI2025ARS.pdf,https://sec.gov/Archives/edgar/data/882184/000088218425000116/DHI2025ARS.pdf,sec.gov,research/global_real_estate_pioneers.md,1,1,yes,yes,,government_or_regulator,conservative domain/path heuristic; not a claim-quality decision,likely authoritative/official (heuristic),no,
https://www.segro.com/,https://segro.com/,segro.com,research/operator_coverage_additions.csv,1,1,yes,yes,,company_or_product,conservative domain/path heuristic; not a claim-quality decision,likely first-party/company domain (heuristic),no,
https://www.segro.com/en/investors/ara25/strategic-report,https://segro.com/en/investors/ara25/strategic-report,segro.com,research/operator_coverage_additions.csv|research/operator_coverage_final_audit.md,2,2,yes,yes,,company_or_product,conservative domain/path heuristic; not a claim-quality decision,likely first-party/company domain (heuristic),no,
https://www.segro.com/investors/financial-results-centre/2025-full-year-results,https://segro.com/investors/financial-results-centre/2025-full-year-results,segro.com,research/operator_coverage_additions.csv,1,1,yes,yes,,company_or_product,conservative domain/path heuristic; not a claim-quality decision,likely first-party/company domain (heuristic),no,
https://www.segro.com/media/kbshtxbq/segro_annual-report-accounts-2025.pdf,https://segro.com/media/kbshtxbq/segro_annual-report-accounts-2025.pdf,segro.com,research/operator_coverage_additions.csv|research/operator_coverage_final_audit.md,2,2,yes,yes,,company_or_product,conservative domain/path heuristic; not a claim-quality decision,likely first-party/company domain (heuristic),no,
https://www.sekisuihouse.co.jp/english/,https://sekisuihouse.co.jp/english,sekisuihouse.co.jp,research/global_real_estate_pioneers_agent.csv,1,2,yes,yes,,company_or_product,conservative domain/path heuristic; not a claim-quality decision,likely first-party/company domain (heuristic),no,
https://www.sekra.com,https://sekra.com/,sekra.com,research/built_environment_ecosystem_discovery_index.csv,1,1,yes,yes,,company_or_product,conservative domain/path heuristic; not a claim-quality decision,likely first-party/company domain (heuristic),no,
https://www.sell.do/,https://sell.do/,sell.do,JCX_Second_Pass_Strategy_PropTech_Startups_2026-08-29.md|research/proptech_startup_universe.md|research/proptech_startups_agent.csv|research/regional_companies_agent.csv|research/regional_proptech_landscape.md,5,7,yes,yes,,company_or_product,conservative domain/path heuristic; not a claim-quality decision,likely first-party/company domain (heuristic),no,
https://www.sell.do/)**,https://sell.do/)**,sell.do,JCX_Global_PropTech_Intelligence_Atlas_2026-08-30.md,1,1,yes,yes,,company_or_product,conservative domain/path heuristic; not a claim-quality decision,likely first-party/company domain (heuristic),no,
https://www.sell.do/about,https://sell.do/about,sell.do,research/regional_companies_agent.csv|research/regional_proptech_landscape.md,2,2,yes,yes,,company_or_product,conservative domain/path heuristic; not a claim-quality decision,likely first-party/company domain (heuristic),no,
https://www.sell.do/solutions/developers,https://sell.do/solutions/developers,sell.do,research/regional_companies_agent.csv|research/regional_proptech_landscape.md,2,2,yes,yes,,company_or_product,conservative domain/path heuristic; not a claim-quality decision,likely first-party/company domain (heuristic),no,
https://www.sell.do/success-stories,https://sell.do/success-stories,sell.do,JCX_Global_PropTech_Intelligence_Atlas_2026-08-30.md|JCX_Second_Pass_Strategy_PropTech_Startups_2026-08-29.md|research/proptech_startup_universe.md|research/proptech_startups_agent.csv|research/quantified_outcome_case_library.csv,5,5,yes,yes,,company_or_product,conservative domain/path heuristic; not a claim-quality decision,likely first-party/company domain (heuristic),no,
https://www.senze.co.uk/,https://senze.co.uk/,senze.co.uk,research/built_environment_ecosystem_discovery_index.csv,1,1,yes,yes,,company_or_product,conservative domain/path heuristic; not a claim-quality decision,likely first-party/company domain (heuristic),no,
https://www.sertisins.com/,https://sertisins.com/,sertisins.com,research/built_environment_ecosystem_discovery_index.csv,1,1,yes,yes,,company_or_product,conservative domain/path heuristic; not a claim-quality decision,likely first-party/company domain (heuristic),no,
https://www.servicetitan.com/,https://servicetitan.com/,servicetitan.com,research/built_environment_ecosystem_discovery_index.csv,1,1,yes,yes,,company_or_product,conservative domain/path heuristic; not a claim-quality decision,likely first-party/company domain (heuristic),no,
https://www.sheltech-bd.com/,https://sheltech-bd.com/,sheltech-bd.com,JCX_Second_Pass_Strategy_PropTech_Startups_2026-08-29.md,1,1,yes,yes,,company_or_product,conservative domain/path heuristic; not a claim-quality decision,likely first-party/company domain (heuristic),no,
https://www.sheltech.com.bd/,https://sheltech.com.bd/,sheltech.com.bd,research/regional_proptech_landscape.md,1,1,yes,yes,,company_or_product,conservative domain/path heuristic; not a claim-quality decision,likely first-party/company domain (heuristic),no,
https://www.showdigs.com/,https://showdigs.com/,showdigs.com,research/built_environment_ecosystem_discovery_index.csv,1,1,yes,yes,,company_or_product,conservative domain/path heuristic; not a claim-quality decision,likely first-party/company domain (heuristic),no,
https://www.side.com,https://side.com/,side.com,research/built_environment_ecosystem_discovery_index.csv,1,1,yes,yes,,company_or_product,conservative domain/path heuristic; not a claim-quality decision,likely first-party/company domain (heuristic),no,
https://www.siemens.com/en-gb/products/building-x/,https://siemens.com/en-gb/products/building-x,siemens.com,JCX_Second_Pass_Strategy_PropTech_Startups_2026-08-29.md|research/enterprise_platform_additions.csv|research/enterprise_platform_coverage_audit.md,3,4,yes,yes,,company_or_product,conservative domain/path heuristic; not a claim-quality decision,likely first-party/company domain (heuristic),no,
https://www.sigma360.com/,https://sigma360.com/,sigma360.com,research/built_environment_ecosystem_discovery_index.csv,1,1,yes,yes,,company_or_product,conservative domain/path heuristic; not a claim-quality decision,likely first-party/company domain (heuristic),no,
https://www.sitewire.co/,https://sitewire.co/,sitewire.co,research/startup_coverage_additions.csv,1,1,yes,yes,,company_or_product,conservative domain/path heuristic; not a claim-quality decision,likely first-party/company domain (heuristic),no,
https://www.sitewire.co/about,https://sitewire.co/about,sitewire.co,research/startup_coverage_additions.csv,1,1,yes,yes,,company_or_product,conservative domain/path heuristic; not a claim-quality decision,likely first-party/company domain (heuristic),no,
https://www.sitewire.co/what-we-do,https://sitewire.co/what-we-do,sitewire.co,research/startup_coverage_additions.csv,1,1,yes,yes,,company_or_product,conservative domain/path heuristic; not a claim-quality decision,likely first-party/company domain (heuristic),no,
https://www.skanska.com/,https://skanska.com/,skanska.com,research/global_real_estate_pioneers_agent.csv,1,1,yes,yes,,company_or_product,conservative domain/path heuristic; not a claim-quality decision,likely first-party/company domain (heuristic),no,
https://www.skillit.com/,https://skillit.com/,skillit.com,research/built_environment_ecosystem_discovery_index.csv,1,1,yes,yes,,company_or_product,conservative domain/path heuristic; not a claim-quality decision,likely first-party/company domain (heuristic),no,
https://www.skyline.ai/,https://skyline.ai/,skyline.ai,research/built_environment_ecosystem_discovery_index.csv,1,1,yes,yes,,company_or_product,conservative domain/path heuristic; not a claim-quality decision,likely first-party/company domain (heuristic),no,
https://www.smartcrowd.ae/,https://smartcrowd.ae/,smartcrowd.ae,research/regional_companies_agent.csv,1,1,yes,yes,,company_or_product,conservative domain/path heuristic; not a claim-quality decision,likely first-party/company domain (heuristic),no,
https://www.snapdocs.com/,https://snapdocs.com/,snapdocs.com,research/proptech_startup_universe.md|research/proptech_startups_agent.csv,2,3,yes,yes,,company_or_product,conservative domain/path heuristic; not a claim-quality decision,likely first-party/company domain (heuristic),no,
https://www.snapdocs.com/resource-center/case-study/better-mortgage,https://snapdocs.com/resource-center/case-study/better-mortgage,snapdocs.com,JCX_Global_PropTech_Intelligence_Atlas_2026-08-30.md|research/quantified_outcome_case_library.csv,2,2,yes,yes,,company_or_product,conservative domain/path heuristic; not a claim-quality decision,likely first-party/company domain (heuristic),no,
https://www.sobha.com/,https://sobha.com/,sobha.com,research/global_real_estate_pioneers_agent.csv,1,1,yes,yes,,company_or_product,conservative domain/path heuristic; not a claim-quality decision,likely first-party/company domain (heuristic),no,
https://www.sobha.com/investor-relations/,https://sobha.com/investor-relations,sobha.com,research/global_real_estate_pioneers.md|research/global_real_estate_pioneers_agent.csv,2,2,yes,yes,,company_or_product,conservative domain/path heuristic; not a claim-quality decision,likely first-party/company domain (heuristic),no,
https://www.socialsignin.com/,https://socialsignin.com/,socialsignin.com,research/built_environment_ecosystem_discovery_index.csv,1,1,yes,yes,,company_or_product,conservative domain/path heuristic; not a claim-quality decision,likely first-party/company domain (heuristic),no,
https://www.solarcycle.us,https://solarcycle.us/,solarcycle.us,research/built_environment_ecosystem_discovery_index.csv,1,1,yes,yes,,company_or_product,conservative domain/path heuristic; not a claim-quality decision,likely first-party/company domain (heuristic),no,
https://www.solarkal.com/,https://solarkal.com/,solarkal.com,research/built_environment_ecosystem_discovery_index.csv,1,1,yes,yes,,company_or_product,conservative domain/path heuristic; not a claim-quality decision,likely first-party/company domain (heuristic),no,
https://www.sorair.co.uk/,https://sorair.co.uk/,sorair.co.uk,research/built_environment_ecosystem_discovery_index.csv,1,1,yes,yes,,company_or_product,conservative domain/path heuristic; not a claim-quality decision,likely first-party/company domain (heuristic),no,
https://www.sortedtech.io/,https://sortedtech.io/,sortedtech.io,research/built_environment_ecosystem_discovery_index.csv,1,1,yes,yes,,company_or_product,conservative domain/path heuristic; not a claim-quality decision,likely first-party/company domain (heuristic),no,
https://www.spa.gov.sa/en/N2195090,https://spa.gov.sa/en/N2195090,spa.gov.sa,research/regional_proptech_landscape.md,1,1,yes,yes,,government_or_regulator,conservative domain/path heuristic; not a claim-quality decision,likely authoritative/official (heuristic),no,
https://www.spa.gov.sa/en/N2196077,https://spa.gov.sa/en/N2196077,spa.gov.sa,research/regional_companies_agent.csv|research/regional_proptech_landscape.md,2,2,yes,yes,,government_or_regulator,conservative domain/path heuristic; not a claim-quality decision,likely authoritative/official (heuristic),no,
https://www.span.io/,https://span.io/,span.io,research/built_environment_ecosystem_discovery_index.csv,1,1,yes,yes,,company_or_product,conservative domain/path heuristic; not a claim-quality decision,likely first-party/company domain (heuristic),no,
https://www.squarefoot.com/,https://squarefoot.com/,squarefoot.com,research/built_environment_ecosystem_discovery_index.csv,1,1,yes,yes,,company_or_product,conservative domain/path heuristic; not a claim-quality decision,likely first-party/company domain (heuristic),no,
https://www.stakerent.com/about,https://stakerent.com/about,stakerent.com,research/built_environment_ecosystem_discovery_index.csv,1,1,yes,yes,,company_or_product,conservative domain/path heuristic; not a claim-quality decision,likely first-party/company domain (heuristic),no,
https://www.stan.ai/,https://stan.ai/,stan.ai,research/built_environment_ecosystem_discovery_index.csv|research/startup_core_additions.csv|research/startup_coverage_additions.csv,3,3,yes,yes,,company_or_product,conservative domain/path heuristic; not a claim-quality decision,likely first-party/company domain (heuristic),no,
https://www.stan.ai/company,https://stan.ai/company,stan.ai,research/startup_core_additions.csv,1,1,yes,yes,,company_or_product,conservative domain/path heuristic; not a claim-quality decision,likely first-party/company domain (heuristic),no,
https://www.startupsg.gov.sg/public/2024-04/Singapore%20Venture%20Funding%20Report%202023.pdf,https://startupsg.gov.sg/public/2024-04/Singapore%20Venture%20Funding%20Report%202023.pdf,startupsg.gov.sg,research/regional_proptech_landscape.md,1,1,yes,yes,,government_or_regulator,conservative domain/path heuristic; not a claim-quality decision,likely authoritative/official (heuristic),no,
https://www.stockland.com.au/,https://stockland.com.au/,stockland.com.au,research/global_real_estate_pioneers_agent.csv,1,2,yes,yes,,company_or_product,conservative domain/path heuristic; not a claim-quality decision,likely first-party/company domain (heuristic),no,
https://www.stockoss.com/en,https://stockoss.com/en,stockoss.com,research/built_environment_ecosystem_discovery_index.csv,1,1,yes,yes,,company_or_product,conservative domain/path heuristic; not a claim-quality decision,likely first-party/company domain (heuristic),no,
https://www.stridehealth.com/,https://stridehealth.com/,stridehealth.com,research/built_environment_ecosystem_discovery_index.csv,1,1,yes,yes,,company_or_product,conservative domain/path heuristic; not a claim-quality decision,likely first-party/company domain (heuristic),no,
https://www.sugarliving.com/,https://sugarliving.com/,sugarliving.com,research/built_environment_ecosystem_discovery_index.csv,1,1,yes,yes,,company_or_product,conservative domain/path heuristic; not a claim-quality decision,likely first-party/company domain (heuristic),no,
https://www.suitespot.ai/,https://suitespot.ai/,suitespot.ai,research/startup_coverage_additions.csv,1,1,yes,yes,,company_or_product,conservative domain/path heuristic; not a claim-quality decision,likely first-party/company domain (heuristic),no,
https://www.suitespot.ai/company,https://suitespot.ai/company,suitespot.ai,research/startup_coverage_additions.csv,1,1,yes,yes,,company_or_product,conservative domain/path heuristic; not a claim-quality decision,likely first-party/company domain (heuristic),no,
https://www.suitespottechnology.com,https://suitespottechnology.com/,suitespottechnology.com,research/built_environment_ecosystem_discovery_index.csv,1,1,yes,yes,,company_or_product,conservative domain/path heuristic; not a claim-quality decision,likely first-party/company domain (heuristic),no,
https://www.swireproperties.com/,https://swireproperties.com/,swireproperties.com,research/global_real_estate_pioneers_agent.csv,1,2,yes,yes,,company_or_product,conservative domain/path heuristic; not a claim-quality decision,likely first-party/company domain (heuristic),no,
https://www.switchautomation.com/,https://switchautomation.com/,switchautomation.com,research/built_environment_ecosystem_discovery_index.csv,1,1,yes,yes,,company_or_product,conservative domain/path heuristic; not a claim-quality decision,likely first-party/company domain (heuristic),no,
https://www.switchee.co/,https://switchee.co/,switchee.co,research/proptech_startups_agent.csv,1,2,yes,yes,,company_or_product,conservative domain/path heuristic; not a claim-quality decision,likely first-party/company domain (heuristic),no,
https://www.tailorbird.com/,https://tailorbird.com/,tailorbird.com,research/built_environment_ecosystem_discovery_index.csv,1,1,yes,yes,,company_or_product,conservative domain/path heuristic; not a claim-quality decision,likely first-party/company domain (heuristic),no,
https://www.tangelo.ai/,https://tangelo.ai/,tangelo.ai,research/built_environment_ecosystem_discovery_index.csv,1,1,yes,yes,,company_or_product,conservative domain/path heuristic; not a claim-quality decision,likely first-party/company domain (heuristic),no,
https://www.taskher.co.uk/,https://taskher.co.uk/,taskher.co.uk,research/built_environment_ecosystem_discovery_index.csv,1,1,yes,yes,,company_or_product,conservative domain/path heuristic; not a claim-quality decision,likely first-party/company domain (heuristic),no,
https://www.tbsnews.net/bangladesh/sales-bookings-flats-plots-spaces-exceed-tk403cr-rehab-fair-1028536,https://tbsnews.net/bangladesh/sales-bookings-flats-plots-spaces-exceed-tk403cr-rehab-fair-1028536,tbsnews.net,JCX_Global_PropTech_Intelligence_Atlas_2026-08-30.md|research/regional_proptech_landscape.md,2,2,yes,yes,,independent_media,conservative domain/path heuristic; not a claim-quality decision,independent reporting; verify article scope,no,
https://www.tbsnews.net/interviews/real-estate-sector-struggling-survival-now-priority-1174326,https://tbsnews.net/interviews/real-estate-sector-struggling-survival-now-priority-1174326,tbsnews.net,JCX_Meeting_Dossier_2026-08-29.md,1,1,yes,yes,,independent_media,conservative domain/path heuristic; not a claim-quality decision,independent reporting; verify article scope,no,
https://www.techstars.com/blog/colliers-proptech-accelerator-powered-by-techstars,https://techstars.com/blog/colliers-proptech-accelerator-powered-by-techstars,techstars.com,research/proptech_startup_universe.md,1,1,yes,yes,,company_or_product,conservative domain/path heuristic; not a claim-quality decision,likely first-party/company domain (heuristic),no,
https://www.techstars.com/portfolio,https://techstars.com/portfolio,techstars.com,research/final_coverage_assurance.md|research/startup_coverage_final_audit.md,2,2,yes,yes,,company_or_product,conservative domain/path heuristic; not a claim-quality decision,likely first-party/company domain (heuristic),no,
https://www.teleo.ai/,https://teleo.ai/,teleo.ai,research/startup_core_additions.csv|research/startup_coverage_additions.csv,2,4,yes,yes,,company_or_product,conservative domain/path heuristic; not a claim-quality decision,likely first-party/company domain (heuristic),no,
https://www.teleo.ai/technology/,https://teleo.ai/technology,teleo.ai,research/startup_core_additions.csv|research/startup_coverage_additions.csv,2,2,yes,yes,,company_or_product,conservative domain/path heuristic; not a claim-quality decision,likely first-party/company domain (heuristic),no,
https://www.testfit.io/,https://testfit.io/,testfit.io,JCX_Second_Pass_Strategy_PropTech_Startups_2026-08-29.md|research/built_environment_ecosystem_discovery_index.csv|research/proptech_startup_universe.md|research/proptech_startups_agent.csv,4,5,yes,yes,,company_or_product,conservative domain/path heuristic; not a claim-quality decision,likely first-party/company domain (heuristic),no,
https://www.testfit.io/customer-stories/cascadia-partners,https://testfit.io/customer-stories/cascadia-partners,testfit.io,research/quantified_outcome_case_library.csv,1,1,yes,yes,,company_or_product,conservative domain/path heuristic; not a claim-quality decision,likely first-party/company domain (heuristic),no,
https://www.testfit.io/customer-stories/motif-architects,https://testfit.io/customer-stories/motif-architects,testfit.io,JCX_Global_PropTech_Intelligence_Atlas_2026-08-30.md|research/quantified_outcome_case_library.csv,2,2,yes,yes,,company_or_product,conservative domain/path heuristic; not a claim-quality decision,likely first-party/company domain (heuristic),no,
https://www.testfit.io/customer-stories/trusteel-buildings,https://testfit.io/customer-stories/trusteel-buildings,testfit.io,research/quantified_outcome_case_library.csv,1,1,yes,yes,,company_or_product,conservative domain/path heuristic; not a claim-quality decision,likely first-party/company domain (heuristic),no,
https://www.testfit.io/customer-stories/ware-malcomb,https://testfit.io/customer-stories/ware-malcomb,testfit.io,research/quantified_outcome_case_library.csv,1,1,yes,yes,,company_or_product,conservative domain/path heuristic; not a claim-quality decision,likely first-party/company domain (heuristic),no,
https://www.thedailystar.net/business/banking/news/jcx-developments-offers-premium-housing-solutions-prime-bank-clients-3980406,https://thedailystar.net/business/banking/news/jcx-developments-offers-premium-housing-solutions-prime-bank-clients-3980406,thedailystar.net,JCX_Meeting_Dossier_2026-08-29.md,1,1,yes,yes,,independent_media,conservative domain/path heuristic; not a claim-quality decision,independent reporting; verify article scope,no,
https://www.thedailystar.net/news/technology/news/bangladeshs-construction-procurement-still-runs-phone-calls-and-whatsapp-startup-wants-change-4250786,https://thedailystar.net/news/technology/news/bangladeshs-construction-procurement-still-runs-phone-calls-and-whatsapp-startup-wants-change-4250786,thedailystar.net,JCX_Second_Pass_Strategy_PropTech_Startups_2026-08-29.md|research/proptech_startups_agent.csv,2,2,yes,yes,,independent_media,conservative domain/path heuristic; not a claim-quality decision,independent reporting; verify article scope,no,
https://www.thedailystar.net/supplements/new-home/news/faster-simpler-home-finance-brac-bank-plc-4255186,https://thedailystar.net/supplements/new-home/news/faster-simpler-home-finance-brac-bank-plc-4255186,thedailystar.net,JCX_Second_Pass_Strategy_PropTech_Startups_2026-08-29.md,1,1,yes,yes,,independent_media,conservative domain/path heuristic; not a claim-quality decision,independent reporting; verify article scope,no,
https://www.thedailystar.net/tech-startup/news/fractional-land-investment-platform-jomee-jomaa-launched-3444451,https://thedailystar.net/tech-startup/news/fractional-land-investment-platform-jomee-jomaa-launched-3444451,thedailystar.net,research/regional_companies_agent.csv|research/regional_proptech_landscape.md,2,2,yes,yes,,independent_media,conservative domain/path heuristic; not a claim-quality decision,independent reporting; verify article scope,no,
https://www.togal.ai/,https://togal.ai/,togal.ai,research/final_coverage_assurance.md|research/final_residual_additions.csv,2,3,yes,yes,,company_or_product,conservative domain/path heuristic; not a claim-quality decision,likely first-party/company domain (heuristic),no,
https://www.tour24.io,https://tour24.io/,tour24.io,research/built_environment_ecosystem_discovery_index.csv,1,1,yes,yes,,company_or_product,conservative domain/path heuristic; not a claim-quality decision,likely first-party/company domain (heuristic),no,
https://www.trane.com/commercial/north-america/us/en/about-us/newsroom/case-studies/controls/a-journey-to-exceeding-decarbonization-goals-through-ai-enabled-building-technology.html,https://trane.com/commercial/north-america/us/en/about-us/newsroom/case-studies/controls/a-journey-to-exceeding-decarbonization-goals-through-ai-enabled-building-technology.html,trane.com,research/quantified_outcome_case_library.csv,1,1,yes,yes,,company_or_product,conservative domain/path heuristic; not a claim-quality decision,likely first-party/company domain (heuristic),no,
https://www.trashie.io/,https://trashie.io/,trashie.io,research/built_environment_ecosystem_discovery_index.csv,1,1,yes,yes,,company_or_product,conservative domain/path heuristic; not a claim-quality decision,likely first-party/company domain (heuristic),no,
https://www.travelio.com/en/faq,https://travelio.com/en/faq,travelio.com,research/coverage_gap_additions.csv|research/coverage_gap_audit.md,2,3,yes,yes,,company_or_product,conservative domain/path heuristic; not a claim-quality decision,likely first-party/company domain (heuristic),no,
https://www.travelio.com/tpm,https://travelio.com/tpm,travelio.com,research/coverage_gap_additions.csv,1,1,yes,yes,,company_or_product,conservative domain/path heuristic; not a claim-quality decision,likely first-party/company domain (heuristic),no,
https://www.travtus.com,https://travtus.com/,travtus.com,research/built_environment_ecosystem_discovery_index.csv,1,2,yes,yes,,company_or_product,conservative domain/path heuristic; not a claim-quality decision,likely first-party/company domain (heuristic),no,
https://www.trimble.com/downloads/4K6TJvfQn5fT6yn253RiEK/0c3ad99e7eb9457eebd5237b09a745b7/trimble-sustainability-report-2022.pdf,https://trimble.com/downloads/4K6TJvfQn5fT6yn253RiEK/0c3ad99e7eb9457eebd5237b09a745b7/trimble-sustainability-report-2022.pdf,trimble.com,research/quantified_outcome_case_library.csv,1,1,yes,yes,,company_or_product,conservative domain/path heuristic; not a claim-quality decision,likely first-party/company domain (heuristic),no,
https://www.trimble.com/en/solutions/trimble-construction-one,https://trimble.com/en/solutions/trimble-construction-one,trimble.com,research/coverage_gap_additions.csv|research/coverage_gap_audit.md,2,3,yes,yes,,company_or_product,conservative domain/path heuristic; not a claim-quality decision,likely first-party/company domain (heuristic),no,
https://www.trimble.com/en/trimble-ventures,https://trimble.com/en/trimble-ventures,trimble.com,research/final_coverage_assurance.md|research/startup_coverage_final_audit.md,2,2,yes,yes,,company_or_product,conservative domain/path heuristic; not a claim-quality decision,likely first-party/company domain (heuristic),no,
https://www.trubrics.com/,https://trubrics.com/,trubrics.com,research/built_environment_ecosystem_discovery_index.csv|research/discovery_universe_qa.md,2,3,yes,yes,,company_or_product,conservative domain/path heuristic; not a claim-quality decision,likely first-party/company domain (heuristic),no,
https://www.truzo.app/,https://truzo.app/,truzo.app,JCX_Global_PropTech_Intelligence_Atlas_2026-08-30.md|JCX_Second_Pass_Strategy_PropTech_Startups_2026-08-29.md|research/regional_companies_agent.csv|research/regional_proptech_landscape.md,4,5,yes,yes,,company_or_product,conservative domain/path heuristic; not a claim-quality decision,likely first-party/company domain (heuristic),no,
https://www.trydownstream.com/,https://trydownstream.com/,trydownstream.com,research/built_environment_ecosystem_discovery_index.csv,1,1,yes,yes,,company_or_product,conservative domain/path heuristic; not a claim-quality decision,likely first-party/company domain (heuristic),no,
https://www.tumble.to/,https://tumble.to/,tumble.to,research/built_environment_ecosystem_discovery_index.csv,1,1,yes,yes,,company_or_product,conservative domain/path heuristic; not a claim-quality decision,likely first-party/company domain (heuristic),no,
https://www.turbotenant.com,https://turbotenant.com/,turbotenant.com,research/built_environment_ecosystem_discovery_index.csv,1,1,yes,yes,,company_or_product,conservative domain/path heuristic; not a claim-quality decision,likely first-party/company domain (heuristic),no,
https://www.turnerconstruction.com/,https://turnerconstruction.com/,turnerconstruction.com,research/global_real_estate_pioneers_agent.csv,1,2,yes,yes,,company_or_product,conservative domain/path heuristic; not a claim-quality decision,likely first-party/company domain (heuristic),no,
https://www.turntide.com/,https://turntide.com/,turntide.com,research/proptech_startup_universe.md|research/proptech_startups_agent.csv,2,3,yes,yes,,company_or_product,conservative domain/path heuristic; not a claim-quality decision,likely first-party/company domain (heuristic),no,
https://www.unacast.com/,https://unacast.com/,unacast.com,research/built_environment_ecosystem_discovery_index.csv,1,1,yes,yes,,company_or_product,conservative domain/path heuristic; not a claim-quality decision,likely first-party/company domain (heuristic),no,
https://www.unbane.com/,https://unbane.com/,unbane.com,research/built_environment_ecosystem_discovery_index.csv,1,1,yes,yes,,company_or_product,conservative domain/path heuristic; not a claim-quality decision,likely first-party/company domain (heuristic),no,
https://www.untaphealth.com/,https://untaphealth.com/,untaphealth.com,research/built_environment_ecosystem_discovery_index.csv,1,1,yes,yes,,company_or_product,conservative domain/path heuristic; not a claim-quality decision,likely first-party/company domain (heuristic),no,
https://www.urbanbound.com/,https://urbanbound.com/,urbanbound.com,research/built_environment_ecosystem_discovery_index.csv,1,1,yes,yes,,company_or_product,conservative domain/path heuristic; not a claim-quality decision,likely first-party/company domain (heuristic),no,
https://www.useodin.com/,https://useodin.com/,useodin.com,research/built_environment_ecosystem_discovery_index.csv,1,1,yes,yes,,company_or_product,conservative domain/path heuristic; not a claim-quality decision,likely first-party/company domain (heuristic),no,
https://www.v7labs.com/,https://v7labs.com/,v7labs.com,research/built_environment_ecosystem_discovery_index.csv,1,1,yes,yes,,company_or_product,conservative domain/path heuristic; not a claim-quality decision,likely first-party/company domain (heuristic),no,
https://www.veev.com/,https://veev.com/,veev.com,research/global_real_estate_pioneers_agent.csv,1,1,yes,yes,,company_or_product,conservative domain/path heuristic; not a claim-quality decision,likely first-party/company domain (heuristic),no,
https://www.veev.com/about-us/,https://veev.com/about-us,veev.com,research/global_real_estate_pioneers.md|research/global_real_estate_pioneers_agent.csv,2,2,yes,yes,,company_or_product,conservative domain/path heuristic; not a claim-quality decision,likely first-party/company domain (heuristic),no,
https://www.verbaflo.ai/,https://verbaflo.ai/,verbaflo.ai,research/built_environment_ecosystem_discovery_index.csv,1,1,yes,yes,,company_or_product,conservative domain/path heuristic; not a claim-quality decision,likely first-party/company domain (heuristic),no,
https://www.veridue.ai/,https://veridue.ai/,veridue.ai,research/built_environment_ecosystem_discovery_index.csv,1,1,yes,yes,,company_or_product,conservative domain/path heuristic; not a claim-quality decision,likely first-party/company domain (heuristic),no,
https://www.vextrus.com/,https://vextrus.com/,vextrus.com,JCX_Global_PropTech_Intelligence_Atlas_2026-08-30.md|JCX_Second_Pass_Strategy_PropTech_Startups_2026-08-29.md|research/regional_companies_agent.csv|research/regional_proptech_landscape.md,4,5,yes,yes,,company_or_product,conservative domain/path heuristic; not a claim-quality decision,likely first-party/company domain (heuristic),no,
https://www.viact.ai/,https://viact.ai/,viact.ai,JCX_Second_Pass_Strategy_PropTech_Startups_2026-08-29.md,1,1,yes,yes,,company_or_product,conservative domain/path heuristic; not a claim-quality decision,likely first-party/company domain (heuristic),no,
https://www.vinci.com/,https://vinci.com/,vinci.com,research/global_real_estate_pioneers_agent.csv,1,1,yes,yes,,company_or_product,conservative domain/path heuristic; not a claim-quality decision,likely first-party/company domain (heuristic),no,
https://www.vinci.com/en/faq,https://vinci.com/en/faq,vinci.com,research/global_real_estate_pioneers.md|research/global_real_estate_pioneers_agent.csv,2,2,yes,yes,,company_or_product,conservative domain/path heuristic; not a claim-quality decision,likely first-party/company domain (heuristic),no,
https://www.vinci.com/en/finance/results-and-key-figures/2025-annual-financial-statements,https://vinci.com/en/finance/results-and-key-figures/2025-annual-financial-statements,vinci.com,research/global_real_estate_pioneers.md,1,1,yes,yes,,company_or_product,conservative domain/path heuristic; not a claim-quality decision,likely first-party/company domain (heuristic),no,
https://www.virtuo.com/,https://virtuo.com/,virtuo.com,research/built_environment_ecosystem_discovery_index.csv,1,1,yes,yes,,company_or_product,conservative domain/path heuristic; not a claim-quality decision,likely first-party/company domain (heuristic),no,
https://www.volca.ai/,https://volca.ai/,volca.ai,research/built_environment_ecosystem_discovery_index.csv,1,1,yes,yes,,company_or_product,conservative domain/path heuristic; not a claim-quality decision,likely first-party/company domain (heuristic),no,
https://www.vonovia.com/en/,https://vonovia.com/en,vonovia.com,research/operator_coverage_additions.csv,1,1,yes,yes,,company_or_product,conservative domain/path heuristic; not a claim-quality decision,likely first-party/company domain (heuristic),no,
https://www.vonovia.com/en/content/download/310373/file/Vonovia_SE_Annual_Report_2025.pdf,https://vonovia.com/en/content/download/310373/file/Vonovia_SE_Annual_Report_2025.pdf,vonovia.com,research/operator_coverage_additions.csv|research/operator_coverage_final_audit.md,2,2,yes,yes,,company_or_product,conservative domain/path heuristic; not a claim-quality decision,likely first-party/company domain (heuristic),no,
https://www.vonovia.com/en/investors/news-and-publications/results-presentations,https://vonovia.com/en/investors/news-and-publications/results-presentations,vonovia.com,research/operator_coverage_additions.csv|research/operator_coverage_final_audit.md,2,2,yes,yes,,company_or_product,conservative domain/path heuristic; not a claim-quality decision,likely first-party/company domain (heuristic),no,
https://www.vts.com/,https://vts.com/,vts.com,research/built_environment_ecosystem_discovery_index.csv|research/global_real_estate_pioneers_agent.csv,2,3,yes,yes,,company_or_product,conservative domain/path heuristic; not a claim-quality decision,likely first-party/company domain (heuristic),no,
https://www.w3.org/TR/prov-overview/,https://w3.org/TR/prov-overview,w3.org,research/standards_registry.csv,1,1,yes,yes,,research_or_industry,conservative domain/path heuristic; not a claim-quality decision,research/industry context; authority varies,no,
https://www.wakecap.com/,https://wakecap.com/,wakecap.com,JCX_Global_PropTech_Intelligence_Atlas_2026-08-30.md|research/regional_companies_agent.csv,2,2,yes,yes,,company_or_product,conservative domain/path heuristic; not a claim-quality decision,likely first-party/company domain (heuristic),no,
https://www.wakecap.com/news-and-events/wakecap-acquires-crews-by-core,https://wakecap.com/news-and-events/wakecap-acquires-crews-by-core,wakecap.com,research/regional_companies_agent.csv|research/regional_proptech_landscape.md,2,2,yes,yes,,company_or_product,conservative domain/path heuristic; not a claim-quality decision,likely first-party/company domain (heuristic),no,
https://www.wakecap.com/news-and-events/wakecap-openspace-partnership,https://wakecap.com/news-and-events/wakecap-openspace-partnership,wakecap.com,research/regional_companies_agent.csv|research/regional_proptech_landscape.md,2,2,yes,yes,,company_or_product,conservative domain/path heuristic; not a claim-quality decision,likely first-party/company domain (heuristic),no,
https://www.wamda.com/en/2024/03/brkz-secures-8-million-series-round,https://wamda.com/en/2024/03/brkz-secures-8-million-series-round,wamda.com,research/regional_companies_agent.csv|research/regional_proptech_landscape.md,2,2,yes,yes,,independent_media,conservative domain/path heuristic; not a claim-quality decision,independent reporting; verify article scope,no,
https://www.waterfrontoronto.ca/,https://waterfrontoronto.ca/,waterfrontoronto.ca,research/global_real_estate_pioneers_agent.csv,1,1,yes,yes,,company_or_product,conservative domain/path heuristic; not a claim-quality decision,likely first-party/company domain (heuristic),no,
https://www.waterfrontoronto.ca/sites/default/files/documents/plan-development-agreement-amendments-and-sidewalk-labs--termination-notice---termination-effective-date---may-17-2020.pdf,https://waterfrontoronto.ca/sites/default/files/documents/plan-development-agreement-amendments-and-sidewalk-labs--termination-notice---termination-effective-date---may-17-2020.pdf,waterfrontoronto.ca,JCX_Global_PropTech_Intelligence_Atlas_2026-08-30.md|research/global_real_estate_pioneers.md|research/global_real_estate_pioneers_agent.csv,3,3,yes,yes,,company_or_product,conservative domain/path heuristic; not a claim-quality decision,likely first-party/company domain (heuristic),no,
https://www.wentilabs.com/,https://wentilabs.com/,wentilabs.com,research/startup_coverage_additions.csv,1,2,yes,yes,,company_or_product,conservative domain/path heuristic; not a claim-quality decision,likely first-party/company domain (heuristic),no,
https://www.wesmartpark.com,https://wesmartpark.com/,wesmartpark.com,research/built_environment_ecosystem_discovery_index.csv,1,1,yes,yes,,company_or_product,conservative domain/path heuristic; not a claim-quality decision,likely first-party/company domain (heuristic),no,
https://www.wework.com/,https://wework.com/,wework.com,research/built_environment_ecosystem_discovery_index.csv|research/global_real_estate_pioneers_agent.csv,2,2,yes,yes,,company_or_product,conservative domain/path heuristic; not a claim-quality decision,likely first-party/company domain (heuristic),no,
https://www.wework.com/ideas/newsroom-landing-page/wework-announces-comprehensive-agreement-to-significantly-deleverage-capital-structure-and-bolster-liquidity-for-continued-growth,https://wework.com/ideas/newsroom-landing-page/wework-announces-comprehensive-agreement-to-significantly-deleverage-capital-structure-and-bolster-liquidity-for-continued-growth,wework.com,research/quantified_outcome_case_library.csv,1,1,yes,yes,,company_or_product,conservative domain/path heuristic; not a claim-quality decision,likely first-party/company domain (heuristic),no,
https://www.wikipedia.org/wiki/BPC,https://wikipedia.org/wiki/BPC,wikipedia.org,research/regional_companies_agent.csv,1,1,yes,yes,,research_or_industry,conservative domain/path heuristic; not a claim-quality decision,research/industry context; authority varies,no,
https://www.withroam.com,https://withroam.com/,withroam.com,research/built_environment_ecosystem_discovery_index.csv,1,1,yes,yes,,company_or_product,conservative domain/path heuristic; not a claim-quality decision,likely first-party/company domain (heuristic),no,
https://www.workboxcompany.com/,https://workboxcompany.com/,workboxcompany.com,research/built_environment_ecosystem_discovery_index.csv,1,1,yes,yes,,company_or_product,conservative domain/path heuristic; not a claim-quality decision,likely first-party/company domain (heuristic),no,
https://www.workwave.com/,https://workwave.com/,workwave.com,research/built_environment_ecosystem_discovery_index.csv,1,1,yes,yes,,company_or_product,conservative domain/path heuristic; not a claim-quality decision,likely first-party/company domain (heuristic),no,
https://www.xrei.co/,https://xrei.co/,xrei.co,research/built_environment_ecosystem_discovery_index.csv,1,1,yes,yes,,company_or_product,conservative domain/path heuristic; not a claim-quality decision,likely first-party/company domain (heuristic),no,
https://www.yamori.co.jp/,https://yamori.co.jp/,yamori.co.jp,research/built_environment_ecosystem_discovery_index.csv,1,1,yes,yes,,company_or_product,conservative domain/path heuristic; not a claim-quality decision,likely first-party/company domain (heuristic),no,
https://www.yardi.com/,https://yardi.com/,yardi.com,JCX_Second_Pass_Strategy_PropTech_Startups_2026-08-29.md|research/global_real_estate_pioneers_agent.csv|research/proptech_startup_universe.md|research/proptech_startups_agent.csv,4,6,yes,yes,,company_or_product,conservative domain/path heuristic; not a claim-quality decision,likely first-party/company domain (heuristic),no,
https://www.ycombinator.com/companies/,https://ycombinator.com/companies,ycombinator.com,research/yc_real_estate_construction_directory_2026-08-30.md,1,1,yes,yes,,ecosystem_or_investor,conservative domain/path heuristic; not a claim-quality decision,official membership source or investor domain (heuristic),no,
https://www.ycombinator.com/companies/42floors,https://ycombinator.com/companies/42floors,ycombinator.com,research/yc_real_estate_construction_directory_2026-08-30.csv,1,1,yes,yes,,ecosystem_or_investor,conservative domain/path heuristic; not a claim-quality decision,official membership source or investor domain (heuristic),no,
https://www.ycombinator.com/companies/agave,https://ycombinator.com/companies/agave,ycombinator.com,JCX_Global_PropTech_Intelligence_Atlas_2026-08-30.md|research/coverage_gap_additions.csv|research/coverage_gap_audit.md,3,4,yes,yes,,ecosystem_or_investor,conservative domain/path heuristic; not a claim-quality decision,official membership source or investor domain (heuristic),no,
https://www.ycombinator.com/companies/albiware-inc,https://ycombinator.com/companies/albiware-inc,ycombinator.com,research/yc_real_estate_construction_directory_2026-08-30.csv,1,1,yes,yes,,ecosystem_or_investor,conservative domain/path heuristic; not a claim-quality decision,official membership source or investor domain (heuristic),no,
https://www.ycombinator.com/companies/aldara,https://ycombinator.com/companies/aldara,ycombinator.com,research/proptech_startup_universe.md|research/yc_real_estate_construction_directory_2026-08-30.csv,2,2,yes,yes,,ecosystem_or_investor,conservative domain/path heuristic; not a claim-quality decision,official membership source or investor domain (heuristic),no,
https://www.ycombinator.com/companies/alloovium,https://ycombinator.com/companies/alloovium,ycombinator.com,JCX_Global_PropTech_Intelligence_Atlas_2026-08-30.md|research/yc_real_estate_construction_directory_2026-08-30.csv|research/yc_real_estate_construction_directory_2026-08-30.md,3,3,yes,yes,,ecosystem_or_investor,conservative domain/path heuristic; not a claim-quality decision,official membership source or investor domain (heuristic),no,
https://www.ycombinator.com/companies/alude,https://ycombinator.com/companies/alude,ycombinator.com,research/yc_real_estate_construction_directory_2026-08-30.csv,1,1,yes,yes,,ecosystem_or_investor,conservative domain/path heuristic; not a claim-quality decision,official membership source or investor domain (heuristic),no,
https://www.ycombinator.com/companies/apply-design,https://ycombinator.com/companies/apply-design,ycombinator.com,research/coverage_gap_additions.csv|research/yc_real_estate_construction_directory_2026-08-30.csv,2,3,yes,yes,,ecosystem_or_investor,conservative domain/path heuristic; not a claim-quality decision,official membership source or investor domain (heuristic),no,
https://www.ycombinator.com/companies/aquashield,https://ycombinator.com/companies/aquashield,ycombinator.com,research/yc_real_estate_construction_directory_2026-08-30.csv,1,1,yes,yes,,ecosystem_or_investor,conservative domain/path heuristic; not a claim-quality decision,official membership source or investor domain (heuristic),no,
https://www.ycombinator.com/companies/archilabs,https://ycombinator.com/companies/archilabs,ycombinator.com,research/global_real_estate_pioneers_agent.csv|research/yc_real_estate_construction_directory_2026-08-30.csv,2,3,yes,yes,,ecosystem_or_investor,conservative domain/path heuristic; not a claim-quality decision,official membership source or investor domain (heuristic),no,
https://www.ycombinator.com/companies/assembly-hoa,https://ycombinator.com/companies/assembly-hoa,ycombinator.com,research/coverage_gap_additions.csv|research/yc_real_estate_construction_directory_2026-08-30.csv,2,3,yes,yes,,ecosystem_or_investor,conservative domain/path heuristic; not a claim-quality decision,official membership source or investor domain (heuristic),no,
https://www.ycombinator.com/companies/atlia,https://ycombinator.com/companies/atlia,ycombinator.com,JCX_Global_PropTech_Intelligence_Atlas_2026-08-30.md|research/proptech_startup_universe.md|research/yc_real_estate_construction_directory_2026-08-30.csv|research/yc_real_estate_construction_directory_2026-08-30.md,4,4,yes,yes,,ecosystem_or_investor,conservative domain/path heuristic; not a claim-quality decision,official membership source or investor domain (heuristic),no,
https://www.ycombinator.com/companies/automax-ai,https://ycombinator.com/companies/automax-ai,ycombinator.com,research/proptech_startups_agent.csv|research/yc_real_estate_construction_directory_2026-08-30.csv|research/yc_real_estate_construction_directory_2026-08-30.md,3,4,yes,yes,,ecosystem_or_investor,conservative domain/path heuristic; not a claim-quality decision,official membership source or investor domain (heuristic),no,
https://www.ycombinator.com/companies/averyiq,https://ycombinator.com/companies/averyiq,ycombinator.com,JCX_Global_PropTech_Intelligence_Atlas_2026-08-30.md|research/proptech_startup_universe.md|research/proptech_startups_agent.csv|research/yc_real_estate_construction_directory_2026-08-30.csv,4,5,yes,yes,,ecosystem_or_investor,conservative domain/path heuristic; not a claim-quality decision,official membership source or investor domain (heuristic),no,
https://www.ycombinator.com/companies/banner,https://ycombinator.com/companies/banner,ycombinator.com,research/proptech_startup_universe.md|research/proptech_startups_agent.csv|research/yc_real_estate_construction_directory_2026-08-30.csv,3,4,yes,yes,,ecosystem_or_investor,conservative domain/path heuristic; not a claim-quality decision,official membership source or investor domain (heuristic),no,
https://www.ycombinator.com/companies/bidflow,https://ycombinator.com/companies/bidflow,ycombinator.com,research/yc_real_estate_construction_directory_2026-08-30.csv,1,1,yes,yes,,ecosystem_or_investor,conservative domain/path heuristic; not a claim-quality decision,official membership source or investor domain (heuristic),no,
https://www.ycombinator.com/companies/bild-ai,https://ycombinator.com/companies/bild-ai,ycombinator.com,research/yc_real_estate_construction_directory_2026-08-30.csv,1,1,yes,yes,,ecosystem_or_investor,conservative domain/path heuristic; not a claim-quality decision,official membership source or investor domain (heuristic),no,
https://www.ycombinator.com/companies/bolster,https://ycombinator.com/companies/bolster,ycombinator.com,research/yc_real_estate_construction_directory_2026-08-30.csv,1,1,yes,yes,,ecosystem_or_investor,conservative domain/path heuristic; not a claim-quality decision,official membership source or investor domain (heuristic),no,
https://www.ycombinator.com/companies/brickwise,https://ycombinator.com/companies/brickwise,ycombinator.com,research/yc_real_estate_construction_directory_2026-08-30.csv|research/yc_real_estate_construction_directory_2026-08-30.md,2,2,yes,yes,,ecosystem_or_investor,conservative domain/path heuristic; not a claim-quality decision,official membership source or investor domain (heuristic),no,
https://www.ycombinator.com/companies/buildscience,https://ycombinator.com/companies/buildscience,ycombinator.com,research/yc_real_estate_construction_directory_2026-08-30.csv,1,1,yes,yes,,ecosystem_or_investor,conservative domain/path heuristic; not a claim-quality decision,official membership source or investor domain (heuristic),no,
https://www.ycombinator.com/companies/bulldozair,https://ycombinator.com/companies/bulldozair,ycombinator.com,research/yc_real_estate_construction_directory_2026-08-30.csv,1,1,yes,yes,,ecosystem_or_investor,conservative domain/path heuristic; not a claim-quality decision,official membership source or investor domain (heuristic),no,
https://www.ycombinator.com/companies/cambio-2,https://ycombinator.com/companies/cambio-2,ycombinator.com,research/proptech_startup_universe.md|research/proptech_startups_agent.csv|research/yc_real_estate_construction_directory_2026-08-30.csv,3,5,yes,yes,,ecosystem_or_investor,conservative domain/path heuristic; not a claim-quality decision,official membership source or investor domain (heuristic),no,
https://www.ycombinator.com/companies/cash-flow-portal,https://ycombinator.com/companies/cash-flow-portal,ycombinator.com,research/proptech_startup_universe.md|research/yc_real_estate_construction_directory_2026-08-30.csv,2,2,yes,yes,,ecosystem_or_investor,conservative domain/path heuristic; not a claim-quality decision,official membership source or investor domain (heuristic),no,
https://www.ycombinator.com/companies/centralcoms,https://ycombinator.com/companies/centralcoms,ycombinator.com,research/yc_real_estate_construction_directory_2026-08-30.csv,1,1,yes,yes,,ecosystem_or_investor,conservative domain/path heuristic; not a claim-quality decision,official membership source or investor domain (heuristic),no,
https://www.ycombinator.com/companies/chestnut,https://ycombinator.com/companies/chestnut,ycombinator.com,research/proptech_startup_universe.md|research/proptech_startups_agent.csv,2,3,yes,yes,,ecosystem_or_investor,conservative domain/path heuristic; not a claim-quality decision,official membership source or investor domain (heuristic),no,
https://www.ycombinator.com/companies/clad,https://ycombinator.com/companies/clad,ycombinator.com,research/yc_real_estate_construction_directory_2026-08-30.csv,1,1,yes,yes,,ecosystem_or_investor,conservative domain/path heuristic; not a claim-quality decision,official membership source or investor domain (heuristic),no,
https://www.ycombinator.com/companies/clau,https://ycombinator.com/companies/clau,ycombinator.com,research/coverage_gap_additions.csv|research/coverage_gap_audit.md|research/yc_real_estate_construction_directory_2026-08-30.csv,3,4,yes,yes,,ecosystem_or_investor,conservative domain/path heuristic; not a claim-quality decision,official membership source or investor domain (heuristic),no,
https://www.ycombinator.com/companies/cobblestone,https://ycombinator.com/companies/cobblestone,ycombinator.com,research/proptech_startup_universe.md|research/proptech_startups_agent.csv|research/yc_real_estate_construction_directory_2026-08-30.csv,3,4,yes,yes,,ecosystem_or_investor,conservative domain/path heuristic; not a claim-quality decision,official membership source or investor domain (heuristic),no,
https://www.ycombinator.com/companies/cocrafter,https://ycombinator.com/companies/cocrafter,ycombinator.com,research/yc_real_estate_construction_directory_2026-08-30.csv,1,1,yes,yes,,ecosystem_or_investor,conservative domain/path heuristic; not a claim-quality decision,official membership source or investor domain (heuristic),no,
https://www.ycombinator.com/companies/concord-materials,https://ycombinator.com/companies/concord-materials,ycombinator.com,research/yc_real_estate_construction_directory_2026-08-30.csv,1,1,yes,yes,,ecosystem_or_investor,conservative domain/path heuristic; not a claim-quality decision,official membership source or investor domain (heuristic),no,
https://www.ycombinator.com/companies/constructable,https://ycombinator.com/companies/constructable,ycombinator.com,research/yc_real_estate_construction_directory_2026-08-30.csv,1,1,yes,yes,,ecosystem_or_investor,conservative domain/path heuristic; not a claim-quality decision,official membership source or investor domain (heuristic),no,
https://www.ycombinator.com/companies/craftwork,https://ycombinator.com/companies/craftwork,ycombinator.com,research/yc_real_estate_construction_directory_2026-08-30.csv,1,1,yes,yes,,ecosystem_or_investor,conservative domain/path heuristic; not a claim-quality decision,official membership source or investor domain (heuristic),no,
https://www.ycombinator.com/companies/culdesac,https://ycombinator.com/companies/culdesac,ycombinator.com,research/yc_real_estate_construction_directory_2026-08-30.csv,1,1,yes,yes,,ecosystem_or_investor,conservative domain/path heuristic; not a claim-quality decision,official membership source or investor domain (heuristic),no,
https://www.ycombinator.com/companies/curri,https://ycombinator.com/companies/curri,ycombinator.com,research/yc_real_estate_construction_directory_2026-08-30.csv,1,1,yes,yes,,ecosystem_or_investor,conservative domain/path heuristic; not a claim-quality decision,official membership source or investor domain (heuristic),no,
https://www.ycombinator.com/companies/digibuild,https://ycombinator.com/companies/digibuild,ycombinator.com,research/yc_real_estate_construction_directory_2026-08-30.csv,1,1,yes,yes,,ecosystem_or_investor,conservative domain/path heuristic; not a claim-quality decision,official membership source or investor domain (heuristic),no,
https://www.ycombinator.com/companies/digitalcarbon,https://ycombinator.com/companies/digitalcarbon,ycombinator.com,research/proptech_startup_universe.md,1,1,yes,yes,,ecosystem_or_investor,conservative domain/path heuristic; not a claim-quality decision,official membership source or investor domain (heuristic),no,
https://www.ycombinator.com/companies/disclosures-io,https://ycombinator.com/companies/disclosures-io,ycombinator.com,research/yc_real_estate_construction_directory_2026-08-30.csv,1,1,yes,yes,,ecosystem_or_investor,conservative domain/path heuristic; not a claim-quality decision,official membership source or investor domain (heuristic),no,
https://www.ycombinator.com/companies/doorport,https://ycombinator.com/companies/doorport,ycombinator.com,research/yc_real_estate_construction_directory_2026-08-30.csv,1,1,yes,yes,,ecosystem_or_investor,conservative domain/path heuristic; not a claim-quality decision,official membership source or investor domain (heuristic),no,
https://www.ycombinator.com/companies/downtobid,https://ycombinator.com/companies/downtobid,ycombinator.com,research/yc_real_estate_construction_directory_2026-08-30.csv,1,1,yes,yes,,ecosystem_or_investor,conservative domain/path heuristic; not a claim-quality decision,official membership source or investor domain (heuristic),no,
https://www.ycombinator.com/companies/electric-air-2,https://ycombinator.com/companies/electric-air-2,ycombinator.com,research/yc_real_estate_construction_directory_2026-08-30.csv,1,1,yes,yes,,ecosystem_or_investor,conservative domain/path heuristic; not a claim-quality decision,official membership source or investor domain (heuristic),no,
https://www.ycombinator.com/companies/equipmentshare,https://ycombinator.com/companies/equipmentshare,ycombinator.com,research/yc_real_estate_construction_directory_2026-08-30.csv,1,1,yes,yes,,ecosystem_or_investor,conservative domain/path heuristic; not a claim-quality decision,official membership source or investor domain (heuristic),no,
https://www.ycombinator.com/companies/express-building,https://ycombinator.com/companies/express-building,ycombinator.com,research/proptech_startup_universe.md|research/proptech_startups_agent.csv|research/yc_real_estate_construction_directory_2026-08-30.csv,3,4,yes,yes,,ecosystem_or_investor,conservative domain/path heuristic; not a claim-quality decision,official membership source or investor domain (heuristic),no,
https://www.ycombinator.com/companies/flatx,https://ycombinator.com/companies/flatx,ycombinator.com,research/proptech_startup_universe.md|research/proptech_startups_agent.csv|research/yc_real_estate_construction_directory_2026-08-30.csv,3,4,yes,yes,,ecosystem_or_investor,conservative domain/path heuristic; not a claim-quality decision,official membership source or investor domain (heuristic),no,
https://www.ycombinator.com/companies/flexdesk,https://ycombinator.com/companies/flexdesk,ycombinator.com,research/coverage_gap_additions.csv|research/proptech_startup_universe.md,2,3,yes,yes,,ecosystem_or_investor,conservative domain/path heuristic; not a claim-quality decision,official membership source or investor domain (heuristic),no,
https://www.ycombinator.com/companies/flowmanual,https://ycombinator.com/companies/flowmanual,ycombinator.com,JCX_Global_PropTech_Intelligence_Atlas_2026-08-30.md|research/yc_real_estate_construction_directory_2026-08-30.csv|research/yc_real_estate_construction_directory_2026-08-30.md,3,3,yes,yes,,ecosystem_or_investor,conservative domain/path heuristic; not a claim-quality decision,official membership source or investor domain (heuristic),no,
https://www.ycombinator.com/companies/foreman,https://ycombinator.com/companies/foreman,ycombinator.com,research/yc_real_estate_construction_directory_2026-08-30.csv,1,1,yes,yes,,ecosystem_or_investor,conservative domain/path heuristic; not a claim-quality decision,official membership source or investor domain (heuristic),no,
https://www.ycombinator.com/companies/foundation-2,https://ycombinator.com/companies/foundation-2,ycombinator.com,JCX_Global_PropTech_Intelligence_Atlas_2026-08-30.md|research/proptech_startup_universe.md|research/proptech_startups_agent.csv|research/yc_real_estate_construction_directory_2026-08-30.csv,4,6,yes,yes,,ecosystem_or_investor,conservative domain/path heuristic; not a claim-quality decision,official membership source or investor domain (heuristic),no,
https://www.ycombinator.com/companies/fresco,https://ycombinator.com/companies/fresco,ycombinator.com,research/yc_real_estate_construction_directory_2026-08-30.csv,1,1,yes,yes,,ecosystem_or_investor,conservative domain/path heuristic; not a claim-quality decision,official membership source or investor domain (heuristic),no,
https://www.ycombinator.com/companies/gojom,https://ycombinator.com/companies/gojom,ycombinator.com,research/coverage_gap_additions.csv|research/coverage_gap_audit.md|research/yc_real_estate_construction_directory_2026-08-30.csv,3,4,yes,yes,,ecosystem_or_investor,conservative domain/path heuristic; not a claim-quality decision,official membership source or investor domain (heuristic),no,
https://www.ycombinator.com/companies/goldbridge,https://ycombinator.com/companies/goldbridge,ycombinator.com,JCX_Global_PropTech_Intelligence_Atlas_2026-08-30.md|research/proptech_startup_universe.md|research/proptech_startups_agent.csv|research/yc_real_estate_construction_directory_2026-08-30.csv|research/yc_real_estate_construction_directory_2026-08-30.md,5,6,yes,yes,,ecosystem_or_investor,conservative domain/path heuristic; not a claim-quality decision,official membership source or investor domain (heuristic),no,
https://www.ycombinator.com/companies/green-canopy-node,https://ycombinator.com/companies/green-canopy-node,ycombinator.com,research/yc_real_estate_construction_directory_2026-08-30.csv,1,1,yes,yes,,ecosystem_or_investor,conservative domain/path heuristic; not a claim-quality decision,official membership source or investor domain (heuristic),no,
https://www.ycombinator.com/companies/guesty,https://ycombinator.com/companies/guesty,ycombinator.com,research/yc_real_estate_construction_directory_2026-08-30.csv,1,1,yes,yes,,ecosystem_or_investor,conservative domain/path heuristic; not a claim-quality decision,official membership source or investor domain (heuristic),no,
https://www.ycombinator.com/companies/handle,https://ycombinator.com/companies/handle,ycombinator.com,research/yc_real_estate_construction_directory_2026-08-30.csv,1,1,yes,yes,,ecosystem_or_investor,conservative domain/path heuristic; not a claim-quality decision,official membership source or investor domain (heuristic),no,
https://www.ycombinator.com/companies/handoff,https://ycombinator.com/companies/handoff,ycombinator.com,research/yc_real_estate_construction_directory_2026-08-30.csv,1,1,yes,yes,,ecosystem_or_investor,conservative domain/path heuristic; not a claim-quality decision,official membership source or investor domain (heuristic),no,
https://www.ycombinator.com/companies/haven-2,https://ycombinator.com/companies/haven-2,ycombinator.com,JCX_Global_PropTech_Intelligence_Atlas_2026-08-30.md|research/proptech_startup_universe.md|research/proptech_startups_agent.csv,3,4,yes,yes,,ecosystem_or_investor,conservative domain/path heuristic; not a claim-quality decision,official membership source or investor domain (heuristic),no,
https://www.ycombinator.com/companies/helonic,https://ycombinator.com/companies/helonic,ycombinator.com,research/yc_real_estate_construction_directory_2026-08-30.csv|research/yc_real_estate_construction_directory_2026-08-30.md,2,2,yes,yes,,ecosystem_or_investor,conservative domain/path heuristic; not a claim-quality decision,official membership source or investor domain (heuristic),no,
https://www.ycombinator.com/companies/henry-2,https://ycombinator.com/companies/henry-2,ycombinator.com,research/proptech_startup_universe.md|research/proptech_startups_agent.csv|research/yc_real_estate_construction_directory_2026-08-30.csv,3,4,yes,yes,,ecosystem_or_investor,conservative domain/path heuristic; not a claim-quality decision,official membership source or investor domain (heuristic),no,
https://www.ycombinator.com/companies/hent,https://ycombinator.com/companies/hent,ycombinator.com,research/yc_real_estate_construction_directory_2026-08-30.csv,1,1,yes,yes,,ecosystem_or_investor,conservative domain/path heuristic; not a claim-quality decision,official membership source or investor domain (heuristic),no,
https://www.ycombinator.com/companies/hippobuild,https://ycombinator.com/companies/hippobuild,ycombinator.com,research/yc_real_estate_construction_directory_2026-08-30.csv,1,1,yes,yes,,ecosystem_or_investor,conservative domain/path heuristic; not a claim-quality decision,official membership source or investor domain (heuristic),no,
https://www.ycombinator.com/companies/homebase,https://ycombinator.com/companies/homebase,ycombinator.com,research/final_corpus_qa.md|research/proptech_startups_agent.csv|research/regional_companies_agent.csv|research/regional_proptech_landscape.md|research/yc_real_estate_construction_directory_2026-08-30.csv,5,7,yes,yes,,ecosystem_or_investor,conservative domain/path heuristic; not a claim-quality decision,official membership source or investor domain (heuristic),no,
https://www.ycombinator.com/companies/homeroom,https://ycombinator.com/companies/homeroom,ycombinator.com,research/yc_real_estate_construction_directory_2026-08-30.csv,1,1,yes,yes,,ecosystem_or_investor,conservative domain/path heuristic; not a claim-quality decision,official membership source or investor domain (heuristic),no,
https://www.ycombinator.com/companies/homli,https://ycombinator.com/companies/homli,ycombinator.com,research/proptech_startup_universe.md|research/yc_real_estate_construction_directory_2026-08-30.csv,2,2,yes,yes,,ecosystem_or_investor,conservative domain/path heuristic; not a claim-quality decision,official membership source or investor domain (heuristic),no,
https://www.ycombinator.com/companies/houm,https://ycombinator.com/companies/houm,ycombinator.com,research/coverage_gap_additions.csv|research/yc_real_estate_construction_directory_2026-08-30.csv,2,2,yes,yes,,ecosystem_or_investor,conservative domain/path heuristic; not a claim-quality decision,official membership source or investor domain (heuristic),no,
https://www.ycombinator.com/companies/humance,https://ycombinator.com/companies/humance,ycombinator.com,research/yc_real_estate_construction_directory_2026-08-30.csv,1,1,yes,yes,,ecosystem_or_investor,conservative domain/path heuristic; not a claim-quality decision,official membership source or investor domain (heuristic),no,
https://www.ycombinator.com/companies/hypcloud,https://ycombinator.com/companies/hypcloud,ycombinator.com,research/yc_real_estate_construction_directory_2026-08-30.csv,1,1,yes,yes,,ecosystem_or_investor,conservative domain/path heuristic; not a claim-quality decision,official membership source or investor domain (heuristic),no,
https://www.ycombinator.com/companies/inbuild,https://ycombinator.com/companies/inbuild,ycombinator.com,research/coverage_gap_additions.csv|research/coverage_gap_audit.md,2,3,yes,yes,,ecosystem_or_investor,conservative domain/path heuristic; not a claim-quality decision,official membership source or investor domain (heuristic),no,
https://www.ycombinator.com/companies/industry/proptech,https://ycombinator.com/companies/industry/proptech,ycombinator.com,JCX_Global_PropTech_Intelligence_Atlas_2026-08-30.md|research/atlas_methodology_and_website_ia.md|research/coverage_gap_audit.md|research/global_real_estate_pioneers.md|research/proptech_startup_universe.md|research/yc_real_estate_construction_directory_2026-08-30.md,6,6,yes,yes,,ecosystem_or_investor,conservative domain/path heuristic; not a claim-quality decision,official membership source or investor domain (heuristic),no,
https://www.ycombinator.com/companies/industry/real-estate,https://ycombinator.com/companies/industry/real-estate,ycombinator.com,JCX_Global_PropTech_Intelligence_Atlas_2026-08-30.md|research/coverage_gap_audit.md|research/proptech_startup_universe.md|research/yc_real_estate_construction_directory_2026-08-30.md,4,4,yes,yes,,ecosystem_or_investor,conservative domain/path heuristic; not a claim-quality decision,official membership source or investor domain (heuristic),no,
https://www.ycombinator.com/companies/industry/real-estate-and-construction,https://ycombinator.com/companies/industry/real-estate-and-construction,ycombinator.com,JCX_Global_PropTech_Intelligence_Atlas_2026-08-30.md|research/coverage_gap_audit.md|research/final_corpus_qa.md|research/final_coverage_assurance.md|research/global_real_estate_pioneers.md|research/global_real_estate_pioneers_agent.csv|research/yc_real_estate_construction_directory_2026-08-30.csv,7,153,yes,yes,,ecosystem_or_investor,conservative domain/path heuristic; not a claim-quality decision,official membership source or investor domain (heuristic),no,
https://www.ycombinator.com/companies/industry/real-estate-and-construction](https://www.ycombinator.com/companies/industry/real-estate-and-construction),https://ycombinator.com/companies/industry/real-estate-and-construction](https:/www.ycombinator.com/companies/industry/real-estate-and-construction),ycombinator.com,research/yc_real_estate_construction_directory_2026-08-30.md,1,1,yes,yes,,ecosystem_or_investor,conservative domain/path heuristic; not a claim-quality decision,official membership source or investor domain (heuristic),no,
https://www.ycombinator.com/companies/innov8,https://ycombinator.com/companies/innov8,ycombinator.com,research/yc_real_estate_construction_directory_2026-08-30.csv,1,1,yes,yes,,ecosystem_or_investor,conservative domain/path heuristic; not a claim-quality decision,official membership source or investor domain (heuristic),no,
https://www.ycombinator.com/companies/inspectify,https://ycombinator.com/companies/inspectify,ycombinator.com,research/yc_real_estate_construction_directory_2026-08-30.csv,1,1,yes,yes,,ecosystem_or_investor,conservative domain/path heuristic; not a claim-quality decision,official membership source or investor domain (heuristic),no,
https://www.ycombinator.com/companies/inspectmind-ai,https://ycombinator.com/companies/inspectmind-ai,ycombinator.com,JCX_Global_PropTech_Intelligence_Atlas_2026-08-30.md|research/proptech_startups_agent.csv|research/yc_real_estate_construction_directory_2026-08-30.csv,3,4,yes,yes,,ecosystem_or_investor,conservative domain/path heuristic; not a claim-quality decision,official membership source or investor domain (heuristic),no,
https://www.ycombinator.com/companies/ironledger-ai,https://ycombinator.com/companies/ironledger-ai,ycombinator.com,research/yc_real_estate_construction_directory_2026-08-30.csv|research/yc_real_estate_construction_directory_2026-08-30.md,2,2,yes,yes,,ecosystem_or_investor,conservative domain/path heuristic; not a claim-quality decision,official membership source or investor domain (heuristic),no,
https://www.ycombinator.com/companies/ivy-homes,https://ycombinator.com/companies/ivy-homes,ycombinator.com,research/yc_real_estate_construction_directory_2026-08-30.csv,1,1,yes,yes,,ecosystem_or_investor,conservative domain/path heuristic; not a claim-quality decision,official membership source or investor domain (heuristic),no,
https://www.ycombinator.com/companies/just-appraised,https://ycombinator.com/companies/just-appraised,ycombinator.com,research/proptech_startup_universe.md,1,1,yes,yes,,ecosystem_or_investor,conservative domain/path heuristic; not a claim-quality decision,official membership source or investor domain (heuristic),no,
https://www.ycombinator.com/companies/karmen,https://ycombinator.com/companies/karmen,ycombinator.com,research/yc_real_estate_construction_directory_2026-08-30.csv,1,1,yes,yes,,ecosystem_or_investor,conservative domain/path heuristic; not a claim-quality decision,official membership source or investor domain (heuristic),no,
https://www.ycombinator.com/companies/ladder,https://ycombinator.com/companies/ladder,ycombinator.com,research/yc_real_estate_construction_directory_2026-08-30.csv,1,1,yes,yes,,ecosystem_or_investor,conservative domain/path heuristic; not a claim-quality decision,official membership source or investor domain (heuristic),no,
https://www.ycombinator.com/companies/machine26,https://ycombinator.com/companies/machine26,ycombinator.com,research/yc_real_estate_construction_directory_2026-08-30.csv,1,1,yes,yes,,ecosystem_or_investor,conservative domain/path heuristic; not a claim-quality decision,official membership source or investor domain (heuristic),no,
https://www.ycombinator.com/companies/material-depot,https://ycombinator.com/companies/material-depot,ycombinator.com,research/coverage_gap_additions.csv|research/yc_real_estate_construction_directory_2026-08-30.csv,2,3,yes,yes,,ecosystem_or_investor,conservative domain/path heuristic; not a claim-quality decision,official membership source or investor domain (heuristic),no,
https://www.ycombinator.com/companies/morada-uno,https://ycombinator.com/companies/morada-uno,ycombinator.com,research/yc_real_estate_construction_directory_2026-08-30.csv,1,1,yes,yes,,ecosystem_or_investor,conservative domain/path heuristic; not a claim-quality decision,official membership source or investor domain (heuristic),no,
https://www.ycombinator.com/companies/movity,https://ycombinator.com/companies/movity,ycombinator.com,research/yc_real_estate_construction_directory_2026-08-30.csv,1,1,yes,yes,,ecosystem_or_investor,conservative domain/path heuristic; not a claim-quality decision,official membership source or investor domain (heuristic),no,
https://www.ycombinator.com/companies/mudafy,https://ycombinator.com/companies/mudafy,ycombinator.com,research/yc_real_estate_construction_directory_2026-08-30.csv,1,1,yes,yes,,ecosystem_or_investor,conservative domain/path heuristic; not a claim-quality decision,official membership source or investor domain (heuristic),no,
https://www.ycombinator.com/companies/myvr,https://ycombinator.com/companies/myvr,ycombinator.com,research/yc_real_estate_construction_directory_2026-08-30.csv,1,1,yes,yes,,ecosystem_or_investor,conservative domain/path heuristic; not a claim-quality decision,official membership source or investor domain (heuristic),no,
https://www.ycombinator.com/companies/naborly,https://ycombinator.com/companies/naborly,ycombinator.com,research/yc_real_estate_construction_directory_2026-08-30.csv,1,1,yes,yes,,ecosystem_or_investor,conservative domain/path heuristic; not a claim-quality decision,official membership source or investor domain (heuristic),no,
https://www.ycombinator.com/companies/new-story,https://ycombinator.com/companies/new-story,ycombinator.com,research/yc_real_estate_construction_directory_2026-08-30.csv,1,1,yes,yes,,ecosystem_or_investor,conservative domain/path heuristic; not a claim-quality decision,official membership source or investor domain (heuristic),no,
https://www.ycombinator.com/companies/obie,https://ycombinator.com/companies/obie,ycombinator.com,research/yc_real_estate_construction_directory_2026-08-30.csv,1,1,yes,yes,,ecosystem_or_investor,conservative domain/path heuristic; not a claim-quality decision,official membership source or investor domain (heuristic),no,
https://www.ycombinator.com/companies/open-listings,https://ycombinator.com/companies/open-listings,ycombinator.com,research/yc_real_estate_construction_directory_2026-08-30.csv,1,1,yes,yes,,ecosystem_or_investor,conservative domain/path heuristic; not a claim-quality decision,official membership source or investor domain (heuristic),no,
https://www.ycombinator.com/companies/opusense-ai,https://ycombinator.com/companies/opusense-ai,ycombinator.com,research/yc_real_estate_construction_directory_2026-08-30.csv,1,1,yes,yes,,ecosystem_or_investor,conservative domain/path heuristic; not a claim-quality decision,official membership source or investor domain (heuristic),no,
https://www.ycombinator.com/companies/paces,https://ycombinator.com/companies/paces,ycombinator.com,JCX_Global_PropTech_Intelligence_Atlas_2026-08-30.md|research/coverage_gap_additions.csv|research/coverage_gap_audit.md,3,4,yes,yes,,ecosystem_or_investor,conservative domain/path heuristic; not a claim-quality decision,official membership source or investor domain (heuristic),no,
https://www.ycombinator.com/companies/padmapper,https://ycombinator.com/companies/padmapper,ycombinator.com,research/yc_real_estate_construction_directory_2026-08-30.csv,1,1,yes,yes,,ecosystem_or_investor,conservative domain/path heuristic; not a claim-quality decision,official membership source or investor domain (heuristic),no,
https://www.ycombinator.com/companies/palomma,https://ycombinator.com/companies/palomma,ycombinator.com,research/yc_real_estate_construction_directory_2026-08-30.csv,1,1,yes,yes,,ecosystem_or_investor,conservative domain/path heuristic; not a claim-quality decision,official membership source or investor domain (heuristic),no,
https://www.ycombinator.com/companies/pares-ai,https://ycombinator.com/companies/pares-ai,ycombinator.com,research/proptech_startup_universe.md|research/proptech_startups_agent.csv|research/yc_real_estate_construction_directory_2026-08-30.csv|research/yc_real_estate_construction_directory_2026-08-30.md,4,5,yes,yes,,ecosystem_or_investor,conservative domain/path heuristic; not a claim-quality decision,official membership source or investor domain (heuristic),no,
https://www.ycombinator.com/companies/permitflow,https://ycombinator.com/companies/permitflow,ycombinator.com,JCX_Global_PropTech_Intelligence_Atlas_2026-08-30.md|research/coverage_gap_additions.csv|research/yc_real_estate_construction_directory_2026-08-30.csv,3,4,yes,yes,,ecosystem_or_investor,conservative domain/path heuristic; not a claim-quality decision,official membership source or investor domain (heuristic),no,
https://www.ycombinator.com/companies/permitify,https://ycombinator.com/companies/permitify,ycombinator.com,research/yc_real_estate_construction_directory_2026-08-30.csv,1,1,yes,yes,,ecosystem_or_investor,conservative domain/path heuristic; not a claim-quality decision,official membership source or investor domain (heuristic),no,
https://www.ycombinator.com/companies/permitportal,https://ycombinator.com/companies/permitportal,ycombinator.com,JCX_Global_PropTech_Intelligence_Atlas_2026-08-30.md|research/proptech_startup_universe.md|research/proptech_startups_agent.csv|research/yc_real_estate_construction_directory_2026-08-30.csv,4,6,yes,yes,,ecosystem_or_investor,conservative domain/path heuristic; not a claim-quality decision,official membership source or investor domain (heuristic),no,
https://www.ycombinator.com/companies/piinpoint,https://ycombinator.com/companies/piinpoint,ycombinator.com,research/proptech_startup_universe.md,1,1,yes,yes,,ecosystem_or_investor,conservative domain/path heuristic; not a claim-quality decision,official membership source or investor domain (heuristic),no,
https://www.ycombinator.com/companies/plan0-ai,https://ycombinator.com/companies/plan0-ai,ycombinator.com,JCX_Global_PropTech_Intelligence_Atlas_2026-08-30.md|research/yc_real_estate_construction_directory_2026-08-30.csv,2,2,yes,yes,,ecosystem_or_investor,conservative domain/path heuristic; not a claim-quality decision,official membership source or investor domain (heuristic),no,
https://www.ycombinator.com/companies/plangrid,https://ycombinator.com/companies/plangrid,ycombinator.com,research/yc_real_estate_construction_directory_2026-08-30.csv,1,1,yes,yes,,ecosystem_or_investor,conservative domain/path heuristic; not a claim-quality decision,official membership source or investor domain (heuristic),no,
https://www.ycombinator.com/companies/prop-rise,https://ycombinator.com/companies/prop-rise,ycombinator.com,research/proptech_startup_universe.md,1,1,yes,yes,,ecosystem_or_investor,conservative domain/path heuristic; not a claim-quality decision,official membership source or investor domain (heuristic),no,
https://www.ycombinator.com/companies/propaya,https://ycombinator.com/companies/propaya,ycombinator.com,research/coverage_gap_additions.csv|research/coverage_gap_audit.md|research/yc_real_estate_construction_directory_2026-08-30.csv,3,4,yes,yes,,ecosystem_or_investor,conservative domain/path heuristic; not a claim-quality decision,official membership source or investor domain (heuristic),no,
https://www.ycombinator.com/companies/propexo,https://ycombinator.com/companies/propexo,ycombinator.com,research/proptech_startup_universe.md|research/proptech_startups_agent.csv,2,2,yes,yes,,ecosystem_or_investor,conservative domain/path heuristic; not a claim-quality decision,official membership source or investor domain (heuristic),no,
https://www.ycombinator.com/companies/proprise,https://ycombinator.com/companies/proprise,ycombinator.com,research/yc_real_estate_construction_directory_2026-08-30.csv,1,1,yes,yes,,ecosystem_or_investor,conservative domain/path heuristic; not a claim-quality decision,official membership source or investor domain (heuristic),no,
https://www.ycombinator.com/companies/pulppo,https://ycombinator.com/companies/pulppo,ycombinator.com,research/yc_real_estate_construction_directory_2026-08-30.csv,1,1,yes,yes,,ecosystem_or_investor,conservative domain/path heuristic; not a claim-quality decision,official membership source or investor domain (heuristic),no,
https://www.ycombinator.com/companies/quantierra,https://ycombinator.com/companies/quantierra,ycombinator.com,research/yc_real_estate_construction_directory_2026-08-30.csv,1,1,yes,yes,,ecosystem_or_investor,conservative domain/path heuristic; not a claim-quality decision,official membership source or investor domain (heuristic),no,
https://www.ycombinator.com/companies/rabbet,https://ycombinator.com/companies/rabbet,ycombinator.com,research/proptech_startup_universe.md|research/proptech_startups_agent.csv|research/yc_real_estate_construction_directory_2026-08-30.csv,3,4,yes,yes,,ecosystem_or_investor,conservative domain/path heuristic; not a claim-quality decision,official membership source or investor domain (heuristic),no,
https://www.ycombinator.com/companies/ravti,https://ycombinator.com/companies/ravti,ycombinator.com,research/yc_real_estate_construction_directory_2026-08-30.csv,1,1,yes,yes,,ecosystem_or_investor,conservative domain/path heuristic; not a claim-quality decision,official membership source or investor domain (heuristic),no,
https://www.ycombinator.com/companies/realcrowd,https://ycombinator.com/companies/realcrowd,ycombinator.com,research/yc_real_estate_construction_directory_2026-08-30.csv,1,1,yes,yes,,ecosystem_or_investor,conservative domain/path heuristic; not a claim-quality decision,official membership source or investor domain (heuristic),no,
https://www.ycombinator.com/companies/realpact,https://ycombinator.com/companies/realpact,ycombinator.com,JCX_Global_PropTech_Intelligence_Atlas_2026-08-30.md|research/proptech_startup_universe.md|research/proptech_startups_agent.csv|research/yc_real_estate_construction_directory_2026-08-30.csv|research/yc_real_estate_construction_directory_2026-08-30.md,5,7,yes,yes,,ecosystem_or_investor,conservative domain/path heuristic; not a claim-quality decision,official membership source or investor domain (heuristic),no,
https://www.ycombinator.com/companies/remi,https://ycombinator.com/companies/remi,ycombinator.com,research/yc_real_estate_construction_directory_2026-08-30.csv,1,1,yes,yes,,ecosystem_or_investor,conservative domain/path heuristic; not a claim-quality decision,official membership source or investor domain (heuristic),no,
https://www.ycombinator.com/companies/rendalomaq,https://ycombinator.com/companies/rendalomaq,ycombinator.com,research/yc_real_estate_construction_directory_2026-08-30.csv,1,1,yes,yes,,ecosystem_or_investor,conservative domain/path heuristic; not a claim-quality decision,official membership source or investor domain (heuristic),no,
https://www.ycombinator.com/companies/rentflow,https://ycombinator.com/companies/rentflow,ycombinator.com,research/coverage_gap_additions.csv,1,2,yes,yes,,ecosystem_or_investor,conservative domain/path heuristic; not a claim-quality decision,official membership source or investor domain (heuristic),no,
https://www.ycombinator.com/companies/renthop,https://ycombinator.com/companies/renthop,ycombinator.com,research/proptech_startup_universe.md|research/yc_real_estate_construction_directory_2026-08-30.csv,2,2,yes,yes,,ecosystem_or_investor,conservative domain/path heuristic; not a claim-quality decision,official membership source or investor domain (heuristic),no,
https://www.ycombinator.com/companies/resolve,https://ycombinator.com/companies/resolve,ycombinator.com,research/yc_real_estate_construction_directory_2026-08-30.csv,1,1,yes,yes,,ecosystem_or_investor,conservative domain/path heuristic; not a claim-quality decision,official membership source or investor domain (heuristic),no,
https://www.ycombinator.com/companies/rezi,https://ycombinator.com/companies/rezi,ycombinator.com,research/proptech_startup_universe.md|research/proptech_startups_agent.csv|research/yc_real_estate_construction_directory_2026-08-30.csv,3,4,yes,yes,,ecosystem_or_investor,conservative domain/path heuristic; not a claim-quality decision,official membership source or investor domain (heuristic),no,
https://www.ycombinator.com/companies/rudus,https://ycombinator.com/companies/rudus,ycombinator.com,research/yc_real_estate_construction_directory_2026-08-30.csv,1,1,yes,yes,,ecosystem_or_investor,conservative domain/path heuristic; not a claim-quality decision,official membership source or investor domain (heuristic),no,
https://www.ycombinator.com/companies/sakneen,https://ycombinator.com/companies/sakneen,ycombinator.com,research/yc_real_estate_construction_directory_2026-08-30.csv,1,1,yes,yes,,ecosystem_or_investor,conservative domain/path heuristic; not a claim-quality decision,official membership source or investor domain (heuristic),no,
https://www.ycombinator.com/companies/schemeflow,https://ycombinator.com/companies/schemeflow,ycombinator.com,research/yc_real_estate_construction_directory_2026-08-30.csv,1,1,yes,yes,,ecosystem_or_investor,conservative domain/path heuristic; not a claim-quality decision,official membership source or investor domain (heuristic),no,
https://www.ycombinator.com/companies/sizeless,https://ycombinator.com/companies/sizeless,ycombinator.com,research/proptech_startup_universe.md|research/yc_real_estate_construction_directory_2026-08-30.csv,2,2,yes,yes,,ecosystem_or_investor,conservative domain/path heuristic; not a claim-quality decision,official membership source or investor domain (heuristic),no,
https://www.ycombinator.com/companies/snapdocs,https://ycombinator.com/companies/snapdocs,ycombinator.com,research/yc_real_estate_construction_directory_2026-08-30.csv,1,1,yes,yes,,ecosystem_or_investor,conservative domain/path heuristic; not a claim-quality decision,official membership source or investor domain (heuristic),no,
https://www.ycombinator.com/companies/somos,https://ycombinator.com/companies/somos,ycombinator.com,research/yc_real_estate_construction_directory_2026-08-30.csv,1,1,yes,yes,,ecosystem_or_investor,conservative domain/path heuristic; not a claim-quality decision,official membership source or investor domain (heuristic),no,
https://www.ycombinator.com/companies/spotlight-realty,https://ycombinator.com/companies/spotlight-realty,ycombinator.com,research/proptech_startup_universe.md|research/yc_real_estate_construction_directory_2026-08-30.csv|research/yc_real_estate_construction_directory_2026-08-30.md,3,3,yes,yes,,ecosystem_or_investor,conservative domain/path heuristic; not a claim-quality decision,official membership source or investor domain (heuristic),no,
https://www.ycombinator.com/companies/stairs-financial,https://ycombinator.com/companies/stairs-financial,ycombinator.com,research/coverage_gap_additions.csv,1,2,yes,yes,,ecosystem_or_investor,conservative domain/path heuristic; not a claim-quality decision,official membership source or investor domain (heuristic),no,
https://www.ycombinator.com/companies/starcity,https://ycombinator.com/companies/starcity,ycombinator.com,research/yc_real_estate_construction_directory_2026-08-30.csv,1,1,yes,yes,,ecosystem_or_investor,conservative domain/path heuristic; not a claim-quality decision,official membership source or investor domain (heuristic),no,
https://www.ycombinator.com/companies/structured-ai,https://ycombinator.com/companies/structured-ai,ycombinator.com,research/yc_real_estate_construction_directory_2026-08-30.csv|research/yc_real_estate_construction_directory_2026-08-30.md,2,2,yes,yes,,ecosystem_or_investor,conservative domain/path heuristic; not a claim-quality decision,official membership source or investor domain (heuristic),no,
https://www.ycombinator.com/companies/subvysion,https://ycombinator.com/companies/subvysion,ycombinator.com,JCX_Global_PropTech_Intelligence_Atlas_2026-08-30.md|research/proptech_startup_universe.md|research/proptech_startups_agent.csv|research/yc_real_estate_construction_directory_2026-08-30.csv|research/yc_real_estate_construction_directory_2026-08-30.md,5,6,yes,yes,,ecosystem_or_investor,conservative domain/path heuristic; not a claim-quality decision,official membership source or investor domain (heuristic),no,
https://www.ycombinator.com/companies/tandem-2,https://ycombinator.com/companies/tandem-2,ycombinator.com,research/proptech_startup_universe.md|research/proptech_startups_agent.csv,2,3,yes,yes,,ecosystem_or_investor,conservative domain/path heuristic; not a claim-quality decision,official membership source or investor domain (heuristic),no,
https://www.ycombinator.com/companies/taxproper,https://ycombinator.com/companies/taxproper,ycombinator.com,research/yc_real_estate_construction_directory_2026-08-30.csv,1,1,yes,yes,,ecosystem_or_investor,conservative domain/path heuristic; not a claim-quality decision,official membership source or investor domain (heuristic),no,
https://www.ycombinator.com/companies/tenant-turner,https://ycombinator.com/companies/tenant-turner,ycombinator.com,research/yc_real_estate_construction_directory_2026-08-30.csv,1,1,yes,yes,,ecosystem_or_investor,conservative domain/path heuristic; not a claim-quality decision,official membership source or investor domain (heuristic),no,
https://www.ycombinator.com/companies/terrakotta,https://ycombinator.com/companies/terrakotta,ycombinator.com,research/proptech_startup_universe.md,1,1,yes,yes,,ecosystem_or_investor,conservative domain/path heuristic; not a claim-quality decision,official membership source or investor domain (heuristic),no,
https://www.ycombinator.com/companies/tigereye,https://ycombinator.com/companies/tigereye,ycombinator.com,research/yc_real_estate_construction_directory_2026-08-30.csv,1,1,yes,yes,,ecosystem_or_investor,conservative domain/path heuristic; not a claim-quality decision,official membership source or investor domain (heuristic),no,
https://www.ycombinator.com/companies/tire-swing,https://ycombinator.com/companies/tire-swing,ycombinator.com,research/proptech_startup_universe.md|research/proptech_startups_agent.csv,2,3,yes,yes,,ecosystem_or_investor,conservative domain/path heuristic; not a claim-quality decision,official membership source or investor domain (heuristic),no,
https://www.ycombinator.com/companies/tolemi,https://ycombinator.com/companies/tolemi,ycombinator.com,research/yc_real_estate_construction_directory_2026-08-30.csv,1,1,yes,yes,,ecosystem_or_investor,conservative domain/path heuristic; not a claim-quality decision,official membership source or investor domain (heuristic),no,
https://www.ycombinator.com/companies/tough-commerce,https://ycombinator.com/companies/tough-commerce,ycombinator.com,research/yc_real_estate_construction_directory_2026-08-30.csv,1,1,yes,yes,,ecosystem_or_investor,conservative domain/path heuristic; not a claim-quality decision,official membership source or investor domain (heuristic),no,
https://www.ycombinator.com/companies/travo,https://ycombinator.com/companies/travo,ycombinator.com,research/yc_real_estate_construction_directory_2026-08-30.csv,1,1,yes,yes,,ecosystem_or_investor,conservative domain/path heuristic; not a claim-quality decision,official membership source or investor domain (heuristic),no,
https://www.ycombinator.com/companies/trusty,https://ycombinator.com/companies/trusty,ycombinator.com,research/proptech_startup_universe.md|research/yc_real_estate_construction_directory_2026-08-30.csv,2,2,yes,yes,,ecosystem_or_investor,conservative domain/path heuristic; not a claim-quality decision,official membership source or investor domain (heuristic),no,
https://www.ycombinator.com/companies/upcodes,https://ycombinator.com/companies/upcodes,ycombinator.com,research/yc_real_estate_construction_directory_2026-08-30.csv,1,1,yes,yes,,ecosystem_or_investor,conservative domain/path heuristic; not a claim-quality decision,official membership source or investor domain (heuristic),no,
https://www.ycombinator.com/companies/upequity,https://ycombinator.com/companies/upequity,ycombinator.com,research/yc_real_estate_construction_directory_2026-08-30.csv,1,1,yes,yes,,ecosystem_or_investor,conservative domain/path heuristic; not a claim-quality decision,official membership source or investor domain (heuristic),no,
https://www.ycombinator.com/companies/vergesense,https://ycombinator.com/companies/vergesense,ycombinator.com,research/yc_real_estate_construction_directory_2026-08-30.csv,1,1,yes,yes,,ecosystem_or_investor,conservative domain/path heuristic; not a claim-quality decision,official membership source or investor domain (heuristic),no,
https://www.ycombinator.com/companies/vestris,https://ycombinator.com/companies/vestris,ycombinator.com,research/yc_real_estate_construction_directory_2026-08-30.csv|research/yc_real_estate_construction_directory_2026-08-30.md,2,2,yes,yes,,ecosystem_or_investor,conservative domain/path heuristic; not a claim-quality decision,official membership source or investor domain (heuristic),no,
https://www.ycombinator.com/companies/vobi,https://ycombinator.com/companies/vobi,ycombinator.com,research/yc_real_estate_construction_directory_2026-08-30.csv,1,1,yes,yes,,ecosystem_or_investor,conservative domain/path heuristic; not a claim-quality decision,official membership source or investor domain (heuristic),no,
https://www.ycombinator.com/companies/wand-solar,https://ycombinator.com/companies/wand-solar,ycombinator.com,research/proptech_startup_universe.md,1,1,yes,yes,,ecosystem_or_investor,conservative domain/path heuristic; not a claim-quality decision,official membership source or investor domain (heuristic),no,
https://www.ycombinator.com/companies/wayline,https://ycombinator.com/companies/wayline,ycombinator.com,research/yc_real_estate_construction_directory_2026-08-30.csv|research/yc_real_estate_construction_directory_2026-08-30.md,2,2,yes,yes,,ecosystem_or_investor,conservative domain/path heuristic; not a claim-quality decision,official membership source or investor domain (heuristic),no,
https://www.ycombinator.com/companies/wereno,https://ycombinator.com/companies/wereno,ycombinator.com,research/coverage_gap_additions.csv|research/yc_real_estate_construction_directory_2026-08-30.csv,2,3,yes,yes,,ecosystem_or_investor,conservative domain/path heuristic; not a claim-quality decision,official membership source or investor domain (heuristic),no,
https://www.ycombinator.com/companies/x3-builders,https://ycombinator.com/companies/x3-builders,ycombinator.com,research/yc_real_estate_construction_directory_2026-08-30.csv,1,1,yes,yes,,ecosystem_or_investor,conservative domain/path heuristic; not a claim-quality decision,official membership source or investor domain (heuristic),no,
https://www.ycombinator.com/companies/you-got-listings-inc,https://ycombinator.com/companies/you-got-listings-inc,ycombinator.com,research/proptech_startup_universe.md|research/yc_real_estate_construction_directory_2026-08-30.csv,2,2,yes,yes,,ecosystem_or_investor,conservative domain/path heuristic; not a claim-quality decision,official membership source or investor domain (heuristic),no,
https://www.ycombinator.com/companies/zerodown,https://ycombinator.com/companies/zerodown,ycombinator.com,research/yc_real_estate_construction_directory_2026-08-30.csv,1,1,yes,yes,,ecosystem_or_investor,conservative domain/path heuristic; not a claim-quality decision,official membership source or investor domain (heuristic),no,
https://www.ycombinator.com/companies/zeus,https://ycombinator.com/companies/zeus,ycombinator.com,research/yc_real_estate_construction_directory_2026-08-30.csv,1,1,yes,yes,,ecosystem_or_investor,conservative domain/path heuristic; not a claim-quality decision,official membership source or investor domain (heuristic),no,
https://www.ycombinator.com/companies/ziffyhomes,https://ycombinator.com/companies/ziffyhomes,ycombinator.com,research/yc_real_estate_construction_directory_2026-08-30.csv,1,1,yes,yes,,ecosystem_or_investor,conservative domain/path heuristic; not a claim-quality decision,official membership source or investor domain (heuristic),no,
https://www.ycombinator.com/companies/zorba,https://ycombinator.com/companies/zorba,ycombinator.com,research/yc_real_estate_construction_directory_2026-08-30.csv,1,1,yes,yes,,ecosystem_or_investor,conservative domain/path heuristic; not a claim-quality decision,official membership source or investor domain (heuristic),no,
https://www.zeguro.com/,https://zeguro.com/,zeguro.com,research/built_environment_ecosystem_discovery_index.csv,1,1,yes,yes,,company_or_product,conservative domain/path heuristic; not a claim-quality decision,likely first-party/company domain (heuristic),no,
https://www.zenatix.com/,https://zenatix.com/,zenatix.com,research/regional_companies_agent.csv,1,1,yes,yes,,company_or_product,conservative domain/path heuristic; not a claim-quality decision,likely first-party/company domain (heuristic),no,
https://www.zenatix.com/about/,https://zenatix.com/about,zenatix.com,research/regional_companies_agent.csv|research/regional_proptech_landscape.md,2,2,yes,yes,,company_or_product,conservative domain/path heuristic; not a claim-quality decision,likely first-party/company domain (heuristic),no,
https://www.zenatix.com/about/)**,https://zenatix.com/about/)**,zenatix.com,JCX_Global_PropTech_Intelligence_Atlas_2026-08-30.md,1,1,yes,yes,,company_or_product,conservative domain/path heuristic; not a claim-quality decision,likely first-party/company domain (heuristic),no,
https://www.zillow.com/,https://zillow.com/,zillow.com,research/built_environment_ecosystem_discovery_index.csv|research/global_real_estate_pioneers_agent.csv|research/proptech_startup_universe.md|research/proptech_startups_agent.csv,4,6,yes,yes,,company_or_product,conservative domain/path heuristic; not a claim-quality decision,likely first-party/company domain (heuristic),no,
https://www2.deloitte.com/us/en/insights/industry/financial-services/commercial-real-estate-outlook.html,https://www2.deloitte.com/us/en/insights/industry/financial-services/commercial-real-estate-outlook.html,www2.deloitte.com,research/atlas_methodology_and_website_ia.md,1,1,yes,yes,,company_or_product,conservative domain/path heuristic; not a claim-quality decision,likely first-party/company domain (heuristic),no,
https://wyl.co/,https://wyl.co/,wyl.co,research/built_environment_ecosystem_discovery_index.csv,1,1,yes,yes,,company_or_product,conservative domain/path heuristic; not a claim-quality decision,likely first-party/company domain (heuristic),no,
https://xealenergy.com/,https://xealenergy.com/,xealenergy.com,research/built_environment_ecosystem_discovery_index.csv,1,1,yes,yes,,company_or_product,conservative domain/path heuristic; not a claim-quality decision,likely first-party/company domain (heuristic),no,
https://yave.mx/,https://yave.mx/,yave.mx,research/built_environment_ecosystem_discovery_index.csv,1,1,yes,yes,,company_or_product,conservative domain/path heuristic; not a claim-quality decision,likely first-party/company domain (heuristic),no,
https://ynomia.io/home,https://ynomia.io/home,ynomia.io,research/built_environment_ecosystem_discovery_index.csv,1,1,yes,yes,,company_or_product,conservative domain/path heuristic; not a claim-quality decision,likely first-party/company domain (heuristic),no,
https://zacuaventures.com/portfolio/,https://zacuaventures.com/portfolio,zacuaventures.com,research/final_coverage_assurance.md|research/startup_core_additions.csv|research/startup_coverage_additions.csv|research/startup_coverage_final_audit.md,4,16,yes,yes,,company_or_product,conservative domain/path heuristic; not a claim-quality decision,likely first-party/company domain (heuristic),no,
https://zebel.io/,https://zebel.io/,zebel.io,research/built_environment_ecosystem_discovery_index.csv,1,1,yes,yes,,company_or_product,conservative domain/path heuristic; not a claim-quality decision,likely first-party/company domain (heuristic),no,
https://zerokey.com/,https://zerokey.com/,zerokey.com,research/built_environment_ecosystem_discovery_index.csv,1,1,yes,yes,,company_or_product,conservative domain/path heuristic; not a claim-quality decision,likely first-party/company domain (heuristic),no,
https://zesty.ai/,https://zesty.ai/,zesty.ai,research/enterprise_platform_additions.csv|research/enterprise_platform_coverage_audit.md,2,3,yes,yes,,company_or_product,conservative domain/path heuristic; not a claim-quality decision,likely first-party/company domain (heuristic),no,
