entity_id,display_name,aliases_json,record_type,record_type_basis,canonical_url,canonical_url_status,discovery_profile_urls_json,status_current,operating_status_legacy,status_conflict,status_evidence_date,status_observed_at,status_date_note,last_verified,headquarters_country,headquarters_country_values_legacy_json,headquarters_country_conflict,operating_regions_json,founding_year,founding_year_values_json,founding_year_note,business_models_json,ecosystem_memberships_json,lifecycle_codes_json,lifecycle_mapping_methods_json,lifecycle_labels_legacy_json,lifecycle_unmapped_labels_json,category_labels_json,maturity_band_provisional,maturity_labels_legacy_json,mrl,mrl_note,reviewed_relevance_tier,relevance_tier_values_json,relevance_tier_conflict,jcx_relevance_notes_json,legacy_evidence_grades_json,source_quality_grades_provisional_json,source_count,source_urls_json,source_datasets_json,merged_record_count,publication_readiness,review_flags_json
org-31ventures-1867c79,31VENTURES,[],program_ecosystem,reviewed name or entity-type rule,https://www.31ventures.jp/en/,resolved,[],active,active,false,,2026-08-30,Legacy status_as_of is preserved in assertions; it is not promoted because it usually represents the research date rather than a supported event date.,2026-08-30,Japan,"[""Japan""]",false,"[""Japan global""]",,[],Not verified in the current source layer.,[],[],"[""L1"",""L6"",""L7"",""L8"",""L10""]","[""documented_legacy_shorthand""]","[""L/S/H/O/E""]",[],[],not_assessed,[],,Not assigned from company scale/funding; requires product-and-geography evidence.,A,"[""A""]",false,"[""Strong developer venture-client model for JCX""]","[""A""]","[""S2""]",4,"[""https://31ventures.jp/en"",""https://31ventures.jp/en/about"",""https://31ventures.jp/en/case"",""https://31ventures.jp/en/fund""]","[""global_real_estate_pioneers_agent.csv""]",1,discovery_program,"[""category_not_assessed"",""maturity_not_assessed"",""status_evidence_date_missing"",""claim_level_evidence_review_required""]"
org-aldar-properties-4218e8b,Aldar Properties,[],organization,default operating/legal identity,https://www.aldar.com/,resolved,[],active,active,false,,2026-08-30,Legacy status_as_of is preserved in assertions; it is not promoted because it usually represents the research date rather than a supported event date.,2026-08-30,United Arab Emirates,"[""United Arab Emirates""]",false,"[""UAE United Kingdom""]",,[],Not verified in the current source layer.,[],[],"[""L1"",""L3"",""L6"",""L7"",""L8"",""L10""]","[""documented_legacy_shorthand""]","[""L/S/F/H/O/E""]",[],[],not_assessed,[],,Not assigned from company scale/funding; requires product-and-geography evidence.,A,"[""A""]",false,"[""Closest Gulf benchmark for digital sales and pilot-to-scale""]","[""A""]","[""S2""]",3,"[""https://aldar.com/"",""https://aldar.com/aldar-report2024/documents/aldar-annual-report-2024_compressed-1.pdf"",""https://cdn.aldar.com/en/news-and-media/aldar-fy-2024-financial-results""]","[""global_real_estate_pioneers_agent.csv""]",1,profile_requires_editorial_review,"[""category_not_assessed"",""maturity_not_assessed"",""status_evidence_date_missing"",""claim_level_evidence_review_required""]"
org-alice-technologies-3d2a5de,ALICE Technologies,[],organization,default operating/legal identity,https://www.alicetechnologies.com/,resolved,[],active,active,false,,2026-08-30,Legacy status_as_of is preserved in assertions; it is not promoted because it usually represents the research date rather than a supported event date.,2026-08-30,United States,"[""United States""]",false,"[""North America Europe Australia and global""]",,[],Not verified in the current source layer.,"[""enterprise SaaS subscription and implementation""]","[""Brick & Mortar Ventures"",""JLL Spark""]","[""L2"",""L4"",""L5"",""L9""]","[""explicit_code"",""keyword_inference""]","[""L5 Construction delivery"",""L2 Feasibility; L4 Design and preconstruction; L9 Portfolio management""]",[],"[""AI construction scheduling simulation and optioneering""]",scaled_or_enterprise_signal,"[""scaleup""]",,Not assigned from company scale/funding; requires product-and-geography evidence.,A,"[""A""]",false,"[""A distinct benchmark for scenario-based project planning and schedule optimization before and during delivery""]","[""A""]","[""S2"",""S4""]",4,"[""https://alicetechnologies.com/"",""https://alicetechnologies.com/construction-optioneering"",""https://brickmortar.vc/portfolio"",""https://spark.jllt.com/portfolio""]","[""final_residual_additions.csv""]",1,qualified_profile_requires_claim_review,"[""claim_level_evidence_review_required""]"
org-altus-group-argus-intelligence-argus-enterprise-3e9e2c7,Altus Group ARGUS Intelligence / ARGUS Enterprise,[],product_offering,reviewed product-suite exception,https://www.altusgroup.com/solutions/argus-enterprise/,resolved,[],active,active,false,,2026-08-30,Legacy status_as_of is preserved in assertions; it is not promoted because it usually represents the research date rather than a supported event date.,2026-08-30,Canada,"[""Canada""]",false,"[""Global""]",,"[""unknown""]",Not verified in the current source layer.,"[""enterprise software licensing and cloud services""]","[""Independent""]","[""L2"",""L3"",""L9""]","[""explicit_code"",""keyword_inference""]","[""L2 Feasibility"",""L3 Capital/finance/L9 Portfolio""]",[],"[""commercial real-estate valuation cash-flow forecasting and portfolio intelligence""]",scaled_or_enterprise_signal,"[""enterprise""]",,Not assigned from company scale/funding; requires product-and-geography evidence.,A,"[""A""]",false,"[""High""]","[""A""]","[""S2""]",3,"[""https://altusgroup.com/argus"",""https://altusgroup.com/solutions/argus-enterprise"",""https://assets.ctfassets.net/8jgyidtgyr4v/5JvyDH3YNv4OXX5GbjMkvl/2a9d210f709762517c3e55477457ac3f/Altus_Group_Limited_MDA_2025Q4.pdf""]","[""enterprise_platform_additions.csv""]",1,qualified_profile_requires_claim_review,"[""claim_level_evidence_review_required""]"
org-archistar-2a1bcac,Archistar,[],organization,default operating/legal identity,https://www.archistar.ai/,resolved,[],active,active,false,,2026-08-30,Legacy status_as_of is preserved in assertions; it is not promoted because it usually represents the research date rather than a supported event date.,2026-08-30,Australia,"[""Australia""]",false,"[""Australia-US-Canada-UK-UAE-Saudi-NZ""]",,"[""Unknown""]",Not verified in the current source layer.,"[""subscription-data-pilots""]","[""NSW-AI-Planning-panel-government-grant""]","[""L1"",""L2"",""L4""]","[""keyword_inference""]","[""site-selection-feasibility"",""3D-generative-design-applications""]",[],"[""AI-feasibility-planning""]",scaled_or_enterprise_signal,"[""scale""]",,Not assigned from company scale/funding; requires product-and-geography evidence.,A,"[""A""]",false,"[""RAJUK-CDA-DAP-feasibility""]","[""A""]","[""S1"",""S2""]",3,"[""https://archistar.ai/"",""https://archistar.ai/for-property-developers-legacy"",""https://planning.nsw.gov.au/news/nsw-government-bringing-planning-21st-century""]","[""regional_companies_agent.csv""]",1,qualified_profile_requires_claim_review,"[""claim_level_evidence_review_required""]"
org-auar-c47f01d,AUAR,[],organization,default operating/legal identity,https://auar.io/,resolved,[],active,active,false,,2026-08-30,Legacy status_as_of is preserved in assertions; it is not promoted because it usually represents the research date rather than a supported event date.,2026-08-30,United Kingdom,"[""United Kingdom""]",false,"[""Europe""]",,[],Not verified in the current source layer.,"[""hardware plus deployment services""]","[""Shadow Ventures""]","[""L4"",""L5""]","[""explicit_code"",""keyword_inference""]","[""L5 Construction"",""L4 Design""]",[],"[""automated architecture and modular construction robotics""]",not_assessed,"[""seed""]",,Not assigned from company scale/funding; requires product-and-geography evidence.,A,"[""A""]",false,"[""High""]","[""A""]","[""S2""]",3,"[""https://auar.io/"",""https://auar.io/how-it-works"",""https://shadow.vc/investments/auar""]","[""startup_core_additions.csv""]",1,qualified_profile_requires_claim_review,"[""claim_level_evidence_review_required""]"
org-aurora-solar-62db3f0,Aurora Solar,[],organization,default operating/legal identity,https://www.aurorasolar.com/,resolved,[],active,active,false,,2026-08-30,Legacy status_as_of is preserved in assertions; it is not promoted because it usually represents the research date rather than a supported event date.,2026-08-30,United States,"[""United States""]",false,"[""Global""]",2013,"[""2013""]",,"[""SaaS""]","[""Fifth Wall""]","[""L6"",""L10""]","[""keyword_inference""]","[""Climate"",""Sales""]",[],"[""Solar design sales finance""]",scaled_or_enterprise_signal,"[""Scaleup""]",,Not assigned from company scale/funding; requires product-and-geography evidence.,A,"[""A""]",false,"[""Medium""]","[""A""]","[""S2"",""S4""]",2,"[""https://aurorasolar.com/"",""https://fifthwall.com/portfolio""]","[""proptech_startups_agent.csv""]",1,qualified_profile_requires_claim_review,"[""claim_level_evidence_review_required""]"
org-aurum-proptech-3c687dc,Aurum-PropTech,[],organization,default operating/legal identity,https://www.aurumproptech.in/,resolved,[],active,active,false,,2026-08-30,Legacy status_as_of is preserved in assertions; it is not promoted because it usually represents the research date rather than a supported event date.,2026-08-30,India,"[""India""]",false,"[""India""]",,"[""Unknown""]",Not verified in the current source layer.,"[""portfolio-SaaS-transactions""]","[""NSE-BSE-Aurum-ecosystem""]","[""L3"",""L12""]","[""keyword_inference""]","[""property-data-capital-platforms"",""rental-analytics-investment""]",[],"[""integrated-PropTech-holding""]",scaled_or_enterprise_signal,"[""scale""]",,Not assigned from company scale/funding; requires product-and-geography evidence.,A,"[""A""]",false,"[""ecosystem-acquisition-benchmark""]","[""A""]","[""S2""]",2,"[""https://aurumproptech.in/"",""https://aurumproptech.in/about""]","[""regional_companies_agent.csv""]",1,qualified_profile_requires_claim_review,"[""claim_level_evidence_review_required""]"
org-banner-37f93a0,Banner,[],organization,default operating/legal identity,,discovery_profile_only,"[""https://ycombinator.com/companies/banner""]",active,active,false,,2026-08-30,Legacy status_as_of is preserved in assertions; it is not promoted because it usually represents the research date rather than a supported event date.,2026-08-30,United States,"[""United States""]",false,"[""United States""]",2019,"[""2019""]",,"[""SaaS""]","[""YC S2019""]","[""L8"",""L12""]","[""keyword_inference""]","[""Operations"",""Data""]",[],"[""Real-estate operating system""]",scaled_or_enterprise_signal,"[""Scaleup""]",,Not assigned from company scale/funding; requires product-and-geography evidence.,A,"[""A""]",false,"[""High""]","[""B""]","[""S4""]",1,"[""https://ycombinator.com/companies/banner""]","[""proptech_startups_agent.csv""]",1,profile_requires_editorial_review,"[""canonical_url_unresolved"",""claim_level_evidence_review_required""]"
org-bentley-systems-ecbac87,Bentley Systems,[],organization,default operating/legal identity,https://www.bentley.com/en/products/itwin-platform/,resolved,[],active,active,false,,2026-08-30,Legacy status_as_of is preserved in assertions; it is not promoted because it usually represents the research date rather than a supported event date.,2026-08-30,United States,"[""United States""]",false,"[""Global""]",1984,"[""1984""]",,"[""enterprise software licensing and cloud services""]","[""Public""]","[""L4"",""L5"",""L8"",""L9""]","[""explicit_code"",""keyword_inference""]","[""L4 Design"",""L5 Construction/L8 Property operations/L9 Portfolio""]",[],"[""infrastructure digital twins and engineering data platform""]",scaled_or_enterprise_signal,"[""enterprise""]",,Not assigned from company scale/funding; requires product-and-geography evidence.,A,"[""A""]",false,"[""High""]","[""A""]","[""S2""]",2,"[""https://bentley.com/en/products/itwin-iot"",""https://bentley.com/en/products/itwin-platform""]","[""coverage_gap_additions.csv""]",1,qualified_profile_requires_claim_review,"[""claim_level_evidence_review_required""]"
org-blackstone-86cff53,Blackstone,[],organization,default operating/legal identity,https://www.blackstone.com/,resolved,[],active,active,false,,2026-08-30,Legacy status_as_of is preserved in assertions; it is not promoted because it usually represents the research date rather than a supported event date.,2026-08-30,United States,"[""United States""]",false,"[""Global""]",1985,"[""1985""]",,"[""capital allocation plus operating platforms and strategic investments""]","[""Independent""]","[""L1"",""L3"",""L4"",""L5"",""L8"",""L10""]","[""documented_legacy_shorthand""]","[""L/F/O/E"",""L/D/C/O/E""]",[],"[""global real-assets owner-manager and digital-infrastructure investor""]",scaled_or_enterprise_signal,"[""scale platform""]",,Not assigned from company scale/funding; requires product-and-geography evidence.,A,"[""A""]",false,"[""Capital and data-centre power/land strategy changes JCX’s infrastructure and owner-operator thesis; QTS/AirTrunk are the operating comparators""]","[""A""]","[""S2""]",4,"[""https://blackstone.com/"",""https://blackstone.com/insights/article/behind-the-deal-airtrunk"",""https://blackstone.com/investing-in-ai"",""https://ir.blackstone.com/sec-filings/sec-filings-details/default.aspx?FilingId=19199346""]","[""operator_coverage_additions.csv""]",1,qualified_profile_requires_claim_review,"[""claim_level_evidence_review_required""]"
org-blend-f9b1cd1,Blend,[],organization,default operating/legal identity,https://www.blend.com/,resolved,[],active,active,false,,2026-08-30,Legacy status_as_of is preserved in assertions; it is not promoted because it usually represents the research date rather than a supported event date.,2026-08-30,United States,"[""United States""]",false,"[""United States""]",2012,"[""2012""]",,"[""Enterprise SaaS/API""]","[""Fifth Wall""]","[""L3""]","[""keyword_inference""]","[""Finance"",""Transaction""]",[],"[""Digital mortgage lending""]",scaled_or_enterprise_signal,"[""Public""]",,Not assigned from company scale/funding; requires product-and-geography evidence.,A,"[""A""]",false,"[""Medium""]","[""A""]","[""S2"",""S4""]",2,"[""https://blend.com/"",""https://fifthwall.com/portfolio""]","[""proptech_startups_agent.csv""]",1,qualified_profile_requires_claim_review,"[""claim_level_evidence_review_required""]"
org-bouygues-construction-da06c6d,Bouygues Construction,[],organization,default operating/legal identity,https://www.bouygues-construction.com/,resolved,[],active,active,false,,2026-08-30,Legacy status_as_of is preserved in assertions; it is not promoted because it usually represents the research date rather than a supported event date.,2026-08-30,France,"[""France""]",false,"[""Europe global""]",,[],Not verified in the current source layer.,[],[],"[""L4"",""L5"",""L10""]","[""documented_legacy_shorthand""]","[""D/C/E""]",[],[],not_assessed,[],,Not assigned from company scale/funding; requires product-and-geography evidence.,A,"[""A""]",false,"[""Innovation-centre and circular-construction comparator""]","[""A""]","[""S2""]",3,"[""https://bouygues-construction.com/"",""https://bouygues-construction.com/sites/default/files/bycn_financier_gb_2024_0.pdf"",""https://bouygues.com/integrated-report-2024/doc/article/29""]","[""global_real_estate_pioneers_agent.csv""]",1,profile_requires_editorial_review,"[""category_not_assessed"",""maturity_not_assessed"",""status_evidence_date_missing"",""claim_level_evidence_review_required""]"
org-brainbox-ai-f5deb8d,BrainBox AI,[],organization,default operating/legal identity,https://brainboxai.com/,resolved,[],active,active,false,,2026-08-30,Legacy status_as_of is preserved in assertions; it is not promoted because it usually represents the research date rather than a supported event date.,2026-08-30,Canada,"[""Canada""]",false,"[""Global""]",2014,"[""2014""]",,"[""SaaS plus controls""]","[""Independent""]","[""L8"",""L10""]","[""keyword_inference""]","[""Climate"",""Facilities""]",[],"[""HVAC energy optimization""]",scaled_or_enterprise_signal,"[""Scaleup""]",,Not assigned from company scale/funding; requires product-and-geography evidence.,A,"[""A""]",false,"[""Medium""]","[""A""]","[""S2""]",1,"[""https://brainboxai.com/""]","[""proptech_startups_agent.csv""]",1,qualified_profile_requires_claim_review,"[""claim_level_evidence_review_required""]"
org-brick-and-bolt-4809c48,Brick & Bolt,[],organization,default operating/legal identity,https://www.bricknbolt.com/,resolved,[],active,active,false,,2026-08-30,Legacy status_as_of is preserved in assertions; it is not promoted because it usually represents the research date rather than a supported event date.,2026-08-30,India,"[""India""]",false,"[""India""]",2018,"[""2018""]",,"[""turnkey construction services marketplace and managed contractor network""]","[""Foundamental""]","[""L4"",""L5"",""L6"",""L11""]","[""explicit_code"",""keyword_inference""]","[""L5 Construction delivery"",""L4 Design and preconstruction; L6 Marketing and sales; L11 Handover and warranty""]",[],"[""tech-enabled end-to-end home and commercial construction delivery""]",scaled_or_enterprise_signal,"[""scaleup""]",,Not assigned from company scale/funding; requires product-and-geography evidence.,A,"[""A""]",false,"[""A highly relevant South Asian benchmark for productizing fragmented design-to-build delivery with digital transparency and milestone controls""]","[""A""]","[""S2""]",3,"[""https://bricknbolt.com/"",""https://bricknbolt.com/commercial-construction-company"",""https://foundamental.com/portfolio""]","[""final_residual_additions.csv""]",1,qualified_profile_requires_claim_review,"[""claim_level_evidence_review_required""]"
org-brimstone-75851e3,Brimstone,[],organization,default operating/legal identity,https://www.brimstoneenergy.com/,resolved,[],active,active,false,,2026-08-30,Legacy status_as_of is preserved in assertions; it is not promoted because it usually represents the research date rather than a supported event date.,2026-08-30,United States,"[""United States""]",false,"[""Global""]",2019,"[""2019""]",,"[""Deeptech/materials""]","[""Fifth Wall""]","[""L5"",""L10""]","[""keyword_inference""]","[""Climate"",""Construction""]",[],"[""Low-carbon cement""]",scaled_or_enterprise_signal,"[""Early/scaleup""]",,Not assigned from company scale/funding; requires product-and-geography evidence.,A,"[""A""]",false,"[""Medium""]","[""A""]","[""S2"",""S4""]",2,"[""https://brimstoneenergy.com/"",""https://fifthwall.com/portfolio""]","[""proptech_startups_agent.csv""]",1,qualified_profile_requires_claim_review,"[""claim_level_evidence_review_required""]"
org-brkz-3da166c,BRKZ,[],organization,default operating/legal identity,https://brkz.com/en,resolved,[],active,active,false,,2026-08-30,Legacy status_as_of is preserved in assertions; it is not promoted because it usually represents the research date rather than a supported event date.,2026-08-30,Saudi Arabia,"[""Saudi Arabia""]",false,"[""Saudi-Arabia-MENA""]",2022,"[""2022""]",,"[""marketplace-financing""]","[""Beco-9900-Waed""]","[""L3"",""L5""]","[""keyword_inference""]","[""materials-procurement"",""embedded-finance-equipment-manpower""]",[],"[""managed-B2B-contech""]",scaled_or_enterprise_signal,"[""scale""]",,Not assigned from company scale/funding; requires product-and-geography evidence.,A,"[""A""]",false,"[""procurement-credit""]","[""B/A""]","[""S2"",""S3""]",3,"[""https://brkz.com/en"",""https://globenewswire.com/news-release/2025/02/10/3023492/0/en/BRKZ-closes-17M-Series-A-to-transform-construction-procurement-as-Saudi-Arabia-s-3T-project-pipeline-accelerates.html"",""https://wamda.com/en/2024/03/brkz-secures-8-million-series-round""]","[""regional_companies_agent.csv""]",1,qualified_profile_requires_claim_review,"[""claim_level_evidence_review_required""]"
org-building-transparency-be3d8ba,Building Transparency,[],organization,default operating/legal identity,https://www.buildingtransparency.org/,resolved,[],active,active,false,,2026-08-30,Legacy status_as_of is preserved in assertions; it is not promoted because it usually represents the research date rather than a supported event date.,2026-08-30,United States,"[""United States""]",false,"[""Global""]",,[],Not verified in the current source layer.,"[""free open-access tool data services API and partner support""]",[],"[""L4"",""L5"",""L10"",""L12""]","[""explicit_code"",""keyword_inference""]","[""L10 ESG climate and resilience"",""L4 Design and preconstruction; L5 Construction delivery; L12 Data and trust""]",[],"[""EC3 open embodied-carbon data EPD comparison and procurement infrastructure""]",scaled_or_enterprise_signal,"[""open infrastructure at scale""]",,Not assigned from company scale/funding; requires product-and-geography evidence.,A,"[""A""]",false,"[""Provides the missing open data and interoperability layer connecting material EPDs to design procurement policy and portfolio decisions""]","[""A""]","[""S3""]",3,"[""https://buildingtransparency.org/"",""https://buildingtransparency.org/tools/ec3"",""https://docs.buildingtransparency.org/""]","[""final_residual_additions.csv""]",1,qualified_profile_requires_claim_review,"[""claim_level_evidence_review_required""]"
org-buildots-abeb197,Buildots,[],organization,default operating/legal identity,https://buildots.com/,resolved,[],active,active,false,,2026-08-30,Legacy status_as_of is preserved in assertions; it is not promoted because it usually represents the research date rather than a supported event date.,2026-08-30,Israel,"[""Israel""]",false,"[""Global""]",2018,"[""2018""]",,"[""Enterprise SaaS""]","[""Independent""]","[""L4"",""L5""]","[""keyword_inference""]","[""Construction"",""Design""]",[],"[""AI progress verification""]",scaled_or_enterprise_signal,"[""Scaleup""]",,Not assigned from company scale/funding; requires product-and-geography evidence.,A,"[""A""]",false,"[""High""]","[""B""]","[""S2""]",2,"[""https://buildots.com/"",""https://buildots.com/case-studies/ncc-partners-with-buildots""]","[""proptech_startups_agent.csv""]",1,qualified_profile_requires_claim_review,"[""claim_level_evidence_review_required""]"
org-built-technologies-83f4505,Built Technologies,[],organization,default operating/legal identity,https://getbuilt.com/,resolved,[],active,active,false,,2026-08-30,Legacy status_as_of is preserved in assertions; it is not promoted because it usually represents the research date rather than a supported event date.,2026-08-30,United States,"[""United States""]",false,"[""United States""]",2014,"[""2014""]",,"[""SaaS""]","[""Fifth Wall""]","[""L3"",""L5""]","[""keyword_inference""]","[""Finance"",""Construction""]",[],"[""Construction lending/payments""]",scaled_or_enterprise_signal,"[""Scaleup""]",,Not assigned from company scale/funding; requires product-and-geography evidence.,A,"[""A""]",false,"[""Medium""]","[""A""]","[""S2"",""S4""]",2,"[""https://fifthwall.com/portfolio"",""https://getbuilt.com/""]","[""proptech_startups_agent.csv""]",1,qualified_profile_requires_claim_review,"[""claim_level_evidence_review_required""]"
org-butterflymx-e90e3bb,ButterflyMX,[],organization,default operating/legal identity,https://butterflymx.com/,resolved,[],active,active,false,,2026-08-30,Legacy status_as_of is preserved in assertions; it is not promoted because it usually represents the research date rather than a supported event date.,2026-08-30,United States,"[""United States""]",false,"[""Global""]",2014,"[""2014""]",,"[""Hardware plus SaaS""]","[""Fifth Wall""]","[""L8""]","[""keyword_inference""]","[""Security"",""Operations""]",[],"[""Access control/intercom""]",scaled_or_enterprise_signal,"[""Scaleup""]",,Not assigned from company scale/funding; requires product-and-geography evidence.,A,"[""A""]",false,"[""Medium""]","[""A""]","[""S2"",""S4""]",2,"[""https://butterflymx.com/"",""https://fifthwall.com/portfolio""]","[""proptech_startups_agent.csv""]",1,qualified_profile_requires_claim_review,"[""claim_level_evidence_review_required""]"
org-capitaland-investment-6aab108,CapitaLand Investment,[],organization,default operating/legal identity,https://www.capitaland.com/,resolved,[],active,active,false,,2026-08-30,Legacy status_as_of is preserved in assertions; it is not promoted because it usually represents the research date rather than a supported event date.,2026-08-30,Singapore,"[""Singapore""]",false,"[""Asia global""]",,[],Not verified in the current source layer.,[],[],"[""L1"",""L6"",""L7"",""L8"",""L10""]","[""documented_legacy_shorthand""]","[""L/S/H/O/E""]",[],[],not_assessed,[],,Not assigned from company scale/funding; requires product-and-geography evidence.,A,"[""A""]",false,"[""Physical-asset plus community-commerce data layer""]","[""A""]","[""S2""]",3,"[""https://capitaland.com/"",""https://ir.capitalandinvest.com/"",""https://ir.capitalandinvest.com/misc/ar2024/toc""]","[""global_real_estate_pioneers_agent.csv""]",1,profile_requires_editorial_review,"[""category_not_assessed"",""maturity_not_assessed"",""status_evidence_date_missing"",""claim_level_evidence_review_required""]"
org-carboncure-3c06351,CarbonCure,[],organization,default operating/legal identity,https://www.carboncure.com/,resolved,[],active,active,false,,2026-08-30,Legacy status_as_of is preserved in assertions; it is not promoted because it usually represents the research date rather than a supported event date.,2026-08-30,Canada,"[""Canada""]",false,"[""Global""]",2012,"[""2012""]",,"[""Technology licensing""]","[""Taronga RealTechX""]","[""L5"",""L10""]","[""keyword_inference""]","[""Climate"",""Construction""]",[],"[""Low-carbon concrete""]",scaled_or_enterprise_signal,"[""Scaleup""]",,Not assigned from company scale/funding; requires product-and-geography evidence.,A,"[""A""]",false,"[""Medium""]","[""A""]","[""S2"",""S4""]",2,"[""https://carboncure.com/"",""https://tarongagroup.com/realtechx""]","[""proptech_startups_agent.csv""]",1,qualified_profile_requires_claim_review,"[""claim_level_evidence_review_required""]"
org-cherre-167c4aa,Cherre,[],organization,default operating/legal identity,https://cherre.com/,resolved,[],active,active,false,,2026-08-30,Legacy status_as_of is preserved in assertions; it is not promoted because it usually represents the research date rather than a supported event date.,2026-08-30,United States,"[""United States""]",false,"[""Global""]",2016,"[""2016""]",,"[""Enterprise SaaS/API""]","[""Independent""]","[""L8"",""L12""]","[""keyword_inference""]","[""Data"",""Operations""]",[],"[""Property data graph""]",scaled_or_enterprise_signal,"[""Scaleup""]",,Not assigned from company scale/funding; requires product-and-geography evidence.,A,"[""A""]",false,"[""High""]","[""A""]","[""S2""]",1,"[""https://cherre.com/""]","[""proptech_startups_agent.csv""]",1,qualified_profile_requires_claim_review,"[""claim_level_evidence_review_required""]"
org-civils-ai-9dff211,Civils.ai,[],organization,default operating/legal identity,https://civils.ai/,resolved,[],active,active,false,,2026-08-30,Legacy status_as_of is preserved in assertions; it is not promoted because it usually represents the research date rather than a supported event date.,2026-08-30,Singapore,"[""Singapore""]",false,"[""Southeast Asia and global""]",2022,"[""2022""]",,"[""SaaS subscription""]","[""CEMEX Ventures Construction Startup Competition 2026 APAC finalists""]","[""L4"",""L5""]","[""explicit_code"",""keyword_inference""]","[""L5 Construction"",""L4 Design""]",[],"[""AI takeoffs and civil-engineering document review""]",early_or_growth_signal,"[""early""]",,Not assigned from company scale/funding; requires product-and-geography evidence.,A,"[""A""]",false,"[""High""]","[""A""]","[""S2""]",3,"[""https://cemexventures.com/startup-competition-2026-apac-finalists"",""https://civils.ai/"",""https://civils.ai/about""]","[""startup_core_additions.csv""]",1,qualified_profile_requires_claim_review,"[""claim_level_evidence_review_required""]"
org-climate-x-d8b546c,Climate X,[],organization,default operating/legal identity,https://www.climate-x.com/,resolved,[],active,active,false,,2026-08-30,Legacy status_as_of is preserved in assertions; it is not promoted because it usually represents the research date rather than a supported event date.,2026-08-30,United Kingdom,"[""United Kingdom""]",false,"[""Global""]",,"[""unknown""]",Not verified in the current source layer.,"[""enterprise SaaS and API""]","[""Independent""]","[""L1"",""L2"",""L3"",""L9"",""L10""]","[""explicit_code"",""keyword_inference""]","[""L10 ESG"",""L1 Land/site/L2 Feasibility/L3 Capital/finance/L9 Portfolio""]",[],"[""physical climate risk financial-loss and adaptation CapEx analytics""]",scaled_or_enterprise_signal,"[""scaleup""]",,Not assigned from company scale/funding; requires product-and-geography evidence.,A,"[""A""]",false,"[""High""]","[""A""]","[""S2""]",3,"[""https://climate-x.com/"",""https://climate-x.com/faqs"",""https://climate-x.com/industries""]","[""enterprise_platform_additions.csv""]",1,qualified_profile_requires_claim_review,"[""claim_level_evidence_review_required""]"
org-cocoon-ff50211,Cocoon,[],organization,default operating/legal identity,https://www.cocooncarbon.com/,resolved,[],active,active,false,,2026-08-30,Legacy status_as_of is preserved in assertions; it is not promoted because it usually represents the research date rather than a supported event date.,2026-08-30,United Kingdom,"[""United Kingdom""]",false,"[""Europe North America and global""]",,[],Not verified in the current source layer.,"[""industrial technology plus materials sales""]","[""2150""]","[""L5"",""L10""]","[""explicit_code"",""keyword_inference""]","[""L5 Construction"",""L10 Climate/energy""]",[],"[""steel-slag cement replacement and materials decarbonization""]",early_or_growth_signal,"[""early""]",,Not assigned from company scale/funding; requires product-and-geography evidence.,A,"[""A""]",false,"[""High""]","[""A""]","[""S2""]",3,"[""https://2150.vc/investments/cocoon"",""https://cocooncarbon.com/"",""https://cocooncarbon.com/about""]","[""startup_core_additions.csv""]",1,qualified_profile_requires_claim_review,"[""claim_level_evidence_review_required""]"
org-concreteai-886747c,ConcreteAI,[],organization,default operating/legal identity,https://www.concreteai.io/,resolved,[],active,active,false,,2026-08-30,Legacy status_as_of is preserved in assertions; it is not promoted because it usually represents the research date rather than a supported event date.,2026-08-30,Singapore,"[""Singapore""]",false,"[""Southeast Asia and global""]",2022,"[""2022""]",,"[""hardware plus SaaS""]","[""CEMEX Ventures Construction Startup Competition 2026 APAC finalists""]","[""L5"",""L10""]","[""explicit_code"",""keyword_inference""]","[""L5 Construction"",""L10 Climate/energy""]",[],"[""concrete strength temperature and quality monitoring""]",early_or_growth_signal,"[""early""]",,Not assigned from company scale/funding; requires product-and-geography evidence.,A,"[""A""]",false,"[""High""]","[""A""]","[""S2""]",3,"[""https://cemexventures.com/startup-competition-2026-apac-finalists"",""https://concreteai.io/"",""https://concreteai.io/about_us""]","[""startup_core_additions.csv""]",1,qualified_profile_requires_claim_review,"[""claim_level_evidence_review_required""]"
org-cupix-384c862,Cupix,[],organization,default operating/legal identity,https://www.cupix.com/,resolved,[],active,active,false,,2026-08-30,Legacy status_as_of is preserved in assertions; it is not promoted because it usually represents the research date rather than a supported event date.,2026-08-30,South Korea,"[""South Korea""]",false,"[""Asia North America and global""]",,[],Not verified in the current source layer.,"[""SaaS subscription plus capture integrations""]","[""BuiltWorlds Building Tech Top 50 2025""]","[""L4"",""L5""]","[""explicit_code"",""keyword_inference""]","[""L5 Construction"",""L4 Design""]",[],"[""4D digital twins from 360 video laser drone and BIM""]",scaled_or_enterprise_signal,"[""scaleup""]",,Not assigned from company scale/funding; requires product-and-geography evidence.,A,"[""A""]",false,"[""High""]","[""A""]","[""S2""]",2,"[""https://builtworlds.com/insights/2025-building-tech-top-50-list"",""https://cupix.com/""]","[""startup_core_additions.csv""]",1,qualified_profile_requires_claim_review,"[""claim_level_evidence_review_required""]"
org-d-r-horton-df5d6bc,D.R. Horton,[],organization,default operating/legal identity,https://investor.drhorton.com/,resolved,[],active,active,false,,2026-08-30,Legacy status_as_of is preserved in assertions; it is not promoted because it usually represents the research date rather than a supported event date.,2026-08-30,United States,"[""United States""]",false,"[""North America""]",1978,"[""1978""]",,"[""standardized production, digital marketing, mortgage/title and warranty""]","[""Independent""]","[""L1"",""L3"",""L4"",""L5"",""L6"",""L7""]","[""documented_legacy_shorthand""]","[""L/D/C/S/F/H"",""O""]",[],"[""high-volume homebuilder and captive-finance operator""]",scaled_or_enterprise_signal,"[""scale operator""]",,Not assigned from company scale/funding; requires product-and-geography evidence.,A,"[""A""]",false,"[""Adds the largest-volume production benchmark and first-time-buyer funnel for JCX residential repeatability""]","[""A""]","[""S2""]",3,"[""https://investor.drhorton.com/"",""https://investor.drhorton.com/financial-information/financial-reports/annual-reports"",""https://investor.drhorton.com/~/media/Files/D/D-R-Horton-IR/documents/quarterly-reports/2025-dhi-annual-report.pdf""]","[""operator_coverage_additions.csv""]",1,qualified_profile_requires_claim_review,"[""claim_level_evidence_review_required""]"
org-dealpath-d87900f,Dealpath,[],organization,default operating/legal identity,https://www.dealpath.com/,resolved,[],active,active,false,,2026-08-30,Legacy status_as_of is preserved in assertions; it is not promoted because it usually represents the research date rather than a supported event date.,2026-08-30,United States,"[""United States""]",false,"[""Global""]",,"[""unknown""]",Not verified in the current source layer.,"[""enterprise SaaS and integrations""]","[""Independent""]","[""L2"",""L3"",""L9""]","[""explicit_code"",""keyword_inference""]","[""L2 Feasibility"",""L3 Capital/finance/L9 Portfolio""]",[],"[""CRE investment pipeline underwriting CRM deal execution and portfolio intelligence""]",scaled_or_enterprise_signal,"[""enterprise""]",,Not assigned from company scale/funding; requires product-and-geography evidence.,A,"[""A""]",false,"[""High""]","[""A""]","[""S2""]",3,"[""https://dealpath.com/"",""https://dealpath.com/company"",""https://dealpath.com/platform""]","[""enterprise_platform_additions.csv""]",1,qualified_profile_requires_claim_review,"[""claim_level_evidence_review_required""]"
org-deepki-90fc92a,Deepki,[],organization,default operating/legal identity,https://www.deepki.com/platform/,resolved,[],active,active,false,,2026-08-30,Legacy status_as_of is preserved in assertions; it is not promoted because it usually represents the research date rather than a supported event date.,2026-08-30,France,"[""France""]",false,"[""Europe/global""]",2014,"[""2014""]",,"[""enterprise SaaS and advisory""]","[""Independent""]","[""L8"",""L9"",""L10""]","[""explicit_code"",""keyword_inference""]","[""L10 ESG"",""L8 Property operations/L9 Portfolio""]",[],"[""real-estate sustainability data climate risk and CapEx planning""]",scaled_or_enterprise_signal,"[""scaleup""]",,Not assigned from company scale/funding; requires product-and-geography evidence.,A,"[""A""]",false,"[""High""]","[""A""]","[""S2""]",2,"[""https://deepki.com/"",""https://deepki.com/platform""]","[""coverage_gap_additions.csv""]",1,qualified_profile_requires_claim_review,"[""claim_level_evidence_review_required""]"
org-digital-realty-5bd2bb5,Digital Realty,[],organization,default operating/legal identity,https://www.digitalrealty.com/,resolved,[],active,active,false,,2026-08-30,Legacy status_as_of is preserved in assertions; it is not promoted because it usually represents the research date rather than a supported event date.,2026-08-30,United States,"[""United States""]",false,"[""Global Americas EMEA APAC""]",2001,"[""2001""]",,"[""colocation, connectivity, data sovereignty, AI capacity and sustainable facilities""]","[""Independent""]","[""L1"",""L4"",""L5"",""L8"",""L10""]","[""documented_legacy_shorthand""]","[""L/D/C/O/E"",""F""]",[],"[""global data-centre owner/operator and interconnection platform""]",scaled_or_enterprise_signal,"[""scale platform""]",,Not assigned from company scale/funding; requires product-and-geography evidence.,A,"[""A""]",false,"[""Creates a concrete neutral-colocation and digital-infrastructure benchmark adjacent to Related Digital and Keppel""]","[""A""]","[""S1"",""S2""]",4,"[""https://digitalrealty.com/"",""https://digitalrealty.com/platform-digital"",""https://investor.digitalrealty.com/financials/annual-reports"",""https://sec.gov/Archives/edgar/data/1297996/000110465926015365/dlr-20251231x10k.htm""]","[""operator_coverage_additions.csv""]",1,qualified_profile_requires_claim_review,"[""claim_level_evidence_review_required""]"
org-dronedeploy-51fed53,DroneDeploy,[],organization,default operating/legal identity,https://www.dronedeploy.com/,resolved,[],active,active,false,,2026-08-30,Legacy status_as_of is preserved in assertions; it is not promoted because it usually represents the research date rather than a supported event date.,2026-08-30,United States,"[""United States""]",false,"[""North America and global""]",,[],Not verified in the current source layer.,"[""SaaS subscription plus capture hardware integrations""]","[""BuiltWorlds Building Tech Top 50 2025""]","[""L5"",""L9""]","[""explicit_code"",""keyword_inference""]","[""L5 Construction"",""L9 Portfolio""]",[],"[""visual AI drone and reality capture for construction""]",scaled_or_enterprise_signal,"[""scaleup""]",,Not assigned from company scale/funding; requires product-and-geography evidence.,A,"[""A""]",false,"[""High""]","[""A""]","[""S2""]",2,"[""https://builtworlds.com/insights/2025-building-tech-top-50-list"",""https://dronedeploy.com/""]","[""startup_core_additions.csv""]",1,qualified_profile_requires_claim_review,"[""claim_level_evidence_review_required""]"
org-dubizzle-group-bayut-936a17a,Dubizzle Group / Bayut,[],organization,default operating/legal identity,https://www.dubizzlegroup.com/our-brands/,resolved,[],active,active,false,,2026-08-30,Legacy status_as_of is preserved in assertions; it is not promoted because it usually represents the research date rather than a supported event date.,2026-08-30,United Arab Emirates,"[""United Arab Emirates""]",false,"[""MENA""]",2005,"[""2005""]",,"[""listing subscriptions CRM data APIs and advertising""]","[""Independent""]","[""L3"",""L6"",""L9""]","[""explicit_code"",""keyword_inference""]","[""L6 Marketing/sales"",""L9 Portfolio/L3 Capital/finance""]",[],"[""property classifieds market intelligence and agent workflow""]",scaled_or_enterprise_signal,"[""scaleup""]",,Not assigned from company scale/funding; requires product-and-geography evidence.,A,"[""A""]",false,"[""High""]","[""A""]","[""S2""]",2,"[""https://dubizzlegroup.com/"",""https://dubizzlegroup.com/our-brands""]","[""coverage_gap_additions.csv""]",1,qualified_profile_requires_claim_review,"[""claim_level_evidence_review_required""]"
org-dusty-robotics-c2631b0,Dusty Robotics,[],organization,default operating/legal identity,https://www.dustyrobotics.com/,resolved,[],active,active,false,,2026-08-30,Legacy status_as_of is preserved in assertions; it is not promoted because it usually represents the research date rather than a supported event date.,2026-08-30,United States,"[""United States""]",false,"[""North America""]",2018,"[""2018""]",,"[""robotics hardware plus software/services""]","[""Independent""]","[""L4"",""L5""]","[""explicit_code"",""keyword_inference""]","[""L5 Construction"",""L4 Design""]",[],"[""autonomous BIM-driven construction layout robot""]",scaled_or_enterprise_signal,"[""scaleup""]",,Not assigned from company scale/funding; requires product-and-geography evidence.,A,"[""A""]",false,"[""High""]","[""A""]","[""S2""]",3,"[""https://dustyrobotics.com/"",""https://dustyrobotics.com/customer-stories/skanska-case-study"",""https://dustyrobotics.com/customers""]","[""coverage_gap_additions.csv""]",1,qualified_profile_requires_claim_review,"[""claim_level_evidence_review_required""]"
org-eliseai-312bd83,EliseAI,[],organization,default operating/legal identity,https://eliseai.com/,resolved,[],active,active,false,,2026-08-30,Legacy status_as_of is preserved in assertions; it is not promoted because it usually represents the research date rather than a supported event date.,2026-08-30,United States,"[""United States""]",false,"[""North America""]",,"[""unknown""]",Not verified in the current source layer.,"[""AI SaaS and services""]","[""Independent""]","[""L6"",""L7"",""L8""]","[""explicit_code"",""keyword_inference""]","[""L6 Marketing/sales"",""L7 Occupancy/L8 Property operations""]",[],"[""AI leasing resident communications CRM and property-operations workflow""]",scaled_or_enterprise_signal,"[""scaleup""]",,Not assigned from company scale/funding; requires product-and-geography evidence.,A,"[""A""]",false,"[""High""]","[""A""]","[""S2""]",4,"[""https://eliseai.com/"",""https://eliseai.com/about-us"",""https://eliseai.com/platform-overview"",""https://info.eliseai.com/hubfs/One-Pager-Product-Resident-EliseCRM-PMC-Final.pdf""]","[""enterprise_platform_additions.csv""]",1,qualified_profile_requires_claim_review,"[""claim_level_evidence_review_required""]"
org-emaar-development-402d000,Emaar Development,[],organization,default operating/legal identity,https://properties.emaar.com/,resolved,[],active,active,false,,2026-08-30,Legacy status_as_of is preserved in assertions; it is not promoted because it usually represents the research date rather than a supported event date.,2026-08-30,United Arab Emirates,"[""United Arab Emirates""]",false,"[""UAE global hospitality markets""]",,[],Not verified in the current source layer.,[],[],"[""L1"",""L4"",""L6"",""L7"",""L8"",""L10""]","[""documented_legacy_shorthand""]","[""L/D/S/H/O/E""]",[],[],not_assessed,[],,Not assigned from company scale/funding; requires product-and-geography evidence.,A,"[""A""]",false,"[""Enterprise analytics and digital transaction reference""]","[""A""]","[""S2""]",2,"[""https://properties.emaar.com/"",""https://properties.emaar.com/wp-content/uploads/2025/03/Emaar-Development_Integrated-Report-for-the-Year-2024_EN.pdf""]","[""global_real_estate_pioneers_agent.csv""]",1,profile_requires_editorial_review,"[""category_not_assessed"",""maturity_not_assessed"",""status_evidence_date_missing"",""claim_level_evidence_review_required""]"
org-equinix-db3cddd,Equinix,[],organization,default operating/legal identity,https://www.equinix.com/,resolved,[],active,active,false,,2026-08-30,Legacy status_as_of is preserved in assertions; it is not promoted because it usually represents the research date rather than a supported event date.,2026-08-30,United States,"[""United States""]",false,"[""Global Americas EMEA APAC""]",1998,"[""1998""]",,"[""xScale, interconnection, metro footprints, digital sovereignty and uptime""]","[""Independent""]","[""L1"",""L4"",""L5"",""L8"",""L10""]","[""documented_legacy_shorthand""]","[""L/D/C/O/E"",""F""]",[],"[""global data-centre, colocation and interconnection operator""]",scaled_or_enterprise_signal,"[""scale platform""]",,Not assigned from company scale/funding; requires product-and-geography evidence.,A,"[""A""]",false,"[""Adds the network/ecosystem layer between physical real estate and cloud; relevant to JCX data and service architecture""]","[""A""]","[""S2""]",3,"[""https://equinix.com/"",""https://investor.equinix.com/about-equinix/annual-reports-proxy"",""https://investor.equinix.com/sec-filings/all-sec-filings/content/0001101239-26-000032/eqix-20251231.htm""]","[""operator_coverage_additions.csv""]",1,qualified_profile_requires_claim_review,"[""claim_level_evidence_review_required""]"
org-esr-group-5cc4f98,ESR Group,[],organization,default operating/legal identity,https://www.esr.com/,resolved,[],active,active,false,,2026-08-30,Legacy status_as_of is preserved in assertions; it is not promoted because it usually represents the research date rather than a supported event date.,2026-08-30,Singapore,"[""Singapore""]",false,"[""Asia-Pacific including India Japan Korea Greater China Southeast Asia ANZ""]",2011,"[""2011""]",,"[""new-economy logistics, hyperscale data centres, infrastructure and decarbonization""]","[""Independent; private since 2025-07-04""]","[""L1"",""L4"",""L5"",""L8"",""L10""]","[""documented_legacy_shorthand""]","[""L/D/C/O/E"",""F""]",[],"[""APAC logistics, data-centre and infrastructure real-asset owner/manager""]",scaled_or_enterprise_signal,"[""scale platform""]",,Not assigned from company scale/funding; requires product-and-geography evidence.,A,"[""A""]",false,"[""Fills the APAC new-economy operating gap across markets that matter to JCX and adds a privatization/governance case""]","[""A""]","[""S2""]",4,"[""https://esr.com/"",""https://esr.com/investor-relations"",""https://esr.com/news/esr-completes-privatisation-strengthens-leadership-team"",""https://esr.com/news/esr-group-reports-fy2024-results-demonstrates-business-resilience-as-its-clear-core-focus-on-logistics-real-estate-data-centres-and-infrastructure-drives-next-phase-of-growth""]","[""operator_coverage_additions.csv""]",1,qualified_profile_requires_claim_review,"[""claim_level_evidence_review_required""]"
org-facilio-ee1952a,Facilio,[],organization,default operating/legal identity,https://facilio.in/,resolved,[],active,active,false,,2026-08-30,Legacy status_as_of is preserved in assertions; it is not promoted because it usually represents the research date rather than a supported event date.,2026-08-30,India,"[""India""]",false,"[""India-UAE-US-Singapore-Australia-UK"",""Global""]",2017,"[""2017""]",,"[""enterprise-subscription-implementation"",""SaaS plus integration""]","[""Accel-Tiger-Dragoneer-Brookfield"",""Taronga RealTechX""]","[""L7"",""L8"",""L10""]","[""keyword_inference""]","[""property-operations-maintenance"",""Facilities"",""IoT-energy-tenant-experience-AI"",""Climate""]",[],"[""connected-CMMS-building-SaaS"",""Connected FM/BMS""]",scaled_or_enterprise_signal,"[""scale"",""Scaleup""]",,Not assigned from company scale/funding; requires product-and-geography evidence.,A,"[""A""]",false,"[""post-handover-energy"",""High""]","[""B"",""A/B""]","[""S2"",""S4""]",7,"[""https://facilio.com/"",""https://facilio.com/case-study/al-fajer"",""https://facilio.com/newsroom/series-a"",""https://facilio.com/newsroom/series-b"",""https://facilio.in/"",""https://facilio.in/about"",""https://tarongagroup.com/realtechx""]","[""proptech_startups_agent.csv"",""regional_companies_agent.csv""]",2,qualified_profile_requires_claim_review,"[""claim_level_evidence_review_required""]"
org-field-materials-05352ab,Field Materials,[],organization,default operating/legal identity,https://www.fieldmaterials.com/,resolved,[],active,active,false,,2026-08-30,Legacy status_as_of is preserved in assertions; it is not promoted because it usually represents the research date rather than a supported event date.,2026-08-30,United States,"[""United States""]",false,"[""North America and global""]",,[],Not verified in the current source layer.,"[""SaaS subscription""]","[""Zacua Ventures""]","[""L3"",""L5""]","[""explicit_code"",""keyword_inference""]","[""L5 Construction"",""L3 Capital/finance""]",[],"[""construction procurement AP and inventory software""]",early_or_growth_signal,"[""early""]",,Not assigned from company scale/funding; requires product-and-geography evidence.,A,"[""A""]",false,"[""High""]","[""A""]","[""S2""]",3,"[""https://fieldmaterials.com/"",""https://fieldmaterials.com/about"",""https://zacuaventures.com/portfolio""]","[""startup_core_additions.csv""]",1,qualified_profile_requires_claim_review,"[""claim_level_evidence_review_required""]"
org-funnel-leasing-6474af3,Funnel Leasing,[],organization,default operating/legal identity,https://funnelleasing.com/,resolved,[],active,active,false,,2026-08-30,Legacy status_as_of is preserved in assertions; it is not promoted because it usually represents the research date rather than a supported event date.,2026-08-30,United States,"[""United States""]",false,"[""North America""]",,[],Not verified in the current source layer.,"[""SaaS subscription""]","[""RET Ventures""]","[""L6"",""L8""]","[""explicit_code"",""keyword_inference""]","[""L6 Marketing/sales"",""L8 Property operations""]",[],"[""multifamily renter-management and leasing CRM""]",scaled_or_enterprise_signal,"[""scaleup""]",,Not assigned from company scale/funding; requires product-and-geography evidence.,A,"[""A""]",false,"[""High""]","[""A""]","[""S2""]",3,"[""https://funnelleasing.com/"",""https://funnelleasing.com/about"",""https://ret.vc/portfolio""]","[""startup_core_additions.csv""]",1,qualified_profile_requires_claim_review,"[""claim_level_evidence_review_required""]"
org-ga-technologies-renosy-af2b82d,GA-Technologies-RENOSY,[],organization,default operating/legal identity,https://www.ga-tech.co.jp/en/,resolved,[],active,active,false,,2026-08-30,Legacy status_as_of is preserved in assertions; it is not promoted because it usually represents the research date rather than a supported event date.,2026-08-30,Japan,"[""Japan""]",false,"[""Japan-Thailand-China-US""]",2013,"[""2013""]",,"[""transactions-subscriptions-SaaS""]","[""Tokyo-Stock-Exchange-RENOSY-ITANDI""]","[""L3""]","[""keyword_inference""]","[""online-property-investment"",""asset-management-rental-AI-valuation""]",[],"[""integrated-real-estate-tech""]",scaled_or_enterprise_signal,"[""scale""]",,Not assigned from company scale/funding; requires product-and-geography evidence.,A,"[""A""]",false,"[""property-data-flywheel""]","[""A""]","[""S2""]",3,"[""https://edinetdb.jp/company/E34177/text?fy=2024"",""https://ga-tech.co.jp/en"",""https://ga-tech.co.jp/en/company/history""]","[""regional_companies_agent.csv""]",1,qualified_profile_requires_claim_review,"[""claim_level_evidence_review_required""]"
org-gigaton-140a05c,Gigaton,[],organization,default operating/legal identity,https://gigaton.co/,resolved,[],active,active,false,,2026-08-30,Legacy status_as_of is preserved in assertions; it is not promoted because it usually represents the research date rather than a supported event date.,2026-08-30,United Kingdom,"[""United Kingdom""]",false,"[""Europe and global""]",,[],Not verified in the current source layer.,"[""SaaS plus industrial deployment""]","[""2150""]","[""L5"",""L10""]","[""explicit_code"",""keyword_inference""]","[""L5 Construction"",""L10 Climate/energy""]",[],"[""AI control and decarbonization of cement plants""]",scaled_or_enterprise_signal,"[""scaleup""]",,Not assigned from company scale/funding; requires product-and-geography evidence.,A,"[""A""]",false,"[""High""]","[""A""]","[""S2""]",3,"[""https://2150.vc/investments/gigaton"",""https://gigaton.co/"",""https://gigaton.co/product""]","[""startup_core_additions.csv""]",1,qualified_profile_requires_claim_review,"[""claim_level_evidence_review_required""]"
org-godrej-properties-b4130e4,Godrej Properties,[],organization,default operating/legal identity,https://www.godrejproperties.com/,resolved,[],active,active,false,,2026-08-30,Legacy status_as_of is preserved in assertions; it is not promoted because it usually represents the research date rather than a supported event date.,2026-08-30,India,"[""India""]",false,"[""India 15+ cities""]",,[],Not verified in the current source layer.,[],[],"[""L4"",""L6"",""L7"",""L8"",""L10""]","[""documented_legacy_shorthand""]","[""D/S/H/O/E""]",[],[],not_assessed,[],,Not assigned from company scale/funding; requires product-and-geography evidence.,A,"[""A""]",false,"[""South Asian developer implementation reference""]","[""A""]","[""S2""]",3,"[""https://godrejindustries.com/public/uploads/subsidiaries_accounts/gpl-integrated-report-2024-25-jWKrCcH3RaISAacZufU.pdf"",""https://godrejproperties.com/"",""https://godrejproperties.com/investors/investor-information""]","[""global_real_estate_pioneers_agent.csv""]",1,profile_requires_editorial_review,"[""category_not_assessed"",""maturity_not_assessed"",""status_evidence_date_missing"",""claim_level_evidence_review_required""]"
org-gravis-robotics-e4d6d83,Gravis Robotics,[],organization,default operating/legal identity,https://www.gravisrobotics.com/,resolved,[],active,active,false,,2026-08-30,Legacy status_as_of is preserved in assertions; it is not promoted because it usually represents the research date rather than a supported event date.,2026-08-30,Switzerland,"[""Switzerland""]",false,"[""Europe North America and global""]",,[],Not verified in the current source layer.,"[""hardware plus software""]","[""Zacua Ventures; CEMEX Ventures Construction Startup Competition Top 50 2025""]","[""L5"",""L10""]","[""explicit_code"",""keyword_inference""]","[""L5 Construction"",""L10 Climate/energy""]",[],"[""robotic retrofit for earthmoving equipment""]",scaled_or_enterprise_signal,"[""scaleup""]",,Not assigned from company scale/funding; requires product-and-geography evidence.,A,"[""A""]",false,"[""High""]","[""A""]","[""S2""]",3,"[""https://cemexventures.com/top-50-2025"",""https://gravisrobotics.com/"",""https://zacuaventures.com/portfolio""]","[""startup_core_additions.csv""]",1,qualified_profile_requires_claim_review,"[""claim_level_evidence_review_required""]"
org-habi-716bf6f,Habi,[],organization,default operating/legal identity,https://habi.co/inicio,resolved,[],active,active,false,,2026-08-30,Legacy status_as_of is preserved in assertions; it is not promoted because it usually represents the research date rather than a supported event date.,2026-08-30,Colombia,"[""Colombia""]",false,"[""Colombia and Mexico""]",2019,"[""2019""]",,"[""principal purchase resale and transaction services""]","[""Independent""]","[""L3"",""L6"",""L9""]","[""explicit_code"",""keyword_inference""]","[""L6 Marketing/sales"",""L3 Capital/finance/L9 Portfolio""]",[],"[""instant home-buying and data-enabled resale platform""]",scaled_or_enterprise_signal,"[""scaleup""]",,Not assigned from company scale/funding; requires product-and-geography evidence.,A,"[""A""]",false,"[""High""]","[""A""]","[""S2""]",2,"[""https://centro-ayuda.habi.co/hc/es-419/articles/20481671498011--Qu%C3%A9-es-Habi"",""https://habi.co/inicio""]","[""coverage_gap_additions.csv""]",1,qualified_profile_requires_claim_review,"[""claim_level_evidence_review_required""]"
org-hexagon-11725d3,Hexagon,[],organization,default operating/legal identity,https://hexagon.com/company/divisions/geosystems,resolved,[],active,active,false,,2026-08-30,Legacy status_as_of is preserved in assertions; it is not promoted because it usually represents the research date rather than a supported event date.,2026-08-30,Sweden,"[""Sweden""]",false,"[""Global""]",1975,"[""1975""]",,"[""hardware software and data services""]","[""Public""]","[""L1"",""L4"",""L5"",""L9""]","[""explicit_code"",""keyword_inference""]","[""L4 Design"",""L5 Construction/L1 Land/site/L9 Portfolio""]",[],"[""reality capture geospatial cadastral and construction QA""]",scaled_or_enterprise_signal,"[""enterprise""]",,Not assigned from company scale/funding; requires product-and-geography evidence.,A,"[""A""]",false,"[""High""]","[""A""]","[""S2""]",2,"[""https://hexagon.com/company/divisions/geosystems"",""https://hexagon.com/solutions/digital-realities""]","[""coverage_gap_additions.csv""]",1,qualified_profile_requires_claim_review,"[""claim_level_evidence_review_required""]"
org-hilton-49f73fa,Hilton,[],organization,default operating/legal identity,https://www.hilton.com/,resolved,[],active,active,false,,2026-08-30,Legacy status_as_of is preserved in assertions; it is not promoted because it usually represents the research date rather than a supported event date.,2026-08-30,United States,"[""United States""]",false,"[""Global""]",1919,"[""1919""]",,"[""digital key, virtual-card B2B payments, reservation systems, loyalty and owner platform""]","[""Independent""]","[""L3"",""L6"",""L7"",""L8""]","[""documented_legacy_shorthand""]","[""S/H/O/F"",""F""]",[],"[""global hospitality platform and operator/franchisor""]",scaled_or_enterprise_signal,"[""scale platform""]",,Not assigned from company scale/funding; requires product-and-geography evidence.,A,"[""A""]",false,"[""Adds a current guest/owner technology benchmark with explicit digital-platform and payment workflow evidence""]","[""A""]","[""S1"",""S2""]",4,"[""https://hilton.com/"",""https://ir.hilton.com/financial-reporting/annual-reports"",""https://sec.gov/Archives/edgar/data/1585689/000158568926000025/a2025annualreportprint.pdf"",""https://stories.hilton.com/2025-annual-report""]","[""operator_coverage_additions.csv""]",1,qualified_profile_requires_claim_review,"[""claim_level_evidence_review_required""]"
org-hippo-663710b,Hippo,[],organization,default operating/legal identity,https://www.hippo.com/,resolved,[],active,active,false,,2026-08-30,Legacy status_as_of is preserved in assertions; it is not promoted because it usually represents the research date rather than a supported event date.,2026-08-30,United States,"[""United States""]",false,"[""US""]",2015,"[""2015""]",,"[""Insurance/embedded""]","[""Fifth Wall""]","[""L3"",""L10""]","[""keyword_inference""]","[""Insurance"",""Climate""]",[],"[""Property insurance""]",scaled_or_enterprise_signal,"[""Public/scaleup""]",,Not assigned from company scale/funding; requires product-and-geography evidence.,A,"[""A""]",false,"[""Low""]","[""A""]","[""S2"",""S4""]",2,"[""https://fifthwall.com/portfolio"",""https://hippo.com/""]","[""proptech_startups_agent.csv""]",1,qualified_profile_requires_claim_review,"[""claim_level_evidence_review_required""]"
org-honeywell-forge-for-buildings-900b78b,Honeywell Forge for Buildings,[],product_offering,reviewed product-suite exception,https://www.honeywell.com/us/en/honeywell-forge,resolved,[],active,active,false,,2026-08-30,Legacy status_as_of is preserved in assertions; it is not promoted because it usually represents the research date rather than a supported event date.,2026-08-30,United States,"[""United States""]",false,"[""Global""]",,"[""unknown""]",Not verified in the current source layer.,"[""hardware software and services""]","[""Honeywell""]","[""L8"",""L9"",""L10""]","[""explicit_code"",""keyword_inference""]","[""L8 Property operations"",""L10 ESG/L9 Portfolio""]",[],"[""connected building performance remote operations sustainability and asset-health platform""]",scaled_or_enterprise_signal,"[""enterprise""]",,Not assigned from company scale/funding; requires product-and-geography evidence.,A,"[""A""]",false,"[""High""]","[""A""]","[""S2""]",3,"[""https://buildings.honeywell.com/us/en/solutions/automation-solutions/sustainability/connected-solutions"",""https://buildings.honeywell.com/us/en/solutions/buildings"",""https://honeywell.com/us/en/honeywell-forge""]","[""enterprise_platform_additions.csv""]",1,qualified_profile_requires_claim_review,"[""claim_level_evidence_review_required""]"
org-houm-8d7c85c,Houm,[],organization,default operating/legal identity,https://houm.com/co/quienes-somos,resolved,"[""https://ycombinator.com/companies/houm""]",active,active,false,,2026-08-30,Legacy status_as_of is preserved in assertions; it is not promoted because it usually represents the research date rather than a supported event date.,2026-08-30,Chile,"[""Chile""]",false,"[""Chile Mexico and Colombia""]",2018,"[""2018""]",,"[""transaction and property-management fees""]","[""Y Combinator W2021""]","[""L6"",""L7"",""L8""]","[""explicit_code"",""keyword_inference""]","[""L6 Marketing/sales"",""L7 Occupancy/L8 Property operations""]",[],"[""all-in-one residential marketplace and management""]",scaled_or_enterprise_signal,"[""scaleup""]",,Not assigned from company scale/funding; requires product-and-geography evidence.,A,"[""A""]",false,"[""High""]","[""A""]","[""S2"",""S4""]",2,"[""https://houm.com/co/quienes-somos"",""https://ycombinator.com/companies/houm""]","[""coverage_gap_additions.csv""]",1,qualified_profile_requires_claim_review,"[""claim_level_evidence_review_required""]"
org-housecanary-8bb8018,HouseCanary,[],organization,default operating/legal identity,https://www.housecanary.com/,resolved,[],active,active,false,,2026-08-30,Legacy status_as_of is preserved in assertions; it is not promoted because it usually represents the research date rather than a supported event date.,2026-08-30,United States,"[""United States""]",false,"[""United States""]",2013,"[""2013""]",,"[""SaaS/API""]","[""Independent""]","[""L1"",""L3""]","[""keyword_inference""]","[""Land"",""Finance""]",[],"[""Valuation analytics""]",scaled_or_enterprise_signal,"[""Scaleup""]",,Not assigned from company scale/funding; requires product-and-geography evidence.,A,"[""A""]",false,"[""Medium""]","[""A""]","[""S2""]",1,"[""https://housecanary.com/""]","[""proptech_startups_agent.csv""]",1,qualified_profile_requires_claim_review,"[""claim_level_evidence_review_required""]"
org-jll-799c538,JLL,[],organization,default operating/legal identity,https://www.jll.com/,resolved,[],active,active,false,,2026-08-30,Legacy status_as_of is preserved in assertions; it is not promoted because it usually represents the research date rather than a supported event date.,2026-08-30,United States,"[""United States""]",false,"[""Global""]",,[],Not verified in the current source layer.,[],[],"[""L3"",""L6"",""L7"",""L8"",""L10""]","[""documented_legacy_shorthand""]","[""F/S/H/O/E""]",[],[],not_assessed,[],,Not assigned from company scale/funding; requires product-and-geography evidence.,A,"[""A""]",false,"[""Data-workflow-distribution-venture benchmark for JCX""]","[""A""]","[""S1"",""S2"",""S3""]",4,"[""https://jll.com/"",""https://s202.q4cdn.com/536608393/files/doc_financials/2025/ar/JLL_Annual-Report_2026_FINAL.pdf"",""https://sec.gov/Archives/edgar/data/1037976/000103797626000037/jll-20251231.htm"",""https://spark.jllt.com/""]","[""global_real_estate_pioneers_agent.csv""]",1,profile_requires_editorial_review,"[""category_not_assessed"",""maturity_not_assessed"",""status_evidence_date_missing"",""claim_level_evidence_review_required""]"
org-jll-spark-b674956,JLL Spark,[],program_ecosystem,reviewed name or entity-type rule,https://spark.jllt.com/,resolved,[],active,active,false,,2026-08-30,Legacy status_as_of is preserved in assertions; it is not promoted because it usually represents the research date rather than a supported event date.,2026-08-30,United States,"[""United States""]",false,"[""Global""]",,[],Not verified in the current source layer.,[],[],"[""L3"",""L6"",""L8"",""L10""]","[""documented_legacy_shorthand""]","[""F/S/O/E""]",[],[],not_assessed,[],,Not assigned from company scale/funding; requires product-and-geography evidence.,A,"[""A""]",false,"[""Strategic capital plus go-to-market model""]","[""B""]","[""S2""]",1,"[""https://spark.jllt.com/""]","[""global_real_estate_pioneers_agent.csv""]",1,discovery_program,"[""category_not_assessed"",""maturity_not_assessed"",""status_evidence_date_missing"",""claim_level_evidence_review_required""]"
org-johnson-controls-openblue-d609fb9,Johnson Controls OpenBlue,[],product_offering,reviewed product-suite exception,https://openblue.johnsoncontrols.com/,resolved,[],active,active,false,,2026-08-30,Legacy status_as_of is preserved in assertions; it is not promoted because it usually represents the research date rather than a supported event date.,2026-08-30,Ireland,"[""Ireland""]",false,"[""Global""]",,"[""unknown""]",Not verified in the current source layer.,"[""hardware software and services""]","[""Johnson Controls""]","[""L8"",""L9"",""L10""]","[""explicit_code"",""keyword_inference""]","[""L8 Property operations"",""L10 ESG/L9 Portfolio""]",[],"[""AI-native BMS-agnostic building performance energy comfort and cybersecurity platform""]",scaled_or_enterprise_signal,"[""enterprise""]",,Not assigned from company scale/funding; requires product-and-geography evidence.,A,"[""A""]",false,"[""High""]","[""A""]","[""S2""]",3,"[""https://johnsoncontrols.com/media-center/news/press-releases/2026/08/04/johnson-controls-unveils-ai-powered-openblue-platform-expansions"",""https://openblue.johnsoncontrols.com/"",""https://openblue.johnsoncontrols.com/openblue-intelligence""]","[""enterprise_platform_additions.csv""]",1,qualified_profile_requires_claim_review,"[""claim_level_evidence_review_required""]"
org-juniper-square-860ebe0,Juniper Square,[],organization,default operating/legal identity,https://www.junipersquare.com/,resolved,[],active,active,false,,2026-08-30,Legacy status_as_of is preserved in assertions; it is not promoted because it usually represents the research date rather than a supported event date.,2026-08-30,United States,"[""United States""]",false,"[""Global""]",,"[""unknown""]",Not verified in the current source layer.,"[""enterprise SaaS and fund-administration services""]","[""Independent""]","[""L3"",""L7"",""L9""]","[""explicit_code"",""keyword_inference""]","[""L3 Capital/finance"",""L9 Portfolio/L7 Occupancy""]",[],"[""private-markets real-estate fund operating system""]",scaled_or_enterprise_signal,"[""enterprise""]",,Not assigned from company scale/funding; requires product-and-geography evidence.,A,"[""A""]",false,"[""High""]","[""A""]","[""S2""]",2,"[""https://junipersquare.com/"",""https://junipersquare.com/company/press""]","[""enterprise_platform_additions.csv""]",1,qualified_profile_requires_claim_review,"[""claim_level_evidence_review_required""]"
org-kajima-c9b2937,Kajima,[],organization,default operating/legal identity,https://www.kajima.co.jp/english/,resolved,[],active,active,false,,2026-08-30,Legacy status_as_of is preserved in assertions; it is not promoted because it usually represents the research date rather than a supported event date.,2026-08-30,Japan,"[""Japan""]",false,"[""Japan global""]",,[],Not verified in the current source layer.,[],[],"[""L5"",""L8""]","[""documented_legacy_shorthand""]","[""C/O""]",[],[],not_assessed,[],,Not assigned from company scale/funding; requires product-and-geography evidence.,A,"[""A""]",false,"[""Hard-tech automation reference for labour-shortage markets""]","[""A""]","[""S2""]",2,"[""https://kajima.co.jp/english"",""https://kajima.co.jp/english/sustainability/report/2025/pdf/ir_e_all.pdf""]","[""global_real_estate_pioneers_agent.csv""]",1,profile_requires_editorial_review,"[""category_not_assessed"",""maturity_not_assessed"",""status_evidence_date_missing"",""claim_level_evidence_review_required""]"
org-ke-holdings-beike-860ac7b,KE Holdings / Beike,[],organization,default operating/legal identity,https://investors.ke.com/,resolved,[],active,active-public,false,,2026-08-30,Legacy status_as_of is preserved in assertions; it is not promoted because it usually represents the research date rather than a supported event date.,2026-08-30,China,"[""China""]",false,"[""Mainland China""]",,[],Not verified in the current source layer.,"[""brokerage commissions platform services renovation and emerging services""]",[],"[""L3"",""L6"",""L7"",""L8"",""L12""]","[""explicit_code"",""keyword_inference""]","[""L6 Marketing/sales"",""L3 Capital/finance; L7 Occupancy; L8 Property operations; L12 Data/trust""]",[],"[""integrated online and offline housing transactions brokerage home renovation and housing services""]",scaled_or_enterprise_signal,"[""public scale""]",,Not assigned from company scale/funding; requires product-and-geography evidence.,A,"[""A""]",false,"[""China's largest structured housing-platform comparator closes a material geographic and operating-model gap""]","[""A""]","[""S2""]",3,"[""https://investors.ke.com/"",""https://investors.ke.com/static-files/1fa581d1-e84c-4840-b898-0bfcd593000d"",""https://investors.ke.com/zh-hans/annual-reports""]","[""final_residual_additions.csv""]",1,qualified_profile_requires_claim_review,"[""claim_level_evidence_review_required""]"
org-keppel-5873745,Keppel,[],organization,default operating/legal identity,https://www.keppel.com/,resolved,[],active,active,false,,2026-08-30,Legacy status_as_of is preserved in assertions; it is not promoted because it usually represents the research date rather than a supported event date.,2026-08-30,Singapore,"[""Singapore""]",false,"[""Asia global""]",,[],Not verified in the current source layer.,[],[],"[""L3"",""L8"",""L10""]","[""documented_legacy_shorthand""]","[""F/O/E""]",[],[],not_assessed,[],,Not assigned from company scale/funding; requires product-and-geography evidence.,A,"[""A""]",false,"[""Property-energy-digital infrastructure convergence""]","[""A""]","[""S2""]",3,"[""https://keppel.com/"",""https://keppel.com/annualreport2024"",""https://keppel.com/annualreport2024/theme/default/pdf/keppel-ltd-ar2024.pdf""]","[""global_real_estate_pioneers_agent.csv""]",1,profile_requires_editorial_review,"[""category_not_assessed"",""maturity_not_assessed"",""status_evidence_date_missing"",""claim_level_evidence_review_required""]"
org-la-haus-46fe911,La Haus,[],organization,default operating/legal identity,https://www.lahaus.com/quienes-somos,resolved,[],active,active,false,,2026-08-30,Legacy status_as_of is preserved in assertions; it is not promoted because it usually represents the research date rather than a supported event date.,2026-08-30,Colombia,"[""Colombia""]",false,"[""Latin America""]",2017,"[""2017""]",,"[""transaction and lead fees""]","[""Independent""]","[""L1"",""L3"",""L6""]","[""explicit_code"",""keyword_inference""]","[""L6 Marketing/sales"",""L1 Land/site/L3 Capital/finance""]",[],"[""new-home marketplace and developer transaction platform""]",scaled_or_enterprise_signal,"[""scaleup""]",,Not assigned from company scale/funding; requires product-and-geography evidence.,A,"[""A""]",false,"[""High""]","[""A""]","[""S2""]",1,"[""https://lahaus.com/quienes-somos""]","[""coverage_gap_additions.csv""]",1,qualified_profile_requires_claim_review,"[""claim_level_evidence_review_required""]"
org-landtech-82e0a84,LandTech,[],organization,default operating/legal identity,https://land.tech/,resolved,[],active,active,false,,2026-08-30,Legacy status_as_of is preserved in assertions; it is not promoted because it usually represents the research date rather than a supported event date.,2026-08-30,United Kingdom,"[""United Kingdom""]",false,"[""UK/global""]",,"[""Unknown""]",Not verified in the current source layer.,"[""B2B SaaS""]","[""Pi Labs""]","[""L1"",""L12""]","[""keyword_inference""]","[""Land"",""Data""]",[],"[""Land sourcing planning""]",scaled_or_enterprise_signal,"[""Scaleup""]",,Not assigned from company scale/funding; requires product-and-geography evidence.,A,"[""A""]",false,"[""High""]","[""A""]","[""S2"",""S4""]",2,"[""https://land.tech/"",""https://pilabs.vc/portfolio?sort=date_desc""]","[""proptech_startups_agent.csv""]",1,qualified_profile_requires_claim_review,"[""claim_level_evidence_review_required""]"
org-lendlease-4cdee7b,Lendlease,[],organization,default operating/legal identity,https://www.lendlease.com/,resolved,[],active,active,false,,2026-08-30,Legacy status_as_of is preserved in assertions; it is not promoted because it usually represents the research date rather than a supported event date.,2026-08-30,Australia,"[""Australia""]",false,"[""Australia Asia Europe United States""]",,[],Not verified in the current source layer.,[],[],"[""L1"",""L4"",""L5"",""L8"",""L10""]","[""documented_legacy_shorthand""]","[""L/D/C/O/E""]",[],[],not_assessed,[],,Not assigned from company scale/funding; requires product-and-geography evidence.,A,"[""A""]",false,"[""Design-to-operations and construction safety reference""]","[""A""]","[""S2""]",3,"[""https://lendlease.com/"",""https://lendlease.com/siteassets/lendlease/shared/investor-centre/announcements/reports/2021/2021-lendlease-annual-report-pdf.pdf"",""https://lendlease.com/siteassets/lendlease/shared/investor-centre/announcements/results/2020/fy20---2020-annual-report.pdf""]","[""global_real_estate_pioneers_agent.csv""]",1,profile_requires_editorial_review,"[""category_not_assessed"",""maturity_not_assessed"",""status_evidence_date_missing"",""claim_level_evidence_review_required""]"
org-lennar-fec1a05,Lennar,[],organization,default operating/legal identity,https://www.lennar.com/,resolved,[],active,active,false,,2026-08-30,Legacy status_as_of is preserved in assertions; it is not promoted because it usually represents the research date rather than a supported event date.,2026-08-30,United States,"[""United States""]",false,"[""North America""]",1954,"[""1954""]",,"[""homebuilding plus financial services, digital lead-to-close and LENX strategic investments""]","[""Independent; LENX; Veev by Lennar relationship""]","[""L1"",""L3"",""L4"",""L5"",""L6"",""L7"",""L8"",""L10""]","[""documented_legacy_shorthand""]","[""L/D/C/S/F/H/O"",""L/F/E""]",[],"[""high-volume homebuilder, mortgage/title and innovation platform""]",scaled_or_enterprise_signal,"[""scale operator""]",,Not assigned from company scale/funding; requires product-and-geography evidence.,A,"[""A""]",false,"[""Parent record is required to interpret existing Veev by Lennar and compare land-light, digital funnel and startup deployment""]","[""A""]","[""S2""]",4,"[""https://investors.lennar.com/"",""https://investors.lennar.com/press-releases/2026/03-30-2026"",""https://investors.lennar.com/~/media/Files/L/Lennar-IR-V3/documents/annual-reports/annual-report-2025.pdf"",""https://lennar.com/""]","[""operator_coverage_additions.csv""]",1,qualified_profile_requires_claim_review,"[""claim_level_evidence_review_required""]"
org-lodha-developers-macrotech-fabb78c,Lodha Developers / Macrotech,[],organization,default operating/legal identity,https://www.lodhagroup.com/,resolved,[],active,active,false,,2026-08-30,Legacy status_as_of is preserved in assertions; it is not promoted because it usually represents the research date rather than a supported event date.,2026-08-30,India,"[""India""]",false,"[""India""]",,[],Not verified in the current source layer.,[],[],"[""L1"",""L3"",""L4"",""L6"",""L7"",""L8"",""L10""]","[""documented_legacy_shorthand""]","[""L/D/S/F/H/O/E""]",[],[],not_assessed,[],,Not assigned from company scale/funding; requires product-and-geography evidence.,A,"[""A""]",false,"[""South Asian lifecycle and net-zero innovation case""]","[""A""]","[""S2""]",3,"[""https://lodhagroup.com/"",""https://lodhagroup.com/investor-relations"",""https://lodhagroup.in/investor-relations/assets/pdf/3rd-Integrated-Annual-Report_2023-24.pdf""]","[""global_real_estate_pioneers_agent.csv""]",1,profile_requires_editorial_review,"[""category_not_assessed"",""maturity_not_assessed"",""status_evidence_date_missing"",""claim_level_evidence_review_required""]"
org-loft-ed3b4dd,Loft,[],organization,default operating/legal identity,https://loft.com.br/para-imobiliarias/institucional-loft/,resolved,[],active,active,false,,2026-08-30,Legacy status_as_of is preserved in assertions; it is not promoted because it usually represents the research date rather than a supported event date.,2026-08-30,Brazil,"[""Brazil""]",false,"[""Brazil""]",2018,"[""2018""]",,"[""software plus financial intermediation and guarantee""]","[""Independent""]","[""L3"",""L6"",""L7""]","[""explicit_code"",""keyword_inference""]","[""L6 Marketing/sales"",""L3 Capital/finance/L7 Occupancy""]",[],"[""real-estate platform CRM credit and rental guarantee""]",scaled_or_enterprise_signal,"[""scaleup""]",,Not assigned from company scale/funding; requires product-and-geography evidence.,A,"[""A""]",false,"[""High""]","[""A""]","[""S2""]",2,"[""https://loft.com.br/para-imobiliarias"",""https://loft.com.br/para-imobiliarias/institucional-loft""]","[""coverage_gap_additions.csv""]",1,qualified_profile_requires_claim_review,"[""claim_level_evidence_review_required""]"
org-lula-f8449a2,Lula,[],organization,default operating/legal identity,https://lula.life/,resolved,[],active,active,false,,2026-08-30,Legacy status_as_of is preserved in assertions; it is not promoted because it usually represents the research date rather than a supported event date.,2026-08-30,United States,"[""United States""]",false,"[""North America""]",,[],Not verified in the current source layer.,"[""managed marketplace plus SaaS""]","[""RET Ventures""]","[""L5"",""L8""]","[""explicit_code"",""keyword_inference""]","[""L8 Property operations"",""L5 Construction""]",[],"[""property maintenance coordination and vendor network""]",scaled_or_enterprise_signal,"[""scaleup""]",,Not assigned from company scale/funding; requires product-and-geography evidence.,A,"[""A""]",false,"[""High""]","[""A""]","[""S2""]",3,"[""https://lula.life/"",""https://lula.life/company"",""https://ret.vc/portfolio""]","[""startup_core_additions.csv""]",1,qualified_profile_requires_claim_review,"[""claim_level_evidence_review_required""]"
org-lumina-375ff59,Lumina,[],organization,default operating/legal identity,https://luminatech.co/,resolved,[],active,active,false,,2026-08-30,Legacy status_as_of is preserved in assertions; it is not promoted because it usually represents the research date rather than a supported event date.,2026-08-30,United States,"[""United States""]",false,"[""North America and global""]",,[],Not verified in the current source layer.,"[""hardware plus equipment operations""]","[""Shadow Ventures""]","[""L5"",""L10""]","[""explicit_code"",""keyword_inference""]","[""L5 Construction"",""L10 Climate/energy""]",[],"[""zero-emission heavy civil equipment and robotics""]",scaled_or_enterprise_signal,"[""scaleup""]",,Not assigned from company scale/funding; requires product-and-geography evidence.,A,"[""A""]",false,"[""High""]","[""A""]","[""S2""]",3,"[""https://luminatech.co/"",""https://luminatech.co/moonlander"",""https://shadow.vc/investments/lumina""]","[""startup_core_additions.csv""]",1,qualified_profile_requires_claim_review,"[""claim_level_evidence_review_required""]"
org-magicdoor-2e9843c,MagicDoor,[],organization,default operating/legal identity,https://magicdoor.com/,resolved,[],active,active,false,,2026-08-30,Legacy status_as_of is preserved in assertions; it is not promoted because it usually represents the research date rather than a supported event date.,2026-08-30,United States,"[""United States""]",false,"[""North America""]",,[],Not verified in the current source layer.,"[""SaaS subscription""]","[""Shadow Ventures""]","[""L6"",""L8""]","[""explicit_code"",""keyword_inference""]","[""L8 Property operations"",""L6 Marketing/sales""]",[],"[""AI-native property management for leasing maintenance accounting and resident communication""]",early_or_growth_signal,"[""early""]",,Not assigned from company scale/funding; requires product-and-geography evidence.,A,"[""A""]",false,"[""High""]","[""A""]","[""S2""]",3,"[""https://magicdoor.com/"",""https://shadow.vc/blog/announcing-our-investment-in-magicdoor"",""https://shadow.vc/investments/magicdoor""]","[""startup_core_additions.csv""]",1,qualified_profile_requires_claim_review,"[""claim_level_evidence_review_required""]"
org-majid-al-futtaim-0b14d94,Majid Al Futtaim,[],organization,default operating/legal identity,https://www.majidalfuttaim.com/,resolved,[],active,active,false,,2026-08-30,Legacy status_as_of is preserved in assertions; it is not promoted because it usually represents the research date rather than a supported event date.,2026-08-30,United Arab Emirates,"[""United Arab Emirates""]",false,"[""MENA Africa Central Asia""]",1992,"[""1992""]",,"[""development, asset management, retail, loyalty, quick commerce, AI-enabled media and entertainment""]","[""Independent; MAF Properties and MAF Technology relationships""]","[""L1"",""L3"",""L6"",""L7"",""L8"",""L10""]","[""documented_legacy_shorthand""]","[""L/S/H/O/E/F"",""F""]",[],"[""MENA integrated developer, mall/hotel/entertainment owner and digital ecosystem""]",scaled_or_enterprise_signal,"[""scale platform""]",,Not assigned from company scale/funding; requires product-and-geography evidence.,A,"[""A""]",false,"[""Connects real estate with customer data, loyalty, quick commerce and AI-enabled media; stronger MENA operator comparator than another generic masterplan""]","[""A""]","[""S2""]",4,"[""https://majidalfuttaim.com/"",""https://majidalfuttaim.com/docs/default-source/reports/majid-alfuttaim-holding-consolidated-fs-2025.pdf?sfvrsn=aa95b9a_3"",""https://majidalfuttaim.com/en/investor-relations/financial-summary"",""https://majidalfuttaim.com/en/media-centre/press-releases/detail/2025/09/strategic-investments--digital-scale-drive-majid-al-futtaims-solid-h1-2025-results""]","[""operator_coverage_additions.csv""]",1,qualified_profile_requires_claim_review,"[""claim_level_evidence_review_required""]"
org-marriott-international-a8d5e3d,Marriott International,[],organization,default operating/legal identity,https://www.marriott.com/,resolved,[],active,active,false,,2026-08-30,Legacy status_as_of is preserved in assertions; it is not promoted because it usually represents the research date rather than a supported event date.,2026-08-30,United States,"[""United States""]",false,"[""Global""]",1927,"[""1927""]",,"[""property management, reservations, loyalty, digital guest/owner systems and AI enablement""]","[""Independent""]","[""L3"",""L4"",""L5"",""L7"",""L8""]","[""documented_legacy_shorthand""]","[""D/C/H/O/F"",""F""]",[],"[""global hospitality platform and owner-facing operator""]",scaled_or_enterprise_signal,"[""scale platform""]",,Not assigned from company scale/funding; requires product-and-geography evidence.,A,"[""A""]",false,"[""Adds the missing hospitality operating-system benchmark and explicit technology-transformation evidence""]","[""A""]","[""S1"",""S2""]",4,"[""https://marriott.com/"",""https://marriott.gcs-web.com/annual"",""https://marriott.gcs-web.com/static-files/b82978a6-9d28-4e38-9855-fc4ae2cebe11"",""https://sec.gov/Archives/edgar/data/1048286/000104828626000007/mar-20251231.htm""]","[""operator_coverage_additions.csv""]",1,qualified_profile_requires_claim_review,"[""claim_level_evidence_review_required""]"
org-measurabl-19110f1,Measurabl,[],organization,default operating/legal identity,https://www.measurabl.com/,resolved,[],active,active,false,,2026-08-30,Legacy status_as_of is preserved in assertions; it is not promoted because it usually represents the research date rather than a supported event date.,2026-08-30,United States,"[""United States""]",false,"[""Global""]",2013,"[""2013""]",,"[""SaaS""]","[""Taronga RealTechX""]","[""L10"",""L12""]","[""keyword_inference""]","[""Climate"",""Data""]",[],"[""ESG utility data""]",scaled_or_enterprise_signal,"[""Scaleup""]",,Not assigned from company scale/funding; requires product-and-geography evidence.,A,"[""A""]",false,"[""High""]","[""A""]","[""S2"",""S4""]",2,"[""https://measurabl.com/"",""https://tarongagroup.com/realtechx""]","[""proptech_startups_agent.csv""]",1,qualified_profile_requires_claim_review,"[""claim_level_evidence_review_required""]"
org-mitsui-fudosan-e8608ec,Mitsui Fudosan,[],organization,default operating/legal identity,https://www.mitsuifudosan.co.jp/english/,resolved,[],active,active,false,,2026-08-30,Legacy status_as_of is preserved in assertions; it is not promoted because it usually represents the research date rather than a supported event date.,2026-08-30,Japan,"[""Japan""]",false,"[""Japan global""]",,[],Not verified in the current source layer.,[],[],"[""L1"",""L4"",""L6"",""L7"",""L8"",""L10""]","[""documented_legacy_shorthand""]","[""L/D/S/H/O/E""]",[],[],not_assessed,[],,Not assigned from company scale/funding; requires product-and-geography evidence.,A,"[""A""]",false,"[""Customer-network and neighbourhood DX benchmark""]","[""A""]","[""S2""]",3,"[""https://mitsuifudosan.co.jp/english"",""https://mitsuifudosan.co.jp/english/corporate/ir/library/integratedreport/ir2025/dx"",""https://mitsuifudosan.co.jp/english/corporate/ir/library/integratedreport/pdf/IR2025_en.pdf""]","[""global_real_estate_pioneers_agent.csv""]",1,profile_requires_editorial_review,"[""category_not_assessed"",""maturity_not_assessed"",""status_evidence_date_missing"",""claim_level_evidence_review_required""]"
org-nabr-9ac18d4,Nabr,[],organization,default operating/legal identity,https://www.nabr.com/,resolved,[],active,active,false,,2026-08-30,Legacy status_as_of is preserved in assertions; it is not promoted because it usually represents the research date rather than a supported event date.,2026-08-30,United States,"[""United States""]",false,"[""North America""]",,[],Not verified in the current source layer.,"[""development plus productized construction""]","[""2150""]","[""L5"",""L6""]","[""explicit_code"",""keyword_inference""]","[""L5 Construction"",""L6 Marketing/sales""]",[],"[""industrialized sustainable apartments and direct-to-consumer housing""]",early_or_growth_signal,"[""early""]",,Not assigned from company scale/funding; requires product-and-geography evidence.,A,"[""A""]",false,"[""High""]","[""A""]","[""S2""]",3,"[""https://2150.vc/investments/nabr"",""https://2150.vc/wp-content/uploads/2024/01/2150_Impact-report-2023_Master_2605.pdf"",""https://nabr.com/""]","[""startup_core_additions.csv""]",1,qualified_profile_requires_claim_review,"[""claim_level_evidence_review_required""]"
org-northspyre-fb51dcc,Northspyre,[],organization,default operating/legal identity,https://www.northspyre.com/,resolved,[],active,active,false,,2026-08-30,Legacy status_as_of is preserved in assertions; it is not promoted because it usually represents the research date rather than a supported event date.,2026-08-30,United States,"[""United States""]",false,"[""North America""]",,"[""unknown""]",Not verified in the current source layer.,"[""enterprise SaaS and advisory""]","[""Independent""]","[""L1"",""L2"",""L3"",""L4"",""L5"",""L9""]","[""explicit_code"",""keyword_inference""]","[""L2 Feasibility"",""L1 Land/site/L3 Capital/finance/L4 Design/L5 Construction/L9 Portfolio""]",[],"[""development management acquisition budget vendor and approval workflow platform""]",scaled_or_enterprise_signal,"[""scaleup""]",,Not assigned from company scale/funding; requires product-and-geography evidence.,A,"[""A""]",false,"[""High""]","[""A""]","[""S2""]",4,"[""https://northspyre.com/"",""https://northspyre.com/about-us"",""https://northspyre.com/all-asset-classes/commercial"",""https://northspyre.com/blog/northspyre-2025-year-in-review""]","[""enterprise_platform_additions.csv""]",1,qualified_profile_requires_claim_review,"[""claim_level_evidence_review_required""]"
org-one-click-lca-def3638,One Click LCA,[],organization,default operating/legal identity,https://oneclicklca.com/en-gb/,resolved,[],active,active,false,,2026-08-30,Legacy status_as_of is preserved in assertions; it is not promoted because it usually represents the research date rather than a supported event date.,2026-08-30,Finland,"[""Finland""]",false,"[""Europe and global""]",,[],Not verified in the current source layer.,"[""SaaS subscription""]","[""BuiltWorlds Building Tech Top 50 2025""]","[""L4"",""L5""]","[""explicit_code"",""keyword_inference""]","[""L4 Design"",""L5 Construction""]",[],"[""life-cycle assessment EPD and embodied-carbon software""]",scaled_or_enterprise_signal,"[""scaleup""]",,Not assigned from company scale/funding; requires product-and-geography evidence.,A,"[""A""]",false,"[""High""]","[""A""]","[""S2""]",2,"[""https://builtworlds.com/insights/2025-building-tech-top-50-list"",""https://oneclicklca.com/en-gb""]","[""startup_core_additions.csv""]",1,qualified_profile_requires_claim_review,"[""claim_level_evidence_review_required""]"
org-opensolar-375b039,OpenSolar,[],organization,default operating/legal identity,https://www.opensolar.com/,resolved,[],active,active,false,,2026-08-30,Legacy status_as_of is preserved in assertions; it is not promoted because it usually represents the research date rather than a supported event date.,2026-08-30,United Kingdom,"[""United Kingdom""]",false,"[""Europe and global""]",,[],Not verified in the current source layer.,"[""SaaS subscription with free core product""]","[""2150""]","[""L6"",""L10""]","[""explicit_code"",""keyword_inference""]","[""L6 Marketing/sales"",""L10 Climate/energy""]",[],"[""solar contractor design sales finance and project-management software""]",scaled_or_enterprise_signal,"[""scaleup""]",,Not assigned from company scale/funding; requires product-and-geography evidence.,A,"[""A""]",false,"[""High""]","[""A""]","[""S2""]",2,"[""https://2150.vc/investments/opensolar"",""https://opensolar.com/""]","[""startup_core_additions.csv""]",1,qualified_profile_requires_claim_review,"[""claim_level_evidence_review_required""]"
org-openspace-15aa2fd,OpenSpace,[],organization,default operating/legal identity,https://www.openspace.ai/,resolved,[],active,active,false,,2026-08-30,Legacy status_as_of is preserved in assertions; it is not promoted because it usually represents the research date rather than a supported event date.,2026-08-30,United States,"[""United States""]",false,"[""Global""]",2017,"[""2017""]",,"[""Managed capture plus SaaS""]","[""Taronga RealTechX""]","[""L4"",""L5""]","[""keyword_inference""]","[""Construction"",""Design""]",[],"[""Reality capture progress""]",scaled_or_enterprise_signal,"[""Scaleup""]",,Not assigned from company scale/funding; requires product-and-geography evidence.,A,"[""A""]",false,"[""High""]","[""A""]","[""S2""]",2,"[""https://get.openspace.ai/rs/283-OVQ-169/images/OpenSpace-Case-Study-Lendlease-en.pdf"",""https://openspace.ai/""]","[""proptech_startups_agent.csv""]",1,qualified_profile_requires_claim_review,"[""claim_level_evidence_review_required""]"
org-oracle-construction-and-engineering-7e92f1f,Oracle Construction & Engineering,[],product_offering,reviewed product-suite exception,https://www.oracle.com/construction-engineering/aconex/,resolved,[],active,active,false,,2026-08-30,Legacy status_as_of is preserved in assertions; it is not promoted because it usually represents the research date rather than a supported event date.,2026-08-30,United States,"[""United States""]",false,"[""Global""]",,"[""unknown""]",Not verified in the current source layer.,"[""enterprise software licensing and cloud services""]","[""Oracle""]","[""L2"",""L3"",""L5"",""L11""]","[""explicit_code"",""keyword_inference""]","[""L5 Construction"",""L2 Feasibility/L3 Capital/finance/L11 Handover/end-of-life""]",[],"[""construction CDE payment and project-controls platform suite""]",scaled_or_enterprise_signal,"[""enterprise""]",,Not assigned from company scale/funding; requires product-and-geography evidence.,A,"[""A""]",false,"[""High""]","[""A""]","[""S2""]",3,"[""https://docs.oracle.com/en/industries/construction-engineering"",""https://oracle.com/construction-engineering/aconex"",""https://oracle.com/construction-engineering/textura-construction-payment-management""]","[""enterprise_platform_additions.csv""]",1,qualified_profile_requires_claim_review,"[""claim_level_evidence_review_required""]"
org-orbital-witness-cc3955e,Orbital Witness,[],organization,default operating/legal identity,https://www.orbital.tech/uk,resolved,[],active,active,false,,2026-08-30,Legacy status_as_of is preserved in assertions; it is not promoted because it usually represents the research date rather than a supported event date.,2026-08-30,United Kingdom,"[""United Kingdom""]",false,"[""UK""]",,"[""unknown""]",Not verified in the current source layer.,"[""legal-tech SaaS and document services""]","[""Independent""]","[""L1"",""L3"",""L6""]","[""explicit_code"",""keyword_inference""]","[""L1 Land/site"",""L3 Capital/finance/L6 Marketing/sales""]",[],"[""AI-assisted title and property due diligence""]",scaled_or_enterprise_signal,"[""scaleup""]",,Not assigned from company scale/funding; requires product-and-geography evidence.,A,"[""A""]",false,"[""High""]","[""A""]","[""S2""]",2,"[""https://orbital.tech/uk"",""https://orbital.tech/uk/solutions/acquisitions""]","[""coverage_gap_additions.csv""]",1,qualified_profile_requires_claim_review,"[""claim_level_evidence_review_required""]"
org-outbuild-f066346,Outbuild,[],organization,default operating/legal identity,https://www.outbuild.com/,resolved,[],active,active,false,,2026-08-30,Legacy status_as_of is preserved in assertions; it is not promoted because it usually represents the research date rather than a supported event date.,2026-08-30,United States,"[""United States""]",false,"[""North America and global""]",,[],Not verified in the current source layer.,"[""SaaS subscription""]","[""Zacua Ventures""]","[""L5"",""L9""]","[""explicit_code"",""keyword_inference""]","[""L5 Construction"",""L9 Portfolio""]",[],"[""scheduling and field coordination software""]",scaled_or_enterprise_signal,"[""scaleup""]",,Not assigned from company scale/funding; requires product-and-geography evidence.,A,"[""A""]",false,"[""High""]","[""A""]","[""S2""]",3,"[""https://outbuild.com/"",""https://outbuild.com/about-us"",""https://zacuaventures.com/portfolio""]","[""startup_core_additions.csv""]",1,qualified_profile_requires_claim_review,"[""claim_level_evidence_review_required""]"
org-planradar-0ba22d1,PlanRadar,[],organization,default operating/legal identity,https://www.planradar.com/,resolved,[],active,active,false,,2026-08-30,Legacy status_as_of is preserved in assertions; it is not promoted because it usually represents the research date rather than a supported event date.,2026-08-30,Austria,"[""Austria""]",false,"[""Europe/global""]",2013,"[""2013""]",,"[""Per-user SaaS""]","[""Independent""]","[""L5"",""L11""]","[""keyword_inference""]","[""Construction"",""Handover""]",[],"[""Inspections defects FM""]",scaled_or_enterprise_signal,"[""Scaleup""]",,Not assigned from company scale/funding; requires product-and-geography evidence.,A,"[""A""]",false,"[""High""]","[""A""]","[""S2""]",1,"[""https://planradar.com/""]","[""proptech_startups_agent.csv""]",1,qualified_profile_requires_claim_review,"[""claim_level_evidence_review_required""]"
org-plentific-279d25e,Plentific,[],organization,default operating/legal identity,https://www.plentific.com/,resolved,[],active,active,false,,2026-08-30,Legacy status_as_of is preserved in assertions; it is not promoted because it usually represents the research date rather than a supported event date.,2026-08-30,United Kingdom,"[""United Kingdom""]",false,"[""UK and Europe/global""]",2012,"[""2012""]",,"[""enterprise SaaS and supplier marketplace""]","[""Pi Labs""]","[""L7"",""L8"",""L9""]","[""explicit_code"",""keyword_inference""]","[""L8 Property operations"",""L7 Occupancy/L9 Portfolio""]",[],"[""property operations maintenance procurement and compliance""]",scaled_or_enterprise_signal,"[""scaleup""]",,Not assigned from company scale/funding; requires product-and-geography evidence.,A,"[""A""]",false,"[""High""]","[""A""]","[""S2"",""S4""]",2,"[""https://pilabs.vc/portfolio?sort=date_desc"",""https://plentific.com/""]","[""coverage_gap_additions.csv""]",1,qualified_profile_requires_claim_review,"[""claim_level_evidence_review_required""]"
org-predictap-bf6e0e8,PredictAP,[],organization,default operating/legal identity,https://www.predictap.com/,resolved,[],active,active,false,,2026-08-30,Legacy status_as_of is preserved in assertions; it is not promoted because it usually represents the research date rather than a supported event date.,2026-08-30,United States,"[""United States""]",false,"[""North America""]",,[],Not verified in the current source layer.,"[""SaaS subscription""]","[""RET Ventures""]","[""L3"",""L8""]","[""explicit_code"",""keyword_inference""]","[""L8 Property operations"",""L3 Capital/finance""]",[],"[""AI invoice ingestion coding and AP controls for real estate""]",scaled_or_enterprise_signal,"[""scaleup""]",,Not assigned from company scale/funding; requires product-and-geography evidence.,A,"[""A""]",false,"[""High""]","[""A""]","[""S2""]",3,"[""https://predictap.com/"",""https://ret.vc/perspectives/looking-back-on-a-successful-2023"",""https://ret.vc/portfolio""]","[""startup_core_additions.csv""]",1,qualified_profile_requires_claim_review,"[""claim_level_evidence_review_required""]"
org-prestige-group-0cc8c3c,Prestige Group,[],organization,default operating/legal identity,https://www.prestigeconstructions.com/,resolved,[],active,active,false,,2026-08-30,Legacy status_as_of is preserved in assertions; it is not promoted because it usually represents the research date rather than a supported event date.,2026-08-30,India,"[""India""]",false,"[""India""]",,[],Not verified in the current source layer.,[],[],"[""L6"",""L7"",""L8""]","[""documented_legacy_shorthand""]","[""S/H/O""]",[],[],not_assessed,[],,Not assigned from company scale/funding; requires product-and-geography evidence.,A,"[""A""]",false,"[""South Asian customer and sales-operations comparator""]","[""B""]","[""S2""]",2,"[""https://bsmedia.business-standard.com/_media/bs/data/announcements/bse/19082025/0884e44f-01ac-4a6c-8a62-90727fe88fdb.pdf"",""https://prestigeconstructions.com/""]","[""global_real_estate_pioneers_agent.csv""]",1,profile_requires_editorial_review,"[""category_not_assessed"",""maturity_not_assessed"",""status_evidence_date_missing"",""claim_level_evidence_review_required""]"
org-prologis-0017226,Prologis,[],organization,default operating/legal identity,https://www.prologis.com/,resolved,[],active,active,false,,2026-08-30,Legacy status_as_of is preserved in assertions; it is not promoted because it usually represents the research date rather than a supported event date.,2026-08-30,United States,"[""United States""]",false,"[""Global""]",,[],Not verified in the current source layer.,[],[],"[""L1"",""L3"",""L8"",""L10""]","[""documented_legacy_shorthand""]","[""L/F/O/E""]",[],[],not_assessed,[],,Not assigned from company scale/funding; requires product-and-geography evidence.,A,"[""A""]",false,"[""Monetising energy, automation and data services beyond rent""]","[""A""]","[""S2""]",3,"[""https://ir.prologis.com/financials/sec-filings/content/0001193125-26-051453/pld-20251231.htm"",""https://prologis.com/"",""https://prologis.com/shareholder-letter-2025""]","[""global_real_estate_pioneers_agent.csv""]",1,profile_requires_editorial_review,"[""category_not_assessed"",""maturity_not_assessed"",""status_evidence_date_missing"",""claim_level_evidence_review_required""]"
org-property-finder-e45a134,Property Finder,[],organization,default operating/legal identity,https://www.propertyfinder.ae/en/about-us.html,resolved,[],active,active,false,,2026-08-30,Legacy status_as_of is preserved in assertions; it is not promoted because it usually represents the research date rather than a supported event date.,2026-08-30,United Arab Emirates,"[""United Arab Emirates""]",false,"[""MENA""]",2005,"[""2005""]",,"[""listing subscriptions data products and transaction services""]","[""Independent""]","[""L3"",""L6"",""L9""]","[""explicit_code"",""keyword_inference""]","[""L6 Marketing/sales"",""L3 Capital/finance/L9 Portfolio""]",[],"[""property marketplace data and agent technology""]",scaled_or_enterprise_signal,"[""scaleup""]",,Not assigned from company scale/funding; requires product-and-geography evidence.,A,"[""A""]",false,"[""High""]","[""A""]","[""S2""]",2,"[""https://propertyfinder.ae/en"",""https://propertyfinder.ae/en/about-us.html""]","[""coverage_gap_additions.csv""]",1,qualified_profile_requires_claim_review,"[""claim_level_evidence_review_required""]"
org-property-shield-8c6800f,Property Shield,[],organization,default operating/legal identity,https://propertyshield.co/,resolved,[],active,active,false,,2026-08-30,Legacy status_as_of is preserved in assertions; it is not promoted because it usually represents the research date rather than a supported event date.,2026-08-30,United States,"[""United States""]",false,"[""North America""]",,[],Not verified in the current source layer.,"[""SaaS subscription""]","[""RET Ventures""]","[""L3"",""L8""]","[""explicit_code"",""keyword_inference""]","[""L8 Property operations"",""L3 Capital/finance""]",[],"[""AI real-estate fraud and data-security platform""]",early_or_growth_signal,"[""early""]",,Not assigned from company scale/funding; requires product-and-geography evidence.,A,"[""A""]",false,"[""High""]","[""A""]","[""S2""]",2,"[""https://propertyshield.co/"",""https://ret.vc/portfolio""]","[""startup_core_additions.csv""]",1,qualified_profile_requires_claim_review,"[""claim_level_evidence_review_required""]"
org-propexo-5b7a6ab,Propexo,[],organization,default operating/legal identity,https://www.propexo.com/,resolved,"[""https://ycombinator.com/companies/propexo""]",active,active,false,,2026-08-30,Legacy status_as_of is preserved in assertions; it is not promoted because it usually represents the research date rather than a supported event date.,2026-08-30,United States,"[""United States""]",false,"[""United States""]",,"[""Unknown""]",Not verified in the current source layer.,"[""API/SaaS""]","[""Y Combinator""]","[""L8"",""L12""]","[""keyword_inference""]","[""Operations"",""Data""]",[],"[""Property integration""]",scaled_or_enterprise_signal,"[""Early/scaleup""]",,Not assigned from company scale/funding; requires product-and-geography evidence.,A,"[""A""]",false,"[""High""]","[""A""]","[""S2"",""S4""]",2,"[""https://propexo.com/"",""https://ycombinator.com/companies/propexo""]","[""proptech_startups_agent.csv""]",1,qualified_profile_requires_claim_review,"[""claim_level_evidence_review_required""]"
org-quintoandar-11445e6,QuintoAndar,[],organization,default operating/legal identity,https://www.quintoandar.com.br/newsroom/en/about/,resolved,[],active,active,false,,2026-08-30,Legacy status_as_of is preserved in assertions; it is not promoted because it usually represents the research date rather than a supported event date.,2026-08-30,Brazil,"[""Brazil""]",false,"[""Latin America""]",2013,"[""2013""]",,"[""transaction fees and embedded services""]","[""Independent""]","[""L3"",""L6"",""L7""]","[""explicit_code"",""keyword_inference""]","[""L6 Marketing/sales"",""L7 Occupancy/L3 Capital/finance""]",[],"[""housing marketplace and transaction platform""]",scaled_or_enterprise_signal,"[""scaleup""]",,Not assigned from company scale/funding; requires product-and-geography evidence.,A,"[""A""]",false,"[""High""]","[""A""]","[""S2""]",2,"[""https://quintoandar.com.br/newsroom/en"",""https://quintoandar.com.br/newsroom/en/about""]","[""coverage_gap_additions.csv""]",1,qualified_profile_requires_claim_review,"[""claim_level_evidence_review_required""]"
org-rabbet-13da945,Rabbet,[],organization,default operating/legal identity,https://rabbet.com/,resolved,"[""https://ycombinator.com/companies/rabbet""]",active,active,false,,2026-08-30,Legacy status_as_of is preserved in assertions; it is not promoted because it usually represents the research date rather than a supported event date.,2026-08-30,United States,"[""United States""]",false,"[""United States""]",2015,"[""2015""]",,"[""SaaS""]","[""YC S2017""]","[""L3"",""L5""]","[""keyword_inference""]","[""Finance"",""Construction""]",[],"[""Development and construction lending""]",scaled_or_enterprise_signal,"[""Scaleup""]",,Not assigned from company scale/funding; requires product-and-geography evidence.,A,"[""A""]",false,"[""High""]","[""A""]","[""S2"",""S4""]",2,"[""https://rabbet.com/"",""https://ycombinator.com/companies/rabbet""]","[""proptech_startups_agent.csv""]",1,qualified_profile_requires_claim_review,"[""claim_level_evidence_review_required""]"
org-realpact-653455d,RealPact,[],organization,default operating/legal identity,,discovery_profile_only,"[""https://ycombinator.com/companies/realpact""]",active,active,false,,2026-08-30,Legacy status_as_of is preserved in assertions; it is not promoted because it usually represents the research date rather than a supported event date.,2026-08-30,United States,"[""United States""]",false,"[""United States""]",2025,"[""2025""]",,"[""AI SaaS""]","[""YC S2026""]","[""L3"",""L12""]","[""keyword_inference""]","[""Transaction"",""Data""]",[],"[""AI transaction operations""]",early_or_growth_signal,"[""Very early""]",,Not assigned from company scale/funding; requires product-and-geography evidence.,A,"[""A""]",false,"[""High""]","[""A""]","[""S4""]",1,"[""https://ycombinator.com/companies/realpact""]","[""proptech_startups_agent.csv""]",1,profile_requires_editorial_review,"[""canonical_url_unresolved"",""claim_level_evidence_review_required""]"
org-realpage-d7eb9a6,RealPage,[],organization,default operating/legal identity,https://www.realpage.com/,resolved,[],active,active,false,,2026-08-30,Legacy status_as_of is preserved in assertions; it is not promoted because it usually represents the research date rather than a supported event date.,2026-08-30,United States,"[""United States""]",false,"[""North America global""]",,"[""unknown""]",Not verified in the current source layer.,"[""enterprise SaaS and managed services""]","[""Independent""]","[""L6"",""L7"",""L8"",""L9""]","[""explicit_code"",""keyword_inference""]","[""L8 Property operations"",""L6 Marketing/sales/L7 Occupancy/L9 Portfolio""]",[],"[""property management ERP leasing maintenance payments and AI operations""]",scaled_or_enterprise_signal,"[""enterprise""]",,Not assigned from company scale/funding; requires product-and-geography evidence.,A,"[""A""]",false,"[""High""]","[""A""]","[""S2""]",4,"[""https://realpage.com/"",""https://realpage.com/multifamily"",""https://realpage.com/news/realpage-showcases-lumina-ai-at-apartmentalize-2025"",""https://realpage.com/platforms/property-operations""]","[""enterprise_platform_additions.csv""]",1,qualified_profile_requires_claim_review,"[""claim_level_evidence_review_required""]"
org-related-companies-2e0a546,Related Companies,[],organization,default operating/legal identity,https://www.related.com/,resolved,[],active,active,false,,2026-08-30,Legacy status_as_of is preserved in assertions; it is not promoted because it usually represents the research date rather than a supported event date.,2026-08-30,United States,"[""United States""]",false,"[""United States global select cities""]",,[],Not verified in the current source layer.,[],[],"[""L1"",""L4"",""L5"",""L7"",""L8""]","[""documented_legacy_shorthand""]","[""L/D/C/H/O""]",[],[],not_assessed,[],,Not assigned from company scale/funding; requires product-and-geography evidence.,A,"[""A""]",false,"[""Integrated urban-development comparator""]","[""B""]","[""S2""]",2,"[""https://related.com/"",""https://related.com/our-company""]","[""global_real_estate_pioneers_agent.csv""]",1,profile_requires_editorial_review,"[""category_not_assessed"",""maturity_not_assessed"",""status_evidence_date_missing"",""claim_level_evidence_review_required""]"
org-related-digital-1f7de1a,Related Digital,[],organization,default operating/legal identity,https://www.related-digital.com/,resolved,[],active,active,false,,2026-08-30,Legacy status_as_of is preserved in assertions; it is not promoted because it usually represents the research date rather than a supported event date.,2026-08-30,United States,"[""United States""]",false,"[""United States Canada""]",,[],Not verified in the current source layer.,[],[],"[""L1"",""L3"",""L4"",""L5"",""L10""]","[""documented_legacy_shorthand""]","[""L/D/C/F/E""]",[],[],not_assessed,[],,Not assigned from company scale/funding; requires product-and-geography evidence.,A,"[""A""]",false,"[""Relevant for JCX digital infrastructure and energy-enabled real estate""]","[""B""]","[""S2""]",1,"[""https://related-digital.com/""]","[""global_real_estate_pioneers_agent.csv""]",1,profile_requires_editorial_review,"[""category_not_assessed"",""maturity_not_assessed"",""status_evidence_date_missing"",""claim_level_evidence_review_required""]"
org-revizto-b3261af,Revizto,[],organization,default operating/legal identity,https://revizto.com/,resolved,[],active,active,false,,2026-08-30,Legacy status_as_of is preserved in assertions; it is not promoted because it usually represents the research date rather than a supported event date.,2026-08-30,Switzerland,"[""Switzerland""]",false,"[""Europe and global""]",,[],Not verified in the current source layer.,"[""SaaS subscription""]","[""BuiltWorlds Building Tech Top 50 2025""]","[""L4"",""L5""]","[""explicit_code"",""keyword_inference""]","[""L4 Design"",""L5 Construction""]",[],"[""BIM coordination and 2D/3D collaboration""]",scaled_or_enterprise_signal,"[""scaleup""]",,Not assigned from company scale/funding; requires product-and-geography evidence.,A,"[""A""]",false,"[""High""]","[""A""]","[""S2""]",2,"[""https://builtworlds.com/insights/2025-building-tech-top-50-list"",""https://revizto.com/""]","[""startup_core_additions.csv""]",1,qualified_profile_requires_claim_review,"[""claim_level_evidence_review_required""]"
org-salesforce-real-estate-cloud-7d7e68a,Salesforce Real Estate Cloud,[],product_offering,reviewed product-suite exception,https://www.salesforce.com/real-estate/,resolved,[],active,active,false,,2026-08-30,Legacy status_as_of is preserved in assertions; it is not promoted because it usually represents the research date rather than a supported event date.,2026-08-30,United States,"[""United States""]",false,"[""Global""]",1999,"[""1999""]",,"[""Subscription/platform""]","[""Enterprise""]","[""L6"",""L8""]","[""keyword_inference""]","[""Sales"",""Operations""]",[],"[""CRM workflow""]",scaled_or_enterprise_signal,"[""Enterprise""]",,Not assigned from company scale/funding; requires product-and-geography evidence.,A,"[""A""]",false,"[""High""]","[""A""]","[""S2""]",1,"[""https://salesforce.com/real-estate""]","[""proptech_startups_agent.csv""]",1,qualified_profile_requires_claim_review,"[""claim_level_evidence_review_required""]"
org-saudi-proptech-hub-rega-e45df16,Saudi-PropTech-Hub-REGA,[],program_ecosystem,reviewed name or entity-type rule,https://rega.gov.sa/en/rega-services/platforms/saudi-proptech-hub/,resolved,[],active,active,false,,2026-08-30,Legacy status_as_of is preserved in assertions; it is not promoted because it usually represents the research date rather than a supported event date.,2026-08-30,Saudi Arabia,"[""Saudi Arabia""]",false,"[""Saudi-Arabia""]",2024,"[""2024""]",,"[""public-support""]","[""REGA-NTDP-Startup-Wise-Guys""]",[],[],"[""regulatory-sandbox"",""accelerator-summit-developer-links""]","[""regulatory-sandbox"",""accelerator-summit-developer-links""]","[""public-ecosystem""]",program_or_index,"[""ecosystem""]",,Not assigned from company scale/funding; requires product-and-geography evidence.,A,"[""A""]",false,"[""Bangladesh-sandbox-model""]","[""A""]","[""S1""]",2,"[""https://rega.gov.sa/en/rega-services/platforms/saudi-proptech-hub"",""https://spa.gov.sa/en/N2196077""]","[""regional_companies_agent.csv""]",1,discovery_program,"[""lifecycle_unmapped"",""claim_level_evidence_review_required""]"
org-schneider-electric-ecostruxure-building-677b955,Schneider Electric EcoStruxure Building,[],product_offering,reviewed product-suite exception,https://www.se.com/ww/en/work/products/product-launch/building-management-system/,resolved,[],active,active,false,,2026-08-30,Legacy status_as_of is preserved in assertions; it is not promoted because it usually represents the research date rather than a supported event date.,2026-08-30,France,"[""France""]",false,"[""Global""]",,"[""unknown""]",Not verified in the current source layer.,"[""hardware software and subscription""]","[""Schneider Electric""]","[""L8"",""L9"",""L10""]","[""explicit_code"",""keyword_inference""]","[""L8 Property operations"",""L10 ESG/L9 Portfolio""]",[],"[""open building management system energy and integrated controls platform""]",scaled_or_enterprise_signal,"[""enterprise""]",,Not assigned from company scale/funding; requires product-and-geography evidence.,A,"[""A""]",false,"[""High""]","[""A""]","[""S2""]",2,"[""https://se.com/ww/en/assets/564/document/514405/presentation-agm-2025-en.pdf"",""https://se.com/ww/en/work/products/product-launch/building-management-system""]","[""enterprise_platform_additions.csv""]",1,qualified_profile_requires_claim_review,"[""claim_level_evidence_review_required""]"
org-searchland-fe1084f,Searchland,[],organization,default operating/legal identity,https://searchland.co.uk/,resolved,[],active,active,false,,2026-08-30,Legacy status_as_of is preserved in assertions; it is not promoted because it usually represents the research date rather than a supported event date.,2026-08-30,United Kingdom,"[""United Kingdom""]",false,"[""UK""]",2020,"[""2020""]",,"[""subscription SaaS and API""]","[""Independent""]","[""L1"",""L2"",""L10""]","[""explicit_code"",""keyword_inference""]","[""L1 Land/site"",""L2 Feasibility/L10 ESG""]",[],"[""land sourcing planning ownership and infrastructure data""]",scaled_or_enterprise_signal,"[""scaleup""]",,Not assigned from company scale/funding; requires product-and-geography evidence.,A,"[""A""]",false,"[""High""]","[""A""]","[""S2""]",2,"[""https://searchland.co.uk/"",""https://searchland.co.uk/api""]","[""coverage_gap_additions.csv""]",1,qualified_profile_requires_claim_review,"[""claim_level_evidence_review_required""]"
org-segro-88f5446,SEGRO,[],organization,default operating/legal identity,https://www.segro.com/,resolved,[],active,active,false,,2026-08-30,Legacy status_as_of is preserved in assertions; it is not promoted because it usually represents the research date rather than a supported event date.,2026-08-30,United Kingdom,"[""United Kingdom""]",false,"[""Europe""]",1920,"[""1920""]",,"[""powered land, planning, logistics and data-centre development""]","[""Independent""]","[""L1"",""L4"",""L5"",""L8"",""L10""]","[""documented_legacy_shorthand""]","[""L/D/C/O/E"",""F""]",[],"[""European logistics, industrial and data-centre owner/developer""]",scaled_or_enterprise_signal,"[""scale platform""]",,Not assigned from company scale/funding; requires product-and-geography evidence.,A,"[""A""]",false,"[""Makes grid access, entitlement, pre-let sequencing and powered-shell versus fitted data centres decision-visible""]","[""A""]","[""S2""]",4,"[""https://segro.com/"",""https://segro.com/en/investors/ara25/strategic-report"",""https://segro.com/investors/financial-results-centre/2025-full-year-results"",""https://segro.com/media/kbshtxbq/segro_annual-report-accounts-2025.pdf""]","[""operator_coverage_additions.csv""]",1,qualified_profile_requires_claim_review,"[""claim_level_evidence_review_required""]"
org-sell-do-33b7307,Sell-Do,"[""Sell.Do""]",organization,default operating/legal identity,https://www.sell.do/,resolved,[],active,active,false,,2026-08-30,Legacy status_as_of is preserved in assertions; it is not promoted because it usually represents the research date rather than a supported event date.,2026-08-30,India,"[""India""]",false,"[""India"",""India/SEA""]",,"[""2016"",""2012""]",Conflicting source values; editorial resolution required.,"[""enterprise-SaaS"",""SaaS""]","[""Aurum-PropTech-Accel"",""Independent""]","[""L6"",""L8""]","[""keyword_inference""]","[""lead-to-possession-revenue-ops"",""Sales"",""AI-calling-channel-partners-collections"",""Operations""]",[],"[""developer-CRM-revenue-OS"",""Developer CRM""]",scaled_or_enterprise_signal,"[""scale"",""Scaleup""]",,Not assigned from company scale/funding; requires product-and-geography evidence.,A,"[""A""]",false,"[""closest-mature-developer-OS"",""High""]","[""B"",""A""]","[""S2""]",4,"[""https://sell.do/"",""https://sell.do/about"",""https://sell.do/solutions/developers"",""https://sell.do/success-stories""]","[""proptech_startups_agent.csv"",""regional_companies_agent.csv""]",2,profile_requires_editorial_review,"[""founding_year_conflict"",""claim_level_evidence_review_required""]"
org-siemens-building-x-4e09386,Siemens Building X,[],product_offering,reviewed product-suite exception,https://www.siemens.com/en-gb/products/building-x/,resolved,[],active,active,false,,2026-08-30,Legacy status_as_of is preserved in assertions; it is not promoted because it usually represents the research date rather than a supported event date.,2026-08-30,Germany,"[""Germany""]",false,"[""Global""]",,"[""unknown""]",Not verified in the current source layer.,"[""hardware software and subscription""]","[""Siemens""]","[""L8"",""L9"",""L10""]","[""explicit_code"",""keyword_inference""]","[""L8 Property operations"",""L10 ESG/L9 Portfolio""]",[],"[""cloud building energy sustainability safety security and operations platform""]",scaled_or_enterprise_signal,"[""enterprise""]",,Not assigned from company scale/funding; requires product-and-geography evidence.,A,"[""A""]",false,"[""High""]","[""A""]","[""S2""]",2,"[""https://news.siemens.com/en-us/siemens-presents-building-x-an-ai-based-solution-for-transforming-buildings-into-climate-neutral-buildings"",""https://siemens.com/en-gb/products/building-x""]","[""enterprise_platform_additions.csv""]",1,qualified_profile_requires_claim_review,"[""claim_level_evidence_review_required""]"
org-skanska-6d6b6e5,Skanska,[],organization,default operating/legal identity,https://www.skanska.com/,resolved,[],active,active,false,,2026-08-30,Legacy status_as_of is preserved in assertions; it is not promoted because it usually represents the research date rather than a supported event date.,2026-08-30,Sweden,"[""Sweden""]",false,"[""Europe United States""]",,[],Not verified in the current source layer.,[],[],"[""L4"",""L5"",""L8"",""L10""]","[""documented_legacy_shorthand""]","[""D/C/O/E""]",[],[],not_assessed,[],,Not assigned from company scale/funding; requires product-and-geography evidence.,A,"[""A""]",false,"[""Construction safety/data benchmark""]","[""A""]","[""S2""]",2,"[""https://group.skanska.com/493a91/siteassets/investors/reports-publications/annual-reports/2025/skanska-s-annual-and-sustainability-report-2025-pdf-.pdf"",""https://skanska.com/""]","[""global_real_estate_pioneers_agent.csv""]",1,profile_requires_editorial_review,"[""category_not_assessed"",""maturity_not_assessed"",""status_evidence_date_missing"",""claim_level_evidence_review_required""]"
org-smartpm-technologies-b7ceac3,SmartPM Technologies,[],organization,default operating/legal identity,https://smartpm.com/,resolved,[],active,active,false,,2026-08-30,Legacy status_as_of is preserved in assertions; it is not promoted because it usually represents the research date rather than a supported event date.,2026-08-30,United States,"[""United States""]",false,"[""North America and global""]",,[],Not verified in the current source layer.,"[""enterprise SaaS subscription and services""]","[""CEMEX Ventures Top 50 ConTech 2026""]","[""L5"",""L9"",""L12""]","[""explicit_code"",""keyword_inference""]","[""L5 Construction delivery"",""L9 Portfolio management; L12 Data and trust""]",[],"[""construction schedule analytics and automated project controls""]",scaled_or_enterprise_signal,"[""scaleup""]",,Not assigned from company scale/funding; requires product-and-geography evidence.,A,"[""A""]",false,"[""Adds continuous schedule-quality, delay-risk and portfolio-controls intelligence between CPM tools and executive decisions""]","[""A""]","[""S2""]",3,"[""https://cemexventures.com/top-50"",""https://smartpm.com/"",""https://smartpm.com/about""]","[""final_residual_additions.csv""]",1,qualified_profile_requires_claim_review,"[""claim_level_evidence_review_required""]"
org-smartrent-04f495b,SmartRent,[],organization,default operating/legal identity,https://smartrent.com/,resolved,[],active,active,false,,2026-08-30,Legacy status_as_of is preserved in assertions; it is not promoted because it usually represents the research date rather than a supported event date.,2026-08-30,United States,"[""United States""]",false,"[""United States""]",2017,"[""2017""]",,"[""Hardware plus SaaS""]","[""Fifth Wall""]","[""L8""]","[""keyword_inference""]","[""Facilities"",""Security""]",[],"[""Smart-home property operations""]",scaled_or_enterprise_signal,"[""Public""]",,Not assigned from company scale/funding; requires product-and-geography evidence.,A,"[""A""]",false,"[""Medium""]","[""A""]","[""S2"",""S4""]",2,"[""https://fifthwall.com/portfolio"",""https://smartrent.com/""]","[""proptech_startups_agent.csv""]",1,qualified_profile_requires_claim_review,"[""claim_level_evidence_review_required""]"
org-snapdocs-72c3c3a,Snapdocs,[],organization,default operating/legal identity,https://www.snapdocs.com/,resolved,[],active,active,false,,2026-08-30,Legacy status_as_of is preserved in assertions; it is not promoted because it usually represents the research date rather than a supported event date.,2026-08-30,United States,"[""United States""]",false,"[""United States""]",2012,"[""2012""]",,"[""SaaS""]","[""Independent""]","[""L3""]","[""keyword_inference""]","[""Transaction"",""Finance""]",[],"[""Mortgage closing/e-notary""]",scaled_or_enterprise_signal,"[""Scaleup""]",,Not assigned from company scale/funding; requires product-and-geography evidence.,A,"[""A""]",false,"[""Medium""]","[""A""]","[""S2""]",1,"[""https://snapdocs.com/""]","[""proptech_startups_agent.csv""]",1,qualified_profile_requires_claim_review,"[""claim_level_evidence_review_required""]"
org-speckle-199e3b6,Speckle,[],organization,default operating/legal identity,https://speckle.systems/,resolved,[],active,active,false,,2026-08-30,Legacy status_as_of is preserved in assertions; it is not promoted because it usually represents the research date rather than a supported event date.,2026-08-30,Europe,"[""Europe""]",false,"[""Europe and global""]",,[],Not verified in the current source layer.,"[""SaaS subscription plus developer platform""]","[""Foundamental""]","[""L4"",""L5""]","[""explicit_code"",""keyword_inference""]","[""L4 Design"",""L5 Construction""]",[],"[""open AEC data hub and real-time BIM collaboration""]",scaled_or_enterprise_signal,"[""scaleup""]",,Not assigned from company scale/funding; requires product-and-geography evidence.,A,"[""A""]",false,"[""High""]","[""A""]","[""S2""]",3,"[""https://docs.speckle.systems/quickstart/welcome"",""https://foundamental.com/portfolio"",""https://speckle.systems/""]","[""startup_core_additions.csv""]",1,qualified_profile_requires_claim_review,"[""claim_level_evidence_review_required""]"
org-stan-ai-7f63428,Stan.AI,[],organization,default operating/legal identity,https://www.stan.ai/,resolved,[],active,active,false,,2026-08-30,Legacy status_as_of is preserved in assertions; it is not promoted because it usually represents the research date rather than a supported event date.,2026-08-30,United States,"[""United States""]",false,"[""North America""]",,[],Not verified in the current source layer.,"[""SaaS subscription""]","[""RET Ventures""]","[""L6"",""L8""]","[""explicit_code"",""keyword_inference""]","[""L8 Property operations"",""L6 Marketing/sales""]",[],"[""AI property operations for HOA multifamily student housing and hospitality""]",early_or_growth_signal,"[""early""]",,Not assigned from company scale/funding; requires product-and-geography evidence.,A,"[""A""]",false,"[""High""]","[""A""]","[""S2""]",3,"[""https://ret.vc/portfolio"",""https://stan.ai/"",""https://stan.ai/company""]","[""startup_core_additions.csv""]",1,qualified_profile_requires_claim_review,"[""claim_level_evidence_review_required""]"
org-teleo-0fd6b99,Teleo,[],organization,default operating/legal identity,https://www.teleo.ai/,resolved,[],active,active,false,,2026-08-30,Legacy status_as_of is preserved in assertions; it is not promoted because it usually represents the research date rather than a supported event date.,2026-08-30,United States,"[""United States""]",false,"[""North America and global""]",,[],Not verified in the current source layer.,"[""hardware plus software and deployment""]","[""CEMEX Ventures Construction Startup Competition Top 50 2025""]","[""L5"",""L10""]","[""explicit_code"",""keyword_inference""]","[""L5 Construction"",""L10 Climate/energy""]",[],"[""supervised autonomy for heavy machinery""]",scaled_or_enterprise_signal,"[""scaleup""]",,Not assigned from company scale/funding; requires product-and-geography evidence.,A,"[""A""]",false,"[""High""]","[""B""]","[""S2""]",3,"[""https://cemexventures.com/top-50-2025"",""https://teleo.ai/"",""https://teleo.ai/technology""]","[""startup_core_additions.csv""]",1,qualified_profile_requires_claim_review,"[""claim_level_evidence_review_required""]"
org-testfit-cd578b3,TestFit,[],organization,default operating/legal identity,https://www.testfit.io/,resolved,[],active,active,false,,2026-08-30,Legacy status_as_of is preserved in assertions; it is not promoted because it usually represents the research date rather than a supported event date.,2026-08-30,United States,"[""United States""]",false,"[""North America/global""]",2017,"[""2017""]",,"[""Subscription SaaS""]","[""Independent""]","[""L1"",""L4""]","[""keyword_inference""]","[""Land"",""Design""]",[],"[""Generative feasibility""]",scaled_or_enterprise_signal,"[""Scaleup""]",,Not assigned from company scale/funding; requires product-and-geography evidence.,A,"[""A""]",false,"[""High""]","[""A""]","[""S2""]",1,"[""https://testfit.io/""]","[""proptech_startups_agent.csv""]",1,qualified_profile_requires_claim_review,"[""claim_level_evidence_review_required""]"
org-togal-ai-d6d6a17,Togal.AI,[],organization,default operating/legal identity,https://www.togal.ai/,resolved,[],active,active,false,,2026-08-30,Legacy status_as_of is preserved in assertions; it is not promoted because it usually represents the research date rather than a supported event date.,2026-08-30,United States,"[""United States""]",false,"[""North America and global""]",,[],Not verified in the current source layer.,"[""SaaS subscription""]","[""CEMEX Ventures Top 50 ConTech 2026""]","[""L4"",""L5"",""L12""]","[""explicit_code"",""keyword_inference""]","[""L4 Design and preconstruction"",""L5 Construction delivery; L12 Data and trust""]",[],"[""AI-assisted construction takeoff drawing analysis and estimating collaboration""]",scaled_or_enterprise_signal,"[""scaleup""]",,Not assigned from company scale/funding; requires product-and-geography evidence.,A,"[""A""]",false,"[""Closes the automated takeoff and estimating gap that document-chat and general CDE platforms do not cover""]","[""A""]","[""S2""]",3,"[""https://cemexventures.com/top-50"",""https://cemexventures.com/top-50-startups/togal-ai"",""https://togal.ai/""]","[""final_residual_additions.csv""]",1,qualified_profile_requires_claim_review,"[""claim_level_evidence_review_required""]"
org-track3d-778aadb,Track3D,[],organization,default operating/legal identity,https://track3d.ai/,resolved,[],active,active,false,,2026-08-30,Legacy status_as_of is preserved in assertions; it is not promoted because it usually represents the research date rather than a supported event date.,2026-08-30,United States,"[""United States""]",false,"[""North America and global""]",,[],Not verified in the current source layer.,"[""SaaS plus capture services""]","[""Zacua Ventures""]","[""L5"",""L9""]","[""explicit_code"",""keyword_inference""]","[""L5 Construction"",""L9 Portfolio""]",[],"[""reality capture and construction progress intelligence""]",scaled_or_enterprise_signal,"[""scaleup""]",,Not assigned from company scale/funding; requires product-and-geography evidence.,A,"[""A""]",false,"[""High""]","[""A""]","[""S2""]",4,"[""https://track3d.ai/"",""https://track3d.ai/newsroom"",""https://track3d.ai/reality-intelligence-platform"",""https://zacuaventures.com/portfolio""]","[""startup_core_additions.csv""]",1,qualified_profile_requires_claim_review,"[""claim_level_evidence_review_required""]"
org-trimble-77e0db1,Trimble,[],organization,default operating/legal identity,https://www.trimble.com/en/solutions/trimble-construction-one,resolved,[],active,active,false,,2026-08-30,Legacy status_as_of is preserved in assertions; it is not promoted because it usually represents the research date rather than a supported event date.,2026-08-30,United States,"[""United States""]",false,"[""Global""]",1978,"[""1978""]",,"[""hardware software and subscription""]","[""Public""]","[""L4"",""L5"",""L9""]","[""explicit_code"",""keyword_inference""]","[""L4 Design"",""L5 Construction/L9 Portfolio""]",[],"[""surveying BIM and connected construction management""]",scaled_or_enterprise_signal,"[""enterprise""]",,Not assigned from company scale/funding; requires product-and-geography evidence.,A,"[""A""]",false,"[""High""]","[""A""]","[""S2""]",2,"[""https://civilconstruction.trimble.com/en/products/software/trimble-connect"",""https://trimble.com/en/solutions/trimble-construction-one""]","[""coverage_gap_additions.csv""]",1,qualified_profile_requires_claim_review,"[""claim_level_evidence_review_required""]"
org-trunk-tools-844cca9,Trunk Tools,[],organization,default operating/legal identity,https://trunktools.com/,resolved,[],active,active,false,,2026-08-30,Legacy status_as_of is preserved in assertions; it is not promoted because it usually represents the research date rather than a supported event date.,2026-08-30,United States,"[""United States""]",false,"[""North America and global""]",,[],Not verified in the current source layer.,"[""SaaS subscription""]","[""CEMEX Ventures Construction Startup Competition Top 50 2025""]","[""L4"",""L5""]","[""explicit_code"",""keyword_inference""]","[""L5 Construction"",""L4 Design""]",[],"[""construction field intelligence and document workflow AI""]",scaled_or_enterprise_signal,"[""scaleup""]",,Not assigned from company scale/funding; requires product-and-geography evidence.,A,"[""A""]",false,"[""High""]","[""B""]","[""S2""]",2,"[""https://cemexventures.com/top-50-2025"",""https://trunktools.com/""]","[""startup_core_additions.csv""]",1,qualified_profile_requires_claim_review,"[""claim_level_evidence_review_required""]"
org-turntide-35dea2f,Turntide,[],organization,default operating/legal identity,https://www.turntide.com/,resolved,[],active,active,false,,2026-08-30,Legacy status_as_of is preserved in assertions; it is not promoted because it usually represents the research date rather than a supported event date.,2026-08-30,United States,"[""United States""]",false,"[""Global""]",2013,"[""2013""]",,"[""Hardware plus software""]","[""JLL Spark/Fifth Wall""]","[""L8"",""L10""]","[""keyword_inference""]","[""Climate"",""Facilities""]",[],"[""Efficient motors/controls""]",scaled_or_enterprise_signal,"[""Scaleup""]",,Not assigned from company scale/funding; requires product-and-geography evidence.,A,"[""A""]",false,"[""Medium""]","[""B""]","[""S2""]",2,"[""https://spark.jllt.com/"",""https://turntide.com/""]","[""proptech_startups_agent.csv""]",1,qualified_profile_requires_claim_review,"[""claim_level_evidence_review_required""]"
org-99-group-12db5df,99-Group,[],organization,default operating/legal identity,https://www.99.co/,resolved,[],active,active,false,,2026-08-30,Legacy status_as_of is preserved in assertions; it is not promoted because it usually represents the research date rather than a supported event date.,2026-08-30,Singapore,"[""Singapore""]",false,"[""Singapore-Indonesia""]",2014,"[""2014""]",,"[""advertising-subscriptions-data""]","[""East-Ventures-Sequoia-Gaw""]","[""L3""]","[""keyword_inference""]","[""property-discovery-advertising"",""market-intelligence-valuation-finance""]",[],"[""SEA-portal-data""]",scaled_or_enterprise_signal,"[""scale""]",,Not assigned from company scale/funding; requires product-and-geography evidence.,B,"[""B""]",false,"[""acquisition-integration-data""]","[""B""]","[""S2""]",3,"[""https://99.co/"",""https://99.co/about-us"",""https://99.co/about-us/indonesia""]","[""regional_companies_agent.csv""]",1,qualified_profile_requires_claim_review,"[""claim_level_evidence_review_required""]"
org-accor-ce52bb6,Accor,[],organization,default operating/legal identity,https://group.accor.com/en/,resolved,[],active,active,false,,2026-08-30,Legacy status_as_of is preserved in assertions; it is not promoted because it usually represents the research date rather than a supported event date.,2026-08-30,France,"[""France""]",false,"[""Global Europe MENA Asia-Pacific""]",1967,"[""1967""]",,"[""digital guest interaction, loyalty, hospitality operations and sustainability reporting""]","[""Independent""]","[""L3"",""L4"",""L6"",""L7"",""L8"",""L10""]","[""documented_legacy_shorthand""]","[""D/S/H/O/E/F"",""F""]",[],"[""global multi-segment hospitality platform""]",scaled_or_enterprise_signal,"[""scale platform""]",,Not assigned from company scale/funding; requires product-and-geography evidence.,B,"[""B""]",false,"[""Completes the Europe/MENA/global hospitality comparison across hotels, residences, rentals, workspaces and experiences""]","[""B""]","[""S2""]",4,"[""https://assets.group.accor.com/yrj0orc8tx24/dwdklcBVai21ztMLgb3A5/e53a5c4937c07351b855819fd097b8a6/ACCOR_DEU2025_MEL_US_270326.pdf"",""https://group.accor.com/en"",""https://group.accor.com/en/documents-publications"",""https://group.accor.com/en/finance/esg-reporting-ratings""]","[""operator_coverage_additions.csv""]",1,qualified_profile_requires_claim_review,"[""claim_level_evidence_review_required""]"
org-agave-d371575,Agave,[],organization,default operating/legal identity,,discovery_profile_only,"[""https://ycombinator.com/companies/agave""]",active,active,false,,2026-08-30,Legacy status_as_of is preserved in assertions; it is not promoted because it usually represents the research date rather than a supported event date.,2026-08-30,United States,"[""United States""]",false,"[""United States""]",2022,"[""2022""]",,"[""API SaaS""]","[""Y Combinator W2022""]","[""L3"",""L5""]","[""explicit_code"",""keyword_inference""]","[""L5 Construction"",""L3 Capital/finance""]",[],"[""financial operations APIs and AI for construction""]",scaled_or_enterprise_signal,"[""scaleup""]",,Not assigned from company scale/funding; requires product-and-geography evidence.,B,"[""B""]",false,"[""Medium""]","[""A""]","[""S4""]",1,"[""https://ycombinator.com/companies/agave""]","[""coverage_gap_additions.csv""]",1,profile_requires_editorial_review,"[""canonical_url_unresolved"",""claim_level_evidence_review_required""]"
org-ai-realestate-d2e60f1,Ai.realestate,[],organization,default operating/legal identity,,discovery_profile_only,"[""https://nar-reach.com/second-century-ventures-announces-6-technology-companies-for-2026-reach-scale-up-program""]",unknown,cohort-selected,false,,2026-08-30,Legacy status_as_of is preserved in assertions; it is not promoted because it usually represents the research date rather than a supported event date.,2026-08-30,United States,"[""United States""]",false,"[""United States""]",,"[""Unknown""]",Not verified in the current source layer.,"[""SaaS/AI""]","[""NAR REACH US Residential 2026""]","[""L6"",""L12""]","[""keyword_inference""]","[""Sales"",""Data""]",[],"[""Real-estate data intelligence""]",early_or_growth_signal,"[""Early""]",,Not assigned from company scale/funding; requires product-and-geography evidence.,B,"[""B""]",false,"[""Medium""]","[""A""]","[""S4""]",1,"[""https://nar-reach.com/second-century-ventures-announces-6-technology-companies-for-2026-reach-scale-up-program""]","[""proptech_startups_agent.csv""]",1,profile_requires_editorial_review,"[""canonical_url_unresolved"",""claim_level_evidence_review_required""]"
org-asano-7c359e8,Asano,[],organization,default operating/legal identity,,discovery_profile_only,"[""https://nar-reach.com/news""]",unknown,cohort-selected,false,,2026-08-30,Legacy status_as_of is preserved in assertions; it is not promoted because it usually represents the research date rather than a supported event date.,2026-08-30,United Arab Emirates,"[""United Arab Emirates""]",false,"[""UAE/Middle East""]",,"[""Unknown""]",Not verified in the current source layer.,"[""SaaS/data""]","[""NAR REACH Middle East 2026""]","[""L1"",""L3""]","[""keyword_inference""]","[""Land"",""Finance""]",[],"[""Development intelligence""]",early_or_growth_signal,"[""Early""]",,Not assigned from company scale/funding; requires product-and-geography evidence.,B,"[""B""]",false,"[""Medium""]","[""A""]","[""S4""]",1,"[""https://nar-reach.com/news""]","[""proptech_startups_agent.csv""]",1,profile_requires_editorial_review,"[""canonical_url_unresolved"",""claim_level_evidence_review_required""]"
org-assembly-hoa-ccdf571,Assembly HOA,[],organization,default operating/legal identity,,discovery_profile_only,"[""https://ycombinator.com/companies/assembly-hoa""]",active,active,false,,2026-08-30,Legacy status_as_of is preserved in assertions; it is not promoted because it usually represents the research date rather than a supported event date.,2026-08-30,United States,"[""United States""]",false,"[""United States""]",2024,"[""2024""]",,"[""managed service plus software""]","[""Y Combinator S2024""]","[""L7"",""L8""]","[""explicit_code"",""keyword_inference""]","[""L8 Property operations"",""L7 Occupancy""]",[],"[""AI-native HOA management and community operations""]",early_or_growth_signal,"[""early-growth""]",,Not assigned from company scale/funding; requires product-and-geography evidence.,B,"[""B""]",false,"[""Medium""]","[""A""]","[""S4""]",1,"[""https://ycombinator.com/companies/assembly-hoa""]","[""coverage_gap_additions.csv""]",1,profile_requires_editorial_review,"[""canonical_url_unresolved"",""claim_level_evidence_review_required""]"
org-association-online-7880320,Association Online,[],organization,default operating/legal identity,,discovery_profile_only,"[""https://nar-reach.com/second-century-ventures-announces-6-technology-companies-for-2026-reach-scale-up-program""]",unknown,cohort-selected,false,,2026-08-30,Legacy status_as_of is preserved in assertions; it is not promoted because it usually represents the research date rather than a supported event date.,2026-08-30,United States,"[""United States""]",false,"[""United States""]",,"[""Unknown""]",Not verified in the current source layer.,"[""SaaS""]","[""NAR REACH US Residential 2026""]","[""L3""]","[""keyword_inference""]","[""Transaction"",""Legal""]",[],"[""HOA data/transparency""]",early_or_growth_signal,"[""Early""]",,Not assigned from company scale/funding; requires product-and-geography evidence.,B,"[""B""]",false,"[""Low""]","[""A""]","[""S4""]",1,"[""https://nar-reach.com/second-century-ventures-announces-6-technology-companies-for-2026-reach-scale-up-program""]","[""proptech_startups_agent.csv""]",1,profile_requires_editorial_review,"[""canonical_url_unresolved"",""claim_level_evidence_review_required""]"
org-automax-ai-d3cbf41,Automax.ai,[],organization,default operating/legal identity,,discovery_profile_only,"[""https://ycombinator.com/companies/automax-ai""]",active,active,false,,2026-08-30,Legacy status_as_of is preserved in assertions; it is not promoted because it usually represents the research date rather than a supported event date.,2026-08-30,United States,"[""United States""]",false,"[""United States""]",,"[""Unknown""]",Not verified in the current source layer.,"[""AI SaaS""]","[""YC F2025""]","[""L1"",""L3""]","[""keyword_inference""]","[""Land"",""Finance""]",[],"[""AI appraisal""]",early_or_growth_signal,"[""Very early""]",,Not assigned from company scale/funding; requires product-and-geography evidence.,B,"[""B""]",false,"[""Medium""]","[""A""]","[""S4""]",1,"[""https://ycombinator.com/companies/automax-ai""]","[""proptech_startups_agent.csv""]",1,profile_requires_editorial_review,"[""canonical_url_unresolved"",""claim_level_evidence_review_required""]"
org-avalonbay-communities-7170354,AvalonBay Communities,[],organization,default operating/legal identity,https://investors.avalonbay.com/,resolved,[],active,active,false,,2026-08-30,Legacy status_as_of is preserved in assertions; it is not promoted because it usually represents the research date rather than a supported event date.,2026-08-30,United States,"[""United States""]",false,"[""United States""]",,[],Not verified in the current source layer.,[],[],"[""L6"",""L7"",""L8"",""L10""]","[""documented_legacy_shorthand""]","[""S/H/O/E""]",[],[],not_assessed,[],,Not assigned from company scale/funding; requires product-and-geography evidence.,B,"[""B""]",false,"[""Institutional multifamily operations benchmark""]","[""C""]","[""S2""]",1,"[""https://investors.avalonbay.com/""]","[""global_real_estate_pioneers_agent.csv""]",1,profile_requires_editorial_review,"[""category_not_assessed"",""maturity_not_assessed"",""status_evidence_date_missing"",""claim_level_evidence_review_required""]"
org-averyiq-55a4cc0,AveryIQ,[],organization,default operating/legal identity,,discovery_profile_only,"[""https://ycombinator.com/companies/averyiq""]",active,active,false,,2026-08-30,Legacy status_as_of is preserved in assertions; it is not promoted because it usually represents the research date rather than a supported event date.,2026-08-30,United States,"[""United States""]",false,"[""United States""]",,"[""Unknown""]",Not verified in the current source layer.,"[""AI SaaS""]","[""YC W2024""]","[""L6"",""L8""]","[""keyword_inference""]","[""Operations"",""Sales""]",[],"[""AI property manager""]",early_or_growth_signal,"[""Early""]",,Not assigned from company scale/funding; requires product-and-geography evidence.,B,"[""B""]",false,"[""Medium""]","[""A""]","[""S4""]",1,"[""https://ycombinator.com/companies/averyiq""]","[""proptech_startups_agent.csv""]",1,profile_requires_editorial_review,"[""canonical_url_unresolved"",""claim_level_evidence_review_required""]"
org-biomason-5aaaaad,Biomason,[],organization,default operating/legal identity,https://biomason.com/,resolved,[],active,active,false,,2026-08-30,Legacy status_as_of is preserved in assertions; it is not promoted because it usually represents the research date rather than a supported event date.,2026-08-30,United States,"[""United States""]",false,"[""United States and Europe""]",2012,"[""2012""]",,"[""technology partnerships manufacturing and licensing""]","[""2150""]","[""L5"",""L10""]","[""explicit_code"",""keyword_inference""]","[""L10 ESG climate and resilience"",""L5 Construction delivery""]",[],"[""biotechnology-derived cement and concrete binder""]",not_assessed,"[""commercial demonstration""]",,Not assigned from company scale/funding; requires product-and-geography evidence.,B,"[""B""]",false,"[""Adds a biology-based cement pathway and a concrete-producer partnership model to the low-carbon materials comparison""]","[""A""]","[""S2""]",3,"[""https://2150.vc/investments/biomason"",""https://biomason.com/"",""https://biomason.com/biocement""]","[""final_residual_additions.csv""]",1,qualified_profile_requires_claim_review,"[""claim_level_evidence_review_required""]"
org-bricks-fund-tokyo-f018f4a,BRICKS FUND TOKYO,[],program_ecosystem,reviewed name or entity-type rule,https://bricks-fundtokyo.com/,resolved,[],active,active,false,,2026-08-30,Legacy status_as_of is preserved in assertions; it is not promoted because it usually represents the research date rather than a supported event date.,2026-08-30,Japan,"[""Japan""]",false,"[""Japan global""]",,[],Not verified in the current source layer.,[],[],"[""L1"",""L6"",""L7"",""L8""]","[""documented_legacy_shorthand""]","[""L/S/H/O""]",[],[],not_assessed,[],,Not assigned from company scale/funding; requires product-and-geography evidence.,B,"[""B""]",false,"[""Urban-platform partnership model""]","[""B""]","[""S2""]",2,"[""https://bricks-fundtokyo.com/"",""https://mec.co.jp/ir/library/2023/1Q/irpresentation2023_2.pdf""]","[""global_real_estate_pioneers_agent.csv""]",1,discovery_program,"[""category_not_assessed"",""maturity_not_assessed"",""status_evidence_date_missing"",""claim_level_evidence_review_required""]"
org-brokerbot-ae596f6,BrokerBot,[],organization,default operating/legal identity,,discovery_profile_only,"[""https://nar-reach.com/second-century-ventures-announces-6-technology-companies-for-2026-reach-scale-up-program""]",unknown,cohort-selected,false,,2026-08-30,Legacy status_as_of is preserved in assertions; it is not promoted because it usually represents the research date rather than a supported event date.,2026-08-30,United States,"[""United States""]",false,"[""United States""]",,"[""Unknown""]",Not verified in the current source layer.,"[""AI SaaS""]","[""NAR REACH US Residential 2026""]","[""L6"",""L8""]","[""keyword_inference""]","[""Sales"",""Operations""]",[],"[""AI brokerage teammates""]",early_or_growth_signal,"[""Early""]",,Not assigned from company scale/funding; requires product-and-geography evidence.,B,"[""B""]",false,"[""Medium""]","[""A""]","[""S4""]",1,"[""https://nar-reach.com/second-century-ventures-announces-6-technology-companies-for-2026-reach-scale-up-program""]","[""proptech_startups_agent.csv""]",1,profile_requires_editorial_review,"[""canonical_url_unresolved"",""claim_level_evidence_review_required""]"
org-brookfield-5b2c313,Brookfield,[],organization,default operating/legal identity,https://www.brookfield.com/,resolved,[],active,active,false,,2026-08-30,Legacy status_as_of is preserved in assertions; it is not promoted because it usually represents the research date rather than a supported event date.,2026-08-30,Canada,"[""Canada""]",false,"[""Global""]",,[],Not verified in the current source layer.,[],[],"[""L3"",""L8"",""L10""]","[""documented_legacy_shorthand""]","[""F/O/E""]",[],[],not_assessed,[],,Not assigned from company scale/funding; requires product-and-geography evidence.,B,"[""B""]",false,"[""Capital allocation and energy/data-centre case""]","[""A""]","[""S2""]",2,"[""https://brookfield.com/"",""https://brookfield.com/2025-brookfield-corporation-annual-report""]","[""global_real_estate_pioneers_agent.csv""]",1,profile_requires_editorial_review,"[""category_not_assessed"",""maturity_not_assessed"",""status_evidence_date_missing"",""claim_level_evidence_review_required""]"
org-buildmart-a61bcf7,BuildMart,[],organization,default operating/legal identity,https://buildmart.com.bd/,resolved,[],active,active,false,,2026-08-30,Legacy status_as_of is preserved in assertions; it is not promoted because it usually represents the research date rather than a supported event date.,2026-08-30,Bangladesh,"[""Bangladesh""]",false,"[""Bangladesh""]",,"[""Unknown""]",Not verified in the current source layer.,"[""marketplace-supplier-leads""]","[""Buildcon-Bangladesh""]","[""L5""]","[""keyword_inference""]","[""materials-sourcing-RFQ"",""professional-services-cost-calculators""]",[],"[""construction-marketplace""]",early_or_growth_signal,"[""early-stage""]",,Not assigned from company scale/funding; requires product-and-geography evidence.,B,"[""B""]",false,"[""test-RFQ-and-verified-materials""]","[""B/D""]","[""S2""]",2,"[""https://buildmart.com.bd/"",""https://buildmart.com.bd/pages/about-us""]","[""regional_companies_agent.csv""]",1,qualified_profile_requires_claim_review,"[""claim_level_evidence_review_required""]"
org-built-robotics-e09ff21,Built Robotics,[],organization,default operating/legal identity,https://www.builtrobotics.com/,resolved,[],active,active,false,,2026-08-30,Legacy status_as_of is preserved in assertions; it is not promoted because it usually represents the research date rather than a supported event date.,2026-08-30,United States,"[""United States""]",false,"[""North America""]",2016,"[""2016""]",,"[""robotics hardware plus software""]","[""Independent""]","[""L1"",""L5""]","[""explicit_code"",""keyword_inference""]","[""L5 Construction"",""L1 Land/site""]",[],"[""autonomous construction equipment and excavation systems""]",scaled_or_enterprise_signal,"[""scaleup""]",,Not assigned from company scale/funding; requires product-and-geography evidence.,B,"[""B""]",false,"[""Medium""]","[""B""]","[""S2""]",1,"[""https://builtrobotics.com/""]","[""coverage_gap_additions.csv""]",1,qualified_profile_requires_claim_review,"[""claim_level_evidence_review_required""]"
org-cbre-42561ee,CBRE,[],organization,default operating/legal identity,https://www.cbre.com/,resolved,[],active,active,false,,2026-08-30,Legacy status_as_of is preserved in assertions; it is not promoted because it usually represents the research date rather than a supported event date.,2026-08-30,United States,"[""United States""]",false,"[""Global""]",,[],Not verified in the current source layer.,[],[],"[""L3"",""L6"",""L8"",""L10""]","[""documented_legacy_shorthand""]","[""F/S/O/E""]",[],[],not_assessed,[],,Not assigned from company scale/funding; requires product-and-geography evidence.,B,"[""B""]",false,"[""Disciplined ROI-gate and service-led implementation benchmark""]","[""A""]","[""S2""]",2,"[""https://cbre.com/"",""https://ir.cbre.com/financial-reports/sec-filings/content/0001193125-26-141311/2025_ars_filing_4-3-26.pdf""]","[""global_real_estate_pioneers_agent.csv""]",1,profile_requires_editorial_review,"[""category_not_assessed"",""maturity_not_assessed"",""status_evidence_date_missing"",""claim_level_evidence_review_required""]"
org-chestnut-7e1617e,Chestnut,[],organization,default operating/legal identity,,discovery_profile_only,"[""https://ycombinator.com/companies/chestnut""]",active,active,false,,2026-08-30,Legacy status_as_of is preserved in assertions; it is not promoted because it usually represents the research date rather than a supported event date.,2026-08-30,United States,"[""United States""]",false,"[""United States""]",,"[""Unknown""]",Not verified in the current source layer.,"[""Fintech/AI""]","[""YC P2025""]","[""L3""]","[""keyword_inference""]","[""Finance"",""Transaction""]",[],"[""AI mortgage lender""]",early_or_growth_signal,"[""Very early""]",,Not assigned from company scale/funding; requires product-and-geography evidence.,B,"[""B""]",false,"[""Medium""]","[""A""]","[""S4""]",1,"[""https://ycombinator.com/companies/chestnut""]","[""proptech_startups_agent.csv""]",1,profile_requires_editorial_review,"[""canonical_url_unresolved"",""claim_level_evidence_review_required""]"
org-clau-d85bf61,Clau,[],organization,default operating/legal identity,,discovery_profile_only,"[""https://ycombinator.com/companies/clau""]",active,active,false,,2026-08-30,Legacy status_as_of is preserved in assertions; it is not promoted because it usually represents the research date rather than a supported event date.,2026-08-30,Mexico,"[""Mexico""]",false,"[""Mexico""]",2020,"[""2020""]",,"[""marketplace SaaS and financial intermediation""]","[""Y Combinator S2020""]","[""L3"",""L6"",""L9""]","[""explicit_code"",""keyword_inference""]","[""L6 Marketing/sales"",""L3 Capital/finance/L9 Portfolio""]",[],"[""real-estate super-app marketplace CRM mortgage and data""]",scaled_or_enterprise_signal,"[""scaleup""]",,Not assigned from company scale/funding; requires product-and-geography evidence.,B,"[""B""]",false,"[""Medium""]","[""A""]","[""S4""]",1,"[""https://ycombinator.com/companies/clau""]","[""coverage_gap_additions.csv""]",1,profile_requires_editorial_review,"[""canonical_url_unresolved"",""claim_level_evidence_review_required""]"
org-daiwa-house-867bffd,Daiwa House,[],organization,default operating/legal identity,https://www.daiwahouse.com/English/,resolved,[],active,active,false,,2026-08-30,Legacy status_as_of is preserved in assertions; it is not promoted because it usually represents the research date rather than a supported event date.,2026-08-30,Japan,"[""Japan""]",false,"[""Japan global""]",,[],Not verified in the current source layer.,[],[],"[""L4"",""L5"",""L7"",""L8"",""L10""]","[""documented_legacy_shorthand""]","[""D/C/H/O/E""]",[],[],not_assessed,[],,Not assigned from company scale/funding; requires product-and-geography evidence.,B,"[""B""]",false,"[""Industrialised construction comparator""]","[""C""]","[""S2""]",1,"[""https://daiwahouse.com/English""]","[""global_real_estate_pioneers_agent.csv""]",1,profile_requires_editorial_review,"[""category_not_assessed"",""maturity_not_assessed"",""status_evidence_date_missing"",""claim_level_evidence_review_required""]"
org-dlf-dccdl-26bceb7,DLF / DCCDL,[],organization,default operating/legal identity,https://www.dlf.in/,resolved,[],active,active,false,,2026-08-30,Legacy status_as_of is preserved in assertions; it is not promoted because it usually represents the research date rather than a supported event date.,2026-08-30,India,"[""India""]",false,"[""India""]",,[],Not verified in the current source layer.,[],[],"[""L7"",""L8"",""L10""]","[""documented_legacy_shorthand""]","[""O/H/E""]",[],[],not_assessed,[],,Not assigned from company scale/funding; requires product-and-geography evidence.,B,"[""B""]",false,"[""Commercial workplace and smart-infrastructure benchmark""]","[""A""]","[""S2""]",2,"[""https://dlf.in/"",""https://dlf.in/dccdl/annual-docket/DCCDL_Annual_Report_FY_2024_25.pdf""]","[""global_real_estate_pioneers_agent.csv""]",1,profile_requires_editorial_review,"[""category_not_assessed"",""maturity_not_assessed"",""status_evidence_date_missing"",""claim_level_evidence_review_required""]"
org-e-hishabi-b51c1b7,E-Hishabi,[],organization,default operating/legal identity,https://ehishabi.com/,resolved,[],stealth_unclear,unclear,true,,2026-08-30,Legacy status_as_of is preserved in assertions; it is not promoted because it usually represents the research date rather than a supported event date.,2026-08-30,Bangladesh,"[""Bangladesh""]",false,"[""Bangladesh""]",,"[""Unknown""]",Not verified in the current source layer.,"[""subscription-implementation"",""SaaS""]","[""local-ERP-vendor"",""Independent""]","[""L1"",""L3"",""L5"",""L6"",""L8""]","[""keyword_inference""]","[""land-sales-collections"",""Operations"",""procurement-construction-HR-accounts"",""Finance""]",[],"[""real-estate-ERP"",""Developer ERP/booking""]",early_or_growth_signal,"[""early-stage"",""Early""]",,Not assigned from company scale/funding; requires product-and-geography evidence.,B,"[""B""]",false,"[""compare-local-ERP"",""Medium""]","[""D"",""B/D""]","[""S2""]",1,"[""https://ehishabi.com/""]","[""proptech_startups_agent.csv"",""regional_companies_agent.csv""]",2,profile_requires_editorial_review,"[""status_conflict"",""claim_level_evidence_review_required""]"
org-elyos-ai-90065ff,Elyos AI,[],organization,default operating/legal identity,https://elyos.ai/,resolved,[],active,active,false,,2026-08-30,Legacy status_as_of is preserved in assertions; it is not promoted because it usually represents the research date rather than a supported event date.,2026-08-30,United Kingdom,"[""United Kingdom""]",false,"[""UK and Europe""]",2023,"[""2023""]",,"[""AI SaaS and workflow automation""]","[""Pi Labs""]","[""L5"",""L8""]","[""explicit_code"",""keyword_inference""]","[""L5 Construction"",""L8 Property operations""]",[],"[""autonomous AI agents for trades and field services""]",early_or_growth_signal,"[""early-growth""]",,Not assigned from company scale/funding; requires product-and-geography evidence.,B,"[""B""]",false,"[""Medium""]","[""A""]","[""S2"",""S4""]",2,"[""https://elyos.ai/"",""https://pilabs.vc/portfolio?sort=date_desc""]","[""coverage_gap_additions.csv""]",1,qualified_profile_requires_claim_review,"[""claim_level_evidence_review_required""]"
org-equity-residential-15dcba6,Equity Residential,[],organization,default operating/legal identity,https://www.equityapartments.com/,resolved,[],active,active,false,,2026-08-30,Legacy status_as_of is preserved in assertions; it is not promoted because it usually represents the research date rather than a supported event date.,2026-08-30,United States,"[""United States""]",false,"[""United States""]",,[],Not verified in the current source layer.,[],[],"[""L6"",""L7"",""L8"",""L10""]","[""documented_legacy_shorthand""]","[""S/H/O/E""]",[],[],not_assessed,[],,Not assigned from company scale/funding; requires product-and-geography evidence.,B,"[""B""]",false,"[""Resident-experience comparator""]","[""C""]","[""S2""]",1,"[""https://equityapartments.com/""]","[""global_real_estate_pioneers_agent.csv""]",1,profile_requires_editorial_review,"[""category_not_assessed"",""maturity_not_assessed"",""status_evidence_date_missing"",""claim_level_evidence_review_required""]"
org-estate-intel-539a151,Estate Intel,[],organization,default operating/legal identity,https://estateintel.com/,resolved,[],active,active,false,,2026-08-30,Legacy status_as_of is preserved in assertions; it is not promoted because it usually represents the research date rather than a supported event date.,2026-08-30,Nigeria,"[""Nigeria""]",false,"[""Africa""]",2014,"[""2014""]",,"[""data subscriptions reports and custom research""]","[""MetaProp/Independent""]","[""L1"",""L3"",""L9""]","[""explicit_code"",""keyword_inference""]","[""L1 Land/site"",""L3 Capital/finance/L9 Portfolio""]",[],"[""real-estate market intelligence and project data""]",early_or_growth_signal,"[""growth""]",,Not assigned from company scale/funding; requires product-and-geography evidence.,B,"[""B""]",false,"[""Medium""]","[""A""]","[""S2""]",2,"[""https://estateintel.com/"",""https://estateintel.com/insights/this-is-ei-pro-more-affordable-access-to-real-estate-data""]","[""coverage_gap_additions.csv""]",1,qualified_profile_requires_claim_review,"[""claim_level_evidence_review_required""]"
org-fbr-hadrian-x-b896b3f,FBR / Hadrian X,[],organization,default operating/legal identity,https://www.fbr.com.au/,resolved,[],active,active,false,,2026-08-30,Legacy status_as_of is preserved in assertions; it is not promoted because it usually represents the research date rather than a supported event date.,2026-08-30,Australia,"[""Australia""]",false,"[""Australia and United States""]",1994,"[""1994""]",,"[""robotics hardware licensing and construction services""]","[""Public""]","[""L5"",""L10""]","[""explicit_code"",""keyword_inference""]","[""L5 Construction"",""L10 ESG""]",[],"[""autonomous bricklaying and construction robotics""]",scaled_or_enterprise_signal,"[""scaleup""]",,Not assigned from company scale/funding; requires product-and-geography evidence.,B,"[""B""]",false,"[""Medium""]","[""A""]","[""S2""]",2,"[""https://fbr.com.au/"",""https://fbr.com.au/view/hadrian""]","[""coverage_gap_additions.csv""]",1,qualified_profile_requires_claim_review,"[""claim_level_evidence_review_required""]"
org-first-street-foundation-first-street-ff7010b,First Street Foundation / First Street,[],organization,default operating/legal identity,https://firststreet.org/,resolved,[],active,active,false,,2026-08-30,Legacy status_as_of is preserved in assertions; it is not promoted because it usually represents the research date rather than a supported event date.,2026-08-30,United States,"[""United States""]",false,"[""United States""]",,"[""unknown""]",Not verified in the current source layer.,"[""data subscriptions API and research partnerships""]","[""Independent""]","[""L1"",""L2"",""L3"",""L10""]","[""explicit_code"",""keyword_inference""]","[""L10 ESG"",""L1 Land/site/L2 Feasibility/L3 Capital/finance""]",[],"[""public-data building-level physical climate risk platform and API""]",early_or_growth_signal,"[""growth""]",,Not assigned from company scale/funding; requires product-and-geography evidence.,B,"[""B""]",false,"[""Medium-high""]","[""B""]","[""S3""]",4,"[""https://docs.firststreet.org/api"",""https://docs.firststreet.org/api/climate-risk-api/getting-started"",""https://firststreet.org/"",""https://help.firststreet.org/hc/en-us/articles/9680350042903-First-Street-FAQ""]","[""enterprise_platform_additions.csv""]",1,qualified_profile_requires_claim_review,"[""claim_level_evidence_review_required""]"
org-flexdesk-024af53,FlexDesk,[],organization,default operating/legal identity,,discovery_profile_only,"[""https://ycombinator.com/companies/flexdesk""]",active,active,false,,2026-08-30,Legacy status_as_of is preserved in assertions; it is not promoted because it usually represents the research date rather than a supported event date.,2026-08-30,United States,"[""United States""]",false,"[""United States""]",2023,"[""2023""]",,"[""enterprise SaaS""]","[""Y Combinator W2023""]","[""L7"",""L9""]","[""explicit_code"",""keyword_inference""]","[""L9 Portfolio"",""L7 Occupancy""]",[],"[""AI corporate real-estate portfolio workflow""]",early_or_growth_signal,"[""early-growth""]",,Not assigned from company scale/funding; requires product-and-geography evidence.,B,"[""B""]",false,"[""Medium""]","[""A""]","[""S4""]",1,"[""https://ycombinator.com/companies/flexdesk""]","[""coverage_gap_additions.csv""]",1,profile_requires_editorial_review,"[""canonical_url_unresolved"",""claim_level_evidence_review_required""]"
org-frasers-property-a09bfaa,Frasers Property,[],organization,default operating/legal identity,https://www.frasersproperty.com/,resolved,[],active,active,false,,2026-08-30,Legacy status_as_of is preserved in assertions; it is not promoted because it usually represents the research date rather than a supported event date.,2026-08-30,Singapore,"[""Singapore""]",false,"[""Asia Australia Europe""]",,[],Not verified in the current source layer.,[],[],"[""L1"",""L6"",""L7"",""L8"",""L10""]","[""documented_legacy_shorthand""]","[""L/S/H/O/E""]",[],[],not_assessed,[],,Not assigned from company scale/funding; requires product-and-geography evidence.,B,"[""B""]",false,"[""APAC mixed-use and logistics comparator""]","[""C""]","[""S2""]",1,"[""https://frasersproperty.com/""]","[""global_real_estate_pioneers_agent.csv""]",1,profile_requires_editorial_review,"[""category_not_assessed"",""maturity_not_assessed"",""status_evidence_date_missing"",""claim_level_evidence_review_required""]"
org-gic-09508e5,GIC,[],organization,default operating/legal identity,https://www.gic.com.sg/,resolved,[],active,active,false,,2026-08-30,Legacy status_as_of is preserved in assertions; it is not promoted because it usually represents the research date rather than a supported event date.,2026-08-30,Singapore,"[""Singapore""]",false,"[""Global""]",,[],Not verified in the current source layer.,[],[],"[""L3"",""L10""]","[""documented_legacy_shorthand""]","[""F/E""]",[],[],not_assessed,[],,Not assigned from company scale/funding; requires product-and-geography evidence.,B,"[""B""]",false,"[""Long-horizon capital comparator""]","[""C""]","[""S2""]",1,"[""https://gic.com.sg/""]","[""global_real_estate_pioneers_agent.csv""]",1,profile_requires_editorial_review,"[""category_not_assessed"",""maturity_not_assessed"",""status_evidence_date_missing"",""claim_level_evidence_review_required""]"
org-gojom-1727459,GoJom,[],organization,default operating/legal identity,,discovery_profile_only,"[""https://ycombinator.com/companies/gojom""]",active,active,false,,2026-08-30,Legacy status_as_of is preserved in assertions; it is not promoted because it usually represents the research date rather than a supported event date.,2026-08-30,Peru,"[""Peru""]",false,"[""Latin America""]",2022,"[""2022""]",,"[""marketplace and transaction fees""]","[""Y Combinator W2022""]","[""L3"",""L6"",""L7""]","[""explicit_code"",""keyword_inference""]","[""L6 Marketing/sales"",""L3 Capital/finance/L7 Occupancy""]",[],"[""one-stop real-estate marketplace and transaction services""]",early_or_growth_signal,"[""early-growth""]",,Not assigned from company scale/funding; requires product-and-geography evidence.,B,"[""B""]",false,"[""Medium""]","[""A""]","[""S4""]",1,"[""https://ycombinator.com/companies/gojom""]","[""coverage_gap_additions.csv""]",1,profile_requires_editorial_review,"[""canonical_url_unresolved"",""claim_level_evidence_review_required""]"
org-goldbridge-afb37b0,Goldbridge,[],organization,default operating/legal identity,,discovery_profile_only,"[""https://ycombinator.com/companies/goldbridge""]",active,active,false,,2026-08-30,Legacy status_as_of is preserved in assertions; it is not promoted because it usually represents the research date rather than a supported event date.,2026-08-30,United States,"[""United States""]",false,"[""United States""]",,"[""Unknown""]",Not verified in the current source layer.,"[""Fintech/AI""]","[""YC F2025""]","[""L3"",""L8""]","[""keyword_inference""]","[""Finance"",""Operations""]",[],"[""Owner banking AI""]",early_or_growth_signal,"[""Very early""]",,Not assigned from company scale/funding; requires product-and-geography evidence.,B,"[""B""]",false,"[""Medium""]","[""A""]","[""S4""]",1,"[""https://ycombinator.com/companies/goldbridge""]","[""proptech_startups_agent.csv""]",1,profile_requires_editorial_review,"[""canonical_url_unresolved"",""claim_level_evidence_review_required""]"
org-goodman-56241ae,Goodman,[],organization,default operating/legal identity,https://www.goodman.com/,resolved,[],active,active,false,,2026-08-30,Legacy status_as_of is preserved in assertions; it is not promoted because it usually represents the research date rather than a supported event date.,2026-08-30,Australia,"[""Australia""]",false,"[""Global""]",,[],Not verified in the current source layer.,[],[],"[""L1"",""L8"",""L10""]","[""documented_legacy_shorthand""]","[""L/O/E""]",[],[],not_assessed,[],,Not assigned from company scale/funding; requires product-and-geography evidence.,B,"[""B""]",false,"[""Industrial/data-centre comparator""]","[""C""]","[""S2""]",1,"[""https://goodman.com/""]","[""global_real_estate_pioneers_agent.csv""]",1,profile_requires_editorial_review,"[""category_not_assessed"",""maturity_not_assessed"",""status_evidence_date_missing"",""claim_level_evidence_review_required""]"
org-greystar-19b2aa9,Greystar,[],organization,default operating/legal identity,https://www.greystar.com/,resolved,[],active,active,false,,2026-08-30,Legacy status_as_of is preserved in assertions; it is not promoted because it usually represents the research date rather than a supported event date.,2026-08-30,United States,"[""United States""]",false,"[""Global""]",,[],Not verified in the current source layer.,[],[],"[""L3"",""L6"",""L7"",""L8""]","[""documented_legacy_shorthand""]","[""S/H/O/F""]",[],[],not_assessed,[],,Not assigned from company scale/funding; requires product-and-geography evidence.,B,"[""B""]",false,"[""Rental operations comparator""]","[""C""]","[""S2""]",1,"[""https://greystar.com/""]","[""global_real_estate_pioneers_agent.csv""]",1,profile_requires_editorial_review,"[""category_not_assessed"",""maturity_not_assessed"",""status_evidence_date_missing"",""claim_level_evidence_review_required""]"
org-growthpoint-properties-2bd3863,Growthpoint Properties,[],organization,default operating/legal identity,https://growthpoint.co.za/,resolved,[],active,active,false,,2026-08-30,Legacy status_as_of is preserved in assertions; it is not promoted because it usually represents the research date rather than a supported event date.,2026-08-30,South Africa,"[""South Africa""]",false,"[""Africa South Africa Australia Europe""]",1987,"[""1987""]",,"[""retail, office, logistics, healthcare, student, mixed-use, smart meters and predictive maintenance""]","[""Independent""]","[""L1"",""L6"",""L7"",""L8"",""L10""]","[""documented_legacy_shorthand""]","[""L/S/H/O/E"",""F""]",[],"[""African diversified REIT and asset manager""]",scaled_or_enterprise_signal,"[""scale operator""]",,Not assigned from company scale/funding; requires product-and-geography evidence.,B,"[""B""]",false,"[""Corrects the Africa portal bias with a real owner/operator and concrete smart-building utility/maintenance examples""]","[""B""]","[""S2""]",4,"[""https://growthpoint.co.za/"",""https://growthpoint.co.za/pressoffice/growth-trajectory"",""https://growthpoint.co.za/wp-content/uploads/2025/10/2025-Environmental-Social-and-Governance-Report.pdf"",""https://sharedata.co.za/v2/Scripts/Glossies.aspx?c=GRT""]","[""operator_coverage_additions.csv""]",1,qualified_profile_requires_claim_review,"[""claim_level_evidence_review_required""]"
org-haven-property-operations-42e9d8a,Haven,[],organization,default operating/legal identity,,discovery_profile_only,"[""https://ycombinator.com/companies/haven-2""]",active,active,false,,2026-08-30,Legacy status_as_of is preserved in assertions; it is not promoted because it usually represents the research date rather than a supported event date.,2026-08-30,United States,"[""United States""]",false,"[""United States""]",,"[""Unknown""]",Not verified in the current source layer.,"[""AI SaaS""]","[""YC W2023""]","[""L8""]","[""keyword_inference""]","[""Operations"",""Customer""]",[],"[""AI property management""]",early_or_growth_signal,"[""Early""]",,Not assigned from company scale/funding; requires product-and-geography evidence.,B,"[""B""]",false,"[""Medium""]","[""A""]","[""S4""]",1,"[""https://ycombinator.com/companies/haven-2""]","[""proptech_startups_agent.csv""]",1,profile_requires_editorial_review,"[""canonical_url_unresolved"",""claim_level_evidence_review_required""]"
org-henry-3eca10f,Henry,[],organization,default operating/legal identity,,discovery_profile_only,"[""https://ycombinator.com/companies/henry-2""]",active,active,false,,2026-08-30,Legacy status_as_of is preserved in assertions; it is not promoted because it usually represents the research date rather than a supported event date.,2026-08-30,United States,"[""United States""]",false,"[""United States""]",,"[""Unknown""]",Not verified in the current source layer.,"[""AI SaaS""]","[""YC S2024""]","[""L6"",""L12""]","[""keyword_inference""]","[""Sales"",""Data""]",[],"[""CRE broker AI""]",early_or_growth_signal,"[""Early""]",,Not assigned from company scale/funding; requires product-and-geography evidence.,B,"[""B""]",false,"[""Medium""]","[""A""]","[""S4""]",1,"[""https://ycombinator.com/companies/henry-2""]","[""proptech_startups_agent.csv""]",1,profile_requires_editorial_review,"[""canonical_url_unresolved"",""claim_level_evidence_review_required""]"
org-hines-5178409,Hines,[],organization,default operating/legal identity,https://www.hines.com/,resolved,[],active,active,false,,2026-08-30,Legacy status_as_of is preserved in assertions; it is not promoted because it usually represents the research date rather than a supported event date.,2026-08-30,United States,"[""United States""]",false,"[""Global 30 countries/territories""]",,[],Not verified in the current source layer.,[],[],"[""L1"",""L4"",""L5"",""L8"",""L10""]","[""documented_legacy_shorthand""]","[""L/D/C/O/E""]",[],[],not_assessed,[],,Not assigned from company scale/funding; requires product-and-geography evidence.,B,"[""B""]",false,"[""Pilot governance and venture-building benchmark""]","[""A""]","[""S2""]",4,"[""https://hines-assets.s3.amazonaws.com/documents/Hines-2018-Sustainability-Report.-FINAL_190925_181950.pdf"",""https://hines.com/"",""https://hines.com/2024-sustainability-report-full-report"",""https://hines.com/globalventures""]","[""global_real_estate_pioneers_agent.csv""]",1,profile_requires_editorial_review,"[""category_not_assessed"",""maturity_not_assessed"",""status_evidence_date_missing"",""claim_level_evidence_review_required""]"
org-holox-0928a35,HoloX,[],organization,default operating/legal identity,,discovery_profile_only,"[""https://nar-reach.com/news""]",unknown,cohort-selected,false,,2026-08-30,Legacy status_as_of is preserved in assertions; it is not promoted because it usually represents the research date rather than a supported event date.,2026-08-30,United Arab Emirates,"[""United Arab Emirates""]",false,"[""Middle East""]",,"[""Unknown""]",Not verified in the current source layer.,"[""SaaS""]","[""NAR REACH Middle East 2026""]","[""L4"",""L6""]","[""keyword_inference""]","[""Sales"",""Design""]",[],"[""Digital twins for off-plan sales""]",early_or_growth_signal,"[""Early""]",,Not assigned from company scale/funding; requires product-and-geography evidence.,B,"[""B""]",false,"[""Medium""]","[""A""]","[""S4""]",1,"[""https://nar-reach.com/news""]","[""proptech_startups_agent.csv""]",1,profile_requires_editorial_review,"[""canonical_url_unresolved"",""claim_level_evidence_review_required""]"
org-hongkong-land-9ed857e,Hongkong Land,[],organization,default operating/legal identity,https://www.hkland.com/,resolved,[],active,active,false,,2026-08-30,Legacy status_as_of is preserved in assertions; it is not promoted because it usually represents the research date rather than a supported event date.,2026-08-30,Hong Kong,"[""Hong Kong""]",false,"[""Hong Kong China Asia""]",,[],Not verified in the current source layer.,[],[],"[""L7"",""L8"",""L10""]","[""documented_legacy_shorthand""]","[""H/O/E""]",[],[],not_assessed,[],,Not assigned from company scale/funding; requires product-and-geography evidence.,B,"[""B""]",false,"[""Asia mixed-use owner comparator""]","[""C""]","[""S2""]",1,"[""https://hkland.com/""]","[""global_real_estate_pioneers_agent.csv""]",1,profile_requires_editorial_review,"[""category_not_assessed"",""maturity_not_assessed"",""status_evidence_date_missing"",""claim_level_evidence_review_required""]"
org-houseafrica-4dd17a3,HouseAfrica,[],organization,default operating/legal identity,https://houseafrica.io/,resolved,[],stealth_unclear,unclear,false,,2026-08-30,Legacy status_as_of is preserved in assertions; it is not promoted because it usually represents the research date rather than a supported event date.,2026-08-30,Nigeria,"[""Nigeria""]",false,"[""Africa""]",2019,"[""2019""]",,"[""platform fees and investment services""]","[""Independent""]","[""L1"",""L3"",""L6""]","[""explicit_code"",""keyword_inference""]","[""L1 Land/site"",""L3 Capital/finance/L6 Marketing/sales""]",[],"[""land verification digital title and fractional property platform""]",early_or_growth_signal,"[""early-stage""]",,Not assigned from company scale/funding; requires product-and-geography evidence.,B,"[""B""]",false,"[""Medium""]","[""B""]","[""S2""]",2,"[""https://houseafrica.io/"",""https://project.houseafrica.io/terms""]","[""coverage_gap_additions.csv""]",1,profile_requires_editorial_review,"[""status_conflict"",""claim_level_evidence_review_required""]"
org-huspy-288c347,Huspy,[],organization,default operating/legal identity,https://huspy.com/ae/,resolved,[],active,active,false,,2026-08-30,Legacy status_as_of is preserved in assertions; it is not promoted because it usually represents the research date rather than a supported event date.,2026-08-30,United Arab Emirates,"[""United Arab Emirates""]",false,"[""UAE-Spain-MENA""]",2020,"[""2020""]",,"[""commission-referral-finance""]","[""Fifth-Wall-Peak-XV-Balderton""]","[""L3"",""L6""]","[""keyword_inference""]","[""home-discovery-brokerage"",""mortgage-financing""]",[],"[""brokerage-mortgage-platform""]",scaled_or_enterprise_signal,"[""scale""]",,Not assigned from company scale/funding; requires product-and-geography evidence.,B,"[""B""]",false,"[""transaction-to-finance""]","[""B""]","[""S2""]",3,"[""https://huspy.com/ae"",""https://huspy.com/ae/blog/balderton-huspy"",""https://huspy.com/blog/huspy-series-a""]","[""regional_companies_agent.csv""]",1,qualified_profile_requires_claim_review,"[""claim_level_evidence_review_required""]"
org-i-city-i-berhad-05f7e81,i-City / i-Berhad,[],organization,default operating/legal identity,https://www.i-bhd.com/about/,resolved,[],active,active,false,,2026-08-30,Legacy status_as_of is preserved in assertions; it is not promoted because it usually represents the research date rather than a supported event date.,2026-08-30,Malaysia,"[""Malaysia""]",false,"[""Malaysia""]",,[],Not verified in the current source layer.,[],[],"[""L1"",""L8"",""L10""]","[""documented_legacy_shorthand""]","[""L/O/E""]",[],[],not_assessed,[],,Not assigned from company scale/funding; requires product-and-geography evidence.,B,"[""B""]",false,"[""Southeast Asian smart-city case""]","[""B""]","[""S2""]",1,"[""https://i-bhd.com/about""]","[""global_real_estate_pioneers_agent.csv""]",1,profile_requires_editorial_review,"[""category_not_assessed"",""maturity_not_assessed"",""status_evidence_date_missing"",""claim_level_evidence_review_required""]"
org-icon-f8995ba,ICON,[],organization,default operating/legal identity,https://www.iconbuild.com/technology,resolved,[],active,active,false,,2026-08-30,Legacy status_as_of is preserved in assertions; it is not promoted because it usually represents the research date rather than a supported event date.,2026-08-30,United States,"[""United States""]",false,"[""United States""]",2017,"[""2017""]",,"[""hardware software materials training and construction services""]","[""Independent""]","[""L2"",""L5"",""L10""]","[""explicit_code"",""keyword_inference""]","[""L5 Construction"",""L2 Feasibility/L10 ESG""]",[],"[""robotic 3D-printed construction and BuildOS""]",scaled_or_enterprise_signal,"[""scaleup""]",,Not assigned from company scale/funding; requires product-and-geography evidence.,B,"[""B""]",false,"[""Medium""]","[""A""]","[""S2""]",2,"[""https://iconbuild.com/newsroom/icon-announces-first-commercial-rollout-of-its-3d-printing-construction-technology-for-builders"",""https://iconbuild.com/technology""]","[""coverage_gap_additions.csv""]",1,qualified_profile_requires_claim_review,"[""claim_level_evidence_review_required""]"
org-inbuild-0282ee3,inBuild,[],organization,default operating/legal identity,,discovery_profile_only,"[""https://ycombinator.com/companies/inbuild""]",active,active,false,,2026-08-30,Legacy status_as_of is preserved in assertions; it is not promoted because it usually represents the research date rather than a supported event date.,2026-08-30,United States,"[""United States""]",false,"[""United States""]",2023,"[""2023""]",,"[""fintech SaaS""]","[""Y Combinator W2023""]","[""L3"",""L5""]","[""explicit_code"",""keyword_inference""]","[""L5 Construction"",""L3 Capital/finance""]",[],"[""AI invoice approval payment and budget control for homebuilders""]",early_or_growth_signal,"[""early-stage""]",,Not assigned from company scale/funding; requires product-and-geography evidence.,B,"[""B""]",false,"[""Medium""]","[""A""]","[""S4""]",1,"[""https://ycombinator.com/companies/inbuild""]","[""coverage_gap_additions.csv""]",1,profile_requires_editorial_review,"[""canonical_url_unresolved"",""claim_level_evidence_review_required""]"
org-infra-market-b3a2104,Infra-Market,[],organization,default operating/legal identity,https://infra.market/,resolved,[],active,active,false,,2026-08-30,Legacy status_as_of is preserved in assertions; it is not promoted because it usually represents the research date rather than a supported event date.,2026-08-30,India,"[""India""]",false,"[""India""]",2016,"[""2016""]",,"[""marketplace-manufacturing-finance""]","[""Indian-construction-scaleup""]","[""L5""]","[""keyword_inference""]","[""materials-procurement-manufacturing"",""distribution-private-label-credit""]",[],"[""construction-materials-platform""]",scaled_or_enterprise_signal,"[""scale""]",,Not assigned from company scale/funding; requires product-and-geography evidence.,B,"[""B""]",false,"[""supply-aggregation-quality""]","[""B/C""]","[""S2""]",3,"[""https://infra-prod.gumlet.io/ivas/PROD/06-05-2025/1746534342377_IVAS_DezineMandapam.pdf"",""https://infra.market/"",""https://infra.market/about-us""]","[""regional_companies_agent.csv""]",1,qualified_profile_requires_claim_review,"[""claim_level_evidence_review_required""]"
org-inspectmind-ai-e96a36c,InspectMind AI,[],organization,default operating/legal identity,,discovery_profile_only,"[""https://ycombinator.com/companies/inspectmind-ai""]",active,active,false,,2026-08-30,Legacy status_as_of is preserved in assertions; it is not promoted because it usually represents the research date rather than a supported event date.,2026-08-30,United States,"[""United States""]",false,"[""United States""]",,"[""Unknown""]",Not verified in the current source layer.,"[""AI SaaS""]","[""YC W2024""]","[""L4"",""L5""]","[""keyword_inference""]","[""Design"",""Construction""]",[],"[""AI drawing QA""]",early_or_growth_signal,"[""Very early""]",,Not assigned from company scale/funding; requires product-and-geography evidence.,B,"[""B""]",false,"[""Medium""]","[""A""]","[""S4""]",1,"[""https://ycombinator.com/companies/inspectmind-ai""]","[""proptech_startups_agent.csv""]",1,profile_requires_editorial_review,"[""canonical_url_unresolved"",""claim_level_evidence_review_required""]"
org-invitation-homes-84857f4,Invitation Homes,[],organization,default operating/legal identity,https://www.invitationhomes.com/,resolved,[],active,active,false,,2026-08-30,Legacy status_as_of is preserved in assertions; it is not promoted because it usually represents the research date rather than a supported event date.,2026-08-30,United States,"[""United States""]",false,"[""United States""]",,[],Not verified in the current source layer.,[],[],"[""L6"",""L7"",""L8""]","[""documented_legacy_shorthand""]","[""S/H/O""]",[],[],not_assessed,[],,Not assigned from company scale/funding; requires product-and-geography evidence.,B,"[""B""]",false,"[""Distributed-home operations comparator""]","[""C""]","[""S2""]",1,"[""https://invitationhomes.com/""]","[""global_real_estate_pioneers_agent.csv""]",1,profile_requires_editorial_review,"[""category_not_assessed"",""maturity_not_assessed"",""status_evidence_date_missing"",""claim_level_evidence_review_required""]"
org-ivanhoe-cambridge-8c510ab,Ivanhoé Cambridge,[],organization,default operating/legal identity,https://www.ivanhoecambridge.com/,resolved,[],active,active,false,,2026-08-30,Legacy status_as_of is preserved in assertions; it is not promoted because it usually represents the research date rather than a supported event date.,2026-08-30,Canada,"[""Canada""]",false,"[""Global""]",,[],Not verified in the current source layer.,[],[],"[""L3"",""L8"",""L10""]","[""documented_legacy_shorthand""]","[""F/O/E""]",[],[],not_assessed,[],,Not assigned from company scale/funding; requires product-and-geography evidence.,B,"[""B""]",false,"[""Institutional owner comparator""]","[""C""]","[""S2""]",1,"[""https://ivanhoecambridge.com/""]","[""global_real_estate_pioneers_agent.csv""]",1,profile_requires_editorial_review,"[""category_not_assessed"",""maturity_not_assessed"",""status_evidence_date_missing"",""claim_level_evidence_review_required""]"
org-jomee-jomaa-d8b40e9,Jomee-Jomaa,[],organization,default operating/legal identity,https://www.jomeejomaa.com/,resolved,[],active,active,false,,2026-08-30,Legacy status_as_of is preserved in assertions; it is not promoted because it usually represents the research date rather than a supported event date.,2026-08-30,Bangladesh,"[""Bangladesh""]",false,"[""Bangladesh""]",2023,"[""2023""]",,"[""profit-share""]","[""local-fintech-proptech""]","[""L1""]","[""keyword_inference""]","[""land-investment-fractionalization"",""secondary-market-documents""]",[],"[""fractional-land-platform""]",early_or_growth_signal,"[""early-stage""]",,Not assigned from company scale/funding; requires product-and-geography evidence.,B,"[""B""]",false,"[""benchmark-only-pending-counsel""]","[""B/C""]","[""S2"",""S3""]",3,"[""https://jomeejomaa.com/"",""https://jomeejomaa.com/terms"",""https://thedailystar.net/tech-startup/news/fractional-land-investment-platform-jomee-jomaa-launched-3444451""]","[""regional_companies_agent.csv""]",1,qualified_profile_requires_claim_review,"[""claim_level_evidence_review_required""]"
org-kestrix-45a7de9,Kestrix,[],organization,default operating/legal identity,https://www.kestrix.io/,resolved,[],active,active,false,,2026-08-30,Legacy status_as_of is preserved in assertions; it is not promoted because it usually represents the research date rather than a supported event date.,2026-08-30,United Kingdom,"[""United Kingdom""]",false,"[""UK and Europe""]",2022,"[""2022""]",,"[""software plus survey services""]","[""Pi Labs""]","[""L8"",""L9"",""L10""]","[""explicit_code"",""keyword_inference""]","[""L8 Property operations"",""L10 ESG/L9 Portfolio""]",[],"[""machine-learning energy surveying and building intelligence""]",early_or_growth_signal,"[""early-growth""]",,Not assigned from company scale/funding; requires product-and-geography evidence.,B,"[""B""]",false,"[""Medium""]","[""A""]","[""S2"",""S4""]",2,"[""https://kestrix.io/"",""https://pilabs.vc/portfolio?sort=date_desc""]","[""coverage_gap_additions.csv""]",1,qualified_profile_requires_claim_review,"[""claim_level_evidence_review_required""]"
org-landeed-505b2d4,Landeed,[],organization,default operating/legal identity,https://www.landeed.com/,resolved,[],active,active,false,,2026-08-30,Legacy status_as_of is preserved in assertions; it is not promoted because it usually represents the research date rather than a supported event date.,2026-08-30,India,"[""India""]",false,"[""India""]",,"[""Unknown""]",Not verified in the current source layer.,"[""subscription-data-services""]","[""Indian-proptech-venture""]","[""L1"",""L3"",""L12""]","[""keyword_inference""]","[""title-document-search"",""valuation-market-data""]",[],"[""property-records-platform""]",early_or_growth_signal,"[""early-growth""]",,Not assigned from company scale/funding; requires product-and-geography evidence.,B,"[""B""]",false,"[""title-evidence-graph-benchmark""]","[""B/C""]","[""S2""]",2,"[""https://landeed.com/"",""https://landeed.com/about""]","[""regional_companies_agent.csv""]",1,qualified_profile_requires_claim_review,"[""claim_level_evidence_review_required""]"
org-link-reit-3ef24b7,Link REIT,[],organization,default operating/legal identity,https://www.linkreit.com/en/,resolved,[],active,active,false,,2026-08-30,Legacy status_as_of is preserved in assertions; it is not promoted because it usually represents the research date rather than a supported event date.,2026-08-30,Hong Kong,"[""Hong Kong""]",false,"[""Hong Kong Mainland China Australia Singapore United Kingdom""]",2005,"[""2005""]",,"[""retail, office, logistics, community services, sustainability and data transparency""]","[""Independent; internally managed""]","[""L1"",""L6"",""L7"",""L8"",""L10""]","[""documented_legacy_shorthand""]","[""L/S/H/O/E"",""F""]",[],"[""APAC internally managed REIT and community operator""]",scaled_or_enterprise_signal,"[""scale operator""]",,Not assigned from company scale/funding; requires product-and-geography evidence.,B,"[""B""]",false,"[""Shows a large owner/operator using portfolio data and community operations, counterbalancing developer-led platform cases""]","[""B""]","[""S2""]",4,"[""https://linkreit.com/en"",""https://linkreit.com/en/investor-relations"",""https://linkreit.com/en/investor-relations/financial-reports"",""https://linkreit.com/en/sustainability""]","[""operator_coverage_additions.csv""]",1,qualified_profile_requires_claim_review,"[""claim_level_evidence_review_required""]"
org-livspace-8e2af3d,Livspace,[],organization,default operating/legal identity,https://www.livspace.com/in,resolved,[],active,active,false,,2026-08-30,Legacy status_as_of is preserved in assertions; it is not promoted because it usually represents the research date rather than a supported event date.,2026-08-30,India,"[""India""]",false,"[""India and Southeast Asia""]",2014,"[""2014""]",,"[""marketplace design manufacturing installation and warranty""]","[""Independent""]","[""L4"",""L5"",""L11""]","[""explicit_code"",""keyword_inference""]","[""L11 Handover/end-of-life"",""L4 Design/L5 Construction""]",[],"[""tech-enabled end-to-end interiors and renovation""]",scaled_or_enterprise_signal,"[""scaleup""]",,Not assigned from company scale/funding; requires product-and-geography evidence.,B,"[""B""]",false,"[""Medium""]","[""A""]","[""S2""]",2,"[""https://livspace.com/in"",""https://livspace.com/in/about-us""]","[""coverage_gap_additions.csv""]",1,qualified_profile_requires_claim_review,"[""claim_level_evidence_review_required""]"
org-lotroll-83be313,LotRoll,[],organization,default operating/legal identity,,discovery_profile_only,"[""https://nar-reach.com/second-century-ventures-announces-6-technology-companies-for-2026-reach-scale-up-program""]",unknown,cohort-selected,false,,2026-08-30,Legacy status_as_of is preserved in assertions; it is not promoted because it usually represents the research date rather than a supported event date.,2026-08-30,United States,"[""United States""]",false,"[""United States""]",,"[""Unknown""]",Not verified in the current source layer.,"[""Data marketplace""]","[""NAR REACH US Residential 2026""]","[""L6"",""L12""]","[""keyword_inference""]","[""Sales"",""Data""]",[],"[""Manufactured-housing data/infrastructure""]",early_or_growth_signal,"[""Early""]",,Not assigned from company scale/funding; requires product-and-geography evidence.,B,"[""B""]",false,"[""Low""]","[""A""]","[""S4""]",1,"[""https://nar-reach.com/second-century-ventures-announces-6-technology-companies-for-2026-reach-scale-up-program""]","[""proptech_startups_agent.csv""]",1,profile_requires_editorial_review,"[""canonical_url_unresolved"",""claim_level_evidence_review_required""]"
org-mahindra-lifespaces-55a7354,Mahindra Lifespaces,[],organization,default operating/legal identity,https://www.mahindralifespaces.com/,resolved,[],active,active,false,,2026-08-30,Legacy status_as_of is preserved in assertions; it is not promoted because it usually represents the research date rather than a supported event date.,2026-08-30,India,"[""India""]",false,"[""India South Asia""]",1994,"[""1994""]",,"[""net-zero homes, industrial land, sustainable design and community operations""]","[""Mahindra Group""]","[""L1"",""L4"",""L5"",""L7"",""L8"",""L10""]","[""documented_legacy_shorthand""]","[""L/D/C/H/O/E"",""E""]",[],"[""India residential, industrial-cluster and net-zero developer""]",early_or_growth_signal,"[""growth platform""]",,Not assigned from company scale/funding; requires product-and-geography evidence.,B,"[""B""]",false,"[""Adds an India sustainability/industrial-cluster benchmark not duplicated by Godrej, Prestige or Lodha""]","[""B""]","[""S2""]",4,"[""https://cms.mahindralifespaces.com/web/node/4161"",""https://mahindralifespaces.com/"",""https://mahindralifespaces.com/investor-center?category=annual-reports"",""https://mldlprodstorage.blob.core.windows.net/live/2025/07/269865_MLDL_AR_2025_Final.pdf""]","[""operator_coverage_additions.csv""]",1,qualified_profile_requires_claim_review,"[""claim_level_evidence_review_required""]"
org-mapletree-38e8d9a,Mapletree,[],organization,default operating/legal identity,https://www.mapletree.com.sg/,resolved,[],active,active,false,,2026-08-30,Legacy status_as_of is preserved in assertions; it is not promoted because it usually represents the research date rather than a supported event date.,2026-08-30,Singapore,"[""Singapore""]",false,"[""Asia Europe United States""]",,[],Not verified in the current source layer.,[],[],"[""L1"",""L8"",""L10""]","[""documented_legacy_shorthand""]","[""L/O/E""]",[],[],not_assessed,[],,Not assigned from company scale/funding; requires product-and-geography evidence.,B,"[""B""]",false,"[""APAC logistics and mixed-use comparator""]","[""C""]","[""S2""]",1,"[""https://mapletree.com.sg/""]","[""global_real_estate_pioneers_agent.csv""]",1,profile_requires_editorial_review,"[""category_not_assessed"",""maturity_not_assessed"",""status_evidence_date_missing"",""claim_level_evidence_review_required""]"
org-masdar-city-eee2e48,Masdar City,[],organization,default operating/legal identity,https://www.mubadala.com/en/what-we-do/masdar-city,resolved,[],active,active,false,,2026-08-30,Legacy status_as_of is preserved in assertions; it is not promoted because it usually represents the research date rather than a supported event date.,2026-08-30,United Arab Emirates,"[""United Arab Emirates""]",false,"[""Abu Dhabi""]",,[],Not verified in the current source layer.,[],[],"[""L1"",""L4"",""L8"",""L10""]","[""documented_legacy_shorthand""]","[""L/D/O/E""]",[],[],not_assessed,[],,Not assigned from company scale/funding; requires product-and-geography evidence.,B,"[""B""]",false,"[""Masterplan-as-testbed model""]","[""B""]","[""S2""]",2,"[""https://masdar.ae/en/news/newsroom/tech-park-at-masdar-city-to-position-abu-dhabi-as-an-innovation-hub-for-start-ups"",""https://mubadala.com/en/what-we-do/masdar-city""]","[""global_real_estate_pioneers_agent.csv""]",1,profile_requires_editorial_review,"[""category_not_assessed"",""maturity_not_assessed"",""status_evidence_date_missing"",""claim_level_evidence_review_required""]"
org-material-depot-494da72,Material Depot,[],organization,default operating/legal identity,,discovery_profile_only,"[""https://ycombinator.com/companies/material-depot""]",active,active,false,,2026-08-30,Legacy status_as_of is preserved in assertions; it is not promoted because it usually represents the research date rather than a supported event date.,2026-08-30,India,"[""India""]",false,"[""India""]",2022,"[""2022""]",,"[""marketplace and direct commerce""]","[""Y Combinator W2022""]","[""L5"",""L11""]","[""explicit_code"",""keyword_inference""]","[""L5 Construction"",""L11 Handover/end-of-life""]",[],"[""interior-material marketplace and supply chain""]",scaled_or_enterprise_signal,"[""scaleup""]",,Not assigned from company scale/funding; requires product-and-geography evidence.,B,"[""B""]",false,"[""Medium""]","[""A""]","[""S4""]",1,"[""https://ycombinator.com/companies/material-depot""]","[""coverage_gap_additions.csv""]",1,profile_requires_editorial_review,"[""canonical_url_unresolved"",""claim_level_evidence_review_required""]"
org-maxhome-ai-e6888c9,MaxHome.ai,[],organization,default operating/legal identity,,discovery_profile_only,"[""https://nar-reach.com/second-century-ventures-announces-6-technology-companies-for-2026-reach-scale-up-program""]",unknown,cohort-selected,false,,2026-08-30,Legacy status_as_of is preserved in assertions; it is not promoted because it usually represents the research date rather than a supported event date.,2026-08-30,United States,"[""United States""]",false,"[""United States""]",,"[""Unknown""]",Not verified in the current source layer.,"[""AI SaaS""]","[""NAR REACH US Residential 2026""]","[""L3"",""L8""]","[""keyword_inference""]","[""Transaction"",""Operations""]",[],"[""Transaction intelligence""]",early_or_growth_signal,"[""Early""]",,Not assigned from company scale/funding; requires product-and-geography evidence.,B,"[""B""]",false,"[""Medium""]","[""A""]","[""S4""]",1,"[""https://nar-reach.com/second-century-ventures-announces-6-technology-companies-for-2026-reach-scale-up-program""]","[""proptech_startups_agent.csv""]",1,profile_requires_editorial_review,"[""canonical_url_unresolved"",""claim_level_evidence_review_required""]"
org-mirvac-df71b9e,Mirvac,[],organization,default operating/legal identity,https://www.mirvac.com/,resolved,[],active,active,false,,2026-08-30,Legacy status_as_of is preserved in assertions; it is not promoted because it usually represents the research date rather than a supported event date.,2026-08-30,Australia,"[""Australia""]",false,"[""Australia""]",,[],Not verified in the current source layer.,[],[],"[""L1"",""L4"",""L7"",""L8"",""L10""]","[""documented_legacy_shorthand""]","[""L/D/H/O/E""]",[],[],not_assessed,[],,Not assigned from company scale/funding; requires product-and-geography evidence.,B,"[""B""]",false,"[""Precinct operations comparator""]","[""C""]","[""S2""]",1,"[""https://mirvac.com/""]","[""global_real_estate_pioneers_agent.csv""]",1,profile_requires_editorial_review,"[""category_not_assessed"",""maturity_not_assessed"",""status_evidence_date_missing"",""claim_level_evidence_review_required""]"
org-mitsubishi-estate-e9746be,Mitsubishi Estate,[],organization,default operating/legal identity,https://www.mec.co.jp/en/,resolved,[],active,active,false,,2026-08-30,Legacy status_as_of is preserved in assertions; it is not promoted because it usually represents the research date rather than a supported event date.,2026-08-30,Japan,"[""Japan""]",false,"[""Japan United States Europe Asia Oceania""]",,[],Not verified in the current source layer.,[],[],"[""L1"",""L7"",""L8"",""L10""]","[""documented_legacy_shorthand""]","[""L/H/O/E""]",[],[],not_assessed,[],,Not assigned from company scale/funding; requires product-and-geography evidence.,B,"[""B""]",false,"[""Urban-platform and developer-CVC comparator""]","[""B""]","[""S2""]",2,"[""https://bricks-fundtokyo.com/"",""https://mec.co.jp/en""]","[""global_real_estate_pioneers_agent.csv""]",1,profile_requires_editorial_review,"[""category_not_assessed"",""maturity_not_assessed"",""status_evidence_date_missing"",""claim_level_evidence_review_required""]"
org-mubadala-real-assets-18e6cb7,Mubadala Real Assets,[],organization,default operating/legal identity,https://www.mubadala.com/,resolved,[],active,active,false,,2026-08-30,Legacy status_as_of is preserved in assertions; it is not promoted because it usually represents the research date rather than a supported event date.,2026-08-30,United Arab Emirates,"[""United Arab Emirates""]",false,"[""Global""]",,[],Not verified in the current source layer.,[],[],"[""L1"",""L3"",""L8"",""L10""]","[""documented_legacy_shorthand""]","[""L/F/O/E""]",[],[],not_assessed,[],,Not assigned from company scale/funding; requires product-and-geography evidence.,B,"[""B""]",false,"[""Capital-allocation comparator for JCX""]","[""A""]","[""S2""]",2,"[""https://annual2024.mubadala.com/en/onemubadala/real-assets"",""https://mubadala.com/""]","[""global_real_estate_pioneers_agent.csv""]",1,profile_requires_editorial_review,"[""category_not_assessed"",""maturity_not_assessed"",""status_evidence_date_missing"",""claim_level_evidence_review_required""]"
org-mubawab-4b0178e,Mubawab,[],organization,default operating/legal identity,https://www.mubawab.ma/en/about,resolved,[],active,active,false,,2026-08-30,Legacy status_as_of is preserved in assertions; it is not promoted because it usually represents the research date rather than a supported event date.,2026-08-30,Morocco,"[""Morocco""]",false,"[""Morocco and Tunisia/Maghreb""]",2012,"[""2012""]",,"[""listing subscriptions advertising and transaction services""]","[""Africa Property Portals""]","[""L6"",""L9""]","[""explicit_code"",""keyword_inference""]","[""L6 Marketing/sales"",""L9 Portfolio""]",[],"[""North African property marketplace and market data""]",scaled_or_enterprise_signal,"[""scaleup""]",,Not assigned from company scale/funding; requires product-and-geography evidence.,B,"[""B""]",false,"[""Medium""]","[""A""]","[""S2""]",2,"[""https://mubawab.com/"",""https://mubawab.ma/en/about""]","[""coverage_gap_additions.csv""]",1,qualified_profile_requires_claim_review,"[""claim_level_evidence_review_required""]"
org-nawy-fea68ec,Nawy,[],organization,default operating/legal identity,https://www.nawy.com/,resolved,[],active,active,false,,2026-08-30,Legacy status_as_of is preserved in assertions; it is not promoted because it usually represents the research date rather than a supported event date.,2026-08-30,Egypt,"[""Egypt""]",false,"[""Egypt-MENA""]",2019,"[""2019""]",,"[""commission-financing-fees""]","[""Partech-eCapital-Nclude""]","[""L3"",""L6""]","[""keyword_inference""]","[""property-discovery-brokerage"",""mortgage-fractional-B2B-brokers""]",[],"[""integrated-proptech""]",scaled_or_enterprise_signal,"[""scale""]",,Not assigned from company scale/funding; requires product-and-geography evidence.,B,"[""B""]",false,"[""inventory-broker-finance""]","[""B""]","[""S2""]",3,"[""https://nawy.com/"",""https://nawy.com/about-us"",""https://nawy.com/blog/116847-nawy-raises-a-52m-series-a-to-take-on-mena""]","[""regional_companies_agent.csv""]",1,qualified_profile_requires_claim_review,"[""claim_level_evidence_review_required""]"
org-nearmap-8a8f2ad,Nearmap,[],organization,default operating/legal identity,https://www.nearmap.com/au,resolved,[],active,active,false,,2026-08-30,Legacy status_as_of is preserved in assertions; it is not promoted because it usually represents the research date rather than a supported event date.,2026-08-30,Australia,"[""Australia""]",false,"[""Australia-US-NZ-Canada""]",2007,"[""2007""]",,"[""subscription-API""]","[""aerial-property-intelligence""]","[""L3"",""L5""]","[""keyword_inference""]","[""site-property-intelligence"",""construction-insurance-government""]",[],"[""aerial-imagery-AI""]",scaled_or_enterprise_signal,"[""scale""]",,Not assigned from company scale/funding; requires product-and-geography evidence.,B,"[""B""]",false,"[""imagery-change-detection""]","[""B""]","[""S2""]",3,"[""https://nearmap.com/au"",""https://nearmap.com/au/about"",""https://nearmap.com/au/property-intelligence""]","[""regional_companies_agent.csv""]",1,qualified_profile_requires_claim_review,"[""claim_level_evidence_review_required""]"
org-nemetschek-8aa57f2,Nemetschek,[],organization,default operating/legal identity,https://www.nemetschek.com/en/solutions,resolved,[],active,active,false,,2026-08-30,Legacy status_as_of is preserved in assertions; it is not promoted because it usually represents the research date rather than a supported event date.,2026-08-30,Germany,"[""Germany""]",false,"[""Global""]",1963,"[""1963""]",,"[""enterprise and subscription software""]","[""Public""]","[""L4"",""L5"",""L8""]","[""explicit_code"",""keyword_inference""]","[""L4 Design"",""L5 Construction/L8 Property operations""]",[],"[""open BIM design construction and building-management software""]",scaled_or_enterprise_signal,"[""enterprise""]",,Not assigned from company scale/funding; requires product-and-geography evidence.,B,"[""B""]",false,"[""Medium""]","[""A""]","[""S2""]",2,"[""https://nemetschek.com/en/company/brands"",""https://nemetschek.com/en/solutions""]","[""coverage_gap_additions.csv""]",1,qualified_profile_requires_claim_review,"[""claim_level_evidence_review_required""]"
org-neom-e682d22,NEOM,[],organization,default operating/legal identity,https://www.neom.com/,resolved,[],active,active,false,,2026-08-30,Legacy status_as_of is preserved in assertions; it is not promoted because it usually represents the research date rather than a supported event date.,2026-08-30,Saudi Arabia,"[""Saudi Arabia""]",false,"[""Saudi Arabia""]",,[],Not verified in the current source layer.,[],[],"[""L1"",""L4"",""L8"",""L10""]","[""documented_legacy_shorthand""]","[""L/D/O/E""]",[],[],not_assessed,[],,Not assigned from company scale/funding; requires product-and-geography evidence.,B,"[""B""]",false,"[""MENA smart-city reference""]","[""C""]","[""S2""]",1,"[""https://neom.com/""]","[""global_real_estate_pioneers_agent.csv""]",1,profile_requires_editorial_review,"[""category_not_assessed"",""maturity_not_assessed"",""status_evidence_date_missing"",""claim_level_evidence_review_required""]"
org-nigeria-property-centre-6683212,Nigeria Property Centre,[],organization,default operating/legal identity,https://nigeriapropertycentre.com/about-us,resolved,[],active,active,false,,2026-08-30,Legacy status_as_of is preserved in assertions; it is not promoted because it usually represents the research date rather than a supported event date.,2026-08-30,Nigeria,"[""Nigeria""]",false,"[""Nigeria Ghana Kenya Uganda and Ethiopia""]",2011,"[""2011""]",,"[""listing subscriptions advertising and data""]","[""Independent""]","[""L3"",""L6"",""L9""]","[""explicit_code"",""keyword_inference""]","[""L6 Marketing/sales"",""L9 Portfolio/L3 Capital/finance""]",[],"[""pan-African property search platform""]",scaled_or_enterprise_signal,"[""scaleup""]",,Not assigned from company scale/funding; requires product-and-geography evidence.,B,"[""B""]",false,"[""Medium""]","[""A""]","[""S2""]",1,"[""https://nigeriapropertycentre.com/about-us""]","[""coverage_gap_additions.csv""]",1,qualified_profile_requires_claim_review,"[""claim_level_evidence_review_required""]"
org-nirmanbazaar-a26f78c,NirmanBazaar,[],organization,default operating/legal identity,https://nirmanbazaar.com/,resolved,[],stealth_unclear,unclear,true,,2026-08-30,Legacy status_as_of is preserved in assertions; it is not promoted because it usually represents the research date rather than a supported event date.,2026-08-30,Bangladesh,"[""Bangladesh""]",false,"[""Bangladesh""]",,"[""Unknown""]",Not verified in the current source layer.,"[""marketplace-margin-credit"",""Marketplace""]","[""local-early-stage"",""Independent""]","[""L5""]","[""keyword_inference""]","[""materials-procurement-delivery"",""Procurement"",""project-tracking-cost-loans-credit"",""Construction""]",[],"[""construction-marketplace"",""Materials marketplace""]",early_or_growth_signal,"[""early-stage"",""Early""]",,Not assigned from company scale/funding; requires product-and-geography evidence.,B,"[""B""]",false,"[""potential-procurement-partner"",""Medium""]","[""D"",""B/D""]","[""S2""]",3,"[""https://info-vendor.nirmanbazaar.com/"",""https://nirmanbazaar.com.bd/"",""https://nirmanbazaar.com/""]","[""proptech_startups_agent.csv"",""regional_companies_agent.csv""]",2,profile_requires_editorial_review,"[""status_conflict"",""claim_level_evidence_review_required""]"
org-nuveen-real-estate-cdf03a7,Nuveen Real Estate,[],organization,default operating/legal identity,https://www.nuveen.com/global/real-estate,resolved,[],active,active,false,,2026-08-30,Legacy status_as_of is preserved in assertions; it is not promoted because it usually represents the research date rather than a supported event date.,2026-08-30,United States,"[""United States""]",false,"[""Global""]",,[],Not verified in the current source layer.,[],[],"[""L3"",""L8"",""L10""]","[""documented_legacy_shorthand""]","[""F/O/E""]",[],[],not_assessed,[],,Not assigned from company scale/funding; requires product-and-geography evidence.,B,"[""B""]",false,"[""Capital, retrofit and operations benchmark""]","[""C""]","[""S2""]",1,"[""https://nuveen.com/global/real-estate""]","[""global_real_estate_pioneers_agent.csv""]",1,profile_requires_editorial_review,"[""category_not_assessed"",""maturity_not_assessed"",""status_evidence_date_missing"",""claim_level_evidence_review_required""]"
org-obayashi-6a0d181,Obayashi,[],organization,default operating/legal identity,https://www.obayashi.co.jp/en/,resolved,[],active,active,false,,2026-08-30,Legacy status_as_of is preserved in assertions; it is not promoted because it usually represents the research date rather than a supported event date.,2026-08-30,Japan,"[""Japan""]",false,"[""Japan global""]",,[],Not verified in the current source layer.,[],[],"[""L4"",""L5"",""L8"",""L10""]","[""documented_legacy_shorthand""]","[""D/C/O/E""]",[],[],not_assessed,[],,Not assigned from company scale/funding; requires product-and-geography evidence.,B,"[""B""]",false,"[""Japanese construction automation comparator""]","[""C""]","[""S2""]",1,"[""https://obayashi.co.jp/en""]","[""global_real_estate_pioneers_agent.csv""]",1,profile_requires_editorial_review,"[""category_not_assessed"",""maturity_not_assessed"",""status_evidence_date_missing"",""claim_level_evidence_review_required""]"
org-opendoor-bd08442,Opendoor,[],organization,default operating/legal identity,https://www.opendoor.com/,resolved,[],active,active,false,,2026-08-30,Legacy status_as_of is preserved in assertions; it is not promoted because it usually represents the research date rather than a supported event date.,2026-08-30,United States,"[""United States""]",false,"[""United States""]",,[],Not verified in the current source layer.,[],[],"[""L3"",""L6""]","[""documented_legacy_shorthand""]","[""S/F""]",[],[],not_assessed,[],,Not assigned from company scale/funding; requires product-and-geography evidence.,B,"[""B""]",false,"[""Useful transaction-automation case and risk lesson""]","[""C""]","[""S2""]",1,"[""https://opendoor.com/""]","[""global_real_estate_pioneers_agent.csv""]",1,profile_requires_editorial_review,"[""category_not_assessed"",""maturity_not_assessed"",""status_evidence_date_missing"",""claim_level_evidence_review_required""]"
org-oxford-properties-1e070f3,Oxford Properties,[],organization,default operating/legal identity,https://www.oxfordproperties.com/,resolved,[],active,active,false,,2026-08-30,Legacy status_as_of is preserved in assertions; it is not promoted because it usually represents the research date rather than a supported event date.,2026-08-30,Canada,"[""Canada""]",false,"[""Global""]",,[],Not verified in the current source layer.,[],[],"[""L3"",""L8"",""L10""]","[""documented_legacy_shorthand""]","[""F/O/E""]",[],[],not_assessed,[],,Not assigned from company scale/funding; requires product-and-geography evidence.,B,"[""B""]",false,"[""Institutional ESG and asset-management comparator""]","[""C""]","[""S2""]",1,"[""https://oxfordproperties.com/""]","[""global_real_estate_pioneers_agent.csv""]",1,profile_requires_editorial_review,"[""category_not_assessed"",""maturity_not_assessed"",""status_evidence_date_missing"",""claim_level_evidence_review_required""]"
org-paces-c08a2fe,Paces,[],organization,default operating/legal identity,,discovery_profile_only,"[""https://ycombinator.com/companies/paces""]",active,active,false,,2026-08-30,Legacy status_as_of is preserved in assertions; it is not promoted because it usually represents the research date rather than a supported event date.,2026-08-30,United States,"[""United States""]",false,"[""United States""]",2022,"[""2022""]",,"[""AI SaaS and development services""]","[""Y Combinator S2022""]","[""L1"",""L2"",""L5""]","[""explicit_code"",""keyword_inference""]","[""L1 Land/site"",""L2 Feasibility/L5 Construction""]",[],"[""AI siting interconnection permitting and renewable/data-center development""]",early_or_growth_signal,"[""early-growth""]",,Not assigned from company scale/funding; requires product-and-geography evidence.,B,"[""B""]",false,"[""Medium""]","[""A""]","[""S4""]",1,"[""https://ycombinator.com/companies/paces""]","[""coverage_gap_additions.csv""]",1,profile_requires_editorial_review,"[""canonical_url_unresolved"",""claim_level_evidence_review_required""]"
org-pares-ai-de8df6d,PARES AI,[],organization,default operating/legal identity,,discovery_profile_only,"[""https://ycombinator.com/companies/pares-ai""]",active,active,false,,2026-08-30,Legacy status_as_of is preserved in assertions; it is not promoted because it usually represents the research date rather than a supported event date.,2026-08-30,United States,"[""United States""]",false,"[""United States""]",,"[""Unknown""]",Not verified in the current source layer.,"[""AI-native services""]","[""YC S2025""]","[""L6"",""L8""]","[""keyword_inference""]","[""Operations"",""Sales""]",[],"[""AI brokerage/property management""]",early_or_growth_signal,"[""Very early""]",,Not assigned from company scale/funding; requires product-and-geography evidence.,B,"[""B""]",false,"[""Medium""]","[""A""]","[""S4""]",1,"[""https://ycombinator.com/companies/pares-ai""]","[""proptech_startups_agent.csv""]",1,profile_requires_editorial_review,"[""canonical_url_unresolved"",""claim_level_evidence_review_required""]"
org-passivelogic-138e956,PassiveLogic,[],organization,default operating/legal identity,https://www.passivelogic.com/,resolved,[],active,active,false,,2026-08-30,Legacy status_as_of is preserved in assertions; it is not promoted because it usually represents the research date rather than a supported event date.,2026-08-30,United States,"[""United States""]",false,"[""Global""]",,"[""unknown""]",Not verified in the current source layer.,"[""AI SaaS and hardware software""]","[""RET Ventures portfolio""]","[""L4"",""L5"",""L8"",""L10""]","[""explicit_code"",""keyword_inference""]","[""L4 Design"",""L5 Construction/L8 Property operations/L10 ESG""]",[],"[""physics-based digital twin generative controls and autonomous building platform""]",early_or_growth_signal,"[""early-growth""]",,Not assigned from company scale/funding; requires product-and-geography evidence.,B,"[""B""]",false,"[""Medium-high""]","[""B""]","[""S2""]",3,"[""https://passivelogic.com/"",""https://passivelogic.com/downloads/Builder-ProdSheet-%202025_web.pdf"",""https://prnewswire.com/news-releases/passivelogic-introduces-the-worlds-first-generative-autonomy-platform-for-buildings-and-industrial-infrastructure-302820208.html""]","[""enterprise_platform_additions.csv""]",1,qualified_profile_requires_claim_review,"[""claim_level_evidence_review_required""]"
org-permitflow-157886b,PermitFlow,[],organization,default operating/legal identity,,discovery_profile_only,"[""https://ycombinator.com/companies/permitflow""]",active,active,false,,2026-08-30,Legacy status_as_of is preserved in assertions; it is not promoted because it usually represents the research date rather than a supported event date.,2026-08-30,United States,"[""United States""]",false,"[""United States""]",2022,"[""2022""]",,"[""AI SaaS""]","[""Y Combinator W2022""]","[""L1"",""L2"",""L5""]","[""explicit_code"",""keyword_inference""]","[""L2 Feasibility"",""L5 Construction/L1 Land/site""]",[],"[""AI preconstruction and permit management""]",scaled_or_enterprise_signal,"[""scaleup""]",,Not assigned from company scale/funding; requires product-and-geography evidence.,B,"[""B""]",false,"[""Medium""]","[""A""]","[""S4""]",1,"[""https://ycombinator.com/companies/permitflow""]","[""coverage_gap_additions.csv""]",1,profile_requires_editorial_review,"[""canonical_url_unresolved"",""claim_level_evidence_review_required""]"
org-pinhome-8799253,Pinhome,[],organization,default operating/legal identity,https://www.pinhome.id/pages/tentang-kami,resolved,[],active,active,false,,2026-08-30,Legacy status_as_of is preserved in assertions; it is not promoted because it usually represents the research date rather than a supported event date.,2026-08-30,Indonesia,"[""Indonesia""]",false,"[""Indonesia""]",2020,"[""2020""]",,"[""marketplace financial referral and services""]","[""Independent""]","[""L3"",""L6"",""L7""]","[""explicit_code"",""keyword_inference""]","[""L6 Marketing/sales"",""L3 Capital/finance/L7 Occupancy""]",[],"[""integrated property marketplace finance and home services""]",scaled_or_enterprise_signal,"[""scaleup""]",,Not assigned from company scale/funding; requires product-and-geography evidence.,B,"[""B""]",false,"[""Medium""]","[""A""]","[""S2""]",2,"[""https://assets.pinhome.id/static/market-report/downloads/market-report_downloads_id_market_report_2024_and_outlook_2025.pdf"",""https://pinhome.id/pages/tentang-kami""]","[""coverage_gap_additions.csv""]",1,qualified_profile_requires_claim_review,"[""claim_level_evidence_review_required""]"
org-private-property-nigeria-a4f087b,Private Property Nigeria,[],organization,default operating/legal identity,https://privateproperty.ng/about,resolved,[],active,active,false,,2026-08-30,Legacy status_as_of is preserved in assertions; it is not promoted because it usually represents the research date rather than a supported event date.,2026-08-30,Nigeria,"[""Nigeria""]",false,"[""Nigeria""]",2011,"[""2011""]",,"[""listing subscriptions and advertising""]","[""Independent""]","[""L6"",""L9""]","[""explicit_code"",""keyword_inference""]","[""L6 Marketing/sales"",""L9 Portfolio""]",[],"[""property classified marketplace""]",scaled_or_enterprise_signal,"[""scaleup""]",,Not assigned from company scale/funding; requires product-and-geography evidence.,B,"[""B""]",false,"[""Medium""]","[""A""]","[""S2""]",1,"[""https://privateproperty.ng/about""]","[""coverage_gap_additions.csv""]",1,qualified_profile_requires_claim_review,"[""claim_level_evidence_review_required""]"
org-propaya-ee84d26,Propaya,[],organization,default operating/legal identity,,discovery_profile_only,"[""https://ycombinator.com/companies/propaya""]",active,active,false,,2026-08-30,Legacy status_as_of is preserved in assertions; it is not promoted because it usually represents the research date rather than a supported event date.,2026-08-30,United States,"[""United States""]",false,"[""United States""]",2024,"[""2024""]",,"[""AI SaaS""]","[""Y Combinator S2024""]","[""L1"",""L3"",""L9""]","[""explicit_code"",""keyword_inference""]","[""L3 Capital/finance"",""L9 Portfolio/L1 Land/site""]",[],"[""AI extraction of CRE leases and property documents""]",early_or_growth_signal,"[""early-stage""]",,Not assigned from company scale/funding; requires product-and-geography evidence.,B,"[""B""]",false,"[""Medium""]","[""A""]","[""S4""]",1,"[""https://ycombinator.com/companies/propaya""]","[""coverage_gap_additions.csv""]",1,profile_requires_editorial_review,"[""canonical_url_unresolved"",""claim_level_evidence_review_required""]"
org-property24-3a2a0bf,Property24,[],organization,default operating/legal identity,https://www.property24.com/about-us,resolved,[],active,active,false,,2026-08-30,Legacy status_as_of is preserved in assertions; it is not promoted because it usually represents the research date rather than a supported event date.,2026-08-30,South Africa,"[""South Africa""]",false,"[""South Africa and selected Africa markets""]",,"[""unknown""]",Not verified in the current source layer.,"[""listing subscriptions advertising and data""]","[""Naspers""]","[""L6"",""L9""]","[""explicit_code"",""keyword_inference""]","[""L6 Marketing/sales"",""L9 Portfolio""]",[],"[""property portal and agent/developer marketing""]",scaled_or_enterprise_signal,"[""scaleup""]",,Not assigned from company scale/funding; requires product-and-geography evidence.,B,"[""B""]",false,"[""Medium""]","[""A""]","[""S2""]",1,"[""https://property24.com/about-us""]","[""coverage_gap_additions.csv""]",1,qualified_profile_requires_claim_review,"[""claim_level_evidence_review_required""]"
org-propertyland-b1fe12b,PropertyLand,[],organization,default operating/legal identity,https://www.propertyland.co/,resolved,[],active,active,false,,2026-08-30,Legacy status_as_of is preserved in assertions; it is not promoted because it usually represents the research date rather than a supported event date.,2026-08-30,Bangladesh,"[""Bangladesh""]",false,"[""Bangladesh""]",2024,"[""2024""]",,"[""transaction-and-advisory""]","[""local-early-stage""]",[],[],"[""discover-buy-sell"",""legal-investment-consulting""]","[""discover-buy-sell"",""legal-investment-consulting""]","[""marketplace-legal-guidance""]",early_or_growth_signal,"[""early-stage""]",,Not assigned from company scale/funding; requires product-and-geography evidence.,B,"[""B""]",false,"[""possible-partner""]","[""B/D""]","[""S2""]",2,"[""https://propertyland.co/"",""https://propertyland.co/footer/about""]","[""regional_companies_agent.csv""]",1,profile_requires_editorial_review,"[""lifecycle_unmapped"",""claim_level_evidence_review_required""]"
org-prypco-be97735,PRYPCO,[],organization,default operating/legal identity,https://prypco.com/,resolved,[],active,active,false,,2026-08-30,Legacy status_as_of is preserved in assertions; it is not promoted because it usually represents the research date rather than a supported event date.,2026-08-30,United Arab Emirates,"[""United Arab Emirates""]",false,"[""Dubai-UAE""]",,"[""Unknown""]",Not verified in the current source layer.,"[""transaction-fees""]","[""DLD-tokenization-initiative""]","[""L3""]","[""keyword_inference""]","[""property-investment-finance"",""tokenized-real-estate-Golden-Visa""]",[],"[""property-fintech-tokenization""]",early_or_growth_signal,"[""early-growth""]",,Not assigned from company scale/funding; requires product-and-geography evidence.,B,"[""B""]",false,"[""regulator-connected-tokenization""]","[""B""]","[""S1"",""S2""]",3,"[""https://dubailand.gov.ae/en/news-media/dubai-land-department-achieves-world-first-with-instant-sell-out-of-tokenized-real-estate"",""https://help.prypco.com/en/articles/13740985-what-is-prypco"",""https://prypco.com/""]","[""regional_companies_agent.csv""]",1,qualified_profile_requires_claim_review,"[""claim_level_evidence_review_required""]"
org-pultegroup-8667429,PulteGroup,[],organization,default operating/legal identity,https://www.pultegroup.com/,resolved,[],active,active,false,,2026-08-30,Legacy status_as_of is preserved in assertions; it is not promoted because it usually represents the research date rather than a supported event date.,2026-08-30,United States,"[""United States""]",false,"[""North America""]",1950,"[""1950""]",,"[""standardized construction, customer segmentation, mortgage/title and warranty""]","[""Independent""]","[""L3"",""L4"",""L5"",""L6"",""L7"",""L8"",""L10""]","[""documented_legacy_shorthand""]","[""D/C/S/F/H/O"",""O/E""]",[],"[""high-volume homebuilder, active-adult and financial-services operator""]",scaled_or_enterprise_signal,"[""scale operator""]",,Not assigned from company scale/funding; requires product-and-geography evidence.,B,"[""B""]",false,"[""Completes the high-volume builder cohort and exposes customer-segment and warranty differences""]","[""B""]","[""S1"",""S2""]",3,"[""https://investor.pulte.com/"",""https://pultegroup.com/"",""https://sec.gov/Archives/edgar/data/0000822416/000082241626000018/pultegroupinc2025_ars.pdf""]","[""operator_coverage_additions.csv""]",1,qualified_profile_requires_claim_review,"[""claim_level_evidence_review_required""]"
org-qiddiya-investment-c4e1996,Qiddiya Investment Company,[],organization,default operating/legal identity,https://qiddiya.com/,resolved,[],active,active,false,,2026-08-30,Legacy status_as_of is preserved in assertions; it is not promoted because it usually represents the research date rather than a supported event date.,2026-08-30,Saudi Arabia,"[""Saudi Arabia""]",false,"[""Saudi Arabia MENA""]",2017,"[""2017""]",,"[""intelligent command centre, real-time insights, automation, destination sustainability""]","[""PIF portfolio company""]","[""L1"",""L4"",""L5"",""L7"",""L8"",""L10""]","[""documented_legacy_shorthand""]","[""L/D/C/H/O/E"",""E""]",[],"[""Saudi giga-project and destination developer/operator""]",not_assessed,"[""development-stage platform""]",,Not assigned from company scale/funding; requires product-and-geography evidence.,B,"[""B""]",false,"[""Makes destination-scale operating intelligence concrete through the Intelligent Command Centre""]","[""B""]","[""S1"",""S2""]",4,"[""https://qiddiya.com/"",""https://qiddiya.com/about/sustainability"",""https://qiddiya.com/en"",""https://spa.gov.sa/en/N2440931""]","[""operator_coverage_additions.csv""]",1,qualified_profile_requires_claim_review,"[""claim_level_evidence_review_required""]"
org-qualis-flow-6468e8b,Qualis Flow,[],organization,default operating/legal identity,https://www.qualisflow.com/,resolved,[],active,active,false,,2026-08-30,Legacy status_as_of is preserved in assertions; it is not promoted because it usually represents the research date rather than a supported event date.,2026-08-30,United Kingdom,"[""United Kingdom""]",false,"[""UK and Europe/global""]",2018,"[""2018""]",,"[""software and consulting""]","[""Pi Labs""]","[""L4"",""L5"",""L10""]","[""explicit_code"",""keyword_inference""]","[""L5 Construction"",""L4 Design/L10 ESG""]",[],"[""construction embodied-carbon measurement""]",scaled_or_enterprise_signal,"[""scaleup""]",,Not assigned from company scale/funding; requires product-and-geography evidence.,B,"[""B""]",false,"[""Medium""]","[""A""]","[""S2"",""S4""]",2,"[""https://pilabs.vc/portfolio?sort=date_desc"",""https://qualisflow.com/""]","[""coverage_gap_additions.csv""]",1,qualified_profile_requires_claim_review,"[""claim_level_evidence_review_required""]"
org-red-sea-global-b4c8daa,Red Sea Global,[],organization,default operating/legal identity,https://www.redseaglobal.com/,resolved,[],active,active,false,,2026-08-30,Legacy status_as_of is preserved in assertions; it is not promoted because it usually represents the research date rather than a supported event date.,2026-08-30,Saudi Arabia,"[""Saudi Arabia""]",false,"[""Saudi Arabia MENA Global hospitality""]",2017,"[""2017""]",,"[""renewable energy, water cycle, 5G, EV charging, biodiversity data and resort operations""]","[""PIF portfolio company""]","[""L1"",""L4"",""L5"",""L7"",""L8"",""L10""]","[""documented_legacy_shorthand""]","[""L/D/C/H/O/E"",""E""]",[],"[""Saudi sustainable destination developer/operator""]",not_assessed,"[""development-stage platform""]",,Not assigned from company scale/funding; requires product-and-geography evidence.,B,"[""B""]",false,"[""Adds a whole-destination climate and hospitality operating model with measurable infrastructure programmes""]","[""B""]","[""S2""]",4,"[""https://redseaglobal.com/"",""https://redseaglobal.com/en/responsible-development"",""https://redseaglobal.com/en/responsible-development/planet"",""https://webserver-redseaportal-prd.lfr.cloud/en/web/guest/responsible-development""]","[""operator_coverage_additions.csv""]",1,qualified_profile_requires_claim_review,"[""claim_level_evidence_review_required""]"
org-redfin-72aad9b,Redfin,[],organization,default operating/legal identity,https://www.redfin.com/,resolved,[],active,active,false,,2026-08-30,Legacy status_as_of is preserved in assertions; it is not promoted because it usually represents the research date rather than a supported event date.,2026-08-30,United States,"[""United States""]",false,"[""United States""]",,[],Not verified in the current source layer.,[],[],"[""L3"",""L6"",""L7""]","[""documented_legacy_shorthand""]","[""S/F/H""]",[],[],not_assessed,[],,Not assigned from company scale/funding; requires product-and-geography evidence.,B,"[""B""]",false,"[""Digital brokerage comparator""]","[""C""]","[""S2""]",1,"[""https://redfin.com/""]","[""global_real_estate_pioneers_agent.csv""]",1,profile_requires_editorial_review,"[""category_not_assessed"",""maturity_not_assessed"",""status_evidence_date_missing"",""claim_level_evidence_review_required""]"
org-rewa-f6d2379,Rewa,[],organization,default operating/legal identity,,discovery_profile_only,"[""https://nar-reach.com/news""]",unknown,cohort-selected,false,,2026-08-30,Legacy status_as_of is preserved in assertions; it is not promoted because it usually represents the research date rather than a supported event date.,2026-08-30,India/Middle East,"[""India/Middle East""]",false,"[""Middle East""]",,"[""Unknown""]",Not verified in the current source layer.,"[""Fintech""]","[""NAR REACH Middle East 2026""]","[""L3"",""L8""]","[""keyword_inference""]","[""Finance"",""Operations""]",[],"[""Rental payments/tenant rewards""]",early_or_growth_signal,"[""Early""]",,Not assigned from company scale/funding; requires product-and-geography evidence.,B,"[""B""]",false,"[""Low""]","[""A""]","[""S4""]",1,"[""https://nar-reach.com/news""]","[""proptech_startups_agent.csv""]",1,profile_requires_editorial_review,"[""canonical_url_unresolved"",""claim_level_evidence_review_required""]"
org-rezi-dfe4679,REZI,[],organization,default operating/legal identity,,discovery_profile_only,"[""https://ycombinator.com/companies/rezi""]",active,active,false,,2026-08-30,Legacy status_as_of is preserved in assertions; it is not promoted because it usually represents the research date rather than a supported event date.,2026-08-30,United States,"[""United States""]",false,"[""United States""]",2016,"[""2016""]",,"[""Marketplace/SaaS""]","[""YC W2017""]","[""L6"",""L8""]","[""keyword_inference""]","[""Sales"",""Operations""]",[],"[""Automated apartment leasing""]",scaled_or_enterprise_signal,"[""Scaleup""]",,Not assigned from company scale/funding; requires product-and-geography evidence.,B,"[""B""]",false,"[""Low""]","[""A""]","[""S4""]",1,"[""https://ycombinator.com/companies/rezi""]","[""proptech_startups_agent.csv""]",1,profile_requires_editorial_review,"[""canonical_url_unresolved"",""claim_level_evidence_review_required""]"
org-roshn-db6668f,ROSHN,[],organization,default operating/legal identity,https://www.roshn.sa/,resolved,[],active,active,false,,2026-08-30,Legacy status_as_of is preserved in assertions; it is not promoted because it usually represents the research date rather than a supported event date.,2026-08-30,Saudi Arabia,"[""Saudi Arabia""]",false,"[""Saudi Arabia""]",,[],Not verified in the current source layer.,[],[],"[""L1"",""L4"",""L6"",""L7"",""L8""]","[""documented_legacy_shorthand""]","[""L/D/S/H/O""]",[],[],not_assessed,[],,Not assigned from company scale/funding; requires product-and-geography evidence.,B,"[""B""]",false,"[""Regional housing and community comparator""]","[""C""]","[""S2""]",1,"[""https://roshn.sa/""]","[""global_real_estate_pioneers_agent.csv""]",1,profile_requires_editorial_review,"[""category_not_assessed"",""maturity_not_assessed"",""status_evidence_date_missing"",""claim_level_evidence_review_required""]"
org-runwise-276380c,Runwise,[],organization,default operating/legal identity,https://www.runwise.com/,resolved,[],active,active,false,,2026-08-30,Legacy status_as_of is preserved in assertions; it is not promoted because it usually represents the research date rather than a supported event date.,2026-08-30,United States,"[""United States""]",false,"[""North America""]",,"[""unknown""]",Not verified in the current source layer.,"[""managed service plus software""]","[""Independent""]","[""L8"",""L10""]","[""explicit_code"",""keyword_inference""]","[""L8 Property operations"",""L10 ESG""]",[],"[""wireless heating cooling and building-monitoring controls retrofit platform""]",scaled_or_enterprise_signal,"[""scaleup""]",,Not assigned from company scale/funding; requires product-and-geography evidence.,B,"[""B""]",false,"[""Medium-high""]","[""A""]","[""S2""]",3,"[""https://lp.runwise.com/wireless-heating-controls-demo"",""https://runwise.com/"",""https://runwise.com/faq""]","[""enterprise_platform_additions.csv""]",1,qualified_profile_requires_claim_review,"[""claim_level_evidence_review_required""]"
org-sekisui-house-50bc068,Sekisui House,[],organization,default operating/legal identity,https://www.sekisuihouse.co.jp/english/,resolved,[],active,active,false,,2026-08-30,Legacy status_as_of is preserved in assertions; it is not promoted because it usually represents the research date rather than a supported event date.,2026-08-30,Japan,"[""Japan""]",false,"[""Japan global""]",,[],Not verified in the current source layer.,[],[],"[""L4"",""L5"",""L7"",""L8"",""L10""]","[""documented_legacy_shorthand""]","[""D/C/H/O/E""]",[],[],not_assessed,[],,Not assigned from company scale/funding; requires product-and-geography evidence.,B,"[""B""]",false,"[""High-quality residential delivery comparator""]","[""C""]","[""S2""]",1,"[""https://sekisuihouse.co.jp/english""]","[""global_real_estate_pioneers_agent.csv""]",1,profile_requires_editorial_review,"[""category_not_assessed"",""maturity_not_assessed"",""status_evidence_date_missing"",""claim_level_evidence_review_required""]"
org-sharebari-9a44fdf,ShareBari,[],organization,default operating/legal identity,https://sharebari.com/,resolved,[],active,active,false,,2026-08-30,Legacy status_as_of is preserved in assertions; it is not promoted because it usually represents the research date rather than a supported event date.,2026-08-30,Bangladesh,"[""Bangladesh""]",false,"[""Bangladesh""]",,"[""Unknown""]",Not verified in the current source layer.,"[""subscription-SaaS""]","[""local-early-stage""]","[""L5""]","[""keyword_inference""]","[""shared-project-shareholder-accounting"",""documents-progress-investor-comms""]",[],"[""shareholder-governance-SaaS""]",early_or_growth_signal,"[""early-stage""]",,Not assigned from company scale/funding; requires product-and-geography evidence.,B,"[""B""]",false,"[""shared-JV-investor-transparency""]","[""B/D""]","[""S2""]",1,"[""https://sharebari.com/""]","[""regional_companies_agent.csv""]",1,qualified_profile_requires_claim_review,"[""claim_level_evidence_review_required""]"
org-sidewalk-labs-quayside-b7600cf,Sidewalk Labs / Quayside,[],project,explicit project/development descriptor,https://www.waterfrontoronto.ca/,resolved,[],inactive,inactive,false,,2026-08-30,Legacy status_as_of is preserved in assertions; it is not promoted because it usually represents the research date rather than a supported event date.,2026-08-30,Canada,"[""Canada""]",false,"[""Canada""]",,[],Not verified in the current source layer.,[],[],"[""L1"",""L4"",""L8"",""L10""]","[""documented_legacy_shorthand""]","[""L/D/O/E""]",[],[],historical_or_transitioned,[],,Not assigned from company scale/funding; requires product-and-geography evidence.,B,"[""B""]",false,"[""Failure lesson for scope, legitimacy, privacy and viability""]","[""A""]","[""S2"",""S3""]",3,"[""https://techcrunch.com/2020/05/07/sidewalk-labs-shuts-down-toronto-project"",""https://waterfrontoronto.ca/"",""https://waterfrontoronto.ca/sites/default/files/documents/plan-development-agreement-amendments-and-sidewalk-labs--termination-notice---termination-effective-date---may-17-2020.pdf""]","[""global_real_estate_pioneers_agent.csv""]",1,profile_requires_editorial_review,"[""category_not_assessed"",""maturity_not_assessed"",""status_evidence_date_missing"",""claim_level_evidence_review_required""]"
org-smartcrowd-51aef62,SmartCrowd,[],organization,default operating/legal identity,https://www.smartcrowd.ae/,resolved,[],active,active,false,,2026-08-30,Legacy status_as_of is preserved in assertions; it is not promoted because it usually represents the research date rather than a supported event date.,2026-08-30,United Arab Emirates,"[""United Arab Emirates""]",false,"[""Dubai-UAE""]",,"[""Unknown""]",Not verified in the current source layer.,"[""platform-asset-fees""]","[""DFSA-DIFC-DLD""]",[],[],"[""fractional-property-investment"",""SPV-distributions-exit""]","[""fractional-property-investment"",""SPV-distributions-exit""]","[""fractional-real-estate""]",scaled_or_enterprise_signal,"[""scale""]",,Not assigned from company scale/funding; requires product-and-geography evidence.,B,"[""B""]",false,"[""SPV-investor-transparency""]","[""B""]","[""S2""]",2,"[""https://help-center.smartcrowd.ae/en/articles/7122055-how-are-investments-structured-at-smartcrowd"",""https://smartcrowd.ae/""]","[""regional_companies_agent.csv""]",1,profile_requires_editorial_review,"[""lifecycle_unmapped"",""claim_level_evidence_review_required""]"
org-sobha-sobha-realty-73bebee,Sobha Limited / Sobha Realty,[],organization,default operating/legal identity,https://www.sobha.com/,resolved,[],active,active,false,,2026-08-30,Legacy status_as_of is preserved in assertions; it is not promoted because it usually represents the research date rather than a supported event date.,2026-08-30,,"[""India / United Arab Emirates""]",true,"[""India UAE""]",,[],Not verified in the current source layer.,[],[],"[""L4"",""L5"",""L7"",""L8"",""L10""]","[""documented_legacy_shorthand""]","[""D/C/H/O/E""]",[],[],not_assessed,[],,Not assigned from company scale/funding; requires product-and-geography evidence.,B,"[""B""]",false,"[""India/UAE vertically integrated delivery comparator""]","[""B""]","[""S2""]",4,"[""https://sobha.com/"",""https://sobha.com/investor-relations"",""https://sobhaltd.in/updates/sobha-honoured-as-real-estate-developer-of-year-residential-2025"",""https://sobharealty.com/sites/default/files/2025-07/SR%202024%20SOBHA%2031%20JULY%202025%20V2%20all_compressed.pdf""]","[""global_real_estate_pioneers_agent.csv""]",1,profile_requires_editorial_review,"[""headquarters_country_conflict"",""category_not_assessed"",""maturity_not_assessed"",""status_evidence_date_missing"",""claim_level_evidence_review_required""]"
org-stackwrap-dab4401,StackWrap,[],organization,default operating/legal identity,,discovery_profile_only,"[""https://nar-reach.com/second-century-ventures-announces-6-technology-companies-for-2026-reach-scale-up-program""]",unknown,cohort-selected,false,,2026-08-30,Legacy status_as_of is preserved in assertions; it is not promoted because it usually represents the research date rather than a supported event date.,2026-08-30,United States,"[""United States""]",false,"[""United States""]",,"[""Unknown""]",Not verified in the current source layer.,"[""SaaS""]","[""NAR REACH US Residential 2026""]","[""L8"",""L12""]","[""keyword_inference""]","[""Operations"",""Data""]",[],"[""Tech-stack command center""]",early_or_growth_signal,"[""Early""]",,Not assigned from company scale/funding; requires product-and-geography evidence.,B,"[""B""]",false,"[""Medium""]","[""A""]","[""S4""]",1,"[""https://nar-reach.com/second-century-ventures-announces-6-technology-companies-for-2026-reach-scale-up-program""]","[""proptech_startups_agent.csv""]",1,profile_requires_editorial_review,"[""canonical_url_unresolved"",""claim_level_evidence_review_required""]"
org-stairs-financial-76f4a0b,Stairs Financial,[],organization,default operating/legal identity,,discovery_profile_only,"[""https://ycombinator.com/companies/stairs-financial""]",active,active,false,,2026-08-30,Legacy status_as_of is preserved in assertions; it is not promoted because it usually represents the research date rather than a supported event date.,2026-08-30,United States,"[""United States""]",false,"[""United States""]",2022,"[""2022""]",,"[""fintech and govtech referral""]","[""Y Combinator W2022""]","[""L3"",""L6""]","[""explicit_code"",""keyword_inference""]","[""L3 Capital/finance"",""L6 Marketing/sales""]",[],"[""housing-affordability grants loans and tax-benefit discovery""]",early_or_growth_signal,"[""early-stage""]",,Not assigned from company scale/funding; requires product-and-geography evidence.,B,"[""B""]",false,"[""Medium""]","[""A""]","[""S4""]",1,"[""https://ycombinator.com/companies/stairs-financial""]","[""coverage_gap_additions.csv""]",1,profile_requires_editorial_review,"[""canonical_url_unresolved"",""claim_level_evidence_review_required""]"
org-stockland-96c6c0b,Stockland,[],organization,default operating/legal identity,https://www.stockland.com.au/,resolved,[],active,active,false,,2026-08-30,Legacy status_as_of is preserved in assertions; it is not promoted because it usually represents the research date rather than a supported event date.,2026-08-30,Australia,"[""Australia""]",false,"[""Australia""]",,[],Not verified in the current source layer.,[],[],"[""L1"",""L7"",""L8"",""L10""]","[""documented_legacy_shorthand""]","[""L/H/O/E""]",[],[],not_assessed,[],,Not assigned from company scale/funding; requires product-and-geography evidence.,B,"[""B""]",false,"[""Community developer comparator""]","[""C""]","[""S2""]",1,"[""https://stockland.com.au/""]","[""global_real_estate_pioneers_agent.csv""]",1,profile_requires_editorial_review,"[""category_not_assessed"",""maturity_not_assessed"",""status_evidence_date_missing"",""claim_level_evidence_review_required""]"
org-sublime-systems-b5e57c0,Sublime Systems,[],organization,default operating/legal identity,https://sublime-systems.com/,resolved,[],active,active,false,,2026-08-30,Legacy status_as_of is preserved in assertions; it is not promoted because it usually represents the research date rather than a supported event date.,2026-08-30,United States,"[""United States""]",false,"[""United States with global commercialization pathway""]",2020,"[""2020""]",,"[""manufactured cement partnerships and future production licensing""]",[],"[""L5"",""L10""]","[""explicit_code"",""keyword_inference""]","[""L10 ESG climate and resilience"",""L5 Construction delivery""]",[],"[""electrochemical low-carbon cement manufacturing""]",scaled_or_enterprise_signal,"[""pilot-to-commercial scaleup""]",,Not assigned from company scale/funding; requires product-and-geography evidence.,B,"[""B""]",false,"[""Represents a fundamentally different electrified cement pathway rather than incremental mix optimization""]","[""A""]","[""S2""]",3,"[""https://sublime-systems.com/"",""https://sublime-systems.com/our-process"",""https://sublime-systems.com/sublime-cement""]","[""final_residual_additions.csv""]",1,qualified_profile_requires_claim_review,"[""claim_level_evidence_review_required""]"
org-subvysion-47747d0,SubVysion,[],organization,default operating/legal identity,,discovery_profile_only,"[""https://ycombinator.com/companies/subvysion""]",active,active,false,,2026-08-30,Legacy status_as_of is preserved in assertions; it is not promoted because it usually represents the research date rather than a supported event date.,2026-08-30,United States,"[""United States""]",false,"[""United States""]",,"[""Unknown""]",Not verified in the current source layer.,"[""Hardware/data""]","[""YC S2026""]","[""L5""]","[""keyword_inference""]","[""Construction"",""Infrastructure""]",[],"[""Underground utility mapping""]",early_or_growth_signal,"[""Very early""]",,Not assigned from company scale/funding; requires product-and-geography evidence.,B,"[""B""]",false,"[""Medium""]","[""A""]","[""S4""]",1,"[""https://ycombinator.com/companies/subvysion""]","[""proptech_startups_agent.csv""]",1,profile_requires_editorial_review,"[""canonical_url_unresolved"",""claim_level_evidence_review_required""]"
org-swire-properties-64248d6,Swire Properties,[],organization,default operating/legal identity,https://www.swireproperties.com/,resolved,[],active,active,false,,2026-08-30,Legacy status_as_of is preserved in assertions; it is not promoted because it usually represents the research date rather than a supported event date.,2026-08-30,Hong Kong,"[""Hong Kong""]",false,"[""Hong Kong China Asia""]",,[],Not verified in the current source layer.,[],[],"[""L7"",""L8"",""L10""]","[""documented_legacy_shorthand""]","[""H/O/E""]",[],[],not_assessed,[],,Not assigned from company scale/funding; requires product-and-geography evidence.,B,"[""B""]",false,"[""Premium mixed-use comparator""]","[""C""]","[""S2""]",1,"[""https://swireproperties.com/""]","[""global_real_estate_pioneers_agent.csv""]",1,profile_requires_editorial_review,"[""category_not_assessed"",""maturity_not_assessed"",""status_evidence_date_missing"",""claim_level_evidence_review_required""]"
org-takeem-1d723c2,Takeem,[],organization,default operating/legal identity,,discovery_profile_only,"[""https://nar-reach.com/news""]",unknown,cohort-selected,false,,2026-08-30,Legacy status_as_of is preserved in assertions; it is not promoted because it usually represents the research date rather than a supported event date.,2026-08-30,United Arab Emirates,"[""United Arab Emirates""]",false,"[""Middle East""]",,"[""Unknown""]",Not verified in the current source layer.,"[""Marketplace/fintech""]","[""NAR REACH Middle East 2026""]","[""L3"",""L6""]","[""keyword_inference""]","[""Sales"",""Finance""]",[],"[""Digital rental platform""]",early_or_growth_signal,"[""Early""]",,Not assigned from company scale/funding; requires product-and-geography evidence.,B,"[""B""]",false,"[""Low""]","[""A""]","[""S4""]",1,"[""https://nar-reach.com/news""]","[""proptech_startups_agent.csv""]",1,profile_requires_editorial_review,"[""canonical_url_unresolved"",""claim_level_evidence_review_required""]"
org-tandem-93731a1,Tandem,[],organization,default operating/legal identity,,discovery_profile_only,"[""https://ycombinator.com/companies/tandem-2""]",active,active,false,,2026-08-30,Legacy status_as_of is preserved in assertions; it is not promoted because it usually represents the research date rather than a supported event date.,2026-08-30,United States,"[""United States""]",false,"[""United States""]",,"[""Unknown""]",Not verified in the current source layer.,"[""AI SaaS""]","[""YC S2024""]","[""L6"",""L12""]","[""keyword_inference""]","[""Sales"",""Data""]",[],"[""CRE leasing/deal data""]",early_or_growth_signal,"[""Early""]",,Not assigned from company scale/funding; requires product-and-geography evidence.,B,"[""B""]",false,"[""Medium""]","[""A""]","[""S4""]",1,"[""https://ycombinator.com/companies/tandem-2""]","[""proptech_startups_agent.csv""]",1,profile_requires_editorial_review,"[""canonical_url_unresolved"",""claim_level_evidence_review_required""]"
org-tire-swing-eca8d51,Tire Swing,[],organization,default operating/legal identity,,discovery_profile_only,"[""https://ycombinator.com/companies/tire-swing""]",active,active,false,,2026-08-30,Legacy status_as_of is preserved in assertions; it is not promoted because it usually represents the research date rather than a supported event date.,2026-08-30,United States,"[""United States""]",false,"[""United States""]",,"[""Unknown""]",Not verified in the current source layer.,"[""SaaS/AI""]","[""YC W2025""]","[""L8""]","[""keyword_inference""]","[""Operations"",""Legal""]",[],"[""Affordable-housing compliance""]",early_or_growth_signal,"[""Very early""]",,Not assigned from company scale/funding; requires product-and-geography evidence.,B,"[""B""]",false,"[""Low""]","[""A""]","[""S4""]",1,"[""https://ycombinator.com/companies/tire-swing""]","[""proptech_startups_agent.csv""]",1,profile_requires_editorial_review,"[""canonical_url_unresolved"",""claim_level_evidence_review_required""]"
org-travelio-bdec63d,Travelio,[],organization,default operating/legal identity,https://www.travelio.com/en/faq,resolved,[],active,active,false,,2026-08-30,Legacy status_as_of is preserved in assertions; it is not promoted because it usually represents the research date rather than a supported event date.,2026-08-30,Indonesia,"[""Indonesia""]",false,"[""Indonesia""]",2015,"[""2015""]",,"[""booking commissions and property management""]","[""Independent""]","[""L6"",""L7"",""L8""]","[""explicit_code"",""keyword_inference""]","[""L7 Occupancy"",""L6 Marketing/sales/L8 Property operations""]",[],"[""online rental marketplace and professionally managed apartments""]",scaled_or_enterprise_signal,"[""scaleup""]",,Not assigned from company scale/funding; requires product-and-geography evidence.,B,"[""B""]",false,"[""Medium""]","[""A""]","[""S2""]",2,"[""https://travelio.com/en/faq"",""https://travelio.com/tpm""]","[""coverage_gap_additions.csv""]",1,qualified_profile_requires_claim_review,"[""claim_level_evidence_review_required""]"
org-truzo-5012b1e,Truzo,[],organization,default operating/legal identity,https://www.truzo.app/,resolved,[],pilot,pilot,false,,2026-08-30,Legacy status_as_of is preserved in assertions; it is not promoted because it usually represents the research date rather than a supported event date.,2026-08-30,Bangladesh,"[""Bangladesh""]",false,"[""Bangladesh""]",,"[""Unknown""]",Not verified in the current source layer.,"[""project-SaaS""]","[""local-pilot""]","[""L3"",""L5""]","[""keyword_inference""]","[""proof-expenses-committee-approval"",""shareholder-payments-progress""]",[],"[""construction-governance-SaaS""]",early_or_growth_signal,"[""pilot""]",,Not assigned from company scale/funding; requires product-and-geography evidence.,B,"[""B""]",false,"[""dispute-reduction-expense-evidence""]","[""B/D""]","[""S2""]",1,"[""https://truzo.app/""]","[""regional_companies_agent.csv""]",1,qualified_profile_requires_claim_review,"[""claim_level_evidence_review_required""]"
org-turner-construction-7925c54,Turner Construction,[],organization,default operating/legal identity,https://www.turnerconstruction.com/,resolved,[],active,active,false,,2026-08-30,Legacy status_as_of is preserved in assertions; it is not promoted because it usually represents the research date rather than a supported event date.,2026-08-30,United States,"[""United States""]",false,"[""United States""]",,[],Not verified in the current source layer.,[],[],"[""L4"",""L5""]","[""documented_legacy_shorthand""]","[""D/C""]",[],[],not_assessed,[],,Not assigned from company scale/funding; requires product-and-geography evidence.,B,"[""B""]",false,"[""Construction implementation comparator""]","[""C""]","[""S2""]",1,"[""https://turnerconstruction.com/""]","[""global_real_estate_pioneers_agent.csv""]",1,profile_requires_editorial_review,"[""category_not_assessed"",""maturity_not_assessed"",""status_evidence_date_missing"",""claim_level_evidence_review_required""]"
org-unova-estate-7be6c79,Unova-Estate,[],organization,default operating/legal identity,https://www.estate.unova.bd/,resolved,[],active,active,false,,2026-08-30,Legacy status_as_of is preserved in assertions; it is not promoted because it usually represents the research date rather than a supported event date.,2026-08-30,Bangladesh,"[""Bangladesh""]",false,"[""Bangladesh""]",,"[""Unknown""]",Not verified in the current source layer.,"[""subscription-SaaS""]","[""local-AI-vendor""]","[""L1"",""L3"",""L5"",""L6""]","[""keyword_inference""]","[""CRM-inventory-booking"",""land-BOQ-construction-HR-finance""]",[],"[""AI-developer-ERP-CRM""]",early_or_growth_signal,"[""early-stage""]",,Not assigned from company scale/funding; requires product-and-geography evidence.,B,"[""B""]",false,"[""local-language-JV-PDC""]","[""B/D""]","[""S2""]",2,"[""https://estate.unova.bd/"",""https://estate.unova.bd/solutions/erp-for-real-estate-developers""]","[""regional_companies_agent.csv""]",1,qualified_profile_requires_claim_review,"[""claim_level_evidence_review_required""]"
org-veev-by-lennar-844d2b1,Veev by Lennar,[],organization,default operating/legal identity,https://www.veev.com/,resolved,[],active,active,false,,2026-08-30,Legacy status_as_of is preserved in assertions; it is not promoted because it usually represents the research date rather than a supported event date.,2026-08-30,United States,"[""United States""]",false,"[""United States""]",,[],Not verified in the current source layer.,[],[],"[""L4"",""L5""]","[""documented_legacy_shorthand""]","[""D/C""]",[],[],not_assessed,[],,Not assigned from company scale/funding; requires product-and-geography evidence.,B,"[""B""]",false,"[""Shows capability can survive strategic integration""]","[""B""]","[""S2""]",3,"[""https://lennar.com/about/companies"",""https://veev.com/"",""https://veev.com/about-us""]","[""global_real_estate_pioneers_agent.csv""]",1,profile_requires_editorial_review,"[""category_not_assessed"",""maturity_not_assessed"",""status_evidence_date_missing"",""claim_level_evidence_review_required""]"
org-vinci-0e581b1,VINCI,[],organization,default operating/legal identity,https://www.vinci.com/,resolved,[],active,active,false,,2026-08-30,Legacy status_as_of is preserved in assertions; it is not promoted because it usually represents the research date rather than a supported event date.,2026-08-30,France,"[""France""]",false,"[""Global""]",,[],Not verified in the current source layer.,[],[],"[""L4"",""L5"",""L8"",""L10""]","[""documented_legacy_shorthand""]","[""D/C/O/E""]",[],[],not_assessed,[],,Not assigned from company scale/funding; requires product-and-geography evidence.,B,"[""B""]",false,"[""Scale and decentralised implementation benchmark""]","[""A""]","[""S2""]",3,"[""https://vinci-construction.com/en/engagements/innovation_eng"",""https://vinci.com/"",""https://vinci.com/en/faq""]","[""global_real_estate_pioneers_agent.csv""]",1,profile_requires_editorial_review,"[""category_not_assessed"",""maturity_not_assessed"",""status_evidence_date_missing"",""claim_level_evidence_review_required""]"
org-vonovia-41d0ca4,Vonovia,[],organization,default operating/legal identity,https://www.vonovia.com/en/,resolved,[],active,active,false,,2026-08-30,Legacy status_as_of is preserved in assertions; it is not promoted because it usually represents the research date rather than a supported event date.,2026-08-30,Germany,"[""Germany""]",false,"[""Europe""]",2001,"[""2001""]",,"[""mass-rental operations, refurbishment, smart energy, automation and tenant service""]","[""Independent""]","[""L1"",""L6"",""L7"",""L8"",""L10""]","[""documented_legacy_shorthand""]","[""L/S/H/O/E"",""F""]",[],"[""European residential owner/operator and services platform""]",scaled_or_enterprise_signal,"[""scale operator""]",,Not assigned from company scale/funding; requires product-and-geography evidence.,B,"[""B""]",false,"[""Adds the missing European mass-rental operating model and a portfolio-scale energy/refurbishment benchmark""]","[""B""]","[""S2""]",3,"[""https://vonovia.com/en"",""https://vonovia.com/en/content/download/310373/file/Vonovia_SE_Annual_Report_2025.pdf"",""https://vonovia.com/en/investors/news-and-publications/results-presentations""]","[""operator_coverage_additions.csv""]",1,qualified_profile_requires_claim_review,"[""claim_level_evidence_review_required""]"
org-vts-42d9767,VTS,[],organization,default operating/legal identity,https://www.vts.com/,resolved,[],active,active,false,,2026-08-30,Legacy status_as_of is preserved in assertions; it is not promoted because it usually represents the research date rather than a supported event date.,2026-08-30,United States,"[""United States""]",false,"[""Global""]",,[],Not verified in the current source layer.,[],[],"[""L6"",""L7"",""L8""]","[""documented_legacy_shorthand""]","[""S/H/O""]",[],[],not_assessed,[],,Not assigned from company scale/funding; requires product-and-geography evidence.,B,"[""B""]",false,"[""Potential commercial leasing data layer""]","[""C""]","[""S2""]",1,"[""https://vts.com/""]","[""global_real_estate_pioneers_agent.csv""]",1,profile_requires_editorial_review,"[""category_not_assessed"",""maturity_not_assessed"",""status_evidence_date_missing"",""claim_level_evidence_review_required""]"
org-wakecap-a08c5b1,WakeCap,[],organization,default operating/legal identity,https://www.wakecap.com/,resolved,[],active,active,false,,2026-08-30,Legacy status_as_of is preserved in assertions; it is not promoted because it usually represents the research date rather than a supported event date.,2026-08-30,Saudi Arabia,"[""Saudi Arabia""]",false,"[""Saudi-Arabia-UAE-US-Japan""]",,"[""Unknown""]",Not verified in the current source layer.,"[""hardware-SaaS-partnerships""]","[""Saudi-contech""]","[""L5""]","[""keyword_inference""]","[""site-workforce-equipment-visibility"",""safety-reality-capture""]",[],"[""IoT-construction-operations""]",scaled_or_enterprise_signal,"[""scale""]",,Not assigned from company scale/funding; requires product-and-geography evidence.,B,"[""B""]",false,"[""site-evidence-safety""]","[""B""]","[""S2""]",3,"[""https://wakecap.com/"",""https://wakecap.com/news-and-events/wakecap-acquires-crews-by-core"",""https://wakecap.com/news-and-events/wakecap-openspace-partnership""]","[""regional_companies_agent.csv""]",1,qualified_profile_requires_claim_review,"[""claim_level_evidence_review_required""]"
org-watad-43c1925,Watad,[],organization,default operating/legal identity,,discovery_profile_only,"[""https://nar-reach.com/news""]",unknown,cohort-selected,false,,2026-08-30,Legacy status_as_of is preserved in assertions; it is not promoted because it usually represents the research date rather than a supported event date.,2026-08-30,United Arab Emirates,"[""United Arab Emirates""]",false,"[""Middle East""]",,"[""Unknown""]",Not verified in the current source layer.,"[""Marketplace/fintech""]","[""NAR REACH Middle East 2026""]","[""L3"",""L5""]","[""keyword_inference""]","[""Procurement"",""Finance""]",[],"[""Building-material procurement with embedded finance""]",early_or_growth_signal,"[""Early""]",,Not assigned from company scale/funding; requires product-and-geography evidence.,B,"[""B""]",false,"[""High""]","[""A""]","[""S4""]",1,"[""https://nar-reach.com/news""]","[""proptech_startups_agent.csv""]",1,profile_requires_editorial_review,"[""canonical_url_unresolved"",""claim_level_evidence_review_required""]"
org-wereno-34fab03,WeReno,[],organization,default operating/legal identity,,discovery_profile_only,"[""https://ycombinator.com/companies/wereno""]",active,active,false,,2026-08-30,Legacy status_as_of is preserved in assertions; it is not promoted because it usually represents the research date rather than a supported event date.,2026-08-30,Canada,"[""Canada""]",false,"[""Canada and North America""]",2022,"[""2022""]",,"[""AI SaaS and services""]","[""Y Combinator W2022""]","[""L5"",""L8""]","[""explicit_code"",""keyword_inference""]","[""L5 Construction"",""L8 Property operations""]",[],"[""AI owner's representative for renovations and capital projects""]",early_or_growth_signal,"[""early-growth""]",,Not assigned from company scale/funding; requires product-and-geography evidence.,B,"[""B""]",false,"[""Medium""]","[""A""]","[""S4""]",1,"[""https://ycombinator.com/companies/wereno""]","[""coverage_gap_additions.csv""]",1,profile_requires_editorial_review,"[""canonical_url_unresolved"",""claim_level_evidence_review_required""]"
org-wework-8768417,WeWork,[],organization,default operating/legal identity,https://www.wework.com/,resolved,[],pivoted,restructured,false,,2026-08-30,Legacy status_as_of is preserved in assertions; it is not promoted because it usually represents the research date rather than a supported event date.,2026-08-30,United States,"[""United States""]",false,"[""Global""]",,[],Not verified in the current source layer.,[],[],"[""L3"",""L6"",""L7"",""L8""]","[""documented_legacy_shorthand""]","[""S/H/O/F""]",[],[],historical_or_transitioned,[],,Not assigned from company scale/funding; requires product-and-geography evidence.,B,"[""B""]",false,"[""Failure lesson for fixed leases, utilisation and capital structure""]","[""A""]","[""S1"",""S2""]",3,"[""https://njb.uscourts.gov/wework"",""https://sec.gov/Archives/edgar/data/1813756/000119312523274596/d295389d8k.htm"",""https://wework.com/""]","[""global_real_estate_pioneers_agent.csv""]",1,profile_requires_editorial_review,"[""category_not_assessed"",""maturity_not_assessed"",""status_evidence_date_missing"",""claim_level_evidence_review_required""]"
org-zenatix-bb347b7,Zenatix,[],organization,default operating/legal identity,https://www.zenatix.com/,resolved,[],active,active,false,,2026-08-30,Legacy status_as_of is preserved in assertions; it is not promoted because it usually represents the research date rather than a supported event date.,2026-08-30,India,"[""India""]",false,"[""India""]",,"[""Unknown""]",Not verified in the current source layer.,"[""hardware-SaaS""]","[""Schneider-Electric""]","[""L10""]","[""keyword_inference""]","[""building-energy-monitoring"",""IoT-analytics-efficiency""]",[],"[""smart-building-energy""]",scaled_or_enterprise_signal,"[""scale""]",,Not assigned from company scale/funding; requires product-and-geography evidence.,B,"[""B""]",false,"[""energy-management""]","[""B""]","[""S2""]",2,"[""https://zenatix.com/"",""https://zenatix.com/about""]","[""regional_companies_agent.csv""]",1,qualified_profile_requires_claim_review,"[""claim_level_evidence_review_required""]"
org-zestyai-c21da1c,ZestyAI,[],organization,default operating/legal identity,https://zesty.ai/,resolved,[],active,active,false,,2026-08-30,Legacy status_as_of is preserved in assertions; it is not promoted because it usually represents the research date rather than a supported event date.,2026-08-30,United States,"[""United States""]",false,"[""United States""]",,"[""unknown""]",Not verified in the current source layer.,"[""AI SaaS and services""]","[""Independent""]","[""L1"",""L8"",""L9"",""L10""]","[""explicit_code"",""keyword_inference""]","[""L10 ESG"",""L1 Land/site/L8 Property operations/L9 Portfolio""]",[],"[""AI property risk intelligence for insurance inspection and mitigation""]",scaled_or_enterprise_signal,"[""scaleup""]",,Not assigned from company scale/funding; requires product-and-geography evidence.,B,"[""B""]",false,"[""Medium-high""]","[""B""]","[""S2""]",1,"[""https://zesty.ai/""]","[""enterprise_platform_additions.csv""]",1,qualified_profile_requires_claim_review,"[""claim_level_evidence_review_required""]"
org-alchemist-built-world-adjacent-portfolio-c108545,Alchemist built-world adjacent portfolio,[],program_ecosystem,reviewed name or entity-type rule,https://www.alchemistaccelerator.com/portfolio-2,resolved,[],active,active,false,,2026-08-30,Legacy status_as_of is preserved in assertions; it is not promoted because it usually represents the research date rather than a supported event date.,2026-08-30,United States,"[""United States""]",false,"[""Global""]",2012,"[""2012""]",,"[""Portfolio/program""]","[""Alchemist""]","[""L5""]","[""keyword_inference""]","[""Construction"",""AI""]",[],"[""Enterprise/deeptech ecosystem index""]",program_or_index,"[""Portfolio index""]",,Not assigned from company scale/funding; requires product-and-geography evidence.,C,"[""C""]",false,"[""Medium""]","[""A""]","[""S2""]",1,"[""https://alchemistaccelerator.com/portfolio-2""]","[""proptech_startups_agent.csv""]",1,discovery_program,"[""claim_level_evidence_review_required""]"
org-ampd-energy-d47df2a,Ampd Energy,[],organization,default operating/legal identity,https://www.ampd.energy/,resolved,[],active,active,false,,2026-08-30,Legacy status_as_of is preserved in assertions; it is not promoted because it usually represents the research date rather than a supported event date.,2026-08-30,Australia,"[""Australia""]",false,"[""Asia/global""]",,"[""Unknown""]",Not verified in the current source layer.,"[""Hardware plus software""]","[""Taronga RealTechX""]","[""L5"",""L10""]","[""keyword_inference""]","[""Construction"",""Climate""]",[],"[""Construction batteries""]",scaled_or_enterprise_signal,"[""Scaleup""]",,Not assigned from company scale/funding; requires product-and-geography evidence.,C,"[""C""]",false,"[""Medium""]","[""B""]","[""S2"",""S4""]",2,"[""https://ampd.energy/"",""https://tarongagroup.com/realtechx""]","[""proptech_startups_agent.csv""]",1,watchlist_profile,"[""claim_level_evidence_review_required""]"
org-apply-design-73f51a0,Apply Design,[],organization,default operating/legal identity,,discovery_profile_only,"[""https://ycombinator.com/companies/apply-design""]",active,active,false,,2026-08-30,Legacy status_as_of is preserved in assertions; it is not promoted because it usually represents the research date rather than a supported event date.,2026-08-30,Israel,"[""Israel""]",false,"[""Global""]",2022,"[""2022""]",,"[""subscription SaaS""]","[""Y Combinator S2022""]","[""L6"",""L11""]","[""explicit_code"",""keyword_inference""]","[""L6 Marketing/sales"",""L11 Handover/end-of-life""]",[],"[""AI virtual staging for property marketing""]",scaled_or_enterprise_signal,"[""scaleup""]",,Not assigned from company scale/funding; requires product-and-geography evidence.,C,"[""C""]",false,"[""Low-medium""]","[""A""]","[""S4""]",1,"[""https://ycombinator.com/companies/apply-design""]","[""coverage_gap_additions.csv""]",1,profile_requires_editorial_review,"[""canonical_url_unresolved"",""claim_level_evidence_review_required""]"
org-archilabs-8f4d23e,ArchiLabs,[],organization,default operating/legal identity,,discovery_profile_only,"[""https://ycombinator.com/companies/archilabs""]",unknown,unknown,false,,2026-08-30,Legacy status_as_of is preserved in assertions; it is not promoted because it usually represents the research date rather than a supported event date.,2026-08-30,United States,"[""United States""]",false,"[""Global/unknown""]",,[],Not verified in the current source layer.,[],[],"[""L4"",""L5""]","[""documented_legacy_shorthand""]","[""D/C""]",[],[],not_assessed,[],,Not assigned from company scale/funding; requires product-and-geography evidence.,C,"[""C""]",false,"[""Potential data-centre design pilot""]","[""D""]","[""S4""]",1,"[""https://ycombinator.com/companies/archilabs""]","[""global_real_estate_pioneers_agent.csv""]",1,profile_requires_editorial_review,"[""canonical_url_unresolved"",""category_not_assessed"",""maturity_not_assessed"",""status_evidence_date_missing"",""claim_level_evidence_review_required""]"
org-bpc-2d7019e,BPC,[],organization,default operating/legal identity,,unresolved,[],stealth_unclear,unclear,false,,2026-08-30,Legacy status_as_of is preserved in assertions; it is not promoted because it usually represents the research date rather than a supported event date.,2026-08-30,Bangladesh,"[""Bangladesh""]",false,"[""Unknown""]",,"[""Unknown""]",Not verified in the current source layer.,"[""Unknown""]","[""identity-unresolved""]",[],[],"[""Unknown"",""Unknown""]","[""Unknown""]","[""unresolved""]",not_assessed,"[""Unknown""]",,Not assigned from company scale/funding; requires product-and-geography evidence.,C,"[""C""]",false,"[""exclude-until-legal-identity""]","[""D""]","[""S3""]",1,"[""https://wikipedia.org/wiki/BPC""]","[""regional_companies_agent.csv""]",1,profile_requires_editorial_review,"[""status_conflict"",""canonical_url_unresolved"",""lifecycle_unmapped"",""claim_level_evidence_review_required""]"
org-brick-and-mortar-ventures-portfolio-8dcb652,Brick & Mortar Ventures portfolio,[],program_ecosystem,reviewed name or entity-type rule,https://brickmortar.vc/portfolio,resolved,[],active,active,false,,2026-08-30,Legacy status_as_of is preserved in assertions; it is not promoted because it usually represents the research date rather than a supported event date.,2026-08-30,United States,"[""United States""]",false,"[""Global""]",2015,"[""2015""]",,"[""Portfolio""]","[""Brick & Mortar Ventures""]","[""L5"",""L8""]","[""keyword_inference""]","[""Construction"",""Facilities""]",[],"[""AEC/FM VC ecosystem index""]",program_or_index,"[""Portfolio index""]",,Not assigned from company scale/funding; requires product-and-geography evidence.,C,"[""C""]",false,"[""High""]","[""A""]","[""S4""]",1,"[""https://brickmortar.vc/portfolio""]","[""proptech_startups_agent.csv""]",1,discovery_program,"[""claim_level_evidence_review_required""]"
org-buildingconnected-001c81a,BuildingConnected,[],organization,default operating/legal identity,https://construction.autodesk.com/products/buildingconnected/,resolved,[],acquired,acquired,false,,2026-08-30,Legacy status_as_of is preserved in assertions; it is not promoted because it usually represents the research date rather than a supported event date.,2026-08-30,United States,"[""United States""]",false,"[""Global""]",2012,"[""2012""]",,"[""Marketplace/SaaS""]","[""Brick & Mortar""]","[""L5""]","[""keyword_inference""]","[""Procurement"",""Construction""]",[],"[""Construction bidding""]",historical_or_transitioned,"[""Acquired""]",,Not assigned from company scale/funding; requires product-and-geography evidence.,C,"[""C""]",false,"[""Medium""]","[""A""]","[""S2"",""S4""]",2,"[""https://brickmortar.vc/portfolio"",""https://construction.autodesk.com/products/buildingconnected""]","[""proptech_startups_agent.csv""]",1,watchlist_profile,"[""claim_level_evidence_review_required""]"
org-cobblestone-e6f3985,Cobblestone,[],organization,default operating/legal identity,,discovery_profile_only,"[""https://ycombinator.com/companies/cobblestone""]",acquired,acquired,false,,2026-08-30,Legacy status_as_of is preserved in assertions; it is not promoted because it usually represents the research date rather than a supported event date.,2026-08-30,United States,"[""United States""]",false,"[""United States""]",,"[""Unknown""]",Not verified in the current source layer.,"[""SaaS""]","[""YC W2023""]","[""L3"",""L8""]","[""keyword_inference""]","[""Operations"",""Finance""]",[],"[""Landlord fraud/delinquency""]",historical_or_transitioned,"[""Acquired""]",,Not assigned from company scale/funding; requires product-and-geography evidence.,C,"[""C""]",false,"[""Low""]","[""A""]","[""S4""]",1,"[""https://ycombinator.com/companies/cobblestone""]","[""proptech_startups_agent.csv""]",1,profile_requires_editorial_review,"[""canonical_url_unresolved"",""claim_level_evidence_review_required""]"
org-easyknock-980472f,EasyKnock,[],organization,default operating/legal identity,https://easyknock.com/,resolved,[],inactive,inactive,false,,2026-08-30,Legacy status_as_of is preserved in assertions; it is not promoted because it usually represents the research date rather than a supported event date.,2026-08-30,United States,"[""United States""]",false,"[""United States""]",2016,"[""2016""]",,"[""Asset-backed service""]","[""Independent""]","[""L3"",""L6""]","[""keyword_inference""]","[""Finance"",""Sales""]",[],"[""Sale-leaseback proptech""]",historical_or_transitioned,"[""Shut down""]",,Not assigned from company scale/funding; requires product-and-geography evidence.,C,"[""C""]",false,"[""Low""]","[""B""]","[""S2""]",2,"[""https://easyknock.com/"",""https://therealdeal.com/national/2024/12/09/easyknock-suddenly-shuts-down""]","[""proptech_startups_agent.csv""]",1,watchlist_profile,"[""claim_level_evidence_review_required""]"
org-equipmentshare-b7b2fd1,EquipmentShare,[],organization,default operating/legal identity,https://www.equipmentshare.com/,resolved,"[""https://ycombinator.com/companies/industry/real-estate-and-construction""]",active,active,false,,2026-08-30,Legacy status_as_of is preserved in assertions; it is not promoted because it usually represents the research date rather than a supported event date.,2026-08-30,United States,"[""United States""]",false,"[""United States global""]",,[],Not verified in the current source layer.,[],[],"[""L3"",""L5"",""L8""]","[""documented_legacy_shorthand""]","[""C/O/F""]",[],[],not_assessed,[],,Not assigned from company scale/funding; requires product-and-geography evidence.,C,"[""C""]",false,"[""Construction fleet-data comparator""]","[""D""]","[""S2"",""S4""]",2,"[""https://equipmentshare.com/"",""https://ycombinator.com/companies/industry/real-estate-and-construction""]","[""global_real_estate_pioneers_agent.csv""]",1,profile_requires_editorial_review,"[""category_not_assessed"",""maturity_not_assessed"",""status_evidence_date_missing"",""claim_level_evidence_review_required""]"
org-fieldwire-4bfc09b,Fieldwire,[],organization,default operating/legal identity,https://www.fieldwire.com/,resolved,[],acquired,acquired,false,,2026-08-30,Legacy status_as_of is preserved in assertions; it is not promoted because it usually represents the research date rather than a supported event date.,2026-08-30,United States,"[""United States""]",false,"[""Global""]",2013,"[""2013""]",,"[""SaaS""]","[""Brick & Mortar""]","[""L5"",""L8""]","[""keyword_inference""]","[""Construction"",""Operations""]",[],"[""Field construction management""]",historical_or_transitioned,"[""Acquired""]",,Not assigned from company scale/funding; requires product-and-geography evidence.,C,"[""C""]",false,"[""Medium""]","[""A""]","[""S2"",""S4""]",2,"[""https://brickmortar.vc/portfolio"",""https://fieldwire.com/""]","[""proptech_startups_agent.csv""]",1,watchlist_profile,"[""claim_level_evidence_review_required""]"
org-fifth-wall-portfolio-17b20c3,Fifth Wall portfolio,[],program_ecosystem,reviewed name or entity-type rule,https://www.fifthwall.com/portfolio,resolved,[],active,active,false,,2026-08-30,Legacy status_as_of is preserved in assertions; it is not promoted because it usually represents the research date rather than a supported event date.,2026-08-30,United States,"[""United States""]",false,"[""Global""]",2016,"[""2016""]",,"[""Portfolio""]","[""Fifth Wall""]","[""L10"",""L12""]","[""keyword_inference""]","[""Data"",""Climate""]",[],"[""Built-world VC ecosystem index""]",program_or_index,"[""Portfolio index""]",,Not assigned from company scale/funding; requires product-and-geography evidence.,C,"[""C""]",false,"[""Medium""]","[""A""]","[""S4""]",1,"[""https://fifthwall.com/portfolio""]","[""proptech_startups_agent.csv""]",1,discovery_program,"[""claim_level_evidence_review_required""]"
org-fresco-c724191,Fresco,[],organization,default operating/legal identity,,discovery_profile_only,"[""https://ycombinator.com/companies/industry/real-estate-and-construction""]",unknown,unknown,false,,2026-08-30,Legacy status_as_of is preserved in assertions; it is not promoted because it usually represents the research date rather than a supported event date.,2026-08-30,United States,"[""United States""]",false,"[""United States""]",,[],Not verified in the current source layer.,[],[],[],[],"[""C""]","[""C""]",[],not_assessed,[],,Not assigned from company scale/funding; requires product-and-geography evidence.,C,"[""C""]",false,"[""Potential estimating pilot""]","[""D""]","[""S4""]",1,"[""https://ycombinator.com/companies/industry/real-estate-and-construction""]","[""global_real_estate_pioneers_agent.csv""]",1,profile_requires_editorial_review,"[""canonical_url_unresolved"",""lifecycle_unmapped"",""category_not_assessed"",""maturity_not_assessed"",""status_evidence_date_missing"",""claim_level_evidence_review_required""]"
org-housmart-propocloud-a0ab301,Housmart-PropoCloud,[],organization,default operating/legal identity,https://www.j-vgi.co.jp/en/news/housmart211008,resolved,[],acquired,acquired,false,,2026-08-30,Legacy status_as_of is preserved in assertions; it is not promoted because it usually represents the research date rather than a supported event date.,2026-08-30,Japan,"[""Japan""]",false,"[""Japan""]",2014,"[""2014""]",,"[""SaaS""]","[""GA-acquisition-2024""]","[""L6""]","[""keyword_inference""]","[""broker-lead-nurture"",""automated-property-matching""]",[],"[""real-estate-sales-SaaS""]",historical_or_transitioned,"[""acquired""]",,Not assigned from company scale/funding; requires product-and-geography evidence.,C,"[""C""]",false,"[""acquisition-case-study""]","[""C""]","[""S2""]",2,"[""https://edinetdb.jp/company/E34177/text?fy=2024"",""https://j-vgi.co.jp/en/news/housmart211008""]","[""regional_companies_agent.csv""]",1,watchlist_profile,"[""claim_level_evidence_review_required""]"
org-inspace-a027d14,Inspace,[],organization,default operating/legal identity,https://inspace.io/,resolved,[],active,active,false,,2026-08-30,Legacy status_as_of is preserved in assertions; it is not promoted because it usually represents the research date rather than a supported event date.,2026-08-30,Australia,"[""Australia""]",false,"[""Global""]",,"[""Unknown""]",Not verified in the current source layer.,"[""SaaS/services""]","[""Taronga RealTechX""]","[""L4"",""L6""]","[""keyword_inference""]","[""Sales"",""Design""]",[],"[""3D visualization""]",scaled_or_enterprise_signal,"[""Scaleup""]",,Not assigned from company scale/funding; requires product-and-geography evidence.,C,"[""C""]",false,"[""Medium""]","[""B""]","[""S2"",""S4""]",2,"[""https://inspace.io/"",""https://tarongagroup.com/realtechx""]","[""proptech_startups_agent.csv""]",1,watchlist_profile,"[""claim_level_evidence_review_required""]"
org-karmen-a81d410,Karmen,[],organization,default operating/legal identity,,discovery_profile_only,"[""https://ycombinator.com/companies/industry/real-estate-and-construction""]",unknown,unknown,false,,2026-08-30,Legacy status_as_of is preserved in assertions; it is not promoted because it usually represents the research date rather than a supported event date.,2026-08-30,,[],false,"[""United States / unknown""]",,[],Not verified in the current source layer.,[],[],[],[],"[""C""]","[""C""]",[],not_assessed,[],,Not assigned from company scale/funding; requires product-and-geography evidence.,C,"[""C""]",false,"[""Potential JCX schedule-risk pilot""]","[""D""]","[""S4""]",1,"[""https://ycombinator.com/companies/industry/real-estate-and-construction""]","[""global_real_estate_pioneers_agent.csv""]",1,profile_requires_editorial_review,"[""canonical_url_unresolved"",""lifecycle_unmapped"",""category_not_assessed"",""maturity_not_assessed"",""status_evidence_date_missing"",""claim_level_evidence_review_required""]"
org-localize-ec8bde7,Localize,[],organization,default operating/legal identity,https://www.localize.city/,resolved,[],inactive,inactive,false,,2026-08-30,Legacy status_as_of is preserved in assertions; it is not promoted because it usually represents the research date rather than a supported event date.,2026-08-30,Israel,"[""Israel""]",false,"[""Israel/US""]",2016,"[""2016""]",,"[""Data/SaaS""]","[""Independent""]","[""L6"",""L12""]","[""keyword_inference""]","[""Data"",""Sales""]",[],"[""Property data and buyer tools""]",historical_or_transitioned,"[""Regional shutdown""]",,Not assigned from company scale/funding; requires product-and-geography evidence.,C,"[""C""]",false,"[""Low""]","[""B""]","[""S2""]",2,"[""https://calcalistech.com/ctechnews/article/sypuszzjr"",""https://localize.city/""]","[""proptech_startups_agent.csv""]",1,watchlist_profile,"[""claim_level_evidence_review_required""]"
org-metaprop-portfolio-bda9b60,MetaProp portfolio,[],program_ecosystem,reviewed name or entity-type rule,https://www.metaprop.com/portfolio,resolved,[],active,active,false,,2026-08-30,Legacy status_as_of is preserved in assertions; it is not promoted because it usually represents the research date rather than a supported event date.,2026-08-30,United States,"[""United States""]",false,"[""Global""]",2015,"[""2015""]",,"[""Portfolio""]","[""MetaProp""]","[""L3"",""L12""]","[""keyword_inference""]","[""Data"",""Finance""]",[],"[""PropTech VC ecosystem index""]",program_or_index,"[""Portfolio index""]",,Not assigned from company scale/funding; requires product-and-geography evidence.,C,"[""C""]",false,"[""Medium""]","[""A""]","[""S4""]",2,"[""https://metaprop.com/"",""https://metaprop.com/portfolio""]","[""proptech_startups_agent.csv""]",1,discovery_program,"[""claim_level_evidence_review_required""]"
org-nar-reach-portfolio-068d892,NAR REACH portfolio,[],program_ecosystem,reviewed name or entity-type rule,,discovery_profile_only,"[""https://nar-reach.com/""]",active,active,false,,2026-08-30,Legacy status_as_of is preserved in assertions; it is not promoted because it usually represents the research date rather than a supported event date.,2026-08-30,United States,"[""United States""]",false,"[""Global""]",2013,"[""2013""]",,"[""Portfolio/program""]","[""NAR/Second Century Ventures""]","[""L3"",""L6""]","[""keyword_inference""]","[""Sales"",""Transaction""]",[],"[""Real-estate accelerator ecosystem index""]",program_or_index,"[""Portfolio index""]",,Not assigned from company scale/funding; requires product-and-geography evidence.,C,"[""C""]",false,"[""Medium""]","[""A""]","[""S4""]",1,"[""https://nar-reach.com/""]","[""proptech_startups_agent.csv""]",1,discovery_program,"[""canonical_url_unresolved"",""claim_level_evidence_review_required""]"
org-nobroker-efe14d3,NoBroker,[],organization,default operating/legal identity,https://www.nobroker.in/,resolved,[],active,active,false,,2026-08-30,Legacy status_as_of is preserved in assertions; it is not promoted because it usually represents the research date rather than a supported event date.,2026-08-30,India,"[""India""]",false,"[""India""]",2014,"[""2014""]",,"[""service-fees-subscriptions""]","[""Indian-proptech-scaleup""]","[""L6""]","[""keyword_inference""]","[""owner-buyer-renter-marketplace"",""property-society-services""]",[],"[""consumer-marketplace""]",scaled_or_enterprise_signal,"[""scale""]",,Not assigned from company scale/funding; requires product-and-geography evidence.,C,"[""C""]",false,"[""self-service-and-monetization-caution""]","[""B/C""]","[""S2""]",3,"[""https://assets.nobroker.in/static/img/press/nb_in_chennai.pdf"",""https://nobroker.in/"",""https://nobroker.in/forum/wp-content/uploads/2026/01/NoBroker_Realestate_Report_2025_compressed.pdf""]","[""regional_companies_agent.csv""]",1,watchlist_profile,"[""claim_level_evidence_review_required""]"
org-pi-labs-portfolio-188a1d3,Pi Labs portfolio,[],program_ecosystem,reviewed name or entity-type rule,https://pilabs.vc/portfolio?sort=date_desc,resolved,[],active,active,false,,2026-08-30,Legacy status_as_of is preserved in assertions; it is not promoted because it usually represents the research date rather than a supported event date.,2026-08-30,United Kingdom,"[""United Kingdom""]",false,"[""Global""]",2015,"[""2015""]",,"[""Portfolio""]","[""Pi Labs""]","[""L10"",""L12""]","[""keyword_inference""]","[""Data"",""Climate""]",[],"[""PropTech ecosystem index""]",program_or_index,"[""Portfolio index""]",,Not assigned from company scale/funding; requires product-and-geography evidence.,C,"[""C""]",false,"[""Medium""]","[""A""]","[""S4""]",1,"[""https://pilabs.vc/portfolio?sort=date_desc""]","[""proptech_startups_agent.csv""]",1,discovery_program,"[""claim_level_evidence_review_required""]"
org-plan0-ai-b7d6d9e,PLAN0 AI,[],organization,default operating/legal identity,,discovery_profile_only,"[""https://ycombinator.com/companies/industry/real-estate-and-construction""]",unknown,unknown,false,,2026-08-30,Legacy status_as_of is preserved in assertions; it is not promoted because it usually represents the research date rather than a supported event date.,2026-08-30,,[],false,"[""United States / unknown""]",,[],Not verified in the current source layer.,[],[],"[""L1"",""L3"",""L4"",""L5""]","[""documented_legacy_shorthand""]","[""L/D/C/F""]",[],[],not_assessed,[],,Not assigned from company scale/funding; requires product-and-geography evidence.,C,"[""C""]",false,"[""Potential JCX cost-intelligence pilot""]","[""D""]","[""S4""]",1,"[""https://ycombinator.com/companies/industry/real-estate-and-construction""]","[""global_real_estate_pioneers_agent.csv""]",1,profile_requires_editorial_review,"[""canonical_url_unresolved"",""category_not_assessed"",""maturity_not_assessed"",""status_evidence_date_missing"",""claim_level_evidence_review_required""]"
org-plangrid-378edb8,PlanGrid,[],organization,default operating/legal identity,https://www.plangrid.com/,resolved,[],acquired,acquired,false,,2026-08-30,Legacy status_as_of is preserved in assertions; it is not promoted because it usually represents the research date rather than a supported event date.,2026-08-30,United States,"[""United States""]",false,"[""Global""]",2011,"[""2011""]",,"[""Enterprise SaaS""]","[""Brick & Mortar""]","[""L4"",""L5""]","[""keyword_inference""]","[""Construction"",""Design""]",[],"[""Field construction software""]",historical_or_transitioned,"[""Acquired""]",,Not assigned from company scale/funding; requires product-and-geography evidence.,C,"[""C""]",false,"[""Medium""]","[""A""]","[""S2"",""S4""]",2,"[""https://brickmortar.vc/portfolio"",""https://plangrid.com/""]","[""proptech_startups_agent.csv""]",1,watchlist_profile,"[""claim_level_evidence_review_required""]"
org-plug-and-play-real-estate-and-construction-d45b0c2,Plug and Play Real Estate & Construction,[],program_ecosystem,reviewed name or entity-type rule,https://welcome.plugandplaytechcenter.com/investment-portfolio,resolved,[],active,active,false,,2026-08-30,Legacy status_as_of is preserved in assertions; it is not promoted because it usually represents the research date rather than a supported event date.,2026-08-30,United States,"[""United States""]",false,"[""Global""]",2006,"[""2006""]",,"[""Portfolio/program""]","[""Plug and Play""]","[""L5"",""L12""]","[""keyword_inference""]","[""Data"",""Construction""]",[],"[""Accelerator ecosystem index""]",program_or_index,"[""Portfolio index""]",,Not assigned from company scale/funding; requires product-and-geography evidence.,C,"[""C""]",false,"[""Medium""]","[""A""]","[""S2""]",2,"[""https://welcome.plugandplaytechcenter.com/hubfs/Mobility%20SV%20Folder/June%20Summit%202025%20Decks/Real%20Estate%20%26%20Construction%20Expo.pdf"",""https://welcome.plugandplaytechcenter.com/investment-portfolio""]","[""proptech_startups_agent.csv""]",1,discovery_program,"[""claim_level_evidence_review_required""]"
org-powerplay-ca9649a,Powerplay,[],organization,default operating/legal identity,https://www.accel.com/companies/powerplay,resolved,[],active,active,false,,2026-08-30,Legacy status_as_of is preserved in assertions; it is not promoted because it usually represents the research date rather than a supported event date.,2026-08-30,India,"[""India""]",false,"[""India""]",,"[""Unknown""]",Not verified in the current source layer.,"[""subscription-SaaS""]","[""Accel-seed-2021""]",[],[],"[""site-collaboration-documents"",""project-communication-architecture""]","[""site-collaboration-documents"",""project-communication-architecture""]","[""ConTech-collaboration-SaaS""]",early_or_growth_signal,"[""early-growth""]",,Not assigned from company scale/funding; requires product-and-geography evidence.,C,"[""C""]",false,"[""site-diary-RFI-progress""]","[""C""]","[""S2""]",1,"[""https://accel.com/companies/powerplay""]","[""regional_companies_agent.csv""]",1,profile_requires_editorial_review,"[""lifecycle_unmapped"",""claim_level_evidence_review_required""]"
org-proprise-71fd7fd,PropRise,[],organization,default operating/legal identity,,discovery_profile_only,"[""https://ycombinator.com/companies/industry/real-estate-and-construction""]",unknown,unknown,false,,2026-08-30,Legacy status_as_of is preserved in assertions; it is not promoted because it usually represents the research date rather than a supported event date.,2026-08-30,United States,"[""United States""]",false,"[""United States""]",,[],Not verified in the current source layer.,[],[],[],[],"[""F""]","[""F""]",[],not_assessed,[],,Not assigned from company scale/funding; requires product-and-geography evidence.,C,"[""C""]",false,"[""Potential land and underwriting pilot""]","[""D""]","[""S4""]",1,"[""https://ycombinator.com/companies/industry/real-estate-and-construction""]","[""global_real_estate_pioneers_agent.csv""]",1,profile_requires_editorial_review,"[""canonical_url_unresolved"",""lifecycle_unmapped"",""category_not_assessed"",""maturity_not_assessed"",""status_evidence_date_missing"",""claim_level_evidence_review_required""]"
org-qflow-9a7b840,Qflow,[],organization,default operating/legal identity,https://www.qflow.tech/,resolved,[],active,active,false,,2026-08-30,Legacy status_as_of is preserved in assertions; it is not promoted because it usually represents the research date rather than a supported event date.,2026-08-30,United Kingdom,"[""United Kingdom""]",false,"[""Global""]",,"[""Unknown""]",Not verified in the current source layer.,"[""SaaS""]","[""Taronga RealTechX""]","[""L5"",""L10""]","[""keyword_inference""]","[""Construction"",""Climate""]",[],"[""Materials carbon tracking""]",scaled_or_enterprise_signal,"[""Early/scaleup""]",,Not assigned from company scale/funding; requires product-and-geography evidence.,C,"[""C""]",false,"[""Medium""]","[""A""]","[""S2"",""S4""]",2,"[""https://qflow.tech/"",""https://tarongagroup.com/realtechx""]","[""proptech_startups_agent.csv""]",1,watchlist_profile,"[""claim_level_evidence_review_required""]"
org-rentflow-7f79886,RentFlow,[],organization,default operating/legal identity,,discovery_profile_only,"[""https://ycombinator.com/companies/rentflow""]",active,active,false,,2026-08-30,Legacy status_as_of is preserved in assertions; it is not promoted because it usually represents the research date rather than a supported event date.,2026-08-30,United States,"[""United States""]",false,"[""United States""]",2024,"[""2024""]",,"[""fintech SaaS and payments""]","[""Y Combinator S2024""]","[""L3"",""L7""]","[""explicit_code"",""keyword_inference""]","[""L7 Occupancy"",""L3 Capital/finance""]",[],"[""AI cash-flow-synced commercial rent payments""]",early_or_growth_signal,"[""early-stage""]",,Not assigned from company scale/funding; requires product-and-geography evidence.,C,"[""C""]",false,"[""Low-medium""]","[""A""]","[""S4""]",1,"[""https://ycombinator.com/companies/rentflow""]","[""coverage_gap_additions.csv""]",1,profile_requires_editorial_review,"[""canonical_url_unresolved"",""claim_level_evidence_review_required""]"
org-stake-2f6c8f6,Stake,[],organization,default operating/legal identity,https://getstake.com/,resolved,[],active,active,false,,2026-08-30,Legacy status_as_of is preserved in assertions; it is not promoted because it usually represents the research date rather than a supported event date.,2026-08-30,United Arab Emirates,"[""United Arab Emirates""]",false,"[""UAE-Saudi-Arabia""]",2018,"[""2018""]",,"[""platform-management-fees""]","[""regional-fractional""]",[],[],"[""fractional-property-investing"",""app-secondary-liquidity""]","[""fractional-property-investing"",""app-secondary-liquidity""]","[""real-estate-investment""]",scaled_or_enterprise_signal,"[""scale""]",,Not assigned from company scale/funding; requires product-and-geography evidence.,C,"[""C""]",false,"[""digital-investor-onboarding""]","[""B/C""]","[""S2""]",3,"[""https://getstake.com/"",""https://help.getstake.com/en/articles/6570336-who-can-invest-in-uae"",""https://help.getstake.com/en/articles/8249047-how-do-i-begin""]","[""regional_companies_agent.csv""]",1,profile_requires_editorial_review,"[""lifecycle_unmapped"",""claim_level_evidence_review_required""]"
org-switchee-205db60,Switchee,[],organization,default operating/legal identity,https://www.switchee.co/,resolved,[],active,active,false,,2026-08-30,Legacy status_as_of is preserved in assertions; it is not promoted because it usually represents the research date rather than a supported event date.,2026-08-30,United Kingdom,"[""United Kingdom""]",false,"[""UK/global""]",,"[""Unknown""]",Not verified in the current source layer.,"[""Hardware plus SaaS""]","[""Pi Labs""]","[""L8"",""L10""]","[""keyword_inference""]","[""Facilities"",""Climate""]",[],"[""Smart housing energy""]",scaled_or_enterprise_signal,"[""Scaleup""]",,Not assigned from company scale/funding; requires product-and-geography evidence.,C,"[""C""]",false,"[""Medium""]","[""A""]","[""S2"",""S4""]",2,"[""https://pilabs.vc/portfolio?sort=date_desc"",""https://switchee.co/""]","[""proptech_startups_agent.csv""]",1,watchlist_profile,"[""claim_level_evidence_review_required""]"
org-taronga-realtechx-632296d,Taronga RealTechX,[],program_ecosystem,reviewed name or entity-type rule,https://tarongagroup.com/realtechx/,resolved,[],active,active,false,,2026-08-30,Legacy status_as_of is preserved in assertions; it is not promoted because it usually represents the research date rather than a supported event date.,2026-08-30,Australia,"[""Australia""]",false,"[""Asia/global""]",2018,"[""2018""]",,"[""Programs/pilots""]","[""Taronga Ventures""]","[""L10"",""L12""]","[""keyword_inference""]","[""Data"",""Climate""]",[],"[""RealTech pilot ecosystem index""]",program_or_index,"[""Portfolio index""]",,Not assigned from company scale/funding; requires product-and-geography evidence.,C,"[""C""]",false,"[""High""]","[""A""]","[""S4""]",1,"[""https://tarongagroup.com/realtechx""]","[""proptech_startups_agent.csv""]",1,discovery_program,"[""claim_level_evidence_review_required""]"
org-trendspek-f3aa791,Trendspek,[],organization,default operating/legal identity,https://trendspek.com/,resolved,[],active,active,false,,2026-08-30,Legacy status_as_of is preserved in assertions; it is not promoted because it usually represents the research date rather than a supported event date.,2026-08-30,Australia,"[""Australia""]",false,"[""Australia/global""]",,"[""Unknown""]",Not verified in the current source layer.,"[""SaaS/services""]","[""Taronga RealTechX""]","[""L8"",""L12""]","[""keyword_inference""]","[""Facilities"",""Data""]",[],"[""Asset inspection""]",scaled_or_enterprise_signal,"[""Scaleup""]",,Not assigned from company scale/funding; requires product-and-geography evidence.,C,"[""C""]",false,"[""Medium""]","[""B""]","[""S2"",""S4""]",2,"[""https://tarongagroup.com/realtechx"",""https://trendspek.com/""]","[""proptech_startups_agent.csv""]",1,watchlist_profile,"[""claim_level_evidence_review_required""]"
org-uhoo-7143ba7,uHoo,[],organization,default operating/legal identity,https://uhooair.com/,resolved,[],active,active,false,,2026-08-30,Legacy status_as_of is preserved in assertions; it is not promoted because it usually represents the research date rather than a supported event date.,2026-08-30,Switzerland,"[""Switzerland""]",false,"[""Global""]",2015,"[""2015""]",,"[""Hardware plus SaaS""]","[""Taronga RealTechX""]","[""L8"",""L10""]","[""keyword_inference""]","[""Facilities"",""Climate""]",[],"[""Indoor-air quality""]",scaled_or_enterprise_signal,"[""Scaleup""]",,Not assigned from company scale/funding; requires product-and-geography evidence.,C,"[""C""]",false,"[""Low""]","[""A""]","[""S2"",""S4""]",2,"[""https://tarongagroup.com/realtechx"",""https://uhooair.com/""]","[""proptech_startups_agent.csv""]",1,watchlist_profile,"[""claim_level_evidence_review_required""]"
org-wint-44d2ec1,WINT,[],organization,default operating/legal identity,https://wint.ai/,resolved,[],active,active,false,,2026-08-30,Legacy status_as_of is preserved in assertions; it is not promoted because it usually represents the research date rather than a supported event date.,2026-08-30,Israel,"[""Israel""]",false,"[""Global""]",2015,"[""2015""]",,"[""Hardware plus SaaS""]","[""Taronga RealTechX""]","[""L8"",""L10""]","[""keyword_inference""]","[""Facilities"",""Climate""]",[],"[""Water leak prevention""]",scaled_or_enterprise_signal,"[""Scaleup""]",,Not assigned from company scale/funding; requires product-and-geography evidence.,C,"[""C""]",false,"[""Medium""]","[""A""]","[""S2"",""S4""]",2,"[""https://tarongagroup.com/realtechx"",""https://wint.ai/""]","[""proptech_startups_agent.csv""]",1,watchlist_profile,"[""claim_level_evidence_review_required""]"
org-wiredscore-75d1974,WiredScore,[],organization,default operating/legal identity,https://wiredscore.com/,resolved,[],active,active,false,,2026-08-30,Legacy status_as_of is preserved in assertions; it is not promoted because it usually represents the research date rather than a supported event date.,2026-08-30,United Kingdom,"[""United Kingdom""]",false,"[""Global""]",2013,"[""2013""]",,"[""Certification""]","[""Taronga/RealTechX""]","[""L8"",""L12""]","[""keyword_inference""]","[""Facilities"",""Data""]",[],"[""Digital infrastructure rating""]",scaled_or_enterprise_signal,"[""Scaleup""]",,Not assigned from company scale/funding; requires product-and-geography evidence.,C,"[""C""]",false,"[""Low""]","[""A""]","[""S2"",""S4""]",2,"[""https://tarongagroup.com/realtechx"",""https://wiredscore.com/""]","[""proptech_startups_agent.csv""]",1,watchlist_profile,"[""claim_level_evidence_review_required""]"
org-appfolio-fa66ac8,AppFolio,[],organization,default operating/legal identity,https://www.appfolio.com/,resolved,[],active,active,false,,2026-08-30,Legacy status_as_of is preserved in assertions; it is not promoted because it usually represents the research date rather than a supported event date.,2026-08-30,United States,"[""United States""]",false,"[""US/global"",""United States""]",2006,"[""2006""]",,"[""SaaS""]","[""Independent""]","[""L3"",""L6"",""L7"",""L8""]","[""documented_legacy_shorthand"",""keyword_inference""]","[""Operations"",""F/S/H/O"",""Sales""]",[],"[""Property management platform""]",scaled_or_enterprise_signal,"[""Public""]",,Not assigned from company scale/funding; requires product-and-geography evidence.,,"[""A"",""B""]",true,"[""Medium"",""Potential rental operations and payments layer""]","[""C"",""A""]","[""S2""]",1,"[""https://appfolio.com/""]","[""global_real_estate_pioneers_agent.csv"",""proptech_startups_agent.csv""]",2,profile_requires_editorial_review,"[""relevance_tier_conflict"",""claim_level_evidence_review_required""]"
org-autodesk-construction-cloud-1c9b0c9,Autodesk Construction Cloud / Forma,"[""Autodesk Construction Cloud""]",product_offering,reviewed product-suite exception,https://construction.autodesk.com/,resolved,[],active,active,false,,2026-08-30,Legacy status_as_of is preserved in assertions; it is not promoted because it usually represents the research date rather than a supported event date.,2026-08-30,United States,"[""United States""]",false,"[""Global""]",,"[""Unknown""]",Not verified in the current source layer.,"[""Enterprise SaaS""]","[""Enterprise""]","[""L4"",""L5""]","[""documented_legacy_shorthand"",""keyword_inference""]","[""Design"",""D/C"",""Construction""]",[],"[""BIM/CDE""]",scaled_or_enterprise_signal,"[""Enterprise""]",,Not assigned from company scale/funding; requires product-and-geography evidence.,,"[""A"",""B""]",true,"[""High"",""Potential design-to-delivery system of record""]","[""B"",""A""]","[""S2""]",2,"[""https://construction.autodesk.com/"",""https://construction.autodesk.com/resources/customer-success-stories/boustead-projects-cuts-rework-by-20-and-saves-months-on-handovers-with-autodesk-forma-2""]","[""global_real_estate_pioneers_agent.csv"",""proptech_startups_agent.csv""]",2,profile_requires_editorial_review,"[""relevance_tier_conflict"",""claim_level_evidence_review_required""]"
org-barikoi-0f8853c,Barikoi,[],organization,default operating/legal identity,https://barikoi.com/,resolved,"[""https://crunchbase.com/organization/barikoi"",""https://linkedin.com/posts/idlc-asset-management-limited_idlc-venture-capitalhas-made-an-equity-investment-activity-7196948544384098304-EgcV""]",active,active,false,,2026-08-30,Legacy status_as_of is preserved in assertions; it is not promoted because it usually represents the research date rather than a supported event date.,2026-08-30,Bangladesh,"[""Bangladesh""]",false,"[""Bangladesh-Singapore-GCC""]",2017,"[""2017""]",,"[""API-SaaS-enterprise""]","[""Iterative-IDLC-AcceliCITY""]","[""L1""]","[""keyword_inference""]","[""site-selection-location"",""logistics-address-normalization""]",[],"[""geospatial-APIs""]",early_or_growth_signal,"[""early-growth""]",,Not assigned from company scale/funding; requires product-and-geography evidence.,,"[""A"",""B""]",true,"[""maps-address-catchments-delivery""]","[""B/A""]","[""S2""]",3,"[""https://barikoi.com/"",""https://crunchbase.com/organization/barikoi"",""https://linkedin.com/posts/idlc-asset-management-limited_idlc-venture-capitalhas-made-an-equity-investment-activity-7196948544384098304-EgcV""]","[""regional_companies_agent.csv""]",1,profile_requires_editorial_review,"[""relevance_tier_conflict"",""claim_level_evidence_review_required""]"
org-bproperty-79a37ab,Bproperty,[],organization,default operating/legal identity,https://www.bproperty.com/,resolved,[],stealth_unclear,unclear,true,,2026-08-30,Legacy status_as_of is preserved in assertions; it is not promoted because it usually represents the research date rather than a supported event date.,2026-08-30,Bangladesh,"[""Bangladesh""]",false,"[""Bangladesh""]",,"[""2015"",""2016""]",Conflicting source values; editorial resolution required.,"[""listing-and-transaction-fees"",""Marketplace/leads""]","[""EMPG-DCG-history"",""Independent""]","[""L3"",""L6""]","[""keyword_inference""]","[""discover-sell-rent"",""Sales"",""legal-mortgage-valuation"",""Finance""]",[],"[""property-marketplace"",""Marketplace valuation mortgage""]",scaled_or_enterprise_signal,"[""unclear"",""Scaleup""]",,Not assigned from company scale/funding; requires product-and-geography evidence.,,"[""A"",""C""]",true,"[""listing-UX-and-lead-channel"",""High""]","[""A"",""A/B""]","[""S2""]",4,"[""https://bproperty.com/"",""https://bproperty.com/about-us"",""https://bproperty.com/terms-of-use"",""https://bssnews.net/business/107809""]","[""proptech_startups_agent.csv"",""regional_companies_agent.csv""]",2,profile_requires_editorial_review,"[""status_conflict"",""relevance_tier_conflict"",""founding_year_conflict"",""claim_level_evidence_review_required""]"
org-cambio-93cf094,Cambio,[],organization,default operating/legal identity,,discovery_profile_only,"[""https://ycombinator.com/companies/cambio-2"",""https://ycombinator.com/companies/industry/real-estate-and-construction""]",active,active,false,,2026-08-30,Legacy status_as_of is preserved in assertions; it is not promoted because it usually represents the research date rather than a supported event date.,2026-08-30,United States,"[""United States""]",false,"[""Global""]",2020,"[""2020""]",,"[""AI SaaS""]","[""YC S2022""]","[""L3"",""L8"",""L10""]","[""documented_legacy_shorthand"",""keyword_inference""]","[""Operations"",""F/O/E"",""Climate""]",[],"[""CRE operations/retrofit intelligence""]",scaled_or_enterprise_signal,"[""Scaleup""]",,Not assigned from company scale/funding; requires product-and-geography evidence.,,"[""A"",""C""]",true,"[""High"",""Potential ESG and capex prioritisation layer""]","[""D"",""A""]","[""S4""]",2,"[""https://ycombinator.com/companies/cambio-2"",""https://ycombinator.com/companies/industry/real-estate-and-construction""]","[""global_real_estate_pioneers_agent.csv"",""proptech_startups_agent.csv""]",2,profile_requires_editorial_review,"[""relevance_tier_conflict"",""canonical_url_unresolved"",""claim_level_evidence_review_required""]"
org-costar-1ac20e9,CoStar,[],organization,default operating/legal identity,https://www.costar.com/,resolved,[],active,active,false,,2026-08-30,Legacy status_as_of is preserved in assertions; it is not promoted because it usually represents the research date rather than a supported event date.,2026-08-30,United States,"[""United States""]",false,"[""Global""]",1987,"[""1987""]",,"[""Subscription/data marketplace""]","[""Independent""]","[""L1"",""L3"",""L6"",""L12""]","[""documented_legacy_shorthand"",""keyword_inference""]","[""Data"",""L/S/F"",""Sales""]",[],"[""Property marketplace analytics""]",scaled_or_enterprise_signal,"[""Public""]",,Not assigned from company scale/funding; requires product-and-geography evidence.,,"[""A"",""B""]",true,"[""Medium"",""Data benchmark for JCX market intelligence""]","[""C"",""A""]","[""S2""]",2,"[""https://costar.com/"",""https://costargroup.com/""]","[""global_real_estate_pioneers_agent.csv"",""proptech_startups_agent.csv""]",2,profile_requires_editorial_review,"[""relevance_tier_conflict"",""claim_level_evidence_review_required""]"
org-entrata-25f43fe,Entrata,[],organization,default operating/legal identity,https://www.entrata.com/,resolved,[],active,active,false,,2026-08-30,Legacy status_as_of is preserved in assertions; it is not promoted because it usually represents the research date rather than a supported event date.,2026-08-30,United States,"[""United States""]",false,"[""United States""]",2003,"[""2003""]",,"[""Enterprise SaaS""]","[""Independent""]","[""L3"",""L6"",""L7"",""L8""]","[""documented_legacy_shorthand"",""keyword_inference""]","[""Operations"",""S/H/O/F"",""Sales""]",[],"[""Multifamily operations""]",scaled_or_enterprise_signal,"[""Enterprise""]",,Not assigned from company scale/funding; requires product-and-geography evidence.,,"[""A"",""B""]",true,"[""Medium"",""Potential multifamily operations comparator""]","[""C"",""A""]","[""S2""]",1,"[""https://entrata.com/""]","[""global_real_estate_pioneers_agent.csv"",""proptech_startups_agent.csv""]",2,profile_requires_editorial_review,"[""relevance_tier_conflict"",""claim_level_evidence_review_required""]"
org-express-building-add003f,Express Building,[],organization,default operating/legal identity,,discovery_profile_only,"[""https://ycombinator.com/companies/express-building"",""https://ycombinator.com/companies/industry/real-estate-and-construction""]",active,active,false,,2026-08-30,Legacy status_as_of is preserved in assertions; it is not promoted because it usually represents the research date rather than a supported event date.,2026-08-30,Singapore,"[""Singapore""]",false,"[""Indonesia/Philippines"",""Indonesia Philippines""]",,"[""Unknown""]",Not verified in the current source layer.,"[""Fintech""]","[""YC S2022""]","[""L1"",""L3""]","[""documented_legacy_shorthand"",""keyword_inference""]","[""Finance"",""L/F"",""Land""]",[],"[""Affordable housing developer finance""]",early_or_growth_signal,"[""Early""]",,Not assigned from company scale/funding; requires product-and-geography evidence.,,"[""B"",""C""]",true,"[""Medium"",""Regional affordable-development pattern""]","[""D"",""A""]","[""S4""]",2,"[""https://ycombinator.com/companies/express-building"",""https://ycombinator.com/companies/industry/real-estate-and-construction""]","[""global_real_estate_pioneers_agent.csv"",""proptech_startups_agent.csv""]",2,profile_requires_editorial_review,"[""relevance_tier_conflict"",""canonical_url_unresolved"",""claim_level_evidence_review_required""]"
org-flatx-046b6ca,FlatX,[],organization,default operating/legal identity,,discovery_profile_only,"[""https://ycombinator.com/companies/flatx"",""https://ycombinator.com/companies/industry/real-estate-and-construction""]",active,active,false,,2026-08-30,Legacy status_as_of is preserved in assertions; it is not promoted because it usually represents the research date rather than a supported event date.,2026-08-30,India,"[""India""]",false,"[""India""]",,"[""Unknown""]",Not verified in the current source layer.,"[""Marketplace""]","[""YC S2022""]","[""L6"",""L7"",""L8""]","[""documented_legacy_shorthand"",""keyword_inference""]","[""Sales"",""S/H"",""Operations""]",[],"[""Rental/flatmate marketplace""]",early_or_growth_signal,"[""Very early""]",,Not assigned from company scale/funding; requires product-and-geography evidence.,,"[""B"",""C""]",true,"[""Low"",""South Asian rental-discovery pattern""]","[""D"",""A""]","[""S4""]",2,"[""https://ycombinator.com/companies/flatx"",""https://ycombinator.com/companies/industry/real-estate-and-construction""]","[""global_real_estate_pioneers_agent.csv"",""proptech_startups_agent.csv""]",2,profile_requires_editorial_review,"[""relevance_tier_conflict"",""canonical_url_unresolved"",""claim_level_evidence_review_required""]"
org-foundation-ec9624c,Foundation,[],organization,default operating/legal identity,,discovery_profile_only,"[""https://ycombinator.com/companies/foundation-2"",""https://ycombinator.com/companies/industry/real-estate-and-construction""]",active,active,false,,2026-08-30,Legacy status_as_of is preserved in assertions; it is not promoted because it usually represents the research date rather than a supported event date.,2026-08-30,United States,"[""United States""]",false,"[""United States""]",,"[""Unknown""]",Not verified in the current source layer.,"[""SaaS""]","[""YC S2023""]","[""L6"",""L7"",""L8""]","[""documented_legacy_shorthand"",""keyword_inference""]","[""Sales"",""S/H"",""Operations""]",[],"[""New-home buyer experience""]",early_or_growth_signal,"[""Early""]",,Not assigned from company scale/funding; requires product-and-geography evidence.,,"[""A"",""C""]",true,"[""High"",""Potential digital sales and handover layer""]","[""D"",""A""]","[""S4""]",2,"[""https://ycombinator.com/companies/foundation-2"",""https://ycombinator.com/companies/industry/real-estate-and-construction""]","[""global_real_estate_pioneers_agent.csv"",""proptech_startups_agent.csv""]",2,profile_requires_editorial_review,"[""relevance_tier_conflict"",""canonical_url_unresolved"",""claim_level_evidence_review_required""]"
org-homebase-sea-finance-75bb47f,Homebase,"[""Homebase-SEA""]",organization,default operating/legal identity,https://homebase.ai/,resolved,"[""https://ycombinator.com/companies/homebase""]",active,active,false,,2026-08-30,Legacy status_as_of is preserved in assertions; it is not promoted because it usually represents the research date rather than a supported event date.,2026-08-30,,"[""Vietnam"",""Singapore""]",true,"[""Southeast-Asia"",""SEA""]",2019,"[""2019""]",,"[""financing-fees"",""Fintech""]","[""Y-Combinator-W21-Antler-Iterative"",""YC W2021""]","[""L3"",""L6""]","[""keyword_inference""]","[""rent-to-own-financing"",""Finance"",""alternative-mortgage-underwriting"",""Sales""]",[],"[""housing-finance"",""Rent-to-own housing finance""]",scaled_or_enterprise_signal,"[""early-growth"",""Scaleup""]",,Not assigned from company scale/funding; requires product-and-geography evidence.,,"[""B"",""C""]",true,"[""affordability-staged-ownership"",""Medium""]","[""A"",""C""]","[""S2"",""S4""]",2,"[""https://homebase.ai/"",""https://ycombinator.com/companies/homebase""]","[""proptech_startups_agent.csv"",""regional_companies_agent.csv""]",2,profile_requires_editorial_review,"[""relevance_tier_conflict"",""headquarters_country_conflict"",""claim_level_evidence_review_required""]"
org-katerra-0503c58,Katerra,[],organization,default operating/legal identity,https://www.katerra.com/,resolved,[],inactive,inactive,false,,2026-08-30,Legacy status_as_of is preserved in assertions; it is not promoted because it usually represents the research date rather than a supported event date.,2026-08-30,United States,"[""United States""]",false,"[""United States"",""United States global""]",2015,"[""2015""]",,"[""Vertical integration/hardware""]","[""Independent""]","[""L4"",""L5""]","[""documented_legacy_shorthand"",""keyword_inference""]","[""Construction"",""D/C"",""Design""]",[],"[""Offsite construction/design-build""]",historical_or_transitioned,"[""Shut down""]",,Not assigned from company scale/funding; requires product-and-geography evidence.,,"[""B"",""C""]",true,"[""Medium"",""Cautionary case for capex, working capital and scale assumptions""]","[""B""]","[""S1"",""S2"",""S3""]",5,"[""https://constructiondive.com/news/katerra-files-for-chapter-11/601439"",""https://katerra.com/"",""https://reuters.com/"",""https://sec.gov/"",""https://techcrunch.com/2021/06/01/softbank-backed-construction-giant-katerra-said-to-be-shutting-down-after-raising-billions""]","[""global_real_estate_pioneers_agent.csv"",""proptech_startups_agent.csv""]",2,profile_requires_editorial_review,"[""relevance_tier_conflict"",""claim_level_evidence_review_required""]"
org-matterport-6ed468a,Matterport,[],organization,default operating/legal identity,https://matterport.com/,resolved,[],acquired,acquired-active,false,,2026-08-30,Legacy status_as_of is preserved in assertions; it is not promoted because it usually represents the research date rather than a supported event date.,2026-08-30,United States,"[""United States""]",false,"[""Global""]",2011,"[""2011""]",,"[""Hardware plus SaaS""]","[""CoStar""]","[""L4"",""L6"",""L8""]","[""documented_legacy_shorthand"",""keyword_inference""]","[""Sales"",""D/S/O"",""Design""]",[],"[""3D capture digital twin""]",historical_or_transitioned,"[""Public""]",,Not assigned from company scale/funding; requires product-and-geography evidence.,,"[""A"",""B""]",true,"[""High"",""JCX marketing, as-built and handover layer""]","[""B"",""A""]","[""S2""]",3,"[""https://costargroup.com/"",""https://matterport.com/"",""https://static.matterport.com/mp_cms/media/filer_public/4f/bf/4fbfdb3a-4e41-494c-b3ab-e45ab1f81569/matterport_for_real_estate_-_script_updated.pdf""]","[""global_real_estate_pioneers_agent.csv"",""proptech_startups_agent.csv""]",2,profile_requires_editorial_review,"[""relevance_tier_conflict"",""claim_level_evidence_review_required""]"
org-mri-software-e66e243,MRI Software,[],organization,default operating/legal identity,https://www.mrisoftware.com/,resolved,[],active,active,false,,2026-08-30,Legacy status_as_of is preserved in assertions; it is not promoted because it usually represents the research date rather than a supported event date.,2026-08-30,United States,"[""United States""]",false,"[""Global""]",1971,"[""1971""]",,"[""Enterprise SaaS""]","[""Independent""]","[""L3"",""L6"",""L7"",""L8""]","[""documented_legacy_shorthand"",""keyword_inference""]","[""Operations"",""F/S/H/O"",""Facilities""]",[],"[""Property/facilities ERP""]",scaled_or_enterprise_signal,"[""Enterprise""]",,Not assigned from company scale/funding; requires product-and-geography evidence.,,"[""A"",""B""]",true,"[""Medium"",""Potential operations and finance backbone""]","[""C"",""A""]","[""S2""]",1,"[""https://mrisoftware.com/""]","[""global_real_estate_pioneers_agent.csv"",""proptech_startups_agent.csv""]",2,profile_requires_editorial_review,"[""relevance_tier_conflict"",""claim_level_evidence_review_required""]"
org-permitportal-5607258,PermitPortal,[],organization,default operating/legal identity,,discovery_profile_only,"[""https://ycombinator.com/companies/industry/real-estate-and-construction"",""https://ycombinator.com/companies/permitportal""]",active,active,false,,2026-08-30,Legacy status_as_of is preserved in assertions; it is not promoted because it usually represents the research date rather than a supported event date.,2026-08-30,United States,"[""United States""]",false,"[""United States""]",,"[""Unknown""]",Not verified in the current source layer.,"[""SaaS""]","[""YC F2024""]","[""L1"",""L4"",""L5""]","[""documented_legacy_shorthand"",""keyword_inference""]","[""Land"",""L/D"",""Construction""]",[],"[""Entitlement permit workflow""]",early_or_growth_signal,"[""Early""]",,Not assigned from company scale/funding; requires product-and-geography evidence.,,"[""A"",""C""]",true,"[""Medium"",""High relevance to land and approval bottlenecks""]","[""D"",""A""]","[""S4""]",2,"[""https://ycombinator.com/companies/industry/real-estate-and-construction"",""https://ycombinator.com/companies/permitportal""]","[""global_real_estate_pioneers_agent.csv"",""proptech_startups_agent.csv""]",2,profile_requires_editorial_review,"[""relevance_tier_conflict"",""canonical_url_unresolved"",""claim_level_evidence_review_required""]"
org-procore-9fbe212,Procore,[],organization,default operating/legal identity,https://www.procore.com/,resolved,[],active,active,false,,2026-08-30,Legacy status_as_of is preserved in assertions; it is not promoted because it usually represents the research date rather than a supported event date.,2026-08-30,United States,"[""United States""]",false,"[""Global""]",2002,"[""2002""]",,"[""Enterprise SaaS""]","[""Fifth Wall""]","[""L3"",""L4"",""L5"",""L8""]","[""documented_legacy_shorthand"",""keyword_inference""]","[""Construction"",""D/C/F"",""Operations""]",[],"[""Project controls""]",scaled_or_enterprise_signal,"[""Enterprise""]",,Not assigned from company scale/funding; requires product-and-geography evidence.,,"[""A"",""B""]",true,"[""High"",""Potential JCX contractor data backbone""]","[""B"",""A""]","[""S2"",""S4""]",2,"[""https://fifthwall.com/portfolio"",""https://procore.com/""]","[""global_real_estate_pioneers_agent.csv"",""proptech_startups_agent.csv""]",2,profile_requires_editorial_review,"[""relevance_tier_conflict"",""claim_level_evidence_review_required""]"
org-properp-1c4f6f4,PropERP,[],organization,default operating/legal identity,https://properp.app/,resolved,[],stealth_unclear,unclear,true,,2026-08-30,Legacy status_as_of is preserved in assertions; it is not promoted because it usually represents the research date rather than a supported event date.,2026-08-30,Bangladesh,"[""Bangladesh""]",false,"[""Bangladesh""]",2018,"[""Unknown"",""2018""]",,"[""subscription-implementation"",""SaaS""]","[""SpaGreen-Creative"",""Independent""]","[""L6"",""L8""]","[""keyword_inference""]","[""booking-collections-JV"",""Operations"",""CRM-marketing-brokers-inventory"",""Sales""]",[],"[""developer-ERP-automation"",""Developer CRM/ERP""]",scaled_or_enterprise_signal,"[""early-scale"",""Early""]",,Not assigned from company scale/funding; requires product-and-geography evidence.,,"[""A"",""B""]",true,"[""booking-kisti-JV-broker-pilot"",""Medium""]","[""D"",""B/D""]","[""S2""]",2,"[""https://properp.app/"",""https://properp.app/bn""]","[""proptech_startups_agent.csv"",""regional_companies_agent.csv""]",2,profile_requires_editorial_review,"[""status_conflict"",""relevance_tier_conflict"",""claim_level_evidence_review_required""]"
org-propertyguru-366b88f,PropertyGuru,[],organization,default operating/legal identity,https://www.propertyguru.com.sg/,resolved,[],active,active,false,,2026-08-30,Legacy status_as_of is preserved in assertions; it is not promoted because it usually represents the research date rather than a supported event date.,2026-08-30,Singapore,"[""Singapore""]",false,"[""Singapore-Malaysia-Indonesia-Thailand"",""SEA""]",2007,"[""2007""]",,"[""advertising-subscriptions-leads"",""Ads/leads marketplace""]","[""SEA-portal"",""Independent""]","[""L3"",""L6"",""L12""]","[""keyword_inference""]","[""property-discovery-advertising"",""Sales"",""developer-leads-data-events"",""Finance""]",[],"[""online-property-portal"",""Property marketplace""]",scaled_or_enterprise_signal,"[""scale"",""Public""]",,Not assigned from company scale/funding; requires product-and-geography evidence.,,"[""A"",""B""]",true,"[""portal-data-content"",""High""]","[""A"",""B""]","[""S2""]",2,"[""https://propertyguru.com.sg/"",""https://propertyguru.com.sg/about-us/our-company""]","[""proptech_startups_agent.csv"",""regional_companies_agent.csv""]",2,profile_requires_editorial_review,"[""relevance_tier_conflict"",""claim_level_evidence_review_required""]"
org-proq-cf33256,ProQ,[],organization,default operating/legal identity,https://proq.com.bd/,resolved,"[""https://linkedin.com/company/proq-platform""]",active,active,false,,2026-08-30,Legacy status_as_of is preserved in assertions; it is not promoted because it usually represents the research date rather than a supported event date.,2026-08-30,Bangladesh,"[""Bangladesh""]",false,"[""Bangladesh""]",2025,"[""Unknown"",""2025""]",,"[""marketplace-leads"",""Marketplace/RFQ""]","[""local-early-stage"",""Independent""]","[""L5""]","[""keyword_inference""]","[""construction-procurement"",""Procurement"",""architecture-real-estate"",""Construction""]",[],"[""procurement-marketplace"",""Construction materials procurement""]",early_or_growth_signal,"[""early-stage"",""Very early""]",,Not assigned from company scale/funding; requires product-and-geography evidence.,,"[""B"",""C"",""D""]",true,"[""watchlist-bounded-pilot"",""High""]","[""B"",""C/D""]","[""S2"",""S3""]",3,"[""https://linkedin.com/company/proq-platform"",""https://proq.com.bd/"",""https://thedailystar.net/news/technology/news/bangladeshs-construction-procurement-still-runs-phone-calls-and-whatsapp-startup-wants-change-4250786""]","[""proptech_startups_agent.csv"",""regional_companies_agent.csv""]",2,profile_requires_editorial_review,"[""relevance_tier_conflict"",""claim_level_evidence_review_required""]"
org-vextrus-988c4a5,Vextrus,[],organization,default operating/legal identity,https://www.vextrus.com/,resolved,"[""https://bd.linkedin.com/company/vextrus""]",active,active,false,,2026-08-30,Legacy status_as_of is preserved in assertions; it is not promoted because it usually represents the research date rather than a supported event date.,2026-08-30,Bangladesh,"[""Bangladesh""]",false,"[""Bangladesh""]",2026,"[""2026""]",,"[""subscription-SaaS""]","[""local-KUET-founders""]","[""L1"",""L5"",""L6""]","[""keyword_inference""]","[""land-JV-project-procurement-accounting"",""sales-collections-HR-tax""]",[],"[""AI-developer-ERP""]",early_or_growth_signal,"[""early-stage""]",,Not assigned from company scale/funding; requires product-and-geography evidence.,,"[""A"",""B""]",true,"[""unified-JCX-OS-pilot""]","[""B/D""]","[""S2""]",2,"[""https://bd.linkedin.com/company/vextrus"",""https://vextrus.com/""]","[""regional_companies_agent.csv""]",1,profile_requires_editorial_review,"[""relevance_tier_conflict"",""claim_level_evidence_review_required""]"
org-yardi-f113060,Yardi,[],organization,default operating/legal identity,https://www.yardi.com/,resolved,[],active,active,false,,2026-08-30,Legacy status_as_of is preserved in assertions; it is not promoted because it usually represents the research date rather than a supported event date.,2026-08-30,United States,"[""United States""]",false,"[""Global""]",1984,"[""1984""]",,"[""Enterprise SaaS""]","[""Independent""]","[""L3"",""L6"",""L7"",""L8""]","[""documented_legacy_shorthand"",""keyword_inference""]","[""Operations"",""F/S/H/O"",""Finance""]",[],"[""Property management ERP""]",scaled_or_enterprise_signal,"[""Enterprise""]",,Not assigned from company scale/funding; requires product-and-geography evidence.,,"[""A"",""B""]",true,"[""Medium"",""Potential property operations backbone""]","[""C"",""A""]","[""S2""]",1,"[""https://yardi.com/""]","[""global_real_estate_pioneers_agent.csv"",""proptech_startups_agent.csv""]",2,profile_requires_editorial_review,"[""relevance_tier_conflict"",""claim_level_evidence_review_required""]"
org-zillow-d3dd627,Zillow,[],organization,default operating/legal identity,https://www.zillow.com/,resolved,[],active,active,false,,2026-08-30,Legacy status_as_of is preserved in assertions; it is not promoted because it usually represents the research date rather than a supported event date.,2026-08-30,United States,"[""United States""]",false,"[""United States""]",2006,"[""2006""]",,"[""Ads/data marketplace""]","[""Independent""]","[""L1"",""L6"",""L7"",""L12""]","[""documented_legacy_shorthand"",""keyword_inference""]","[""Sales"",""L/S/H"",""Data""]",[],"[""Property marketplace""]",scaled_or_enterprise_signal,"[""Public""]",,Not assigned from company scale/funding; requires product-and-geography evidence.,,"[""A"",""B""]",true,"[""Medium"",""Consumer discovery and lead-funnel benchmark""]","[""C"",""A""]","[""S2""]",1,"[""https://zillow.com/""]","[""global_real_estate_pioneers_agent.csv"",""proptech_startups_agent.csv""]",2,profile_requires_editorial_review,"[""relevance_tier_conflict"",""claim_level_evidence_review_required""]"
