claim_id,entity_id,entity_name,claim_field,claim_text,claim_type_legacy,claim_attribution_grade_provisional,claim_grade_basis,legacy_evidence_grade,source_quality_grades_provisional_json,source_urls_json,caveat,verified_or_retrieved_at,source_dataset,review_status,public_use
clm-685bd724e592,org-31ventures-1867c79,31VENTURES,headline_claim,"7,100 potential investments/collaborations; 1,100 matches; 190 collaborations; 69 invested companies; 89 tenants",company-reported,C3,"The statement is reported by a company, customer, vendor, directory, investor or programme.",A,"[""S2""]","[""https://31ventures.jp/en"",""https://31ventures.jp/en/about"",""https://31ventures.jp/en/case"",""https://31ventures.jp/en/fund""]",Activity counts are not financial returns,2026-08-30,global_real_estate_pioneers_agent.csv,requires_claim_level_editorial_review,attributed_only
clm-4741e9aa807d,org-31ventures-1867c79,31VENTURES,jcx_relevance,Strong developer venture-client model for JCX,atlas_inference,C4,JCX relevance is an atlas analyst interpretation.,A,"[""S2""]","[""https://31ventures.jp/en"",""https://31ventures.jp/en/about"",""https://31ventures.jp/en/case"",""https://31ventures.jp/en/fund""]",Activity counts are not financial returns,2026-08-30,global_real_estate_pioneers_agent.csv,requires_claim_level_editorial_review,review_required
clm-62999f539a5c,org-31ventures-1867c79,31VENTURES,named_initiatives,CVC I; CVC II; Growth I; Akerun; World Farm,company-reported,C3,"The statement is reported by a company, customer, vendor, directory, investor or programme.",A,"[""S2""]","[""https://31ventures.jp/en"",""https://31ventures.jp/en/about"",""https://31ventures.jp/en/case"",""https://31ventures.jp/en/fund""]",Activity counts are not financial returns,2026-08-30,global_real_estate_pioneers_agent.csv,requires_claim_level_editorial_review,attributed_only
clm-31e9c2fb6677,org-31ventures-1867c79,31VENTURES,scale_signal,¥43.5bn CVC total; 69 invested companies; 190 collaborations cumulative 2016-24,company-reported,C3,"The statement is reported by a company, customer, vendor, directory, investor or programme.",A,"[""S2""]","[""https://31ventures.jp/en"",""https://31ventures.jp/en/about"",""https://31ventures.jp/en/case"",""https://31ventures.jp/en/fund""]",Activity counts are not financial returns,2026-08-30,global_real_estate_pioneers_agent.csv,requires_claim_level_editorial_review,attributed_only
clm-371c2bb05c41,org-31ventures-1867c79,31VENTURES,tech_strategy,Combines startup services with Mitsui Fudosan assets and divisions,company-reported,C3,"The statement is reported by a company, customer, vendor, directory, investor or programme.",A,"[""S2""]","[""https://31ventures.jp/en"",""https://31ventures.jp/en/about"",""https://31ventures.jp/en/case"",""https://31ventures.jp/en/fund""]",Activity counts are not financial returns,2026-08-30,global_real_estate_pioneers_agent.csv,requires_claim_level_editorial_review,attributed_only
clm-bab2b3ed1d5d,org-99-group-12db5df,99-Group,headline_claim,US17m-2023-revenue-CAGR-company-claims,company-pages,C3,"The statement is reported by a company, customer, vendor, directory, investor or programme.",B,"[""S2""]","[""https://99.co/"",""https://99.co/about-us"",""https://99.co/about-us/indonesia""]",unknown,2026-08-30,regional_companies_agent.csv,requires_claim_level_editorial_review,attributed_only
clm-2e2a61a557d6,org-99-group-12db5df,99-Group,jcx_relevance,acquisition-integration-data,atlas_inference,C4,JCX relevance is an atlas analyst interpretation.,B,"[""S2""]","[""https://99.co/"",""https://99.co/about-us"",""https://99.co/about-us/indonesia""]",unknown,2026-08-30,regional_companies_agent.csv,requires_claim_level_editorial_review,review_required
clm-fd6c5348df44,org-accor-ce52bb6,Accor,headline_claim,2025 Universal Registration Document filed March 2026; 57% of hotels eco-certified at end-2025,official universal registration document,C3,"The statement is reported by a company, customer, vendor, directory, investor or programme.",B,"[""S2""]","[""https://assets.group.accor.com/yrj0orc8tx24/dwdklcBVai21ztMLgb3A5/e53a5c4937c07351b855819fd097b8a6/ACCOR_DEU2025_MEL_US_270326.pdf"",""https://group.accor.com/en"",""https://group.accor.com/en/documents-publications"",""https://group.accor.com/en/finance/esg-reporting-ratings""]",Named digital initiatives require deeper extraction; eco-certification is not technology ROI,2026-08-30,operator_coverage_additions.csv,requires_claim_level_editorial_review,attributed_only
clm-75ced5565791,org-accor-ce52bb6,Accor,jcx_relevance,"Completes the Europe/MENA/global hospitality comparison across hotels, residences, rentals, workspaces and experiences",atlas_inference,C4,JCX relevance is an atlas analyst interpretation.,B,"[""S2""]","[""https://assets.group.accor.com/yrj0orc8tx24/dwdklcBVai21ztMLgb3A5/e53a5c4937c07351b855819fd097b8a6/ACCOR_DEU2025_MEL_US_270326.pdf"",""https://group.accor.com/en"",""https://group.accor.com/en/documents-publications"",""https://group.accor.com/en/finance/esg-reporting-ratings""]",Named digital initiatives require deeper extraction; eco-certification is not technology ROI,2026-08-30,operator_coverage_additions.csv,requires_claim_level_editorial_review,review_required
clm-9ce203a2d7d4,org-agave-d371575,Agave,headline_claim,YC describes integration rails and AI for invoicing expenses compliance billing and other construction financial workflows; YC page reports 500+ customers,company-reported scale via YC description,C3,"The statement is reported by a company, customer, vendor, directory, investor or programme.",A,"[""S4""]","[""https://ycombinator.com/companies/agave""]",Customer and profitability claims are YC-directory statements; accounting APIs and tax rules are jurisdiction-specific.,2026-08-30,coverage_gap_additions.csv,requires_claim_level_editorial_review,attributed_only
clm-3f8a2f56ce04,org-agave-d371575,Agave,jcx_relevance,Medium,atlas_inference,C4,JCX relevance is an atlas analyst interpretation.,A,"[""S4""]","[""https://ycombinator.com/companies/agave""]",Customer and profitability claims are YC-directory statements; accounting APIs and tax rules are jurisdiction-specific.,2026-08-30,coverage_gap_additions.csv,requires_claim_level_editorial_review,review_required
clm-c18ca40d9d95,org-ai-realestate-d2e60f1,Ai.realestate,headline_claim,Unifies internal and property/mortgage/client intelligence for sales teams,Cohort selection/self-description,C3,"The statement is reported by a company, customer, vendor, directory, investor or programme.",A,"[""S4""]","[""https://nar-reach.com/second-century-ventures-announces-6-technology-companies-for-2026-reach-scale-up-program""]",No independent outcomes or Bangladesh fit yet,2026-08-30,proptech_startups_agent.csv,requires_claim_level_editorial_review,attributed_only
clm-2588ccf64dba,org-ai-realestate-d2e60f1,Ai.realestate,jcx_relevance,Medium,atlas_inference,C4,JCX relevance is an atlas analyst interpretation.,A,"[""S4""]","[""https://nar-reach.com/second-century-ventures-announces-6-technology-companies-for-2026-reach-scale-up-program""]",No independent outcomes or Bangladesh fit yet,2026-08-30,proptech_startups_agent.csv,requires_claim_level_editorial_review,review_required
clm-a0ef2d4da3af,org-alchemist-built-world-adjacent-portfolio-c108545,Alchemist built-world adjacent portfolio,headline_claim,Portfolio includes EDEN Scription 36ZERO Vision Critical Loop and Legitify,Program/portfolio description,C3,"The statement is reported by a company, customer, vendor, directory, investor or programme.",A,"[""S2""]","[""https://alchemistaccelerator.com/portfolio-2""]",Adjacency and current operating status vary,2026-08-30,proptech_startups_agent.csv,requires_claim_level_editorial_review,attributed_only
clm-066097ec6c6e,org-alchemist-built-world-adjacent-portfolio-c108545,Alchemist built-world adjacent portfolio,jcx_relevance,Medium,atlas_inference,C4,JCX relevance is an atlas analyst interpretation.,A,"[""S2""]","[""https://alchemistaccelerator.com/portfolio-2""]",Adjacency and current operating status vary,2026-08-30,proptech_startups_agent.csv,requires_claim_level_editorial_review,review_required
clm-a58576aaa003,org-aldar-properties-4218e8b,Aldar Properties,headline_claim,4.2m visits; 45% international; >70% usage; 92% digital agreements; water systems 4 to 11 in 2024,company-reported,C3,"The statement is reported by a company, customer, vendor, directory, investor or programme.",A,"[""S2""]","[""https://aldar.com/"",""https://aldar.com/aldar-report2024/documents/aldar-annual-report-2024_compressed-1.pdf"",""https://cdn.aldar.com/en/news-and-media/aldar-fy-2024-financial-results""]",Definitions and causal attribution should be displayed,2026-08-30,global_real_estate_pioneers_agent.csv,requires_claim_level_editorial_review,attributed_only
clm-7ff032d97bdd,org-aldar-properties-4218e8b,Aldar Properties,jcx_relevance,Closest Gulf benchmark for digital sales and pilot-to-scale,atlas_inference,C4,JCX relevance is an atlas analyst interpretation.,A,"[""S2""]","[""https://aldar.com/"",""https://aldar.com/aldar-report2024/documents/aldar-annual-report-2024_compressed-1.pdf"",""https://cdn.aldar.com/en/news-and-media/aldar-fy-2024-financial-results""]",Definitions and causal attribution should be displayed,2026-08-30,global_real_estate_pioneers_agent.csv,requires_claim_level_editorial_review,review_required
clm-50ad6e8aaf0e,org-aldar-properties-4218e8b,Aldar Properties,named_initiatives,Live Aldar; Innovation; WiredScore/SmartScore; water recycling,company-reported,C3,"The statement is reported by a company, customer, vendor, directory, investor or programme.",A,"[""S2""]","[""https://aldar.com/"",""https://aldar.com/aldar-report2024/documents/aldar-annual-report-2024_compressed-1.pdf"",""https://cdn.aldar.com/en/news-and-media/aldar-fy-2024-financial-results""]",Definitions and causal attribution should be displayed,2026-08-30,global_real_estate_pioneers_agent.csv,requires_claim_level_editorial_review,attributed_only
clm-66f73839f6bf,org-aldar-properties-4218e8b,Aldar Properties,scale_signal,FY2024 revenue AED23.0bn; digital platforms 4.2m visits,company-reported,C3,"The statement is reported by a company, customer, vendor, directory, investor or programme.",A,"[""S2""]","[""https://aldar.com/"",""https://aldar.com/aldar-report2024/documents/aldar-annual-report-2024_compressed-1.pdf"",""https://cdn.aldar.com/en/news-and-media/aldar-fy-2024-financial-results""]",Definitions and causal attribution should be displayed,2026-08-30,global_real_estate_pioneers_agent.csv,requires_claim_level_editorial_review,attributed_only
clm-90a1343865f9,org-aldar-properties-4218e8b,Aldar Properties,tech_strategy,"Digital sales, agreements, startup pilots and smart connectivity",company-reported,C3,"The statement is reported by a company, customer, vendor, directory, investor or programme.",A,"[""S2""]","[""https://aldar.com/"",""https://aldar.com/aldar-report2024/documents/aldar-annual-report-2024_compressed-1.pdf"",""https://cdn.aldar.com/en/news-and-media/aldar-fy-2024-financial-results""]",Definitions and causal attribution should be displayed,2026-08-30,global_real_estate_pioneers_agent.csv,requires_claim_level_editorial_review,attributed_only
clm-03e0be3729ec,org-alice-technologies-3d2a5de,ALICE Technologies,headline_claim,"ALICE Plan, Optimize and Model support 2D schedule visualization, P6 or MSP schedule optimization, BIM-based modelling and construction scenario simulation.",official product description,C3,"The statement is reported by a company, customer, vendor, directory, investor or programme.",A,"[""S2"",""S4""]","[""https://alicetechnologies.com/"",""https://alicetechnologies.com/construction-optioneering"",""https://brickmortar.vc/portfolio"",""https://spark.jllt.com/portfolio""]","Optimization, time and cost benefits are vendor or customer claims unless independently measured; fit depends on disciplined schedules, WBS and BIM inputs.",2026-08-30,final_residual_additions.csv,requires_claim_level_editorial_review,attributed_only
clm-f172a4c905e7,org-alice-technologies-3d2a5de,ALICE Technologies,jcx_relevance,A distinct benchmark for scenario-based project planning and schedule optimization before and during delivery,atlas_inference,C4,JCX relevance is an atlas analyst interpretation.,A,"[""S2"",""S4""]","[""https://alicetechnologies.com/"",""https://alicetechnologies.com/construction-optioneering"",""https://brickmortar.vc/portfolio"",""https://spark.jllt.com/portfolio""]","Optimization, time and cost benefits are vendor or customer claims unless independently measured; fit depends on disciplined schedules, WBS and BIM inputs.",2026-08-30,final_residual_additions.csv,requires_claim_level_editorial_review,review_required
clm-d3c9f44cad0a,org-altus-group-argus-intelligence-argus-enterprise-3e9e2c7,Altus Group ARGUS Intelligence / ARGUS Enterprise,headline_claim,ARGUS Enterprise provides lease-by-lease cash-flow modeling valuation budgeting scenario analysis and asset management within ARGUS Intelligence,official product description; public-company filing,C3,"The statement is reported by a company, customer, vendor, directory, investor or programme.",A,"[""S2""]","[""https://altusgroup.com/argus"",""https://altusgroup.com/solutions/argus-enterprise"",""https://assets.ctfassets.net/8jgyidtgyr4v/5JvyDH3YNv4OXX5GbjMkvl/2a9d210f709762517c3e55477457ac3f/Altus_Group_Limited_MDA_2025Q4.pdf""]",Profile Altus/ARGUS as one product family; valuation-standard and adoption claims require attribution,2026-08-30,enterprise_platform_additions.csv,requires_claim_level_editorial_review,attributed_only
clm-b4ef26c4e236,org-altus-group-argus-intelligence-argus-enterprise-3e9e2c7,Altus Group ARGUS Intelligence / ARGUS Enterprise,jcx_relevance,High,atlas_inference,C4,JCX relevance is an atlas analyst interpretation.,A,"[""S2""]","[""https://altusgroup.com/argus"",""https://altusgroup.com/solutions/argus-enterprise"",""https://assets.ctfassets.net/8jgyidtgyr4v/5JvyDH3YNv4OXX5GbjMkvl/2a9d210f709762517c3e55477457ac3f/Altus_Group_Limited_MDA_2025Q4.pdf""]",Profile Altus/ARGUS as one product family; valuation-standard and adoption claims require attribution,2026-08-30,enterprise_platform_additions.csv,requires_claim_level_editorial_review,review_required
clm-78c986a0cd45,org-ampd-energy-d47df2a,Ampd Energy,headline_claim,Battery systems replace diesel on jobsites; CDL/Microsoft cases via Taronga,Customer/vendor case,C3,"The statement is reported by a company, customer, vendor, directory, investor or programme.",B,"[""S2"",""S4""]","[""https://ampd.energy/"",""https://tarongagroup.com/realtechx""]",Import service grid safety capex and warranty,2026-08-30,proptech_startups_agent.csv,requires_claim_level_editorial_review,attributed_only
clm-f6a06e687c72,org-ampd-energy-d47df2a,Ampd Energy,jcx_relevance,Medium,atlas_inference,C4,JCX relevance is an atlas analyst interpretation.,B,"[""S2"",""S4""]","[""https://ampd.energy/"",""https://tarongagroup.com/realtechx""]",Import service grid safety capex and warranty,2026-08-30,proptech_startups_agent.csv,requires_claim_level_editorial_review,review_required
clm-01a3684f520e,org-appfolio-fa66ac8,AppFolio,headline_claim,Accounting marketing leasing maintenance and resident operations,Product description,C3,"The statement is reported by a company, customer, vendor, directory, investor or programme.",A,"[""S2""]","[""https://appfolio.com/""]",US-centric market and payment/local law fit,2026-08-30,proptech_startups_agent.csv,requires_claim_level_editorial_review,attributed_only
clm-06d7c70b2809,org-appfolio-fa66ac8,AppFolio,jcx_relevance,Potential rental operations and payments layer,atlas_inference,C4,JCX relevance is an atlas analyst interpretation.,C,"[""S2""]","[""https://appfolio.com/""]",Public-company metrics need current filing review,2026-08-30,global_real_estate_pioneers_agent.csv,requires_claim_level_editorial_review,review_required
clm-ea8894c6fa5f,org-appfolio-fa66ac8,AppFolio,jcx_relevance,Medium,atlas_inference,C4,JCX relevance is an atlas analyst interpretation.,A,"[""S2""]","[""https://appfolio.com/""]",US-centric market and payment/local law fit,2026-08-30,proptech_startups_agent.csv,requires_claim_level_editorial_review,review_required
clm-fe30b2c3ea3f,org-appfolio-fa66ac8,AppFolio,named_initiatives,AppFolio Property Manager,unknown,C5,No usable claim-attribution label in the source row.,C,"[""S2""]","[""https://appfolio.com/""]",Public-company metrics need current filing review,2026-08-30,global_real_estate_pioneers_agent.csv,requires_claim_level_editorial_review,context_only
clm-e735b300d33c,org-appfolio-fa66ac8,AppFolio,scale_signal,Large property-management SaaS platform,unknown,C5,No usable claim-attribution label in the source row.,C,"[""S2""]","[""https://appfolio.com/""]",Public-company metrics need current filing review,2026-08-30,global_real_estate_pioneers_agent.csv,requires_claim_level_editorial_review,context_only
clm-2d34d16326ee,org-appfolio-fa66ac8,AppFolio,tech_strategy,"Leasing, payments, accounting and AI workflows to verify",unknown,C5,No usable claim-attribution label in the source row.,C,"[""S2""]","[""https://appfolio.com/""]",Public-company metrics need current filing review,2026-08-30,global_real_estate_pioneers_agent.csv,requires_claim_level_editorial_review,context_only
clm-6aa435857fbe,org-apply-design-73f51a0,Apply Design,headline_claim,"YC describes one-click photorealistic staging and reports 10,000+ properties processed monthly",company-reported scale via YC description,C3,"The statement is reported by a company, customer, vendor, directory, investor or programme.",A,"[""S4""]","[""https://ycombinator.com/companies/apply-design""]","Image provenance, disclosure, copyright and buyer-expectation risk matter; staging does not prove conversion or price lift.",2026-08-30,coverage_gap_additions.csv,requires_claim_level_editorial_review,attributed_only
clm-f841c630e30f,org-apply-design-73f51a0,Apply Design,jcx_relevance,Low-medium,atlas_inference,C4,JCX relevance is an atlas analyst interpretation.,A,"[""S4""]","[""https://ycombinator.com/companies/apply-design""]","Image provenance, disclosure, copyright and buyer-expectation risk matter; staging does not prove conversion or price lift.",2026-08-30,coverage_gap_additions.csv,requires_claim_level_editorial_review,review_required
clm-8cdfab069a62,org-archilabs-8f4d23e,ArchiLabs,headline_claim,"$10.6m is prior-company claim, not ArchiLabs outcome",startup self-report,C3,"The statement is reported by a company, customer, vendor, directory, investor or programme.",D,"[""S4""]","[""https://ycombinator.com/companies/archilabs""]",Separate founder history from current traction,2026-08-30,global_real_estate_pioneers_agent.csv,requires_claim_level_editorial_review,attributed_only
clm-f1c4f6609379,org-archilabs-8f4d23e,ArchiLabs,jcx_relevance,Potential data-centre design pilot,atlas_inference,C4,JCX relevance is an atlas analyst interpretation.,D,"[""S4""]","[""https://ycombinator.com/companies/archilabs""]",Separate founder history from current traction,2026-08-30,global_real_estate_pioneers_agent.csv,requires_claim_level_editorial_review,review_required
clm-a1efd158b864,org-archilabs-8f4d23e,ArchiLabs,named_initiatives,ArchiLabs,startup self-report,C3,"The statement is reported by a company, customer, vendor, directory, investor or programme.",D,"[""S4""]","[""https://ycombinator.com/companies/archilabs""]",Separate founder history from current traction,2026-08-30,global_real_estate_pioneers_agent.csv,requires_claim_level_editorial_review,attributed_only
clm-634424abdcbd,org-archilabs-8f4d23e,ArchiLabs,scale_signal,"Founder profile cites prior $10.6m contracted run rate, not current company",startup self-report,C3,"The statement is reported by a company, customer, vendor, directory, investor or programme.",D,"[""S4""]","[""https://ycombinator.com/companies/archilabs""]",Separate founder history from current traction,2026-08-30,global_real_estate_pioneers_agent.csv,requires_claim_level_editorial_review,attributed_only
clm-1521c4d5c56d,org-archilabs-8f4d23e,ArchiLabs,tech_strategy,AI data-centre design OS,startup self-report,C3,"The statement is reported by a company, customer, vendor, directory, investor or programme.",D,"[""S4""]","[""https://ycombinator.com/companies/archilabs""]",Separate founder history from current traction,2026-08-30,global_real_estate_pioneers_agent.csv,requires_claim_level_editorial_review,attributed_only
clm-730f54e7c4a4,org-archistar-2a1bcac,Archistar,headline_claim,planning-data-does-not-transfer-licensed-signoff,government-company,C3,"The statement is reported by a company, customer, vendor, directory, investor or programme.",A,"[""S1"",""S2""]","[""https://archistar.ai/"",""https://archistar.ai/for-property-developers-legacy"",""https://planning.nsw.gov.au/news/nsw-government-bringing-planning-21st-century""]",unknown,2026-08-30,regional_companies_agent.csv,requires_claim_level_editorial_review,attributed_only
clm-6415680d1a1b,org-archistar-2a1bcac,Archistar,jcx_relevance,RAJUK-CDA-DAP-feasibility,atlas_inference,C4,JCX relevance is an atlas analyst interpretation.,A,"[""S1"",""S2""]","[""https://archistar.ai/"",""https://archistar.ai/for-property-developers-legacy"",""https://planning.nsw.gov.au/news/nsw-government-bringing-planning-21st-century""]",unknown,2026-08-30,regional_companies_agent.csv,requires_claim_level_editorial_review,review_required
clm-8c77b6ac2f30,org-asano-7c359e8,Asano,headline_claim,Unifies financial development and spatial data for capital planning,Cohort selection/self-description,C3,"The statement is reported by a company, customer, vendor, directory, investor or programme.",A,"[""S4""]","[""https://nar-reach.com/news""]",Middle East/local-data fit needs verification,2026-08-30,proptech_startups_agent.csv,requires_claim_level_editorial_review,attributed_only
clm-0af69f2b8492,org-asano-7c359e8,Asano,jcx_relevance,Medium,atlas_inference,C4,JCX relevance is an atlas analyst interpretation.,A,"[""S4""]","[""https://nar-reach.com/news""]",Middle East/local-data fit needs verification,2026-08-30,proptech_startups_agent.csv,requires_claim_level_editorial_review,review_required
clm-9872a0ffedfa,org-assembly-hoa-ccdf571,Assembly HOA,headline_claim,"YC describes AI-enabled HOA management, routine-task automation and resident/board transparency",YC company description,C3,"The statement is reported by a company, customer, vendor, directory, investor or programme.",A,"[""S4""]","[""https://ycombinator.com/companies/assembly-hoa""]","Service business plus software; HOA governance, legal duties and trust require human accountability.",2026-08-30,coverage_gap_additions.csv,requires_claim_level_editorial_review,attributed_only
clm-559a002a94c8,org-assembly-hoa-ccdf571,Assembly HOA,jcx_relevance,Medium,atlas_inference,C4,JCX relevance is an atlas analyst interpretation.,A,"[""S4""]","[""https://ycombinator.com/companies/assembly-hoa""]","Service business plus software; HOA governance, legal duties and trust require human accountability.",2026-08-30,coverage_gap_additions.csv,requires_claim_level_editorial_review,review_required
clm-1ffda7e26328,org-association-online-7880320,Association Online,headline_claim,HOA data and transparency to reduce closing delays and risk,Cohort selection/self-description,C3,"The statement is reported by a company, customer, vendor, directory, investor or programme.",A,"[""S4""]","[""https://nar-reach.com/second-century-ventures-announces-6-technology-companies-for-2026-reach-scale-up-program""]",US HOA context and no independent outcomes,2026-08-30,proptech_startups_agent.csv,requires_claim_level_editorial_review,attributed_only
clm-aaf6d4597b63,org-association-online-7880320,Association Online,jcx_relevance,Low,atlas_inference,C4,JCX relevance is an atlas analyst interpretation.,A,"[""S4""]","[""https://nar-reach.com/second-century-ventures-announces-6-technology-companies-for-2026-reach-scale-up-program""]",US HOA context and no independent outcomes,2026-08-30,proptech_startups_agent.csv,requires_claim_level_editorial_review,review_required
clm-f94f522ae125,org-auar-c47f01d,AUAR,headline_claim,Deploys on-demand robotic microfactories to produce modular building components with low upfront capital.,product description,C3,"The statement is reported by a company, customer, vendor, directory, investor or programme.",A,"[""S2""]","[""https://auar.io/"",""https://auar.io/how-it-works"",""https://shadow.vc/investments/auar""]",Shadow marks the investment as seed and 2025; production and unit economics require diligence.,2026-08-30,startup_core_additions.csv,requires_claim_level_editorial_review,attributed_only
clm-cf83b89b22f0,org-auar-c47f01d,AUAR,jcx_relevance,High,atlas_inference,C4,JCX relevance is an atlas analyst interpretation.,A,"[""S2""]","[""https://auar.io/"",""https://auar.io/how-it-works"",""https://shadow.vc/investments/auar""]",Shadow marks the investment as seed and 2025; production and unit economics require diligence.,2026-08-30,startup_core_additions.csv,requires_claim_level_editorial_review,review_required
clm-208febb4d671,org-aurora-solar-62db3f0,Aurora Solar,headline_claim,Cloud PV design proposals workflow and installer sales,Company/VC scale claim,C3,"The statement is reported by a company, customer, vendor, directory, investor or programme.",A,"[""S2"",""S4""]","[""https://aurorasolar.com/"",""https://fifthwall.com/portfolio""]",Local tariff net-metering roofs EPC and finance,2026-08-30,proptech_startups_agent.csv,requires_claim_level_editorial_review,attributed_only
clm-49a0163d1aad,org-aurora-solar-62db3f0,Aurora Solar,jcx_relevance,Medium,atlas_inference,C4,JCX relevance is an atlas analyst interpretation.,A,"[""S2"",""S4""]","[""https://aurorasolar.com/"",""https://fifthwall.com/portfolio""]",Local tariff net-metering roofs EPC and finance,2026-08-30,proptech_startups_agent.csv,requires_claim_level_editorial_review,review_required
clm-493cc81e73ff,org-aurum-proptech-3c687dc,Aurum-PropTech,headline_claim,portfolio-and-market-potential-are-company-statements,company-page,C3,"The statement is reported by a company, customer, vendor, directory, investor or programme.",A,"[""S2""]","[""https://aurumproptech.in/"",""https://aurumproptech.in/about""]",unknown,2026-08-30,regional_companies_agent.csv,requires_claim_level_editorial_review,attributed_only
clm-3e81d4505840,org-aurum-proptech-3c687dc,Aurum-PropTech,jcx_relevance,ecosystem-acquisition-benchmark,atlas_inference,C4,JCX relevance is an atlas analyst interpretation.,A,"[""S2""]","[""https://aurumproptech.in/"",""https://aurumproptech.in/about""]",unknown,2026-08-30,regional_companies_agent.csv,requires_claim_level_editorial_review,review_required
clm-9dc02f2a3d71,org-autodesk-construction-cloud-1c9b0c9,Autodesk Construction Cloud,headline_claim,Customer outcomes vary; verify case studies,vendor-reported,C3,"The statement is reported by a company, customer, vendor, directory, investor or programme.",B,"[""S2""]","[""https://construction.autodesk.com/""]",Product suite and deployment differ by market,2026-08-30,global_real_estate_pioneers_agent.csv,requires_claim_level_editorial_review,attributed_only
clm-b69475f98e22,org-autodesk-construction-cloud-1c9b0c9,Autodesk Construction Cloud,jcx_relevance,Potential design-to-delivery system of record,atlas_inference,C4,JCX relevance is an atlas analyst interpretation.,B,"[""S2""]","[""https://construction.autodesk.com/""]",Product suite and deployment differ by market,2026-08-30,global_real_estate_pioneers_agent.csv,requires_claim_level_editorial_review,review_required
clm-5d1e21094323,org-autodesk-construction-cloud-1c9b0c9,Autodesk Construction Cloud,named_initiatives,Autodesk Construction Cloud; Revit; Forma,vendor-reported,C3,"The statement is reported by a company, customer, vendor, directory, investor or programme.",B,"[""S2""]","[""https://construction.autodesk.com/""]",Product suite and deployment differ by market,2026-08-30,global_real_estate_pioneers_agent.csv,requires_claim_level_editorial_review,attributed_only
clm-27acb6c7be26,org-autodesk-construction-cloud-1c9b0c9,Autodesk Construction Cloud,scale_signal,Global BIM/design/construction platform,vendor-reported,C3,"The statement is reported by a company, customer, vendor, directory, investor or programme.",B,"[""S2""]","[""https://construction.autodesk.com/""]",Product suite and deployment differ by market,2026-08-30,global_real_estate_pioneers_agent.csv,requires_claim_level_editorial_review,attributed_only
clm-72704dea7b48,org-autodesk-construction-cloud-1c9b0c9,Autodesk Construction Cloud,tech_strategy,"BIM, coordination, document control and AI workflows",vendor-reported,C3,"The statement is reported by a company, customer, vendor, directory, investor or programme.",B,"[""S2""]","[""https://construction.autodesk.com/""]",Product suite and deployment differ by market,2026-08-30,global_real_estate_pioneers_agent.csv,requires_claim_level_editorial_review,attributed_only
clm-989f7c6f12ee,org-autodesk-construction-cloud-1c9b0c9,Autodesk Construction Cloud / Forma,headline_claim,Cloud suite connects design coordination documents field cost and handover,Product description,C3,"The statement is reported by a company, customer, vendor, directory, investor or programme.",A,"[""S2""]","[""https://construction.autodesk.com/"",""https://construction.autodesk.com/resources/customer-success-stories/boustead-projects-cuts-rework-by-20-and-saves-months-on-handovers-with-autodesk-forma-2""]",Implementation complexity and ERP/BIM overlap,2026-08-30,proptech_startups_agent.csv,requires_claim_level_editorial_review,attributed_only
clm-8cb8c060820f,org-autodesk-construction-cloud-1c9b0c9,Autodesk Construction Cloud / Forma,jcx_relevance,High,atlas_inference,C4,JCX relevance is an atlas analyst interpretation.,A,"[""S2""]","[""https://construction.autodesk.com/"",""https://construction.autodesk.com/resources/customer-success-stories/boustead-projects-cuts-rework-by-20-and-saves-months-on-handovers-with-autodesk-forma-2""]",Implementation complexity and ERP/BIM overlap,2026-08-30,proptech_startups_agent.csv,requires_claim_level_editorial_review,review_required
clm-b7ff833ba98e,org-automax-ai-d3cbf41,Automax.ai,headline_claim,LiDAR/computer vision appraisal in under 20 minutes,YC self-description,C3,"The statement is reported by a company, customer, vendor, directory, investor or programme.",A,"[""S4""]","[""https://ycombinator.com/companies/automax-ai""]",US Fannie/Freddie compliance and very early,2026-08-30,proptech_startups_agent.csv,requires_claim_level_editorial_review,attributed_only
clm-1d9febca91ef,org-automax-ai-d3cbf41,Automax.ai,jcx_relevance,Medium,atlas_inference,C4,JCX relevance is an atlas analyst interpretation.,A,"[""S4""]","[""https://ycombinator.com/companies/automax-ai""]",US Fannie/Freddie compliance and very early,2026-08-30,proptech_startups_agent.csv,requires_claim_level_editorial_review,review_required
clm-9a7c2b31b242,org-avalonbay-communities-7170354,AvalonBay Communities,jcx_relevance,Institutional multifamily operations benchmark,atlas_inference,C4,JCX relevance is an atlas analyst interpretation.,C,"[""S2""]","[""https://investors.avalonbay.com/""]",Primary filing review required,2026-08-30,global_real_estate_pioneers_agent.csv,requires_claim_level_editorial_review,review_required
clm-004ad7cf701a,org-avalonbay-communities-7170354,AvalonBay Communities,named_initiatives,Unknown—verify products,unknown,C5,No usable claim-attribution label in the source row.,C,"[""S2""]","[""https://investors.avalonbay.com/""]",Primary filing review required,2026-08-30,global_real_estate_pioneers_agent.csv,requires_claim_level_editorial_review,context_only
clm-e922bd080113,org-avalonbay-communities-7170354,AvalonBay Communities,scale_signal,Public multifamily REIT,unknown,C5,No usable claim-attribution label in the source row.,C,"[""S2""]","[""https://investors.avalonbay.com/""]",Primary filing review required,2026-08-30,global_real_estate_pioneers_agent.csv,requires_claim_level_editorial_review,context_only
clm-be1842c7f8cd,org-avalonbay-communities-7170354,AvalonBay Communities,tech_strategy,"Digital leasing, resident services, smart home and energy analytics to verify",unknown,C5,No usable claim-attribution label in the source row.,C,"[""S2""]","[""https://investors.avalonbay.com/""]",Primary filing review required,2026-08-30,global_real_estate_pioneers_agent.csv,requires_claim_level_editorial_review,context_only
clm-23f19eb641f5,org-averyiq-55a4cc0,AveryIQ,headline_claim,AI leasing and maintenance contact center,YC self-description,C3,"The statement is reported by a company, customer, vendor, directory, investor or programme.",A,"[""S4""]","[""https://ycombinator.com/companies/averyiq""]",Bangla voice vendors escalation and privacy,2026-08-30,proptech_startups_agent.csv,requires_claim_level_editorial_review,attributed_only
clm-467996a6636e,org-averyiq-55a4cc0,AveryIQ,jcx_relevance,Medium,atlas_inference,C4,JCX relevance is an atlas analyst interpretation.,A,"[""S4""]","[""https://ycombinator.com/companies/averyiq""]",Bangla voice vendors escalation and privacy,2026-08-30,proptech_startups_agent.csv,requires_claim_level_editorial_review,review_required
clm-12cd8b9c35d6,org-banner-37f93a0,Banner,headline_claim,Acquisition-to-disposition workflow and admin automation,YC self-description,C3,"The statement is reported by a company, customer, vendor, directory, investor or programme.",B,"[""S4""]","[""https://ycombinator.com/companies/banner""]",Claims not independently verified and local fit,2026-08-30,proptech_startups_agent.csv,requires_claim_level_editorial_review,attributed_only
clm-9e0673f06a53,org-banner-37f93a0,Banner,jcx_relevance,High,atlas_inference,C4,JCX relevance is an atlas analyst interpretation.,B,"[""S4""]","[""https://ycombinator.com/companies/banner""]",Claims not independently verified and local fit,2026-08-30,proptech_startups_agent.csv,requires_claim_level_editorial_review,review_required
clm-c6b1bcbdd85e,org-barikoi-0f8853c,Barikoi,headline_claim,local-mapping-infrastructure-and-IDLC-investment,company-plus-investor,C3,"The statement is reported by a company, customer, vendor, directory, investor or programme.",B/A,"[""S2""]","[""https://barikoi.com/"",""https://crunchbase.com/organization/barikoi"",""https://linkedin.com/posts/idlc-asset-management-limited_idlc-venture-capitalhas-made-an-equity-investment-activity-7196948544384098304-EgcV""]",not-a-title-verifier-test-accuracy-and-data-rights,2026-08-30,regional_companies_agent.csv,requires_claim_level_editorial_review,attributed_only
clm-65ba828bd74f,org-barikoi-0f8853c,Barikoi,jcx_relevance,maps-address-catchments-delivery,atlas_inference,C4,JCX relevance is an atlas analyst interpretation.,B/A,"[""S2""]","[""https://barikoi.com/"",""https://crunchbase.com/organization/barikoi"",""https://linkedin.com/posts/idlc-asset-management-limited_idlc-venture-capitalhas-made-an-equity-investment-activity-7196948544384098304-EgcV""]",not-a-title-verifier-test-accuracy-and-data-rights,2026-08-30,regional_companies_agent.csv,requires_claim_level_editorial_review,review_required
clm-fd3e97ddafc6,org-bentley-systems-ecbac87,Bentley Systems,headline_claim,iTwin federates engineering BIM reality GIS IoT schedule and enterprise data into open-API infrastructure digital twins,official product description and customer stories,C3,"The statement is reported by a company, customer, vendor, directory, investor or programme.",A,"[""S2""]","[""https://bentley.com/en/products/itwin-iot"",""https://bentley.com/en/products/itwin-platform""]",Infrastructure-led rather than residential PropTech; implementation and proprietary schemas can create integration complexity.,2026-08-30,coverage_gap_additions.csv,requires_claim_level_editorial_review,attributed_only
clm-f40c87b37799,org-bentley-systems-ecbac87,Bentley Systems,jcx_relevance,High,atlas_inference,C4,JCX relevance is an atlas analyst interpretation.,A,"[""S2""]","[""https://bentley.com/en/products/itwin-iot"",""https://bentley.com/en/products/itwin-platform""]",Infrastructure-led rather than residential PropTech; implementation and proprietary schemas can create integration complexity.,2026-08-30,coverage_gap_additions.csv,requires_claim_level_editorial_review,review_required
clm-b1d8dbfcc8b7,org-biomason-5aaaaad,Biomason,headline_claim,Biomason uses microorganisms to form calcium-carbonate biocement and reports current production with IBF at a Denmark factory qualified in 2023.,official product and deployment description,C3,"The statement is reported by a company, customer, vendor, directory, investor or programme.",A,"[""S2""]","[""https://2150.vc/investments/biomason"",""https://biomason.com/"",""https://biomason.com/biocement""]","Carbon, performance and factory claims are company-reported; assess product standards, local feedstocks, capacity and economics before comparison with conventional cement.",2026-08-30,final_residual_additions.csv,requires_claim_level_editorial_review,attributed_only
clm-91c57590700b,org-biomason-5aaaaad,Biomason,jcx_relevance,Adds a biology-based cement pathway and a concrete-producer partnership model to the low-carbon materials comparison,atlas_inference,C4,JCX relevance is an atlas analyst interpretation.,A,"[""S2""]","[""https://2150.vc/investments/biomason"",""https://biomason.com/"",""https://biomason.com/biocement""]","Carbon, performance and factory claims are company-reported; assess product standards, local feedstocks, capacity and economics before comparison with conventional cement.",2026-08-30,final_residual_additions.csv,requires_claim_level_editorial_review,review_required
clm-f4256f7a2acb,org-blackstone-86cff53,Blackstone,headline_claim,Official AI strategy describes QTS and AirTrunk data-centre platforms; 2026 10-K available,company-reported strategy and scale,C3,"The statement is reported by a company, customer, vendor, directory, investor or programme.",A,"[""S2""]","[""https://blackstone.com/"",""https://blackstone.com/insights/article/behind-the-deal-airtrunk"",""https://blackstone.com/investing-in-ai"",""https://ir.blackstone.com/sec-filings/sec-filings-details/default.aspx?FilingId=19199346""]",Data-centre/AUM/pipeline claims are attributed; distinguish Blackstone corporate strategy from portfolio-company operations,2026-08-30,operator_coverage_additions.csv,requires_claim_level_editorial_review,attributed_only
clm-92cc0ba94666,org-blackstone-86cff53,Blackstone,jcx_relevance,Capital and data-centre power/land strategy changes JCX’s infrastructure and owner-operator thesis; QTS/AirTrunk are the operating comparators,atlas_inference,C4,JCX relevance is an atlas analyst interpretation.,A,"[""S2""]","[""https://blackstone.com/"",""https://blackstone.com/insights/article/behind-the-deal-airtrunk"",""https://blackstone.com/investing-in-ai"",""https://ir.blackstone.com/sec-filings/sec-filings-details/default.aspx?FilingId=19199346""]",Data-centre/AUM/pipeline claims are attributed; distinguish Blackstone corporate strategy from portfolio-company operations,2026-08-30,operator_coverage_additions.csv,requires_claim_level_editorial_review,review_required
clm-2f23ac2d15ae,org-blend-f9b1cd1,Blend,headline_claim,Digital lending infrastructure used by banks,Company/VC scale claim,C3,"The statement is reported by a company, customer, vendor, directory, investor or programme.",A,"[""S2"",""S4""]","[""https://blend.com/"",""https://fifthwall.com/portfolio""]",US licensing and banking rails do not transfer,2026-08-30,proptech_startups_agent.csv,requires_claim_level_editorial_review,attributed_only
clm-7ac0e200f79a,org-blend-f9b1cd1,Blend,jcx_relevance,Medium,atlas_inference,C4,JCX relevance is an atlas analyst interpretation.,A,"[""S2"",""S4""]","[""https://blend.com/"",""https://fifthwall.com/portfolio""]",US licensing and banking rails do not transfer,2026-08-30,proptech_startups_agent.csv,requires_claim_level_editorial_review,review_required
clm-0bada5e7d3eb,org-bouygues-construction-da06c6d,Bouygues Construction,headline_claim,No independently verified project ROI disclosed,observed,C4,The statement is an analyst inference.,A,"[""S2""]","[""https://bouygues-construction.com/"",""https://bouygues-construction.com/sites/default/files/bycn_financier_gb_2024_0.pdf"",""https://bouygues.com/integrated-report-2024/doc/article/29""]",Programme evidence stronger than outcomes,2026-08-30,global_real_estate_pioneers_agent.csv,requires_claim_level_editorial_review,review_required
clm-9d0e0940c1a1,org-bouygues-construction-da06c6d,Bouygues Construction,jcx_relevance,Innovation-centre and circular-construction comparator,atlas_inference,C4,JCX relevance is an atlas analyst interpretation.,A,"[""S2""]","[""https://bouygues-construction.com/"",""https://bouygues-construction.com/sites/default/files/bycn_financier_gb_2024_0.pdf"",""https://bouygues.com/integrated-report-2024/doc/article/29""]",Programme evidence stronger than outcomes,2026-08-30,global_real_estate_pioneers_agent.csv,requires_claim_level_editorial_review,review_required
clm-f64aebe83f4c,org-bouygues-construction-da06c6d,Bouygues Construction,named_initiatives,Scale One; Cyneo; Trimble pilots,observed,C4,The statement is an analyst inference.,A,"[""S2""]","[""https://bouygues-construction.com/"",""https://bouygues-construction.com/sites/default/files/bycn_financier_gb_2024_0.pdf"",""https://bouygues.com/integrated-report-2024/doc/article/29""]",Programme evidence stronger than outcomes,2026-08-30,global_real_estate_pioneers_agent.csv,requires_claim_level_editorial_review,review_required
clm-4ad283b80a51,org-bouygues-construction-da06c6d,Bouygues Construction,scale_signal,"Bouygues Group 200,000 employees",observed,C4,The statement is an analyst inference.,A,"[""S2""]","[""https://bouygues-construction.com/"",""https://bouygues-construction.com/sites/default/files/bycn_financier_gb_2024_0.pdf"",""https://bouygues.com/integrated-report-2024/doc/article/29""]",Programme evidence stronger than outcomes,2026-08-30,global_real_estate_pioneers_agent.csv,requires_claim_level_editorial_review,review_required
clm-cd5aeda05d02,org-bouygues-construction-da06c6d,Bouygues Construction,tech_strategy,"Green and digital construction through centres, pilots and R&D",observed,C4,The statement is an analyst inference.,A,"[""S2""]","[""https://bouygues-construction.com/"",""https://bouygues-construction.com/sites/default/files/bycn_financier_gb_2024_0.pdf"",""https://bouygues.com/integrated-report-2024/doc/article/29""]",Programme evidence stronger than outcomes,2026-08-30,global_real_estate_pioneers_agent.csv,requires_claim_level_editorial_review,review_required
clm-e5cee8205dcd,org-bpc-2d7019e,BPC,headline_claim,searches-resolve-to-non-PropTech-entities,negative-verification,C1,Source-row label indicates an authoritative filing/government/verified event.,D,"[""S3""]","[""https://wikipedia.org/wiki/BPC""]",provide-legal-name-or-domain,2026-08-30,regional_companies_agent.csv,requires_claim_level_editorial_review,review_required
clm-33d1c8c8525a,org-bpc-2d7019e,BPC,jcx_relevance,exclude-until-legal-identity,atlas_inference,C4,JCX relevance is an atlas analyst interpretation.,D,"[""S3""]","[""https://wikipedia.org/wiki/BPC""]",provide-legal-name-or-domain,2026-08-30,regional_companies_agent.csv,requires_claim_level_editorial_review,review_required
clm-2f44bef2d545,org-bproperty-79a37ab,Bproperty,headline_claim,major-historic-portal-current-domain-disclaims-legacy-affiliation,historical-press-plus-company,C3,"The statement is reported by a company, customer, vendor, directory, investor or programme.",A/B,"[""S2""]","[""https://bproperty.com/"",""https://bproperty.com/about-us"",""https://bproperty.com/terms-of-use"",""https://bssnews.net/business/107809""]",verify-entity-data-contracts-and-inventory,2026-08-30,regional_companies_agent.csv,requires_claim_level_editorial_review,attributed_only
clm-a7a7ec8c2958,org-bproperty-79a37ab,Bproperty,headline_claim,Local listings advice valuation and loan comparison,Company description,C3,"The statement is reported by a company, customer, vendor, directory, investor or programme.",A,"[""S2""]","[""https://bproperty.com/about-us""]",Lead ownership data use and freshness,2026-08-30,proptech_startups_agent.csv,requires_claim_level_editorial_review,attributed_only
clm-4be71ececf1e,org-bproperty-79a37ab,Bproperty,jcx_relevance,High,atlas_inference,C4,JCX relevance is an atlas analyst interpretation.,A,"[""S2""]","[""https://bproperty.com/about-us""]",Lead ownership data use and freshness,2026-08-30,proptech_startups_agent.csv,requires_claim_level_editorial_review,review_required
clm-af456ac2b49c,org-bproperty-79a37ab,Bproperty,jcx_relevance,listing-UX-and-lead-channel,atlas_inference,C4,JCX relevance is an atlas analyst interpretation.,A/B,"[""S2""]","[""https://bproperty.com/"",""https://bproperty.com/about-us"",""https://bproperty.com/terms-of-use"",""https://bssnews.net/business/107809""]",verify-entity-data-contracts-and-inventory,2026-08-30,regional_companies_agent.csv,requires_claim_level_editorial_review,review_required
clm-f03ee14a7057,org-brainbox-ai-f5deb8d,BrainBox AI,headline_claim,AI controls HVAC using BMS data,Product description,C3,"The statement is reported by a company, customer, vendor, directory, investor or programme.",A,"[""S2""]","[""https://brainboxai.com/""]",BMS interoperability hot/humid calibration and controls liability,2026-08-30,proptech_startups_agent.csv,requires_claim_level_editorial_review,attributed_only
clm-d99c7742b5eb,org-brainbox-ai-f5deb8d,BrainBox AI,jcx_relevance,Medium,atlas_inference,C4,JCX relevance is an atlas analyst interpretation.,A,"[""S2""]","[""https://brainboxai.com/""]",BMS interoperability hot/humid calibration and controls liability,2026-08-30,proptech_startups_agent.csv,requires_claim_level_editorial_review,review_required
clm-201899c02e02,org-brick-and-bolt-4809c48,Brick & Bolt,headline_claim,"Brick & Bolt combines design, fixed-scope construction, digital project tracking, escrow-linked milestone payments and multi-stage quality checks in one customer journey.",official product and operating-model description,C3,"The statement is reported by a company, customer, vendor, directory, investor or programme.",A,"[""S2""]","[""https://bricknbolt.com/"",""https://bricknbolt.com/commercial-construction-company"",""https://foundamental.com/portfolio""]","Homeowner, quality-check, delivery and delay claims are company-reported; assess contractor governance, city-level economics and complaint history before treating scale as quality proof.",2026-08-30,final_residual_additions.csv,requires_claim_level_editorial_review,attributed_only
clm-19078268fbdc,org-brick-and-bolt-4809c48,Brick & Bolt,jcx_relevance,A highly relevant South Asian benchmark for productizing fragmented design-to-build delivery with digital transparency and milestone controls,atlas_inference,C4,JCX relevance is an atlas analyst interpretation.,A,"[""S2""]","[""https://bricknbolt.com/"",""https://bricknbolt.com/commercial-construction-company"",""https://foundamental.com/portfolio""]","Homeowner, quality-check, delivery and delay claims are company-reported; assess contractor governance, city-level economics and complaint history before treating scale as quality proof.",2026-08-30,final_residual_additions.csv,requires_claim_level_editorial_review,review_required
clm-eaeac5013a9f,org-brick-and-mortar-ventures-portfolio-8dcb652,Brick & Mortar Ventures portfolio,headline_claim,Specialist portfolio of construction/AEC/FM software and hardware,Investor portfolio,C3,"The statement is reported by a company, customer, vendor, directory, investor or programme.",A,"[""S4""]","[""https://brickmortar.vc/portfolio""]",Active versus exited labels need per-company checks,2026-08-30,proptech_startups_agent.csv,requires_claim_level_editorial_review,attributed_only
clm-24ba828826ec,org-brick-and-mortar-ventures-portfolio-8dcb652,Brick & Mortar Ventures portfolio,jcx_relevance,High,atlas_inference,C4,JCX relevance is an atlas analyst interpretation.,A,"[""S4""]","[""https://brickmortar.vc/portfolio""]",Active versus exited labels need per-company checks,2026-08-30,proptech_startups_agent.csv,requires_claim_level_editorial_review,review_required
clm-ebf63d90a447,org-bricks-fund-tokyo-f018f4a,BRICKS FUND TOKYO,headline_claim,No portfolio-level ROI disclosed,observed,C4,The statement is an analyst inference.,B,"[""S2""]","[""https://bricks-fundtokyo.com/"",""https://mec.co.jp/ir/library/2023/1Q/irpresentation2023_2.pdf""]",Property deployment metrics sparse,2026-08-30,global_real_estate_pioneers_agent.csv,requires_claim_level_editorial_review,review_required
clm-1604dbfbf33a,org-bricks-fund-tokyo-f018f4a,BRICKS FUND TOKYO,jcx_relevance,Urban-platform partnership model,atlas_inference,C4,JCX relevance is an atlas analyst interpretation.,B,"[""S2""]","[""https://bricks-fundtokyo.com/"",""https://mec.co.jp/ir/library/2023/1Q/irpresentation2023_2.pdf""]",Property deployment metrics sparse,2026-08-30,global_real_estate_pioneers_agent.csv,requires_claim_level_editorial_review,review_required
clm-d9a082f063c5,org-bricks-fund-tokyo-f018f4a,BRICKS FUND TOKYO,named_initiatives,Mellow; IVRy; OptQC; MOZU,observed,C4,The statement is an analyst inference.,B,"[""S2""]","[""https://bricks-fundtokyo.com/"",""https://mec.co.jp/ir/library/2023/1Q/irpresentation2023_2.pdf""]",Property deployment metrics sparse,2026-08-30,global_real_estate_pioneers_agent.csv,requires_claim_level_editorial_review,review_required
clm-c8a28a263b34,org-bricks-fund-tokyo-f018f4a,BRICKS FUND TOKYO,scale_signal,Mitsubishi Estate CVC; fund size not extracted,observed,C4,The statement is an analyst inference.,B,"[""S2""]","[""https://bricks-fundtokyo.com/"",""https://mec.co.jp/ir/library/2023/1Q/irpresentation2023_2.pdf""]",Property deployment metrics sparse,2026-08-30,global_real_estate_pioneers_agent.csv,requires_claim_level_editorial_review,review_required
clm-10f7bea46dca,org-bricks-fund-tokyo-f018f4a,BRICKS FUND TOKYO,tech_strategy,Invests in social-impact and industrial-restructuring startups,observed,C4,The statement is an analyst inference.,B,"[""S2""]","[""https://bricks-fundtokyo.com/"",""https://mec.co.jp/ir/library/2023/1Q/irpresentation2023_2.pdf""]",Property deployment metrics sparse,2026-08-30,global_real_estate_pioneers_agent.csv,requires_claim_level_editorial_review,review_required
clm-0f7949b140c7,org-brimstone-75851e3,Brimstone,headline_claim,Carbon-negative Portland cement technology,Portfolio/product description,C3,"The statement is reported by a company, customer, vendor, directory, investor or programme.",A,"[""S2"",""S4""]","[""https://brimstoneenergy.com/"",""https://fifthwall.com/portfolio""]",Scale economics standards and certification,2026-08-30,proptech_startups_agent.csv,requires_claim_level_editorial_review,attributed_only
clm-9a8c7012db6e,org-brimstone-75851e3,Brimstone,jcx_relevance,Medium,atlas_inference,C4,JCX relevance is an atlas analyst interpretation.,A,"[""S2"",""S4""]","[""https://brimstoneenergy.com/"",""https://fifthwall.com/portfolio""]",Scale economics standards and certification,2026-08-30,proptech_startups_agent.csv,requires_claim_level_editorial_review,review_required
clm-0c97083721a3,org-brkz-3da166c,BRKZ,headline_claim,US8m-2024-and-US17m-2025-releases-verify-current-financials,company-plus-press,C2,Source-row label indicates some independent or authoritative corroboration.,B/A,"[""S2"",""S3""]","[""https://brkz.com/en"",""https://globenewswire.com/news-release/2025/02/10/3023492/0/en/BRKZ-closes-17M-Series-A-to-transform-construction-procurement-as-Saudi-Arabia-s-3T-project-pipeline-accelerates.html"",""https://wamda.com/en/2024/03/brkz-secures-8-million-series-round""]",unknown,2026-08-30,regional_companies_agent.csv,requires_claim_level_editorial_review,review_required
clm-b7c8838740bc,org-brkz-3da166c,BRKZ,jcx_relevance,procurement-credit,atlas_inference,C4,JCX relevance is an atlas analyst interpretation.,B/A,"[""S2"",""S3""]","[""https://brkz.com/en"",""https://globenewswire.com/news-release/2025/02/10/3023492/0/en/BRKZ-closes-17M-Series-A-to-transform-construction-procurement-as-Saudi-Arabia-s-3T-project-pipeline-accelerates.html"",""https://wamda.com/en/2024/03/brkz-secures-8-million-series-round""]",unknown,2026-08-30,regional_companies_agent.csv,requires_claim_level_editorial_review,review_required
clm-98e84cfbd8bf,org-brokerbot-ae596f6,BrokerBot,headline_claim,AI admin support training compliance and agent guidance,Cohort selection/self-description,C3,"The statement is reported by a company, customer, vendor, directory, investor or programme.",A,"[""S4""]","[""https://nar-reach.com/second-century-ventures-announces-6-technology-companies-for-2026-reach-scale-up-program""]",Integration and human-oversight diligence,2026-08-30,proptech_startups_agent.csv,requires_claim_level_editorial_review,attributed_only
clm-b1e1b6746c6b,org-brokerbot-ae596f6,BrokerBot,jcx_relevance,Medium,atlas_inference,C4,JCX relevance is an atlas analyst interpretation.,A,"[""S4""]","[""https://nar-reach.com/second-century-ventures-announces-6-technology-companies-for-2026-reach-scale-up-program""]",Integration and human-oversight diligence,2026-08-30,proptech_startups_agent.csv,requires_claim_level_editorial_review,review_required
clm-f8788a0ea146,org-brookfield-5b2c313,Brookfield,headline_claim,Brookfield estimates $7tn AI value-chain capital need over decade; market thesis,company-reported,C3,"The statement is reported by a company, customer, vendor, directory, investor or programme.",A,"[""S2""]","[""https://brookfield.com/"",""https://brookfield.com/2025-brookfield-corporation-annual-report""]","$7tn is thesis estimate, not Brookfield commitment",2026-08-30,global_real_estate_pioneers_agent.csv,requires_claim_level_editorial_review,attributed_only
clm-e2e89e2f768f,org-brookfield-5b2c313,Brookfield,jcx_relevance,Capital allocation and energy/data-centre case,atlas_inference,C4,JCX relevance is an atlas analyst interpretation.,A,"[""S2""]","[""https://brookfield.com/"",""https://brookfield.com/2025-brookfield-corporation-annual-report""]","$7tn is thesis estimate, not Brookfield commitment",2026-08-30,global_real_estate_pioneers_agent.csv,requires_claim_level_editorial_review,review_required
clm-27bce4697f71,org-brookfield-5b2c313,Brookfield,named_initiatives,AI backbone; data centres; power; fibre,company-reported,C3,"The statement is reported by a company, customer, vendor, directory, investor or programme.",A,"[""S2""]","[""https://brookfield.com/"",""https://brookfield.com/2025-brookfield-corporation-annual-report""]","$7tn is thesis estimate, not Brookfield commitment",2026-08-30,global_real_estate_pioneers_agent.csv,requires_claim_level_editorial_review,attributed_only
clm-31ef2e73669c,org-brookfield-5b2c313,Brookfield,scale_signal,2025 report frames multi-trillion AI infrastructure opportunity,company-reported,C3,"The statement is reported by a company, customer, vendor, directory, investor or programme.",A,"[""S2""]","[""https://brookfield.com/"",""https://brookfield.com/2025-brookfield-corporation-annual-report""]","$7tn is thesis estimate, not Brookfield commitment",2026-08-30,global_real_estate_pioneers_agent.csv,requires_claim_level_editorial_review,attributed_only
clm-154fff651f70,org-brookfield-5b2c313,Brookfield,tech_strategy,Invests in physical backbone for AI and digital infrastructure,company-reported,C3,"The statement is reported by a company, customer, vendor, directory, investor or programme.",A,"[""S2""]","[""https://brookfield.com/"",""https://brookfield.com/2025-brookfield-corporation-annual-report""]","$7tn is thesis estimate, not Brookfield commitment",2026-08-30,global_real_estate_pioneers_agent.csv,requires_claim_level_editorial_review,attributed_only
clm-e10425721735,org-building-transparency-be3d8ba,Building Transparency,headline_claim,"Building Transparency's EC3 is a free open-access database and decision tool for measuring, comparing and reducing embodied carbon in construction materials and projects.",official nonprofit and product description,C3,"The statement is reported by a company, customer, vendor, directory, investor or programme.",A,"[""S3""]","[""https://buildingtransparency.org/"",""https://buildingtransparency.org/tools/ec3"",""https://docs.buildingtransparency.org/""]","Observed reductions and project outcomes are nonprofit or partner-reported and depend on local EPD coverage, baselines, procurement rules and data quality.",2026-08-30,final_residual_additions.csv,requires_claim_level_editorial_review,attributed_only
clm-598f10f0ecae,org-building-transparency-be3d8ba,Building Transparency,jcx_relevance,Provides the missing open data and interoperability layer connecting material EPDs to design procurement policy and portfolio decisions,atlas_inference,C4,JCX relevance is an atlas analyst interpretation.,A,"[""S3""]","[""https://buildingtransparency.org/"",""https://buildingtransparency.org/tools/ec3"",""https://docs.buildingtransparency.org/""]","Observed reductions and project outcomes are nonprofit or partner-reported and depend on local EPD coverage, baselines, procurement rules and data quality.",2026-08-30,final_residual_additions.csv,requires_claim_level_editorial_review,review_required
clm-550f2a025cb3,org-buildingconnected-001c81a,BuildingConnected,headline_claim,Subcontractor bid/network management; historical exit,Portfolio/ownership record,C3,"The statement is reported by a company, customer, vendor, directory, investor or programme.",A,"[""S2"",""S4""]","[""https://brickmortar.vc/portfolio"",""https://construction.autodesk.com/products/buildingconnected""]",Current parent product and local trade network must be checked,2026-08-30,proptech_startups_agent.csv,requires_claim_level_editorial_review,attributed_only
clm-9da43f12b968,org-buildingconnected-001c81a,BuildingConnected,jcx_relevance,Medium,atlas_inference,C4,JCX relevance is an atlas analyst interpretation.,A,"[""S2"",""S4""]","[""https://brickmortar.vc/portfolio"",""https://construction.autodesk.com/products/buildingconnected""]",Current parent product and local trade network must be checked,2026-08-30,proptech_startups_agent.csv,requires_claim_level_editorial_review,review_required
clm-a07b9cd2a85b,org-buildmart-a61bcf7,BuildMart,headline_claim,verification-and-integration-not-audited,company-page,C3,"The statement is reported by a company, customer, vendor, directory, investor or programme.",B/D,"[""S2""]","[""https://buildmart.com.bd/"",""https://buildmart.com.bd/pages/about-us""]",unknown,2026-08-30,regional_companies_agent.csv,requires_claim_level_editorial_review,attributed_only
clm-85556f295a60,org-buildmart-a61bcf7,BuildMart,jcx_relevance,test-RFQ-and-verified-materials,atlas_inference,C4,JCX relevance is an atlas analyst interpretation.,B/D,"[""S2""]","[""https://buildmart.com.bd/"",""https://buildmart.com.bd/pages/about-us""]",unknown,2026-08-30,regional_companies_agent.csv,requires_claim_level_editorial_review,review_required
clm-85d2eb4f383a,org-buildots-abeb197,Buildots,headline_claim,AI compares site imagery with BIM/schedule to flag variance,Customer/vendor case,C3,"The statement is reported by a company, customer, vendor, directory, investor or programme.",B,"[""S2""]","[""https://buildots.com/"",""https://buildots.com/case-studies/ncc-partners-with-buildots""]",NCC result not a JCX forecast; needs reliable BIM/schedule,2026-08-30,proptech_startups_agent.csv,requires_claim_level_editorial_review,attributed_only
clm-a578a52f06a6,org-buildots-abeb197,Buildots,jcx_relevance,High,atlas_inference,C4,JCX relevance is an atlas analyst interpretation.,B,"[""S2""]","[""https://buildots.com/"",""https://buildots.com/case-studies/ncc-partners-with-buildots""]",NCC result not a JCX forecast; needs reliable BIM/schedule,2026-08-30,proptech_startups_agent.csv,requires_claim_level_editorial_review,review_required
clm-2b5fcd3e8908,org-built-robotics-e09ff21,Built Robotics,headline_claim,Develops autonomous construction equipment to automate earthmoving and jobsite work,company product description,C3,"The statement is reported by a company, customer, vendor, directory, investor or programme.",B,"[""S2""]","[""https://builtrobotics.com/""]","Autonomy in live jobsites has safety, supervision, equipment and insurance requirements; validate deployments, not demonstrations.",2026-08-30,coverage_gap_additions.csv,requires_claim_level_editorial_review,attributed_only
clm-d5e27fec4bd5,org-built-robotics-e09ff21,Built Robotics,jcx_relevance,Medium,atlas_inference,C4,JCX relevance is an atlas analyst interpretation.,B,"[""S2""]","[""https://builtrobotics.com/""]","Autonomy in live jobsites has safety, supervision, equipment and insurance requirements; validate deployments, not demonstrations.",2026-08-30,coverage_gap_additions.csv,requires_claim_level_editorial_review,review_required
clm-f49d1de2171b,org-built-technologies-83f4505,Built Technologies,headline_claim,Cloud draw management and construction loan administration,Product description,C3,"The statement is reported by a company, customer, vendor, directory, investor or programme.",A,"[""S2"",""S4""]","[""https://fifthwall.com/portfolio"",""https://getbuilt.com/""]",Local KYC banking and legal enforceability,2026-08-30,proptech_startups_agent.csv,requires_claim_level_editorial_review,attributed_only
clm-a0076a2d3d5d,org-built-technologies-83f4505,Built Technologies,jcx_relevance,Medium,atlas_inference,C4,JCX relevance is an atlas analyst interpretation.,A,"[""S2"",""S4""]","[""https://fifthwall.com/portfolio"",""https://getbuilt.com/""]",Local KYC banking and legal enforceability,2026-08-30,proptech_startups_agent.csv,requires_claim_level_editorial_review,review_required
clm-e2712b13b70c,org-butterflymx-e90e3bb,ButterflyMX,headline_claim,Smartphone video intercom access and communications,Product description,C3,"The statement is reported by a company, customer, vendor, directory, investor or programme.",A,"[""S2"",""S4""]","[""https://butterflymx.com/"",""https://fifthwall.com/portfolio""]",Installer power connectivity privacy and emergency access,2026-08-30,proptech_startups_agent.csv,requires_claim_level_editorial_review,attributed_only
clm-5cfda1efec54,org-butterflymx-e90e3bb,ButterflyMX,jcx_relevance,Medium,atlas_inference,C4,JCX relevance is an atlas analyst interpretation.,A,"[""S2"",""S4""]","[""https://butterflymx.com/"",""https://fifthwall.com/portfolio""]",Installer power connectivity privacy and emergency access,2026-08-30,proptech_startups_agent.csv,requires_claim_level_editorial_review,review_required
clm-a7ba5b526c27,org-cambio-93cf094,Cambio,headline_claim,Named customer list; no independent ROI,startup self-report,C3,"The statement is reported by a company, customer, vendor, directory, investor or programme.",D,"[""S4""]","[""https://ycombinator.com/companies/industry/real-estate-and-construction""]",Customer references are startup-profile claims,2026-08-30,global_real_estate_pioneers_agent.csv,requires_claim_level_editorial_review,attributed_only
clm-d3ced6381e67,org-cambio-93cf094,Cambio,headline_claim,AI collects building data and prioritizes capital/compliance/retrofits,YC named-customer claim,C3,"The statement is reported by a company, customer, vendor, directory, investor or programme.",A,"[""S4""]","[""https://ycombinator.com/companies/cambio-2""]",Customer list and model outcomes need diligence,2026-08-30,proptech_startups_agent.csv,requires_claim_level_editorial_review,attributed_only
clm-a9a26cb331cb,org-cambio-93cf094,Cambio,jcx_relevance,High,atlas_inference,C4,JCX relevance is an atlas analyst interpretation.,A,"[""S4""]","[""https://ycombinator.com/companies/cambio-2""]",Customer list and model outcomes need diligence,2026-08-30,proptech_startups_agent.csv,requires_claim_level_editorial_review,review_required
clm-ce7269d8b5ed,org-cambio-93cf094,Cambio,jcx_relevance,Potential ESG and capex prioritisation layer,atlas_inference,C4,JCX relevance is an atlas analyst interpretation.,D,"[""S4""]","[""https://ycombinator.com/companies/industry/real-estate-and-construction""]",Customer references are startup-profile claims,2026-08-30,global_real_estate_pioneers_agent.csv,requires_claim_level_editorial_review,review_required
clm-f1721d554be9,org-cambio-93cf094,Cambio,named_initiatives,Cambio platform,startup self-report,C3,"The statement is reported by a company, customer, vendor, directory, investor or programme.",D,"[""S4""]","[""https://ycombinator.com/companies/industry/real-estate-and-construction""]",Customer references are startup-profile claims,2026-08-30,global_real_estate_pioneers_agent.csv,requires_claim_level_editorial_review,attributed_only
clm-a89fda8a996a,org-cambio-93cf094,Cambio,scale_signal,Claims institutional customers; verify,startup self-report,C3,"The statement is reported by a company, customer, vendor, directory, investor or programme.",D,"[""S4""]","[""https://ycombinator.com/companies/industry/real-estate-and-construction""]",Customer references are startup-profile claims,2026-08-30,global_real_estate_pioneers_agent.csv,requires_claim_level_editorial_review,attributed_only
clm-62e64b59ea51,org-cambio-93cf094,Cambio,tech_strategy,"LLM portfolio operations, compliance and retrofit prioritisation",startup self-report,C3,"The statement is reported by a company, customer, vendor, directory, investor or programme.",D,"[""S4""]","[""https://ycombinator.com/companies/industry/real-estate-and-construction""]",Customer references are startup-profile claims,2026-08-30,global_real_estate_pioneers_agent.csv,requires_claim_level_editorial_review,attributed_only
clm-02ea1a01047d,org-capitaland-investment-6aab108,CapitaLand Investment,headline_claim,CapitaStar tenant sales S$1.3bn Singapore and RMB7.3bn China in 2024,company-reported,C3,"The statement is reported by a company, customer, vendor, directory, investor or programme.",A,"[""S2""]","[""https://capitaland.com/"",""https://ir.capitalandinvest.com/"",""https://ir.capitalandinvest.com/misc/ar2024/toc""]",Sales include location/product mix; causality unproven,2026-08-30,global_real_estate_pioneers_agent.csv,requires_claim_level_editorial_review,attributed_only
clm-11162490b929,org-capitaland-investment-6aab108,CapitaLand Investment,jcx_relevance,Physical-asset plus community-commerce data layer,atlas_inference,C4,JCX relevance is an atlas analyst interpretation.,A,"[""S2""]","[""https://capitaland.com/"",""https://ir.capitalandinvest.com/"",""https://ir.capitalandinvest.com/misc/ar2024/toc""]",Sales include location/product mix; causality unproven,2026-08-30,global_real_estate_pioneers_agent.csv,requires_claim_level_editorial_review,review_required
clm-8dfac2c98899,org-capitaland-investment-6aab108,CapitaLand Investment,named_initiatives,CapitaStar; workspace ecosystem,company-reported,C3,"The statement is reported by a company, customer, vendor, directory, investor or programme.",A,"[""S2""]","[""https://capitaland.com/"",""https://ir.capitalandinvest.com/"",""https://ir.capitalandinvest.com/misc/ar2024/toc""]",Sales include location/product mix; causality unproven,2026-08-30,global_real_estate_pioneers_agent.csv,requires_claim_level_editorial_review,attributed_only
clm-a4576f10c807,org-capitaland-investment-6aab108,CapitaLand Investment,scale_signal,Target S$200bn FUM by 2028; >130 assets managed in Singapore/India/China,company-reported,C3,"The statement is reported by a company, customer, vendor, directory, investor or programme.",A,"[""S2""]","[""https://capitaland.com/"",""https://ir.capitalandinvest.com/"",""https://ir.capitalandinvest.com/misc/ar2024/toc""]",Sales include location/product mix; causality unproven,2026-08-30,global_real_estate_pioneers_agent.csv,requires_claim_level_editorial_review,attributed_only
clm-aa1ed1388d36,org-capitaland-investment-6aab108,CapitaLand Investment,tech_strategy,Proprietary customer and asset platforms,company-reported,C3,"The statement is reported by a company, customer, vendor, directory, investor or programme.",A,"[""S2""]","[""https://capitaland.com/"",""https://ir.capitalandinvest.com/"",""https://ir.capitalandinvest.com/misc/ar2024/toc""]",Sales include location/product mix; causality unproven,2026-08-30,global_real_estate_pioneers_agent.csv,requires_claim_level_editorial_review,attributed_only
clm-bceb931a77dc,org-carboncure-3c06351,CarbonCure,headline_claim,CO2 mineralization in concrete,Portfolio/product description,C3,"The statement is reported by a company, customer, vendor, directory, investor or programme.",A,"[""S2"",""S4""]","[""https://carboncure.com/"",""https://tarongagroup.com/realtechx""]",Local standards supply certification price QA,2026-08-30,proptech_startups_agent.csv,requires_claim_level_editorial_review,attributed_only
clm-562fead4af4a,org-carboncure-3c06351,CarbonCure,jcx_relevance,Medium,atlas_inference,C4,JCX relevance is an atlas analyst interpretation.,A,"[""S2"",""S4""]","[""https://carboncure.com/"",""https://tarongagroup.com/realtechx""]",Local standards supply certification price QA,2026-08-30,proptech_startups_agent.csv,requires_claim_level_editorial_review,review_required
clm-0ada1dbc4e47,org-cbre-42561ee,CBRE,headline_claim,No broad portfolio AI ROI disclosed,observed,C4,The statement is an analyst inference.,A,"[""S2""]","[""https://cbre.com/"",""https://ir.cbre.com/financial-reports/sec-filings/content/0001193125-26-141311/2025_ars_filing_4-3-26.pdf""]",Strategy disclosure is stronger than product outcomes,2026-08-30,global_real_estate_pioneers_agent.csv,requires_claim_level_editorial_review,review_required
clm-703084ffae5b,org-cbre-42561ee,CBRE,jcx_relevance,Disciplined ROI-gate and service-led implementation benchmark,atlas_inference,C4,JCX relevance is an atlas analyst interpretation.,A,"[""S2""]","[""https://cbre.com/"",""https://ir.cbre.com/financial-reports/sec-filings/content/0001193125-26-141311/2025_ars_filing_4-3-26.pdf""]",Strategy disclosure is stronger than product outcomes,2026-08-30,global_real_estate_pioneers_agent.csv,requires_claim_level_editorial_review,review_required
clm-e0eacaf6784c,org-cbre-42561ee,CBRE,named_initiatives,AI research; proactive maintenance workflows,observed,C4,The statement is an analyst inference.,A,"[""S2""]","[""https://cbre.com/"",""https://ir.cbre.com/financial-reports/sec-filings/content/0001193125-26-141311/2025_ars_filing_4-3-26.pdf""]",Strategy disclosure is stronger than product outcomes,2026-08-30,global_real_estate_pioneers_agent.csv,requires_claim_level_editorial_review,review_required
clm-c1de0aa206d3,org-cbre-42561ee,CBRE,scale_signal,Global CRE services platform,observed,C4,The statement is an analyst inference.,A,"[""S2""]","[""https://cbre.com/"",""https://ir.cbre.com/financial-reports/sec-filings/content/0001193125-26-141311/2025_ars_filing_4-3-26.pdf""]",Strategy disclosure is stronger than product outcomes,2026-08-30,global_real_estate_pioneers_agent.csv,requires_claim_level_editorial_review,review_required
clm-51f7b606b51e,org-cbre-42561ee,CBRE,tech_strategy,"AI in back office, research, transactions, development and maintenance",observed,C4,The statement is an analyst inference.,A,"[""S2""]","[""https://cbre.com/"",""https://ir.cbre.com/financial-reports/sec-filings/content/0001193125-26-141311/2025_ars_filing_4-3-26.pdf""]",Strategy disclosure is stronger than product outcomes,2026-08-30,global_real_estate_pioneers_agent.csv,requires_claim_level_editorial_review,review_required
clm-50bbbdea37f6,org-cherre-167c4aa,Cherre,headline_claim,Connects ownership market and asset data into a property graph,Product description,C3,"The statement is reported by a company, customer, vendor, directory, investor or programme.",A,"[""S2""]","[""https://cherre.com/""]",Local data rights entity resolution and integration,2026-08-30,proptech_startups_agent.csv,requires_claim_level_editorial_review,attributed_only
clm-0d9d083e3abb,org-cherre-167c4aa,Cherre,jcx_relevance,High,atlas_inference,C4,JCX relevance is an atlas analyst interpretation.,A,"[""S2""]","[""https://cherre.com/""]",Local data rights entity resolution and integration,2026-08-30,proptech_startups_agent.csv,requires_claim_level_editorial_review,review_required
clm-68b7eb3f7b29,org-chestnut-7e1617e,Chestnut,headline_claim,YC says licensed in Texas/Colorado and claims 0.5%+ savings,YC self-description,C3,"The statement is reported by a company, customer, vendor, directory, investor or programme.",A,"[""S4""]","[""https://ycombinator.com/companies/chestnut""]",Licensing/credit risk and claim verification,2026-08-30,proptech_startups_agent.csv,requires_claim_level_editorial_review,attributed_only
clm-f74cbbb3099b,org-chestnut-7e1617e,Chestnut,jcx_relevance,Medium,atlas_inference,C4,JCX relevance is an atlas analyst interpretation.,A,"[""S4""]","[""https://ycombinator.com/companies/chestnut""]",Licensing/credit risk and claim verification,2026-08-30,proptech_startups_agent.csv,requires_claim_level_editorial_review,review_required
clm-3d2aae26a3ed,org-civils-ai-9dff211,Civils.ai,headline_claim,Applies AI to civil-engineering takeoffs and technical-document review for contractors and engineering firms.,company product description,C3,"The statement is reported by a company, customer, vendor, directory, investor or programme.",A,"[""S2""]","[""https://cemexventures.com/startup-competition-2026-apac-finalists"",""https://civils.ai/"",""https://civils.ai/about""]",Customer and project reach are company-reported; do not merge with CivCheck.,2026-08-30,startup_core_additions.csv,requires_claim_level_editorial_review,attributed_only
clm-6a2da5465ecb,org-civils-ai-9dff211,Civils.ai,jcx_relevance,High,atlas_inference,C4,JCX relevance is an atlas analyst interpretation.,A,"[""S2""]","[""https://cemexventures.com/startup-competition-2026-apac-finalists"",""https://civils.ai/"",""https://civils.ai/about""]",Customer and project reach are company-reported; do not merge with CivCheck.,2026-08-30,startup_core_additions.csv,requires_claim_level_editorial_review,review_required
clm-c3ebbd76b64d,org-clau-d85bf61,Clau,headline_claim,"YC describes a Mexican marketplace, broker CRM, mortgage brokerage, renovation services and residential data layer",YC company description,C3,"The statement is reported by a company, customer, vendor, directory, investor or programme.",A,"[""S4""]","[""https://ycombinator.com/companies/clau""]",YC directory description is not an audited operating or customer outcome report; current product breadth and licensing need recheck.,2026-08-30,coverage_gap_additions.csv,requires_claim_level_editorial_review,attributed_only
clm-17324b1ee939,org-clau-d85bf61,Clau,jcx_relevance,Medium,atlas_inference,C4,JCX relevance is an atlas analyst interpretation.,A,"[""S4""]","[""https://ycombinator.com/companies/clau""]",YC directory description is not an audited operating or customer outcome report; current product breadth and licensing need recheck.,2026-08-30,coverage_gap_additions.csv,requires_claim_level_editorial_review,review_required
clm-34c378c0e2e5,org-climate-x-d8b546c,Climate X,headline_claim,"Spectra translates asset-level climate hazards into financial loss, scenario and adaptation investment decisions with enterprise APIs",official product description; company-reported scale,C3,"The statement is reported by a company, customer, vendor, directory, investor or programme.",A,"[""S2""]","[""https://climate-x.com/"",""https://climate-x.com/faqs"",""https://climate-x.com/industries""]",$13.5T AUM managed is company-reported; scenario assumptions and regional calibration require diligence,2026-08-30,enterprise_platform_additions.csv,requires_claim_level_editorial_review,attributed_only
clm-1a3747f9267e,org-climate-x-d8b546c,Climate X,jcx_relevance,High,atlas_inference,C4,JCX relevance is an atlas analyst interpretation.,A,"[""S2""]","[""https://climate-x.com/"",""https://climate-x.com/faqs"",""https://climate-x.com/industries""]",$13.5T AUM managed is company-reported; scenario assumptions and regional calibration require diligence,2026-08-30,enterprise_platform_additions.csv,requires_claim_level_editorial_review,review_required
clm-c565fa161270,org-cobblestone-e6f3985,Cobblestone,headline_claim,Software to reduce landlord delinquency and fraud,YC status,C3,"The statement is reported by a company, customer, vendor, directory, investor or programme.",A,"[""S4""]","[""https://ycombinator.com/companies/cobblestone""]",Historical only; no current vendor assumption,2026-08-30,proptech_startups_agent.csv,requires_claim_level_editorial_review,attributed_only
clm-607616930821,org-cobblestone-e6f3985,Cobblestone,jcx_relevance,Low,atlas_inference,C4,JCX relevance is an atlas analyst interpretation.,A,"[""S4""]","[""https://ycombinator.com/companies/cobblestone""]",Historical only; no current vendor assumption,2026-08-30,proptech_startups_agent.csv,requires_claim_level_editorial_review,review_required
clm-38c01d18899b,org-cocoon-ff50211,Cocoon,headline_claim,Converts electric-arc-furnace steel slag into a low-carbon supplementary cementitious material.,product description,C3,"The statement is reported by a company, customer, vendor, directory, investor or programme.",A,"[""S2""]","[""https://2150.vc/investments/cocoon"",""https://cocooncarbon.com/"",""https://cocooncarbon.com/about""]",Already discovery-only; use legal/company identity Cocoon Carbon and avoid generic Cocoon collisions.,2026-08-30,startup_core_additions.csv,requires_claim_level_editorial_review,attributed_only
clm-a6446a5fe69a,org-cocoon-ff50211,Cocoon,jcx_relevance,High,atlas_inference,C4,JCX relevance is an atlas analyst interpretation.,A,"[""S2""]","[""https://2150.vc/investments/cocoon"",""https://cocooncarbon.com/"",""https://cocooncarbon.com/about""]",Already discovery-only; use legal/company identity Cocoon Carbon and avoid generic Cocoon collisions.,2026-08-30,startup_core_additions.csv,requires_claim_level_editorial_review,review_required
clm-7938a13d665c,org-concreteai-886747c,ConcreteAI,headline_claim,"Monitors concrete strength and temperature to improve quality assurance, reduce waste and support lower-carbon decisions.",company product description,C3,"The statement is reported by a company, customer, vendor, directory, investor or programme.",A,"[""S2""]","[""https://cemexventures.com/startup-competition-2026-apac-finalists"",""https://concreteai.io/"",""https://concreteai.io/about_us""]",Singapore concreteai.io is distinct from US Concrete.ai; customer and structure counts are company-reported.,2026-08-30,startup_core_additions.csv,requires_claim_level_editorial_review,attributed_only
clm-d4fa6106ee0f,org-concreteai-886747c,ConcreteAI,jcx_relevance,High,atlas_inference,C4,JCX relevance is an atlas analyst interpretation.,A,"[""S2""]","[""https://cemexventures.com/startup-competition-2026-apac-finalists"",""https://concreteai.io/"",""https://concreteai.io/about_us""]",Singapore concreteai.io is distinct from US Concrete.ai; customer and structure counts are company-reported.,2026-08-30,startup_core_additions.csv,requires_claim_level_editorial_review,review_required
clm-3cdf00146958,org-costar-1ac20e9,CoStar,headline_claim,Commercial property data marketplaces and analytics,Product description,C3,"The statement is reported by a company, customer, vendor, directory, investor or programme.",A,"[""S2""]","[""https://costargroup.com/""]",Licensing cost and Bangladesh coverage,2026-08-30,proptech_startups_agent.csv,requires_claim_level_editorial_review,attributed_only
clm-50a2fc5ab432,org-costar-1ac20e9,CoStar,jcx_relevance,Data benchmark for JCX market intelligence,atlas_inference,C4,JCX relevance is an atlas analyst interpretation.,C,"[""S2""]","[""https://costar.com/""]","Separate traffic, leads and closed-transaction evidence",2026-08-30,global_real_estate_pioneers_agent.csv,requires_claim_level_editorial_review,review_required
clm-bdac4ed813ab,org-costar-1ac20e9,CoStar,jcx_relevance,Medium,atlas_inference,C4,JCX relevance is an atlas analyst interpretation.,A,"[""S2""]","[""https://costargroup.com/""]",Licensing cost and Bangladesh coverage,2026-08-30,proptech_startups_agent.csv,requires_claim_level_editorial_review,review_required
clm-e9e63143fe5d,org-costar-1ac20e9,CoStar,named_initiatives,CoStar; Homes.com; LoopNet,unknown,C5,No usable claim-attribution label in the source row.,C,"[""S2""]","[""https://costar.com/""]","Separate traffic, leads and closed-transaction evidence",2026-08-30,global_real_estate_pioneers_agent.csv,requires_claim_level_editorial_review,context_only
clm-2920176d342a,org-costar-1ac20e9,CoStar,scale_signal,Large CRE data and marketplace platform,unknown,C5,No usable claim-attribution label in the source row.,C,"[""S2""]","[""https://costar.com/""]","Separate traffic, leads and closed-transaction evidence",2026-08-30,global_real_estate_pioneers_agent.csv,requires_claim_level_editorial_review,context_only
clm-162df259b5cb,org-costar-1ac20e9,CoStar,tech_strategy,"Property data, search, analytics and AI to verify",unknown,C5,No usable claim-attribution label in the source row.,C,"[""S2""]","[""https://costar.com/""]","Separate traffic, leads and closed-transaction evidence",2026-08-30,global_real_estate_pioneers_agent.csv,requires_claim_level_editorial_review,context_only
clm-db7e0707f5ba,org-cupix-384c862,Cupix,headline_claim,Builds 4D digital twins from site captures and BIM for progress facilities and handover workflows.,product description,C3,"The statement is reported by a company, customer, vendor, directory, investor or programme.",A,"[""S2""]","[""https://builtworlds.com/insights/2025-building-tech-top-50-list"",""https://cupix.com/""]",Global project and efficiency claims are company-reported; confirm current legal HQ during enrichment.,2026-08-30,startup_core_additions.csv,requires_claim_level_editorial_review,attributed_only
clm-57d6e9a93fe0,org-cupix-384c862,Cupix,jcx_relevance,High,atlas_inference,C4,JCX relevance is an atlas analyst interpretation.,A,"[""S2""]","[""https://builtworlds.com/insights/2025-building-tech-top-50-list"",""https://cupix.com/""]",Global project and efficiency claims are company-reported; confirm current legal HQ during enrichment.,2026-08-30,startup_core_additions.csv,requires_claim_level_editorial_review,review_required
clm-4f4a9b859adf,org-d-r-horton-df5d6bc,D.R. Horton,headline_claim,FY2025 annual report states nearly 85K homes and digital marketing channels,company-reported scale and operating description,C3,"The statement is reported by a company, customer, vendor, directory, investor or programme.",A,"[""S2""]","[""https://investor.drhorton.com/"",""https://investor.drhorton.com/financial-information/financial-reports/annual-reports"",""https://investor.drhorton.com/~/media/Files/D/D-R-Horton-IR/documents/quarterly-reports/2025-dhi-annual-report.pdf""]",Do not infer advanced AI from generic technology language; homes delivered are not technology outcomes,2026-08-30,operator_coverage_additions.csv,requires_claim_level_editorial_review,attributed_only
clm-66ba4fa6a1c0,org-d-r-horton-df5d6bc,D.R. Horton,jcx_relevance,Adds the largest-volume production benchmark and first-time-buyer funnel for JCX residential repeatability,atlas_inference,C4,JCX relevance is an atlas analyst interpretation.,A,"[""S2""]","[""https://investor.drhorton.com/"",""https://investor.drhorton.com/financial-information/financial-reports/annual-reports"",""https://investor.drhorton.com/~/media/Files/D/D-R-Horton-IR/documents/quarterly-reports/2025-dhi-annual-report.pdf""]",Do not infer advanced AI from generic technology language; homes delivered are not technology outcomes,2026-08-30,operator_coverage_additions.csv,requires_claim_level_editorial_review,review_required
clm-e631dd6a9007,org-daiwa-house-867bffd,Daiwa House,jcx_relevance,Industrialised construction comparator,atlas_inference,C4,JCX relevance is an atlas analyst interpretation.,C,"[""S2""]","[""https://daiwahouse.com/English""]",Product-level outcomes not extracted,2026-08-30,global_real_estate_pioneers_agent.csv,requires_claim_level_editorial_review,review_required
clm-727952dede71,org-daiwa-house-867bffd,Daiwa House,named_initiatives,Unknown—verify products,unknown,C5,No usable claim-attribution label in the source row.,C,"[""S2""]","[""https://daiwahouse.com/English""]",Product-level outcomes not extracted,2026-08-30,global_real_estate_pioneers_agent.csv,requires_claim_level_editorial_review,context_only
clm-a19659887b29,org-daiwa-house-867bffd,Daiwa House,scale_signal,Large Japanese housing and real-estate group,unknown,C5,No usable claim-attribution label in the source row.,C,"[""S2""]","[""https://daiwahouse.com/English""]",Product-level outcomes not extracted,2026-08-30,global_real_estate_pioneers_agent.csv,requires_claim_level_editorial_review,context_only
clm-10087a4f72a7,org-daiwa-house-867bffd,Daiwa House,tech_strategy,"Factory production, modularity, smart-home and lifecycle maintenance to verify",unknown,C5,No usable claim-attribution label in the source row.,C,"[""S2""]","[""https://daiwahouse.com/English""]",Product-level outcomes not extracted,2026-08-30,global_real_estate_pioneers_agent.csv,requires_claim_level_editorial_review,context_only
clm-17619977c5e7,org-dealpath-d87900f,Dealpath,headline_claim,AI-powered CRE investment operating system for pipeline screening deal execution portfolio insight governance and integrations,official product description; company-reported scale,C3,"The statement is reported by a company, customer, vendor, directory, investor or programme.",A,"[""S2""]","[""https://dealpath.com/"",""https://dealpath.com/company"",""https://dealpath.com/platform""]",300+ firms and $10T+ transactions supported are company-reported; AI outcomes need customer-level evidence,2026-08-30,enterprise_platform_additions.csv,requires_claim_level_editorial_review,attributed_only
clm-95fd75bc07d3,org-dealpath-d87900f,Dealpath,jcx_relevance,High,atlas_inference,C4,JCX relevance is an atlas analyst interpretation.,A,"[""S2""]","[""https://dealpath.com/"",""https://dealpath.com/company"",""https://dealpath.com/platform""]",300+ firms and $10T+ transactions supported are company-reported; AI outcomes need customer-level evidence,2026-08-30,enterprise_platform_additions.csv,requires_claim_level_editorial_review,review_required
clm-a2751b30a833,org-deepki-90fc92a,Deepki,headline_claim,"Centralizes utility and sustainability data, climate risk, compliance, virtual retrofit and CapEx decisions; official site reports 600+ companies and 6,500+ buildings monitored",company-reported scale and product description,C3,"The statement is reported by a company, customer, vendor, directory, investor or programme.",A,"[""S2""]","[""https://deepki.com/"",""https://deepki.com/platform""]",Reported 32% energy reduction and 40% reporting-time savings are company claims; Bangladesh utility factors and disclosure requirements differ.,2026-08-30,coverage_gap_additions.csv,requires_claim_level_editorial_review,attributed_only
clm-f306acd73319,org-deepki-90fc92a,Deepki,jcx_relevance,High,atlas_inference,C4,JCX relevance is an atlas analyst interpretation.,A,"[""S2""]","[""https://deepki.com/"",""https://deepki.com/platform""]",Reported 32% energy reduction and 40% reporting-time savings are company claims; Bangladesh utility factors and disclosure requirements differ.,2026-08-30,coverage_gap_additions.csv,requires_claim_level_editorial_review,review_required
clm-595ab298da0e,org-digital-realty-5bd2bb5,Digital Realty,headline_claim,"2025 10-K reports 300+ facilities, 55+ metros, 30+ countries, ~2.9GW in-place IT capacity and ~770MW under construction",official filing and company product description,C3,"The statement is reported by a company, customer, vendor, directory, investor or programme.",A,"[""S1"",""S2""]","[""https://digitalrealty.com/"",""https://digitalrealty.com/platform-digital"",""https://investor.digitalrealty.com/financials/annual-reports"",""https://sec.gov/Archives/edgar/data/1297996/000110465926015365/dlr-20251231x10k.htm""]","Capacity, uptime and sustainability claims are company-reported; separate owned operations from customer workloads",2026-08-30,operator_coverage_additions.csv,requires_claim_level_editorial_review,attributed_only
clm-bbab18a21b61,org-digital-realty-5bd2bb5,Digital Realty,jcx_relevance,Creates a concrete neutral-colocation and digital-infrastructure benchmark adjacent to Related Digital and Keppel,atlas_inference,C4,JCX relevance is an atlas analyst interpretation.,A,"[""S1"",""S2""]","[""https://digitalrealty.com/"",""https://digitalrealty.com/platform-digital"",""https://investor.digitalrealty.com/financials/annual-reports"",""https://sec.gov/Archives/edgar/data/1297996/000110465926015365/dlr-20251231x10k.htm""]","Capacity, uptime and sustainability claims are company-reported; separate owned operations from customer workloads",2026-08-30,operator_coverage_additions.csv,requires_claim_level_editorial_review,review_required
clm-fe35623a85d0,org-dlf-dccdl-26bceb7,DLF / DCCDL,headline_claim,Certification indicates connectivity readiness; no tenant productivity ROI,observed,C4,The statement is an analyst inference.,A,"[""S2""]","[""https://dlf.in/"",""https://dlf.in/dccdl/annual-docket/DCCDL_Annual_Report_FY_2024_25.pdf""]","Certification is readiness, not performance",2026-08-30,global_real_estate_pioneers_agent.csv,requires_claim_level_editorial_review,review_required
clm-efe6e027cbd0,org-dlf-dccdl-26bceb7,DLF / DCCDL,jcx_relevance,Commercial workplace and smart-infrastructure benchmark,atlas_inference,C4,JCX relevance is an atlas analyst interpretation.,A,"[""S2""]","[""https://dlf.in/"",""https://dlf.in/dccdl/annual-docket/DCCDL_Annual_Report_FY_2024_25.pdf""]","Certification is readiness, not performance",2026-08-30,global_real_estate_pioneers_agent.csv,requires_claim_level_editorial_review,review_required
clm-6a3fd4eddff5,org-dlf-dccdl-26bceb7,DLF / DCCDL,named_initiatives,DLF Cyber City; WiredScore,observed,C4,The statement is an analyst inference.,A,"[""S2""]","[""https://dlf.in/"",""https://dlf.in/dccdl/annual-docket/DCCDL_Annual_Report_FY_2024_25.pdf""]","Certification is readiness, not performance",2026-08-30,global_real_estate_pioneers_agent.csv,requires_claim_level_editorial_review,review_required
clm-e31e633eb994,org-dlf-dccdl-26bceb7,DLF / DCCDL,scale_signal,DCCDL Cyber City portfolio,observed,C4,The statement is an analyst inference.,A,"[""S2""]","[""https://dlf.in/"",""https://dlf.in/dccdl/annual-docket/DCCDL_Annual_Report_FY_2024_25.pdf""]","Certification is readiness, not performance",2026-08-30,global_real_estate_pioneers_agent.csv,requires_claim_level_editorial_review,review_required
clm-256b74313365,org-dlf-dccdl-26bceb7,DLF / DCCDL,tech_strategy,"Tech-enabled workplace connectivity, ESG and water",observed,C4,The statement is an analyst inference.,A,"[""S2""]","[""https://dlf.in/"",""https://dlf.in/dccdl/annual-docket/DCCDL_Annual_Report_FY_2024_25.pdf""]","Certification is readiness, not performance",2026-08-30,global_real_estate_pioneers_agent.csv,requires_claim_level_editorial_review,review_required
clm-9b51d68bb5db,org-dronedeploy-51fed53,DroneDeploy,headline_claim,Provides visual AI and drone/reality capture for construction progress quality safety and site operations.,product description,C3,"The statement is reported by a company, customer, vendor, directory, investor or programme.",A,"[""S2""]","[""https://builtworlds.com/insights/2025-building-tech-top-50-list"",""https://dronedeploy.com/""]",StructionSite was acquired by DroneDeploy in 2022; keep the acquired product as lineage rather than a second active company.,2026-08-30,startup_core_additions.csv,requires_claim_level_editorial_review,attributed_only
clm-7e38d83be5c5,org-dronedeploy-51fed53,DroneDeploy,jcx_relevance,High,atlas_inference,C4,JCX relevance is an atlas analyst interpretation.,A,"[""S2""]","[""https://builtworlds.com/insights/2025-building-tech-top-50-list"",""https://dronedeploy.com/""]",StructionSite was acquired by DroneDeploy in 2022; keep the acquired product as lineage rather than a second active company.,2026-08-30,startup_core_additions.csv,requires_claim_level_editorial_review,review_required
clm-b6a7269dd754,org-dubizzle-group-bayut-936a17a,Dubizzle Group / Bayut,headline_claim,"Bayut and dubizzle combine marketplace distribution with property intelligence, automated valuation, DLD-linked transactions and agent tools",company product description and group disclosure,C3,"The statement is reported by a company, customer, vendor, directory, investor or programme.",A,"[""S2""]","[""https://dubizzlegroup.com/"",""https://dubizzlegroup.com/our-brands""]",Bayut is a brand within Dubizzle Group; deduplicate group and brand in the website; investor and market-leadership claims need date labels.,2026-08-30,coverage_gap_additions.csv,requires_claim_level_editorial_review,attributed_only
clm-8a24664ddf59,org-dubizzle-group-bayut-936a17a,Dubizzle Group / Bayut,jcx_relevance,High,atlas_inference,C4,JCX relevance is an atlas analyst interpretation.,A,"[""S2""]","[""https://dubizzlegroup.com/"",""https://dubizzlegroup.com/our-brands""]",Bayut is a brand within Dubizzle Group; deduplicate group and brand in the website; investor and market-leadership claims need date labels.,2026-08-30,coverage_gap_additions.csv,requires_claim_level_editorial_review,review_required
clm-f89467f29e5f,org-dusty-robotics-c2631b0,Dusty Robotics,headline_claim,FieldPrinter prints coordinated multi-trade BIM layout on slabs; official customer page reports deployment on hundreds of North American projects,company product description and customer stories,C3,"The statement is reported by a company, customer, vendor, directory, investor or programme.",A,"[""S2""]","[""https://dustyrobotics.com/"",""https://dustyrobotics.com/customer-stories/skanska-case-study"",""https://dustyrobotics.com/customers""]",Product is currently available in North America; case outcomes are customer/vendor-reported and local labor economics may differ.,2026-08-30,coverage_gap_additions.csv,requires_claim_level_editorial_review,attributed_only
clm-c271d219c887,org-dusty-robotics-c2631b0,Dusty Robotics,jcx_relevance,High,atlas_inference,C4,JCX relevance is an atlas analyst interpretation.,A,"[""S2""]","[""https://dustyrobotics.com/"",""https://dustyrobotics.com/customer-stories/skanska-case-study"",""https://dustyrobotics.com/customers""]",Product is currently available in North America; case outcomes are customer/vendor-reported and local labor economics may differ.,2026-08-30,coverage_gap_additions.csv,requires_claim_level_editorial_review,review_required
clm-68f8541e0814,org-e-hishabi-b51c1b7,E-Hishabi,headline_claim,Real-estate developer booking/installment software claim,Company self-description,C3,"The statement is reported by a company, customer, vendor, directory, investor or programme.",D,"[""S2""]","[""https://ehishabi.com/""]",Request named references uptime APIs and exports,2026-08-30,proptech_startups_agent.csv,requires_claim_level_editorial_review,attributed_only
clm-8b0005e9d7c3,org-e-hishabi-b51c1b7,E-Hishabi,headline_claim,customer-count-and-outcomes-not-published,company-product-page,C3,"The statement is reported by a company, customer, vendor, directory, investor or programme.",B/D,"[""S2""]","[""https://ehishabi.com/""]",unknown,2026-08-30,regional_companies_agent.csv,requires_claim_level_editorial_review,attributed_only
clm-06c446b1793a,org-e-hishabi-b51c1b7,E-Hishabi,jcx_relevance,Medium,atlas_inference,C4,JCX relevance is an atlas analyst interpretation.,D,"[""S2""]","[""https://ehishabi.com/""]",Request named references uptime APIs and exports,2026-08-30,proptech_startups_agent.csv,requires_claim_level_editorial_review,review_required
clm-60f9860b03c4,org-e-hishabi-b51c1b7,E-Hishabi,jcx_relevance,compare-local-ERP,atlas_inference,C4,JCX relevance is an atlas analyst interpretation.,B/D,"[""S2""]","[""https://ehishabi.com/""]",unknown,2026-08-30,regional_companies_agent.csv,requires_claim_level_editorial_review,review_required
clm-6ad63dcfb179,org-easyknock-980472f,EasyKnock,headline_claim,Technology-enabled residential sale-leaseback company announced closure in December 2024,Reputable press report,C2,Source-row label indicates some independent or authoritative corroboration.,B,"[""S2""]","[""https://easyknock.com/"",""https://therealdeal.com/national/2024/12/09/easyknock-suddenly-shuts-down""]",Consumer-protection and underwriting failure case; old site/product not current,2026-08-30,proptech_startups_agent.csv,requires_claim_level_editorial_review,review_required
clm-a2aa7dfc4626,org-easyknock-980472f,EasyKnock,jcx_relevance,Low,atlas_inference,C4,JCX relevance is an atlas analyst interpretation.,B,"[""S2""]","[""https://easyknock.com/"",""https://therealdeal.com/national/2024/12/09/easyknock-suddenly-shuts-down""]",Consumer-protection and underwriting failure case; old site/product not current,2026-08-30,proptech_startups_agent.csv,requires_claim_level_editorial_review,review_required
clm-e2007b5b96f2,org-eliseai-312bd83,EliseAI,headline_claim,Housing AI synchronizes PMS and CRM data to automate prospect resident and operations workflows across the resident journey,official product description; company-reported scale,C3,"The statement is reported by a company, customer, vendor, directory, investor or programme.",A,"[""S2""]","[""https://eliseai.com/"",""https://eliseai.com/about-us"",""https://eliseai.com/platform-overview"",""https://info.eliseai.com/hubfs/One-Pager-Product-Resident-EliseCRM-PMC-Final.pdf""]","1-in-6 apartments, $400m funding, $200m ARR and conversation counts are company-reported",2026-08-30,enterprise_platform_additions.csv,requires_claim_level_editorial_review,attributed_only
clm-5a824ec032fb,org-eliseai-312bd83,EliseAI,jcx_relevance,High,atlas_inference,C4,JCX relevance is an atlas analyst interpretation.,A,"[""S2""]","[""https://eliseai.com/"",""https://eliseai.com/about-us"",""https://eliseai.com/platform-overview"",""https://info.eliseai.com/hubfs/One-Pager-Product-Resident-EliseCRM-PMC-Final.pdf""]","1-in-6 apartments, $400m funding, $200m ARR and conversation counts are company-reported",2026-08-30,enterprise_platform_additions.csv,requires_claim_level_editorial_review,review_required
clm-f57e7262ba14,org-elyos-ai-90065ff,Elyos AI,headline_claim,Pi Labs lists Elyos AI as fully autonomous AI agents for trades and field services,ecosystem product description,C3,"The statement is reported by a company, customer, vendor, directory, investor or programme.",A,"[""S2"",""S4""]","[""https://elyos.ai/"",""https://pilabs.vc/portfolio?sort=date_desc""]","Early-stage product and safety claims need live customer evidence, human approval controls and clear liability boundaries.",2026-08-30,coverage_gap_additions.csv,requires_claim_level_editorial_review,attributed_only
clm-8b6b627b5602,org-elyos-ai-90065ff,Elyos AI,jcx_relevance,Medium,atlas_inference,C4,JCX relevance is an atlas analyst interpretation.,A,"[""S2"",""S4""]","[""https://elyos.ai/"",""https://pilabs.vc/portfolio?sort=date_desc""]","Early-stage product and safety claims need live customer evidence, human approval controls and clear liability boundaries.",2026-08-30,coverage_gap_additions.csv,requires_claim_level_editorial_review,review_required
clm-23e53adb9503,org-emaar-development-402d000,Emaar Development,headline_claim,No causal ROI disclosed,observed,C4,The statement is an analyst inference.,A,"[""S2""]","[""https://properties.emaar.com/"",""https://properties.emaar.com/wp-content/uploads/2025/03/Emaar-Development_Integrated-Report-for-the-Year-2024_EN.pdf""]",Adoption and ROI not disclosed,2026-08-30,global_real_estate_pioneers_agent.csv,requires_claim_level_editorial_review,review_required
clm-965cdbecf84b,org-emaar-development-402d000,Emaar Development,jcx_relevance,Enterprise analytics and digital transaction reference,atlas_inference,C4,JCX relevance is an atlas analyst interpretation.,A,"[""S2""]","[""https://properties.emaar.com/"",""https://properties.emaar.com/wp-content/uploads/2025/03/Emaar-Development_Integrated-Report-for-the-Year-2024_EN.pdf""]",Adoption and ROI not disclosed,2026-08-30,global_real_estate_pioneers_agent.csv,requires_claim_level_editorial_review,review_required
clm-b4ea623f86f0,org-emaar-development-402d000,Emaar Development,named_initiatives,Project Hawkeye; Vyom; IT Transformation,observed,C4,The statement is an analyst inference.,A,"[""S2""]","[""https://properties.emaar.com/"",""https://properties.emaar.com/wp-content/uploads/2025/03/Emaar-Development_Integrated-Report-for-the-Year-2024_EN.pdf""]",Adoption and ROI not disclosed,2026-08-30,global_real_estate_pioneers_agent.csv,requires_claim_level_editorial_review,review_required
clm-b5796af0160c,org-emaar-development-402d000,Emaar Development,scale_signal,Large UAE developer; exact scale not extracted,observed,C4,The statement is an analyst inference.,A,"[""S2""]","[""https://properties.emaar.com/"",""https://properties.emaar.com/wp-content/uploads/2025/03/Emaar-Development_Integrated-Report-for-the-Year-2024_EN.pdf""]",Adoption and ROI not disclosed,2026-08-30,global_real_estate_pioneers_agent.csv,requires_claim_level_editorial_review,review_required
clm-a7f351148009,org-emaar-development-402d000,Emaar Development,tech_strategy,"AI, analytics, IoT, cloud and automation",observed,C4,The statement is an analyst inference.,A,"[""S2""]","[""https://properties.emaar.com/"",""https://properties.emaar.com/wp-content/uploads/2025/03/Emaar-Development_Integrated-Report-for-the-Year-2024_EN.pdf""]",Adoption and ROI not disclosed,2026-08-30,global_real_estate_pioneers_agent.csv,requires_claim_level_editorial_review,review_required
clm-8136278b356d,org-entrata-25f43fe,Entrata,headline_claim,Leasing resident accounting maintenance and marketing,Product description,C3,"The statement is reported by a company, customer, vendor, directory, investor or programme.",A,"[""S2""]","[""https://entrata.com/""]",Local language payment and rental law,2026-08-30,proptech_startups_agent.csv,requires_claim_level_editorial_review,attributed_only
clm-3ffc27bd8011,org-entrata-25f43fe,Entrata,jcx_relevance,Potential multifamily operations comparator,atlas_inference,C4,JCX relevance is an atlas analyst interpretation.,C,"[""S2""]","[""https://entrata.com/""]",Primary customer evidence required,2026-08-30,global_real_estate_pioneers_agent.csv,requires_claim_level_editorial_review,review_required
clm-e41ca568eae0,org-entrata-25f43fe,Entrata,jcx_relevance,Medium,atlas_inference,C4,JCX relevance is an atlas analyst interpretation.,A,"[""S2""]","[""https://entrata.com/""]",Local language payment and rental law,2026-08-30,proptech_startups_agent.csv,requires_claim_level_editorial_review,review_required
clm-7b10d5bd96eb,org-entrata-25f43fe,Entrata,named_initiatives,Entrata platform,unknown,C5,No usable claim-attribution label in the source row.,C,"[""S2""]","[""https://entrata.com/""]",Primary customer evidence required,2026-08-30,global_real_estate_pioneers_agent.csv,requires_claim_level_editorial_review,context_only
clm-a82857adeda0,org-entrata-25f43fe,Entrata,scale_signal,Large multifamily operating platform,unknown,C5,No usable claim-attribution label in the source row.,C,"[""S2""]","[""https://entrata.com/""]",Primary customer evidence required,2026-08-30,global_real_estate_pioneers_agent.csv,requires_claim_level_editorial_review,context_only
clm-30a0cbc4cc8f,org-entrata-25f43fe,Entrata,tech_strategy,"Leasing, resident experience, payments and operations to verify",unknown,C5,No usable claim-attribution label in the source row.,C,"[""S2""]","[""https://entrata.com/""]",Primary customer evidence required,2026-08-30,global_real_estate_pioneers_agent.csv,requires_claim_level_editorial_review,context_only
clm-e6c44c3de499,org-equinix-db3cddd,Equinix,headline_claim,"2025 10-K reports 280 facilities, 77 markets, 36 countries, 10,500+ customers and 99.9999%+ uptime",official filing and company platform description,C3,"The statement is reported by a company, customer, vendor, directory, investor or programme.",A,"[""S2""]","[""https://equinix.com/"",""https://investor.equinix.com/about-equinix/annual-reports-proxy"",""https://investor.equinix.com/sec-filings/all-sec-filings/content/0001101239-26-000032/eqix-20251231.htm""]",Operational uptime and customer counts are company-reported; interconnection is not a property-management SaaS proxy,2026-08-30,operator_coverage_additions.csv,requires_claim_level_editorial_review,attributed_only
clm-7e437377466b,org-equinix-db3cddd,Equinix,jcx_relevance,Adds the network/ecosystem layer between physical real estate and cloud; relevant to JCX data and service architecture,atlas_inference,C4,JCX relevance is an atlas analyst interpretation.,A,"[""S2""]","[""https://equinix.com/"",""https://investor.equinix.com/about-equinix/annual-reports-proxy"",""https://investor.equinix.com/sec-filings/all-sec-filings/content/0001101239-26-000032/eqix-20251231.htm""]",Operational uptime and customer counts are company-reported; interconnection is not a property-management SaaS proxy,2026-08-30,operator_coverage_additions.csv,requires_claim_level_editorial_review,review_required
clm-b26471afd7e7,org-equipmentshare-b7b2fd1,EquipmentShare,headline_claim,"5,400 employees (YC profile claim)",startup self-report,C3,"The statement is reported by a company, customer, vendor, directory, investor or programme.",D,"[""S2"",""S4""]","[""https://equipmentshare.com/"",""https://ycombinator.com/companies/industry/real-estate-and-construction""]",YC profile is not audited,2026-08-30,global_real_estate_pioneers_agent.csv,requires_claim_level_editorial_review,attributed_only
clm-63a970361743,org-equipmentshare-b7b2fd1,EquipmentShare,jcx_relevance,Construction fleet-data comparator,atlas_inference,C4,JCX relevance is an atlas analyst interpretation.,D,"[""S2"",""S4""]","[""https://equipmentshare.com/"",""https://ycombinator.com/companies/industry/real-estate-and-construction""]",YC profile is not audited,2026-08-30,global_real_estate_pioneers_agent.csv,requires_claim_level_editorial_review,review_required
clm-02b6543d3ad0,org-equipmentshare-b7b2fd1,EquipmentShare,named_initiatives,EquipmentShare platform; fleet tracking,startup self-report,C3,"The statement is reported by a company, customer, vendor, directory, investor or programme.",D,"[""S2"",""S4""]","[""https://equipmentshare.com/"",""https://ycombinator.com/companies/industry/real-estate-and-construction""]",YC profile is not audited,2026-08-30,global_real_estate_pioneers_agent.csv,requires_claim_level_editorial_review,attributed_only
clm-2b29063127ff,org-equipmentshare-b7b2fd1,EquipmentShare,scale_signal,"YC profile reports 5,400 employees; verify independently",startup self-report,C3,"The statement is reported by a company, customer, vendor, directory, investor or programme.",D,"[""S2"",""S4""]","[""https://equipmentshare.com/"",""https://ycombinator.com/companies/industry/real-estate-and-construction""]",YC profile is not audited,2026-08-30,global_real_estate_pioneers_agent.csv,requires_claim_level_editorial_review,attributed_only
clm-01a1a1197a35,org-equipmentshare-b7b2fd1,EquipmentShare,tech_strategy,"Cloud equipment rental, telematics, tracking and security",startup self-report,C3,"The statement is reported by a company, customer, vendor, directory, investor or programme.",D,"[""S2"",""S4""]","[""https://equipmentshare.com/"",""https://ycombinator.com/companies/industry/real-estate-and-construction""]",YC profile is not audited,2026-08-30,global_real_estate_pioneers_agent.csv,requires_claim_level_editorial_review,attributed_only
clm-003ee048de48,org-equity-residential-15dcba6,Equity Residential,jcx_relevance,Resident-experience comparator,atlas_inference,C4,JCX relevance is an atlas analyst interpretation.,C,"[""S2""]","[""https://equityapartments.com/""]",Primary filing review required,2026-08-30,global_real_estate_pioneers_agent.csv,requires_claim_level_editorial_review,review_required
clm-1d53a28e5414,org-equity-residential-15dcba6,Equity Residential,named_initiatives,Unknown—verify products,unknown,C5,No usable claim-attribution label in the source row.,C,"[""S2""]","[""https://equityapartments.com/""]",Primary filing review required,2026-08-30,global_real_estate_pioneers_agent.csv,requires_claim_level_editorial_review,context_only
clm-74a80a6fca0f,org-equity-residential-15dcba6,Equity Residential,scale_signal,Public multifamily REIT,unknown,C5,No usable claim-attribution label in the source row.,C,"[""S2""]","[""https://equityapartments.com/""]",Primary filing review required,2026-08-30,global_real_estate_pioneers_agent.csv,requires_claim_level_editorial_review,context_only
clm-44319ed70241,org-equity-residential-15dcba6,Equity Residential,tech_strategy,Digital resident experience and operations to verify,unknown,C5,No usable claim-attribution label in the source row.,C,"[""S2""]","[""https://equityapartments.com/""]",Primary filing review required,2026-08-30,global_real_estate_pioneers_agent.csv,requires_claim_level_editorial_review,context_only
clm-ffeda820f008,org-esr-group-5cc4f98,ESR Group,headline_claim,Current IR page reports US$77.3B total AUM at 31 Dec 2025; official release documents privatization and data-centre pipeline,official company reporting,C3,"The statement is reported by a company, customer, vendor, directory, investor or programme.",A,"[""S2""]","[""https://esr.com/"",""https://esr.com/investor-relations"",""https://esr.com/news/esr-completes-privatisation-strengthens-leadership-team"",""https://esr.com/news/esr-group-reports-fy2024-results-demonstrates-business-resilience-as-its-clear-core-focus-on-logistics-real-estate-data-centres-and-infrastructure-drives-next-phase-of-growth""]",Status is private after delisting; AUM and pipeline are company-reported; avoid stale listed-company assumptions,2026-08-30,operator_coverage_additions.csv,requires_claim_level_editorial_review,attributed_only
clm-6bf673199204,org-esr-group-5cc4f98,ESR Group,jcx_relevance,Fills the APAC new-economy operating gap across markets that matter to JCX and adds a privatization/governance case,atlas_inference,C4,JCX relevance is an atlas analyst interpretation.,A,"[""S2""]","[""https://esr.com/"",""https://esr.com/investor-relations"",""https://esr.com/news/esr-completes-privatisation-strengthens-leadership-team"",""https://esr.com/news/esr-group-reports-fy2024-results-demonstrates-business-resilience-as-its-clear-core-focus-on-logistics-real-estate-data-centres-and-infrastructure-drives-next-phase-of-growth""]",Status is private after delisting; AUM and pipeline are company-reported; avoid stale listed-company assumptions,2026-08-30,operator_coverage_additions.csv,requires_claim_level_editorial_review,review_required
clm-28726e445e27,org-estate-intel-539a151,Estate Intel,headline_claim,Property and construction database covering historic prices vacancy project teams and project tracking; official site reports 120+ subscribing companies,company-reported customer and product claim,C3,"The statement is reported by a company, customer, vendor, directory, investor or programme.",A,"[""S2""]","[""https://estateintel.com/"",""https://estateintel.com/insights/this-is-ei-pro-more-affordable-access-to-real-estate-data""]","Customer count and database coverage are company claims; validate data provenance, update cadence and local representativeness.",2026-08-30,coverage_gap_additions.csv,requires_claim_level_editorial_review,attributed_only
clm-39e5be1fdd28,org-estate-intel-539a151,Estate Intel,jcx_relevance,Medium,atlas_inference,C4,JCX relevance is an atlas analyst interpretation.,A,"[""S2""]","[""https://estateintel.com/"",""https://estateintel.com/insights/this-is-ei-pro-more-affordable-access-to-real-estate-data""]","Customer count and database coverage are company claims; validate data provenance, update cadence and local representativeness.",2026-08-30,coverage_gap_additions.csv,requires_claim_level_editorial_review,review_required
clm-70fe36115f03,org-express-building-add003f,Express Building,headline_claim,Pre-sold affordable development finance,YC self-description,C3,"The statement is reported by a company, customer, vendor, directory, investor or programme.",A,"[""S4""]","[""https://ycombinator.com/companies/express-building""]",Local credit title and presales legal fit,2026-08-30,proptech_startups_agent.csv,requires_claim_level_editorial_review,attributed_only
clm-42fedf14b045,org-express-building-add003f,Express Building,jcx_relevance,Regional affordable-development pattern,atlas_inference,C4,JCX relevance is an atlas analyst interpretation.,D,"[""S4""]","[""https://ycombinator.com/companies/industry/real-estate-and-construction""]",Verify financing licence and defaults,2026-08-30,global_real_estate_pioneers_agent.csv,requires_claim_level_editorial_review,review_required
clm-ef8464ea4895,org-express-building-add003f,Express Building,jcx_relevance,Medium,atlas_inference,C4,JCX relevance is an atlas analyst interpretation.,A,"[""S4""]","[""https://ycombinator.com/companies/express-building""]",Local credit title and presales legal fit,2026-08-30,proptech_startups_agent.csv,requires_claim_level_editorial_review,review_required
clm-18fefdfbe5c3,org-express-building-add003f,Express Building,named_initiatives,Express Building,startup self-report,C3,"The statement is reported by a company, customer, vendor, directory, investor or programme.",D,"[""S4""]","[""https://ycombinator.com/companies/industry/real-estate-and-construction""]",Verify financing licence and defaults,2026-08-30,global_real_estate_pioneers_agent.csv,requires_claim_level_editorial_review,attributed_only
clm-e2ad78e022d9,org-express-building-add003f,Express Building,scale_signal,Scale unknown,startup self-report,C3,"The statement is reported by a company, customer, vendor, directory, investor or programme.",D,"[""S4""]","[""https://ycombinator.com/companies/industry/real-estate-and-construction""]",Verify financing licence and defaults,2026-08-30,global_real_estate_pioneers_agent.csv,requires_claim_level_editorial_review,attributed_only
clm-06db723dc936,org-express-building-add003f,Express Building,tech_strategy,Pre-sold affordable housing development pipeline and finance,startup self-report,C3,"The statement is reported by a company, customer, vendor, directory, investor or programme.",D,"[""S4""]","[""https://ycombinator.com/companies/industry/real-estate-and-construction""]",Verify financing licence and defaults,2026-08-30,global_real_estate_pioneers_agent.csv,requires_claim_level_editorial_review,attributed_only
clm-1f1b1a345a24,org-facilio-ee1952a,Facilio,headline_claim,dated-funding-official-metrics-mostly-company-claims,company-releases,C3,"The statement is reported by a company, customer, vendor, directory, investor or programme.",A/B,"[""S2""]","[""https://facilio.com/newsroom/series-a"",""https://facilio.com/newsroom/series-b"",""https://facilio.in/"",""https://facilio.in/about""]",unknown,2026-08-30,regional_companies_agent.csv,requires_claim_level_editorial_review,attributed_only
clm-df8e619cb35c,org-facilio-ee1952a,Facilio,headline_claim,Work orders assets IoT/BMS and tenant experience,Customer/vendor case,C3,"The statement is reported by a company, customer, vendor, directory, investor or programme.",B,"[""S2"",""S4""]","[""https://facilio.com/"",""https://facilio.com/case-study/al-fajer"",""https://tarongagroup.com/realtechx""]",Controls protocols meters cybersecurity and service ownership,2026-08-30,proptech_startups_agent.csv,requires_claim_level_editorial_review,attributed_only
clm-0c473b6610ac,org-facilio-ee1952a,Facilio,jcx_relevance,High,atlas_inference,C4,JCX relevance is an atlas analyst interpretation.,B,"[""S2"",""S4""]","[""https://facilio.com/"",""https://facilio.com/case-study/al-fajer"",""https://tarongagroup.com/realtechx""]",Controls protocols meters cybersecurity and service ownership,2026-08-30,proptech_startups_agent.csv,requires_claim_level_editorial_review,review_required
clm-70a88adb8d52,org-facilio-ee1952a,Facilio,jcx_relevance,post-handover-energy,atlas_inference,C4,JCX relevance is an atlas analyst interpretation.,A/B,"[""S2""]","[""https://facilio.com/newsroom/series-a"",""https://facilio.com/newsroom/series-b"",""https://facilio.in/"",""https://facilio.in/about""]",unknown,2026-08-30,regional_companies_agent.csv,requires_claim_level_editorial_review,review_required
clm-985ad035a4d4,org-fbr-hadrian-x-b896b3f,FBR / Hadrian X,headline_claim,ASX-listed FBR develops Hadrian autonomous bricklaying and reports speeds up to 360 blocks per hour on its product page,company product description,C3,"The statement is reported by a company, customer, vendor, directory, investor or programme.",A,"[""S2""]","[""https://fbr.com.au/"",""https://fbr.com.au/view/hadrian""]","Throughput is not the same as completed-house cost or quality; block supply, site setup, local standards and workforce model are decisive.",2026-08-30,coverage_gap_additions.csv,requires_claim_level_editorial_review,attributed_only
clm-bf36b2083160,org-fbr-hadrian-x-b896b3f,FBR / Hadrian X,jcx_relevance,Medium,atlas_inference,C4,JCX relevance is an atlas analyst interpretation.,A,"[""S2""]","[""https://fbr.com.au/"",""https://fbr.com.au/view/hadrian""]","Throughput is not the same as completed-house cost or quality; block supply, site setup, local standards and workforce model are decisive.",2026-08-30,coverage_gap_additions.csv,requires_claim_level_editorial_review,review_required
clm-964392bc3c47,org-field-materials-05352ab,Field Materials,headline_claim,Connects construction purchasing vendor discovery inventory and accounts-payable workflows.,company product description,C3,"The statement is reported by a company, customer, vendor, directory, investor or programme.",A,"[""S2""]","[""https://fieldmaterials.com/"",""https://fieldmaterials.com/about"",""https://zacuaventures.com/portfolio""]",Orders projects vendors and geographic reach are company-reported; verify current customer concentration.,2026-08-30,startup_core_additions.csv,requires_claim_level_editorial_review,attributed_only
clm-1933e712db7a,org-field-materials-05352ab,Field Materials,jcx_relevance,High,atlas_inference,C4,JCX relevance is an atlas analyst interpretation.,A,"[""S2""]","[""https://fieldmaterials.com/"",""https://fieldmaterials.com/about"",""https://zacuaventures.com/portfolio""]",Orders projects vendors and geographic reach are company-reported; verify current customer concentration.,2026-08-30,startup_core_additions.csv,requires_claim_level_editorial_review,review_required
clm-e289e27b0bb7,org-fieldwire-4bfc09b,Fieldwire,headline_claim,Mobile plans tasks forms and punch lists,Portfolio/ownership record,C3,"The statement is reported by a company, customer, vendor, directory, investor or programme.",A,"[""S2"",""S4""]","[""https://brickmortar.vc/portfolio"",""https://fieldwire.com/""]",Current ownership support and offline/local fit,2026-08-30,proptech_startups_agent.csv,requires_claim_level_editorial_review,attributed_only
clm-440b947e58d0,org-fieldwire-4bfc09b,Fieldwire,jcx_relevance,Medium,atlas_inference,C4,JCX relevance is an atlas analyst interpretation.,A,"[""S2"",""S4""]","[""https://brickmortar.vc/portfolio"",""https://fieldwire.com/""]",Current ownership support and offline/local fit,2026-08-30,proptech_startups_agent.csv,requires_claim_level_editorial_review,review_required
clm-722536d986d4,org-fifth-wall-portfolio-17b20c3,Fifth Wall portfolio,headline_claim,Portfolio spans real estate technology and energy with active/exited labels,Investor portfolio,C3,"The statement is reported by a company, customer, vendor, directory, investor or programme.",A,"[""S4""]","[""https://fifthwall.com/portfolio""]",Verify each company status and geography,2026-08-30,proptech_startups_agent.csv,requires_claim_level_editorial_review,attributed_only
clm-37b4438644d1,org-fifth-wall-portfolio-17b20c3,Fifth Wall portfolio,jcx_relevance,Medium,atlas_inference,C4,JCX relevance is an atlas analyst interpretation.,A,"[""S4""]","[""https://fifthwall.com/portfolio""]",Verify each company status and geography,2026-08-30,proptech_startups_agent.csv,requires_claim_level_editorial_review,review_required
clm-13ba153439e4,org-first-street-foundation-first-street-ff7010b,First Street Foundation / First Street,headline_claim,First Street provides per-location flood wildfire heat and wind risk scores and building-level damage estimates for property decisions,official product description,C3,"The statement is reported by a company, customer, vendor, directory, investor or programme.",B,"[""S3""]","[""https://docs.firststreet.org/api"",""https://docs.firststreet.org/api/climate-risk-api/getting-started"",""https://firststreet.org/"",""https://help.firststreet.org/hc/en-us/articles/9680350042903-First-Street-FAQ""]","Primarily U.S.-focused; model uncertainty, coverage and distribution history require explicit caveats",2026-08-30,enterprise_platform_additions.csv,requires_claim_level_editorial_review,attributed_only
clm-8042ea9a19f3,org-first-street-foundation-first-street-ff7010b,First Street Foundation / First Street,jcx_relevance,Medium-high,atlas_inference,C4,JCX relevance is an atlas analyst interpretation.,B,"[""S3""]","[""https://docs.firststreet.org/api"",""https://docs.firststreet.org/api/climate-risk-api/getting-started"",""https://firststreet.org/"",""https://help.firststreet.org/hc/en-us/articles/9680350042903-First-Street-FAQ""]","Primarily U.S.-focused; model uncertainty, coverage and distribution history require explicit caveats",2026-08-30,enterprise_platform_additions.csv,requires_claim_level_editorial_review,review_required
clm-b8d85dd45a3b,org-flatx-046b6ca,FlatX,headline_claim,AI rental and flatmate matching,YC self-description,C3,"The statement is reported by a company, customer, vendor, directory, investor or programme.",A,"[""S4""]","[""https://ycombinator.com/companies/flatx""]",Inventory liquidity fraud and tenancy law,2026-08-30,proptech_startups_agent.csv,requires_claim_level_editorial_review,attributed_only
clm-675f57502076,org-flatx-046b6ca,FlatX,jcx_relevance,Low,atlas_inference,C4,JCX relevance is an atlas analyst interpretation.,A,"[""S4""]","[""https://ycombinator.com/companies/flatx""]",Inventory liquidity fraud and tenancy law,2026-08-30,proptech_startups_agent.csv,requires_claim_level_editorial_review,review_required
clm-c0579218b408,org-flatx-046b6ca,FlatX,jcx_relevance,South Asian rental-discovery pattern,atlas_inference,C4,JCX relevance is an atlas analyst interpretation.,D,"[""S4""]","[""https://ycombinator.com/companies/industry/real-estate-and-construction""]",Verify current operating status,2026-08-30,global_real_estate_pioneers_agent.csv,requires_claim_level_editorial_review,review_required
clm-35375e4ad965,org-flatx-046b6ca,FlatX,named_initiatives,FlatX,startup self-report,C3,"The statement is reported by a company, customer, vendor, directory, investor or programme.",D,"[""S4""]","[""https://ycombinator.com/companies/industry/real-estate-and-construction""]",Verify current operating status,2026-08-30,global_real_estate_pioneers_agent.csv,requires_claim_level_editorial_review,attributed_only
clm-4c5f12b8f8a4,org-flatx-046b6ca,FlatX,scale_signal,Scale unknown,startup self-report,C3,"The statement is reported by a company, customer, vendor, directory, investor or programme.",D,"[""S4""]","[""https://ycombinator.com/companies/industry/real-estate-and-construction""]",Verify current operating status,2026-08-30,global_real_estate_pioneers_agent.csv,requires_claim_level_editorial_review,attributed_only
clm-aa63976e7fd3,org-flatx-046b6ca,FlatX,tech_strategy,AI rental and flatmate matching,startup self-report,C3,"The statement is reported by a company, customer, vendor, directory, investor or programme.",D,"[""S4""]","[""https://ycombinator.com/companies/industry/real-estate-and-construction""]",Verify current operating status,2026-08-30,global_real_estate_pioneers_agent.csv,requires_claim_level_editorial_review,attributed_only
clm-ed23b003ae0c,org-flexdesk-024af53,FlexDesk,headline_claim,YC describes agents that execute fragmented corporate real-estate back-office and portfolio workflows; customer examples include Reddit and Confluent,YC company description,C3,"The statement is reported by a company, customer, vendor, directory, investor or programme.",A,"[""S4""]","[""https://ycombinator.com/companies/flexdesk""]","Customer and automation claims are directory statements; integration, procurement and data-security requirements are enterprise-heavy.",2026-08-30,coverage_gap_additions.csv,requires_claim_level_editorial_review,attributed_only
clm-9142992d3c69,org-flexdesk-024af53,FlexDesk,jcx_relevance,Medium,atlas_inference,C4,JCX relevance is an atlas analyst interpretation.,A,"[""S4""]","[""https://ycombinator.com/companies/flexdesk""]","Customer and automation claims are directory statements; integration, procurement and data-security requirements are enterprise-heavy.",2026-08-30,coverage_gap_additions.csv,requires_claim_level_editorial_review,review_required
clm-c41d529a835f,org-foundation-ec9624c,Foundation,headline_claim,Online new-home shopping purchase and ownership experience,YC self-description,C3,"The statement is reported by a company, customer, vendor, directory, investor or programme.",A,"[""S4""]","[""https://ycombinator.com/companies/foundation-2""]",US-centric and Bangladesh documents/financing differ,2026-08-30,proptech_startups_agent.csv,requires_claim_level_editorial_review,attributed_only
clm-ba9b98edc3f2,org-foundation-ec9624c,Foundation,jcx_relevance,High,atlas_inference,C4,JCX relevance is an atlas analyst interpretation.,A,"[""S4""]","[""https://ycombinator.com/companies/foundation-2""]",US-centric and Bangladesh documents/financing differ,2026-08-30,proptech_startups_agent.csv,requires_claim_level_editorial_review,review_required
clm-d967ef186f0c,org-foundation-ec9624c,Foundation,jcx_relevance,Potential digital sales and handover layer,atlas_inference,C4,JCX relevance is an atlas analyst interpretation.,D,"[""S4""]","[""https://ycombinator.com/companies/industry/real-estate-and-construction""]",Verify builder customers and conversion,2026-08-30,global_real_estate_pioneers_agent.csv,requires_claim_level_editorial_review,review_required
clm-7a1bb4191f26,org-foundation-ec9624c,Foundation,named_initiatives,Foundation,startup self-report,C3,"The statement is reported by a company, customer, vendor, directory, investor or programme.",D,"[""S4""]","[""https://ycombinator.com/companies/industry/real-estate-and-construction""]",Verify builder customers and conversion,2026-08-30,global_real_estate_pioneers_agent.csv,requires_claim_level_editorial_review,attributed_only
clm-31f523c552d6,org-foundation-ec9624c,Foundation,scale_signal,Scale unknown,startup self-report,C3,"The statement is reported by a company, customer, vendor, directory, investor or programme.",D,"[""S4""]","[""https://ycombinator.com/companies/industry/real-estate-and-construction""]",Verify builder customers and conversion,2026-08-30,global_real_estate_pioneers_agent.csv,requires_claim_level_editorial_review,attributed_only
clm-92447811dcbf,org-foundation-ec9624c,Foundation,tech_strategy,"Online new-home shopping, purchase and ownership",startup self-report,C3,"The statement is reported by a company, customer, vendor, directory, investor or programme.",D,"[""S4""]","[""https://ycombinator.com/companies/industry/real-estate-and-construction""]",Verify builder customers and conversion,2026-08-30,global_real_estate_pioneers_agent.csv,requires_claim_level_editorial_review,attributed_only
clm-630b5593a735,org-frasers-property-a09bfaa,Frasers Property,jcx_relevance,APAC mixed-use and logistics comparator,atlas_inference,C4,JCX relevance is an atlas analyst interpretation.,C,"[""S2""]","[""https://frasersproperty.com/""]",Primary report review required,2026-08-30,global_real_estate_pioneers_agent.csv,requires_claim_level_editorial_review,review_required
clm-b81c6c485bb0,org-frasers-property-a09bfaa,Frasers Property,named_initiatives,Unknown—verify products,unknown,C5,No usable claim-attribution label in the source row.,C,"[""S2""]","[""https://frasersproperty.com/""]",Primary report review required,2026-08-30,global_real_estate_pioneers_agent.csv,requires_claim_level_editorial_review,context_only
clm-ded2025b873b,org-frasers-property-a09bfaa,Frasers Property,scale_signal,Multi-asset global platform,unknown,C5,No usable claim-attribution label in the source row.,C,"[""S2""]","[""https://frasersproperty.com/""]",Primary report review required,2026-08-30,global_real_estate_pioneers_agent.csv,requires_claim_level_editorial_review,context_only
clm-3c96fded19df,org-frasers-property-a09bfaa,Frasers Property,tech_strategy,"Digital customer platforms, logistics and smart buildings to verify",unknown,C5,No usable claim-attribution label in the source row.,C,"[""S2""]","[""https://frasersproperty.com/""]",Primary report review required,2026-08-30,global_real_estate_pioneers_agent.csv,requires_claim_level_editorial_review,context_only
clm-020c1f629128,org-fresco-c724191,Fresco,headline_claim,"3,000+ takeoffs; 99% accuracy; 70% time reduction claimed",startup self-report,C3,"The statement is reported by a company, customer, vendor, directory, investor or programme.",D,"[""S4""]","[""https://ycombinator.com/companies/industry/real-estate-and-construction""]",Claims require customer validation,2026-08-30,global_real_estate_pioneers_agent.csv,requires_claim_level_editorial_review,attributed_only
clm-0a782645f184,org-fresco-c724191,Fresco,jcx_relevance,Potential estimating pilot,atlas_inference,C4,JCX relevance is an atlas analyst interpretation.,D,"[""S4""]","[""https://ycombinator.com/companies/industry/real-estate-and-construction""]",Claims require customer validation,2026-08-30,global_real_estate_pioneers_agent.csv,requires_claim_level_editorial_review,review_required
clm-276a49132cb0,org-fresco-c724191,Fresco,named_initiatives,Fresco,startup self-report,C3,"The statement is reported by a company, customer, vendor, directory, investor or programme.",D,"[""S4""]","[""https://ycombinator.com/companies/industry/real-estate-and-construction""]",Claims require customer validation,2026-08-30,global_real_estate_pioneers_agent.csv,requires_claim_level_editorial_review,attributed_only
clm-4ee23af5f5ac,org-fresco-c724191,Fresco,scale_signal,"Profile claims 3,000+ takeoffs",startup self-report,C3,"The statement is reported by a company, customer, vendor, directory, investor or programme.",D,"[""S4""]","[""https://ycombinator.com/companies/industry/real-estate-and-construction""]",Claims require customer validation,2026-08-30,global_real_estate_pioneers_agent.csv,requires_claim_level_editorial_review,attributed_only
clm-573ee993e4bc,org-fresco-c724191,Fresco,tech_strategy,AI trade takeoff and estimating,startup self-report,C3,"The statement is reported by a company, customer, vendor, directory, investor or programme.",D,"[""S4""]","[""https://ycombinator.com/companies/industry/real-estate-and-construction""]",Claims require customer validation,2026-08-30,global_real_estate_pioneers_agent.csv,requires_claim_level_editorial_review,attributed_only
clm-9b95b349303c,org-funnel-leasing-6474af3,Funnel Leasing,headline_claim,Provides a connected inquiry-to-renewal renter-management workflow for multifamily operators.,product description,C3,"The statement is reported by a company, customer, vendor, directory, investor or programme.",A,"[""S2""]","[""https://funnelleasing.com/"",""https://funnelleasing.com/about"",""https://ret.vc/portfolio""]",Already present discovery-only in the 690-record universe; promote to the 228 core after enrichment.,2026-08-30,startup_core_additions.csv,requires_claim_level_editorial_review,attributed_only
clm-bcc707721f6d,org-funnel-leasing-6474af3,Funnel Leasing,jcx_relevance,High,atlas_inference,C4,JCX relevance is an atlas analyst interpretation.,A,"[""S2""]","[""https://funnelleasing.com/"",""https://funnelleasing.com/about"",""https://ret.vc/portfolio""]",Already present discovery-only in the 690-record universe; promote to the 228 core after enrichment.,2026-08-30,startup_core_additions.csv,requires_claim_level_editorial_review,review_required
clm-fcdc998e8123,org-ga-technologies-renosy-af2b82d,GA-Technologies-RENOSY,headline_claim,Japan-data-and-regulations-localize,annual-filing,C1,Source-row label indicates an authoritative filing/government/verified event.,A,"[""S2""]","[""https://edinetdb.jp/company/E34177/text?fy=2024"",""https://ga-tech.co.jp/en"",""https://ga-tech.co.jp/en/company/history""]",unknown,2026-08-30,regional_companies_agent.csv,requires_claim_level_editorial_review,review_required
clm-a667961b9b26,org-ga-technologies-renosy-af2b82d,GA-Technologies-RENOSY,jcx_relevance,property-data-flywheel,atlas_inference,C4,JCX relevance is an atlas analyst interpretation.,A,"[""S2""]","[""https://edinetdb.jp/company/E34177/text?fy=2024"",""https://ga-tech.co.jp/en"",""https://ga-tech.co.jp/en/company/history""]",unknown,2026-08-30,regional_companies_agent.csv,requires_claim_level_editorial_review,review_required
clm-77849b5b739a,org-gic-09508e5,GIC,jcx_relevance,Long-horizon capital comparator,atlas_inference,C4,JCX relevance is an atlas analyst interpretation.,C,"[""S2""]","[""https://gic.com.sg/""]",Exposure may be indirect through funds,2026-08-30,global_real_estate_pioneers_agent.csv,requires_claim_level_editorial_review,review_required
clm-abbc50e5fe83,org-gic-09508e5,GIC,named_initiatives,Unknown—verify PropTech portfolio,unknown,C5,No usable claim-attribution label in the source row.,C,"[""S2""]","[""https://gic.com.sg/""]",Exposure may be indirect through funds,2026-08-30,global_real_estate_pioneers_agent.csv,requires_claim_level_editorial_review,context_only
clm-c997d7a67c06,org-gic-09508e5,GIC,scale_signal,Large sovereign investor,unknown,C5,No usable claim-attribution label in the source row.,C,"[""S2""]","[""https://gic.com.sg/""]",Exposure may be indirect through funds,2026-08-30,global_real_estate_pioneers_agent.csv,requires_claim_level_editorial_review,context_only
clm-867022f3169a,org-gic-09508e5,GIC,tech_strategy,"Digital infrastructure, data and climate analytics to verify",unknown,C5,No usable claim-attribution label in the source row.,C,"[""S2""]","[""https://gic.com.sg/""]",Exposure may be indirect through funds,2026-08-30,global_real_estate_pioneers_agent.csv,requires_claim_level_editorial_review,context_only
clm-ad164c0480fa,org-gigaton-140a05c,Gigaton,headline_claim,"Uses AI to autonomously control energy-intensive plants, starting with cement, to reduce cost and emissions.",product description,C3,"The statement is reported by a company, customer, vendor, directory, investor or programme.",A,"[""S2""]","[""https://2150.vc/investments/gigaton"",""https://gigaton.co/"",""https://gigaton.co/product""]",Already discovery-only; gigaton.co is distinct from Gigaton CO2 at gigatonco2.com.,2026-08-30,startup_core_additions.csv,requires_claim_level_editorial_review,attributed_only
clm-1eb54c89410b,org-gigaton-140a05c,Gigaton,jcx_relevance,High,atlas_inference,C4,JCX relevance is an atlas analyst interpretation.,A,"[""S2""]","[""https://2150.vc/investments/gigaton"",""https://gigaton.co/"",""https://gigaton.co/product""]",Already discovery-only; gigaton.co is distinct from Gigaton CO2 at gigatonco2.com.,2026-08-30,startup_core_additions.csv,requires_claim_level_editorial_review,review_required
clm-a0f97e5cc290,org-godrej-properties-b4130e4,Godrej Properties,headline_claim,15+ cities and >21.7m sqm; product ROI not disclosed,observed,C4,The statement is an analyst inference.,A,"[""S2""]","[""https://godrejindustries.com/public/uploads/subsidiaries_accounts/gpl-integrated-report-2024-25-jWKrCcH3RaISAacZufU.pdf"",""https://godrejproperties.com/"",""https://godrejproperties.com/investors/investor-information""]",Capabilities described more than controlled outcomes,2026-08-30,global_real_estate_pioneers_agent.csv,requires_claim_level_editorial_review,review_required
clm-6d5174dff4f5,org-godrej-properties-b4130e4,Godrej Properties,jcx_relevance,South Asian developer implementation reference,atlas_inference,C4,JCX relevance is an atlas analyst interpretation.,A,"[""S2""]","[""https://godrejindustries.com/public/uploads/subsidiaries_accounts/gpl-integrated-report-2024-25-jWKrCcH3RaISAacZufU.pdf"",""https://godrejproperties.com/"",""https://godrejproperties.com/investors/investor-information""]",Capabilities described more than controlled outcomes,2026-08-30,global_real_estate_pioneers_agent.csv,requires_claim_level_editorial_review,review_required
clm-bc9730f424fc,org-godrej-properties-b4130e4,Godrej Properties,named_initiatives,AI property analytics; virtual site visits; smart-home,observed,C4,The statement is an analyst inference.,A,"[""S2""]","[""https://godrejindustries.com/public/uploads/subsidiaries_accounts/gpl-integrated-report-2024-25-jWKrCcH3RaISAacZufU.pdf"",""https://godrejproperties.com/"",""https://godrejproperties.com/investors/investor-information""]",Capabilities described more than controlled outcomes,2026-08-30,global_real_estate_pioneers_agent.csv,requires_claim_level_editorial_review,review_required
clm-74be27767c30,org-godrej-properties-b4130e4,Godrej Properties,scale_signal,15+ cities and >21.7m sqm development,observed,C4,The statement is an analyst inference.,A,"[""S2""]","[""https://godrejindustries.com/public/uploads/subsidiaries_accounts/gpl-integrated-report-2024-25-jWKrCcH3RaISAacZufU.pdf"",""https://godrejproperties.com/"",""https://godrejproperties.com/investors/investor-information""]",Capabilities described more than controlled outcomes,2026-08-30,global_real_estate_pioneers_agent.csv,requires_claim_level_editorial_review,review_required
clm-155a75ed54a0,org-godrej-properties-b4130e4,Godrej Properties,tech_strategy,"AI analytics, digital platforms, smart-home and virtual engagement",observed,C4,The statement is an analyst inference.,A,"[""S2""]","[""https://godrejindustries.com/public/uploads/subsidiaries_accounts/gpl-integrated-report-2024-25-jWKrCcH3RaISAacZufU.pdf"",""https://godrejproperties.com/"",""https://godrejproperties.com/investors/investor-information""]",Capabilities described more than controlled outcomes,2026-08-30,global_real_estate_pioneers_agent.csv,requires_claim_level_editorial_review,review_required
clm-f03a40067ca7,org-gojom-1727459,GoJom,headline_claim,YC describes a faster way to buy sell and rent property across Latin America using technology and machine learning,YC company description,C3,"The statement is reported by a company, customer, vendor, directory, investor or programme.",A,"[""S4""]","[""https://ycombinator.com/companies/gojom""]","Early-stage directory evidence; verify countries, licensing, transaction volume and current operations before relying on it.",2026-08-30,coverage_gap_additions.csv,requires_claim_level_editorial_review,attributed_only
clm-027e536a427f,org-gojom-1727459,GoJom,jcx_relevance,Medium,atlas_inference,C4,JCX relevance is an atlas analyst interpretation.,A,"[""S4""]","[""https://ycombinator.com/companies/gojom""]","Early-stage directory evidence; verify countries, licensing, transaction volume and current operations before relying on it.",2026-08-30,coverage_gap_additions.csv,requires_claim_level_editorial_review,review_required
clm-901f4556c9d5,org-goldbridge-afb37b0,Goldbridge,headline_claim,AI banking platform for real-estate owners,YC self-description,C3,"The statement is reported by a company, customer, vendor, directory, investor or programme.",A,"[""S4""]","[""https://ycombinator.com/companies/goldbridge""]",Unverified market/funding claims and banking regulation,2026-08-30,proptech_startups_agent.csv,requires_claim_level_editorial_review,attributed_only
clm-f9e2d6be08cd,org-goldbridge-afb37b0,Goldbridge,jcx_relevance,Medium,atlas_inference,C4,JCX relevance is an atlas analyst interpretation.,A,"[""S4""]","[""https://ycombinator.com/companies/goldbridge""]",Unverified market/funding claims and banking regulation,2026-08-30,proptech_startups_agent.csv,requires_claim_level_editorial_review,review_required
clm-499dbd7ac9c6,org-goodman-56241ae,Goodman,jcx_relevance,Industrial/data-centre comparator,atlas_inference,C4,JCX relevance is an atlas analyst interpretation.,C,"[""S2""]","[""https://goodman.com/""]",Separate customer automation from owner technology,2026-08-30,global_real_estate_pioneers_agent.csv,requires_claim_level_editorial_review,review_required
clm-4315a0654f88,org-goodman-56241ae,Goodman,named_initiatives,Unknown—verify initiatives,unknown,C5,No usable claim-attribution label in the source row.,C,"[""S2""]","[""https://goodman.com/""]",Separate customer automation from owner technology,2026-08-30,global_real_estate_pioneers_agent.csv,requires_claim_level_editorial_review,context_only
clm-968be69bdb14,org-goodman-56241ae,Goodman,scale_signal,Global logistics and data-centre platform,unknown,C5,No usable claim-attribution label in the source row.,C,"[""S2""]","[""https://goodman.com/""]",Separate customer automation from owner technology,2026-08-30,global_real_estate_pioneers_agent.csv,requires_claim_level_editorial_review,context_only
clm-a2e17b1de7aa,org-goodman-56241ae,Goodman,tech_strategy,"Automation-ready logistics, renewables and data centres",unknown,C5,No usable claim-attribution label in the source row.,C,"[""S2""]","[""https://goodman.com/""]",Separate customer automation from owner technology,2026-08-30,global_real_estate_pioneers_agent.csv,requires_claim_level_editorial_review,context_only
clm-3d2a8415364f,org-gravis-robotics-e4d6d83,Gravis Robotics,headline_claim,Retrofits earthmoving machinery with sensing and AI-enabled robotic control to raise throughput and fleet utilization.,company product description,C3,"The statement is reported by a company, customer, vendor, directory, investor or programme.",A,"[""S2""]","[""https://cemexventures.com/top-50-2025"",""https://gravisrobotics.com/"",""https://zacuaventures.com/portfolio""]",Funding and performance signals are company-reported; maintain a separate identity from similarly named software firms.,2026-08-30,startup_core_additions.csv,requires_claim_level_editorial_review,attributed_only
clm-316ef4257a46,org-gravis-robotics-e4d6d83,Gravis Robotics,jcx_relevance,High,atlas_inference,C4,JCX relevance is an atlas analyst interpretation.,A,"[""S2""]","[""https://cemexventures.com/top-50-2025"",""https://gravisrobotics.com/"",""https://zacuaventures.com/portfolio""]",Funding and performance signals are company-reported; maintain a separate identity from similarly named software firms.,2026-08-30,startup_core_additions.csv,requires_claim_level_editorial_review,review_required
clm-3954975aa4dd,org-greystar-19b2aa9,Greystar,jcx_relevance,Rental operations comparator,atlas_inference,C4,JCX relevance is an atlas analyst interpretation.,C,"[""S2""]","[""https://greystar.com/""]",Do not publish unverified AI claims,2026-08-30,global_real_estate_pioneers_agent.csv,requires_claim_level_editorial_review,review_required
clm-0ddc9812c4ce,org-greystar-19b2aa9,Greystar,named_initiatives,Unknown—verify products,unknown,C5,No usable claim-attribution label in the source row.,C,"[""S2""]","[""https://greystar.com/""]",Do not publish unverified AI claims,2026-08-30,global_real_estate_pioneers_agent.csv,requires_claim_level_editorial_review,context_only
clm-c5ba2005aaad,org-greystar-19b2aa9,Greystar,scale_signal,Large global rental housing platform,unknown,C5,No usable claim-attribution label in the source row.,C,"[""S2""]","[""https://greystar.com/""]",Do not publish unverified AI claims,2026-08-30,global_real_estate_pioneers_agent.csv,requires_claim_level_editorial_review,context_only
clm-fcb00ec2bd80,org-greystar-19b2aa9,Greystar,tech_strategy,"Digital leasing, resident experience, smart access and maintenance to verify",unknown,C5,No usable claim-attribution label in the source row.,C,"[""S2""]","[""https://greystar.com/""]",Do not publish unverified AI claims,2026-08-30,global_real_estate_pioneers_agent.csv,requires_claim_level_editorial_review,context_only
clm-e89b539246ce,org-growthpoint-properties-2bd3863,Growthpoint Properties,headline_claim,"FY2025 reporting describes 475 properties and smart meters, leak detection, remote monitoring and predictive maintenance",official annual/ESG reporting,C3,"The statement is reported by a company, customer, vendor, directory, investor or programme.",B,"[""S2""]","[""https://growthpoint.co.za/"",""https://growthpoint.co.za/pressoffice/growth-trajectory"",""https://growthpoint.co.za/wp-content/uploads/2025/10/2025-Environmental-Social-and-Governance-Report.pdf"",""https://sharedata.co.za/v2/Scripts/Glossies.aspx?c=GRT""]",Portfolio and operational claims are company-reported; separate SA group from Growthpoint Australia,2026-08-30,operator_coverage_additions.csv,requires_claim_level_editorial_review,attributed_only
clm-1f7a68879353,org-growthpoint-properties-2bd3863,Growthpoint Properties,jcx_relevance,Corrects the Africa portal bias with a real owner/operator and concrete smart-building utility/maintenance examples,atlas_inference,C4,JCX relevance is an atlas analyst interpretation.,B,"[""S2""]","[""https://growthpoint.co.za/"",""https://growthpoint.co.za/pressoffice/growth-trajectory"",""https://growthpoint.co.za/wp-content/uploads/2025/10/2025-Environmental-Social-and-Governance-Report.pdf"",""https://sharedata.co.za/v2/Scripts/Glossies.aspx?c=GRT""]",Portfolio and operational claims are company-reported; separate SA group from Growthpoint Australia,2026-08-30,operator_coverage_additions.csv,requires_claim_level_editorial_review,review_required
clm-e5a33bf49cce,org-habi-716bf6f,Habi,headline_claim,"Uses technology and data to buy homes directly, renovate and resell; expanded from Colombia into Mexico",company product description,C3,"The statement is reported by a company, customer, vendor, directory, investor or programme.",A,"[""S2""]","[""https://centro-ayuda.habi.co/hc/es-419/articles/20481671498011--Qu%C3%A9-es-Habi"",""https://habi.co/inicio""]",Principal inventory creates underwriting and working-capital risk; current operating scope and outcomes need financial verification.,2026-08-30,coverage_gap_additions.csv,requires_claim_level_editorial_review,attributed_only
clm-b4f06a46802d,org-habi-716bf6f,Habi,jcx_relevance,High,atlas_inference,C4,JCX relevance is an atlas analyst interpretation.,A,"[""S2""]","[""https://centro-ayuda.habi.co/hc/es-419/articles/20481671498011--Qu%C3%A9-es-Habi"",""https://habi.co/inicio""]",Principal inventory creates underwriting and working-capital risk; current operating scope and outcomes need financial verification.,2026-08-30,coverage_gap_additions.csv,requires_claim_level_editorial_review,review_required
clm-76922acb5666,org-haven-property-operations-42e9d8a,Haven,headline_claim,AI maintenance diagnosis dispatch and follow-up,YC self-description,C3,"The statement is reported by a company, customer, vendor, directory, investor or programme.",A,"[""S4""]","[""https://ycombinator.com/companies/haven-2""]",Local vendors language and liability,2026-08-30,proptech_startups_agent.csv,requires_claim_level_editorial_review,attributed_only
clm-74b451eb27e8,org-haven-property-operations-42e9d8a,Haven,jcx_relevance,Medium,atlas_inference,C4,JCX relevance is an atlas analyst interpretation.,A,"[""S4""]","[""https://ycombinator.com/companies/haven-2""]",Local vendors language and liability,2026-08-30,proptech_startups_agent.csv,requires_claim_level_editorial_review,review_required
clm-7e958ef97d78,org-henry-3eca10f,Henry,headline_claim,Generates CRE presentations and financial models,YC self-description,C3,"The statement is reported by a company, customer, vendor, directory, investor or programme.",A,"[""S4""]","[""https://ycombinator.com/companies/henry-2""]",Data licensing and hallucination risk,2026-08-30,proptech_startups_agent.csv,requires_claim_level_editorial_review,attributed_only
clm-f869362d29fe,org-henry-3eca10f,Henry,jcx_relevance,Medium,atlas_inference,C4,JCX relevance is an atlas analyst interpretation.,A,"[""S4""]","[""https://ycombinator.com/companies/henry-2""]",Data licensing and hallucination risk,2026-08-30,proptech_startups_agent.csv,requires_claim_level_editorial_review,review_required
clm-c55d56215ce4,org-hexagon-11725d3,Hexagon,headline_claim,"Combines reality capture, cadastral and geospatial data, autonomous sensors and deviation analysis for planning and construction QA",official product description,C3,"The statement is reported by a company, customer, vendor, directory, investor or programme.",A,"[""S2""]","[""https://hexagon.com/company/divisions/geosystems"",""https://hexagon.com/solutions/digital-realities""]","Status, brands and divisions can change after the 2026 Octave separation; local survey licensing and hardware service matter.",2026-08-30,coverage_gap_additions.csv,requires_claim_level_editorial_review,attributed_only
clm-dc784c497e58,org-hexagon-11725d3,Hexagon,jcx_relevance,High,atlas_inference,C4,JCX relevance is an atlas analyst interpretation.,A,"[""S2""]","[""https://hexagon.com/company/divisions/geosystems"",""https://hexagon.com/solutions/digital-realities""]","Status, brands and divisions can change after the 2026 Octave separation; local survey licensing and hardware service matter.",2026-08-30,coverage_gap_additions.csv,requires_claim_level_editorial_review,review_required
clm-fdbf15e0fc06,org-hilton-49f73fa,Hilton,headline_claim,"2025 10-K reports 9,158 properties/1.35m rooms and 243m Honors members; year-in-review documents platform modernization and virtual-card payments",official annual report and SEC filing,C3,"The statement is reported by a company, customer, vendor, directory, investor or programme.",A,"[""S1"",""S2""]","[""https://hilton.com/"",""https://ir.hilton.com/financial-reporting/annual-reports"",""https://sec.gov/Archives/edgar/data/1585689/000158568926000025/a2025annualreportprint.pdf"",""https://stories.hilton.com/2025-annual-report""]",Guest/member scale is not property-tech ROI; separate franchise platform from owned assets,2026-08-30,operator_coverage_additions.csv,requires_claim_level_editorial_review,attributed_only
clm-9a9029e10f7a,org-hilton-49f73fa,Hilton,jcx_relevance,Adds a current guest/owner technology benchmark with explicit digital-platform and payment workflow evidence,atlas_inference,C4,JCX relevance is an atlas analyst interpretation.,A,"[""S1"",""S2""]","[""https://hilton.com/"",""https://ir.hilton.com/financial-reporting/annual-reports"",""https://sec.gov/Archives/edgar/data/1585689/000158568926000025/a2025annualreportprint.pdf"",""https://stories.hilton.com/2025-annual-report""]",Guest/member scale is not property-tech ROI; separate franchise platform from owned assets,2026-08-30,operator_coverage_additions.csv,requires_claim_level_editorial_review,review_required
clm-1880e17b0f8f,org-hines-5178409,Hines,headline_claim,No portfolio-wide PropTech ROI disclosed,observed,C4,The statement is an analyst inference.,A,"[""S2""]","[""https://hines-assets.s3.amazonaws.com/documents/Hines-2018-Sustainability-Report.-FINAL_190925_181950.pdf"",""https://hines.com/"",""https://hines.com/2024-sustainability-report-full-report"",""https://hines.com/globalventures""]",Public evidence stronger on governance than product detail,2026-08-30,global_real_estate_pioneers_agent.csv,requires_claim_level_editorial_review,review_required
clm-5ffe8bd98fca,org-hines-5178409,Hines,jcx_relevance,Pilot governance and venture-building benchmark,atlas_inference,C4,JCX relevance is an atlas analyst interpretation.,A,"[""S2""]","[""https://hines-assets.s3.amazonaws.com/documents/Hines-2018-Sustainability-Report.-FINAL_190925_181950.pdf"",""https://hines.com/"",""https://hines.com/2024-sustainability-report-full-report"",""https://hines.com/globalventures""]",Public evidence stronger on governance than product detail,2026-08-30,global_real_estate_pioneers_agent.csv,requires_claim_level_editorial_review,review_required
clm-83b917f2a959,org-hines-5178409,Hines,named_initiatives,CQuel; Fabrik; Varuna; T3,observed,C4,The statement is an analyst inference.,A,"[""S2""]","[""https://hines-assets.s3.amazonaws.com/documents/Hines-2018-Sustainability-Report.-FINAL_190925_181950.pdf"",""https://hines.com/"",""https://hines.com/2024-sustainability-report-full-report"",""https://hines.com/globalventures""]",Public evidence stronger on governance than product detail,2026-08-30,global_real_estate_pioneers_agent.csv,requires_claim_level_editorial_review,review_required
clm-608e35438801,org-hines-5178409,Hines,scale_signal,30 countries/territories; 27 Timber Transit Technology buildings in 2024 report,observed,C4,The statement is an analyst inference.,A,"[""S2""]","[""https://hines-assets.s3.amazonaws.com/documents/Hines-2018-Sustainability-Report.-FINAL_190925_181950.pdf"",""https://hines.com/"",""https://hines.com/2024-sustainability-report-full-report"",""https://hines.com/globalventures""]",Public evidence stronger on governance than product detail,2026-08-30,global_real_estate_pioneers_agent.csv,requires_claim_level_editorial_review,review_required
clm-dc1c76317558,org-hines-5178409,Hines,tech_strategy,"Pilots/scales technology, financing models and sustainable practices",observed,C4,The statement is an analyst inference.,A,"[""S2""]","[""https://hines-assets.s3.amazonaws.com/documents/Hines-2018-Sustainability-Report.-FINAL_190925_181950.pdf"",""https://hines.com/"",""https://hines.com/2024-sustainability-report-full-report"",""https://hines.com/globalventures""]",Public evidence stronger on governance than product detail,2026-08-30,global_real_estate_pioneers_agent.csv,requires_claim_level_editorial_review,review_required
clm-7f9c453cbf0f,org-hippo-663710b,Hippo,headline_claim,Digital property underwriting and claims,Portfolio/product description,C3,"The statement is reported by a company, customer, vendor, directory, investor or programme.",A,"[""S2"",""S4""]","[""https://fifthwall.com/portfolio"",""https://hippo.com/""]",Bangladesh licensing reinsurance and catastrophe claims,2026-08-30,proptech_startups_agent.csv,requires_claim_level_editorial_review,attributed_only
clm-c55644b2b7cc,org-hippo-663710b,Hippo,jcx_relevance,Low,atlas_inference,C4,JCX relevance is an atlas analyst interpretation.,A,"[""S2"",""S4""]","[""https://fifthwall.com/portfolio"",""https://hippo.com/""]",Bangladesh licensing reinsurance and catastrophe claims,2026-08-30,proptech_startups_agent.csv,requires_claim_level_editorial_review,review_required
clm-fc5cf61e7251,org-holox-0928a35,HoloX,headline_claim,Interactive 3D experiences for master plans,Cohort selection/self-description,C3,"The statement is reported by a company, customer, vendor, directory, investor or programme.",A,"[""S4""]","[""https://nar-reach.com/news""]",Data capture export and local support unknown,2026-08-30,proptech_startups_agent.csv,requires_claim_level_editorial_review,attributed_only
clm-9a8df9375455,org-holox-0928a35,HoloX,jcx_relevance,Medium,atlas_inference,C4,JCX relevance is an atlas analyst interpretation.,A,"[""S4""]","[""https://nar-reach.com/news""]",Data capture export and local support unknown,2026-08-30,proptech_startups_agent.csv,requires_claim_level_editorial_review,review_required
clm-af7a4a0a8722,org-homebase-sea-finance-75bb47f,Homebase,headline_claim,Rent-to-own financing for Southeast Asia,YC self-description,C3,"The statement is reported by a company, customer, vendor, directory, investor or programme.",A,"[""S4""]","[""https://ycombinator.com/companies/homebase""]",Licensing capital intensity and defaults,2026-08-30,proptech_startups_agent.csv,requires_claim_level_editorial_review,attributed_only
clm-18e09c7c8b71,org-homebase-sea-finance-75bb47f,Homebase,jcx_relevance,Medium,atlas_inference,C4,JCX relevance is an atlas analyst interpretation.,A,"[""S4""]","[""https://ycombinator.com/companies/homebase""]",Licensing capital intensity and defaults,2026-08-30,proptech_startups_agent.csv,requires_claim_level_editorial_review,review_required
clm-ec95271b0ad9,org-homebase-sea-finance-75bb47f,Homebase-SEA,headline_claim,name-collides-with-US-Homebase-OneQuext-credit-risk,YC-profile,C3,"The statement is reported by a company, customer, vendor, directory, investor or programme.",C,"[""S2"",""S4""]","[""https://homebase.ai/"",""https://ycombinator.com/companies/homebase""]",unknown,2026-08-30,regional_companies_agent.csv,requires_claim_level_editorial_review,attributed_only
clm-499f52710be2,org-homebase-sea-finance-75bb47f,Homebase-SEA,jcx_relevance,affordability-staged-ownership,atlas_inference,C4,JCX relevance is an atlas analyst interpretation.,C,"[""S2"",""S4""]","[""https://homebase.ai/"",""https://ycombinator.com/companies/homebase""]",unknown,2026-08-30,regional_companies_agent.csv,requires_claim_level_editorial_review,review_required
clm-a71b54a6b2e5,org-honeywell-forge-for-buildings-900b78b,Honeywell Forge for Buildings,headline_claim,Honeywell Forge combines software hardware and services with open architecture for building efficiency sustainability resilience safety security and connected assets,official product description; company-reported scale,C3,"The statement is reported by a company, customer, vendor, directory, investor or programme.",A,"[""S2""]","[""https://buildings.honeywell.com/us/en/solutions/automation-solutions/sustainability/connected-solutions"",""https://buildings.honeywell.com/us/en/solutions/buildings"",""https://honeywell.com/us/en/honeywell-forge""]","32,000+ customers, 324,000+ sites and connected-asset counts are company-reported and include non-real-estate sites",2026-08-30,enterprise_platform_additions.csv,requires_claim_level_editorial_review,attributed_only
clm-799bb8881a02,org-honeywell-forge-for-buildings-900b78b,Honeywell Forge for Buildings,jcx_relevance,High,atlas_inference,C4,JCX relevance is an atlas analyst interpretation.,A,"[""S2""]","[""https://buildings.honeywell.com/us/en/solutions/automation-solutions/sustainability/connected-solutions"",""https://buildings.honeywell.com/us/en/solutions/buildings"",""https://honeywell.com/us/en/honeywell-forge""]","32,000+ customers, 324,000+ sites and connected-asset counts are company-reported and include non-real-estate sites",2026-08-30,enterprise_platform_additions.csv,requires_claim_level_editorial_review,review_required
clm-3e531848bffa,org-hongkong-land-9ed857e,Hongkong Land,jcx_relevance,Asia mixed-use owner comparator,atlas_inference,C4,JCX relevance is an atlas analyst interpretation.,C,"[""S2""]","[""https://hkland.com/""]",Primary annual report review required,2026-08-30,global_real_estate_pioneers_agent.csv,requires_claim_level_editorial_review,review_required
clm-4523b3052c3c,org-hongkong-land-9ed857e,Hongkong Land,named_initiatives,Unknown—verify initiatives,unknown,C5,No usable claim-attribution label in the source row.,C,"[""S2""]","[""https://hkland.com/""]",Primary annual report review required,2026-08-30,global_real_estate_pioneers_agent.csv,requires_claim_level_editorial_review,context_only
clm-b61c9fef5264,org-hongkong-land-9ed857e,Hongkong Land,scale_signal,Premium commercial/residential portfolio,unknown,C5,No usable claim-attribution label in the source row.,C,"[""S2""]","[""https://hkland.com/""]",Primary annual report review required,2026-08-30,global_real_estate_pioneers_agent.csv,requires_claim_level_editorial_review,context_only
clm-b216678c3623,org-hongkong-land-9ed857e,Hongkong Land,tech_strategy,Smart building and tenant operations to verify,unknown,C5,No usable claim-attribution label in the source row.,C,"[""S2""]","[""https://hkland.com/""]",Primary annual report review required,2026-08-30,global_real_estate_pioneers_agent.csv,requires_claim_level_editorial_review,context_only
clm-094cace8b23b,org-houm-8d7c85c,Houm,headline_claim,"Digital workflow for renting, buying, selling and managing homes across three Latin American markets; company reports 20,000+ owners",company-reported scale and product description,C3,"The statement is reported by a company, customer, vendor, directory, investor or programme.",A,"[""S2"",""S4""]","[""https://houm.com/co/quienes-somos"",""https://ycombinator.com/companies/houm""]","Owner and property metrics are company claims; country-specific tenancy, collections and service quality must be rechecked.",2026-08-30,coverage_gap_additions.csv,requires_claim_level_editorial_review,attributed_only
clm-2162c1f2ac92,org-houm-8d7c85c,Houm,jcx_relevance,High,atlas_inference,C4,JCX relevance is an atlas analyst interpretation.,A,"[""S2"",""S4""]","[""https://houm.com/co/quienes-somos"",""https://ycombinator.com/companies/houm""]","Owner and property metrics are company claims; country-specific tenancy, collections and service quality must be rechecked.",2026-08-30,coverage_gap_additions.csv,requires_claim_level_editorial_review,review_required
clm-4903dcb80227,org-houseafrica-4dd17a3,HouseAfrica,headline_claim,"Uses satellite mapping, digital certificates and blockchain-linked records to improve land verification and payments in Africa",company product description,C3,"The statement is reported by a company, customer, vendor, directory, investor or programme.",B,"[""S2""]","[""https://houseafrica.io/"",""https://project.houseafrica.io/terms""]","Live site and self-described partnerships are not proof of current solvency, regulatory authorization or enforceable title; classify status unresolved until independently verified.",2026-08-30,coverage_gap_additions.csv,requires_claim_level_editorial_review,attributed_only
clm-911bc8afdb35,org-houseafrica-4dd17a3,HouseAfrica,jcx_relevance,Medium,atlas_inference,C4,JCX relevance is an atlas analyst interpretation.,B,"[""S2""]","[""https://houseafrica.io/"",""https://project.houseafrica.io/terms""]","Live site and self-described partnerships are not proof of current solvency, regulatory authorization or enforceable title; classify status unresolved until independently verified.",2026-08-30,coverage_gap_additions.csv,requires_claim_level_editorial_review,review_required
clm-6546bb3cad65,org-housecanary-8bb8018,HouseCanary,headline_claim,AVM forecasts and portfolio analytics for property finance,Product description,C3,"The statement is reported by a company, customer, vendor, directory, investor or programme.",A,"[""S2""]","[""https://housecanary.com/""]",Comparable sales and regulatory coverage not local,2026-08-30,proptech_startups_agent.csv,requires_claim_level_editorial_review,attributed_only
clm-19d22fd352ab,org-housecanary-8bb8018,HouseCanary,jcx_relevance,Medium,atlas_inference,C4,JCX relevance is an atlas analyst interpretation.,A,"[""S2""]","[""https://housecanary.com/""]",Comparable sales and regulatory coverage not local,2026-08-30,proptech_startups_agent.csv,requires_claim_level_editorial_review,review_required
clm-dff22991aa34,org-housmart-propocloud-a0ab301,Housmart-PropoCloud,headline_claim,GA-filing-records-Jan-2024-acquisition,company-plus-filing,C2,Source-row label indicates some independent or authoritative corroboration.,C,"[""S2""]","[""https://edinetdb.jp/company/E34177/text?fy=2024"",""https://j-vgi.co.jp/en/news/housmart211008""]",unknown,2026-08-30,regional_companies_agent.csv,requires_claim_level_editorial_review,review_required
clm-13925b88c53d,org-housmart-propocloud-a0ab301,Housmart-PropoCloud,jcx_relevance,acquisition-case-study,atlas_inference,C4,JCX relevance is an atlas analyst interpretation.,C,"[""S2""]","[""https://edinetdb.jp/company/E34177/text?fy=2024"",""https://j-vgi.co.jp/en/news/housmart211008""]",unknown,2026-08-30,regional_companies_agent.csv,requires_claim_level_editorial_review,review_required
clm-ff836f793e65,org-huspy-288c347,Huspy,headline_claim,25-percent-Dubai-mortgage-and-AED1bn-month-company-claims,company-releases,C3,"The statement is reported by a company, customer, vendor, directory, investor or programme.",B,"[""S2""]","[""https://huspy.com/ae"",""https://huspy.com/ae/blog/balderton-huspy"",""https://huspy.com/blog/huspy-series-a""]",UAE-licenses-do-not-transfer,2026-08-30,regional_companies_agent.csv,requires_claim_level_editorial_review,attributed_only
clm-fd6605070864,org-huspy-288c347,Huspy,jcx_relevance,transaction-to-finance,atlas_inference,C4,JCX relevance is an atlas analyst interpretation.,B,"[""S2""]","[""https://huspy.com/ae"",""https://huspy.com/ae/blog/balderton-huspy"",""https://huspy.com/blog/huspy-series-a""]",UAE-licenses-do-not-transfer,2026-08-30,regional_companies_agent.csv,requires_claim_level_editorial_review,review_required
clm-a02382834bb7,org-i-city-i-berhad-05f7e81,i-City / i-Berhad,headline_claim,No independent outcome disclosed,company-reported,C3,"The statement is reported by a company, customer, vendor, directory, investor or programme.",B,"[""S2""]","[""https://i-bhd.com/about""]",Marketing claims require delivered-system verification,2026-08-30,global_real_estate_pioneers_agent.csv,requires_claim_level_editorial_review,attributed_only
clm-8cebc71ea150,org-i-city-i-berhad-05f7e81,i-City / i-Berhad,jcx_relevance,Southeast Asian smart-city case,atlas_inference,C4,JCX relevance is an atlas analyst interpretation.,B,"[""S2""]","[""https://i-bhd.com/about""]",Marketing claims require delivered-system verification,2026-08-30,global_real_estate_pioneers_agent.csv,requires_claim_level_editorial_review,review_required
clm-3334d546fb66,org-i-city-i-berhad-05f7e81,i-City / i-Berhad,named_initiatives,i-City AI City,company-reported,C3,"The statement is reported by a company, customer, vendor, directory, investor or programme.",B,"[""S2""]","[""https://i-bhd.com/about""]",Marketing claims require delivered-system verification,2026-08-30,global_real_estate_pioneers_agent.csv,requires_claim_level_editorial_review,attributed_only
clm-58facdf8b885,org-i-city-i-berhad-05f7e81,i-City / i-Berhad,scale_signal,Positioned as Malaysia's first integrated AI City,company-reported,C3,"The statement is reported by a company, customer, vendor, directory, investor or programme.",B,"[""S2""]","[""https://i-bhd.com/about""]",Marketing claims require delivered-system verification,2026-08-30,global_real_estate_pioneers_agent.csv,requires_claim_level_editorial_review,attributed_only
clm-c81b931b51d0,org-i-city-i-berhad-05f7e81,i-City / i-Berhad,tech_strategy,"Urban ecosystem combining development, infrastructure and intelligent systems",company-reported,C3,"The statement is reported by a company, customer, vendor, directory, investor or programme.",B,"[""S2""]","[""https://i-bhd.com/about""]",Marketing claims require delivered-system verification,2026-08-30,global_real_estate_pioneers_agent.csv,requires_claim_level_editorial_review,attributed_only
clm-2420ac76b9a8,org-icon-f8995ba,ICON,headline_claim,BuildOS orchestrates robotic concrete printing and the company is rolling out Titan systems for builders,company product description and rollout announcement,C3,"The statement is reported by a company, customer, vendor, directory, investor or programme.",A,"[""S2""]","[""https://iconbuild.com/newsroom/icon-announces-first-commercial-rollout-of-its-3d-printing-construction-technology-for-builders"",""https://iconbuild.com/technology""]","3D printing solves only part of total construction cost; structural standards, finishes, utilities, code, service and economics need project-level proof.",2026-08-30,coverage_gap_additions.csv,requires_claim_level_editorial_review,attributed_only
clm-552da82e67aa,org-icon-f8995ba,ICON,jcx_relevance,Medium,atlas_inference,C4,JCX relevance is an atlas analyst interpretation.,A,"[""S2""]","[""https://iconbuild.com/newsroom/icon-announces-first-commercial-rollout-of-its-3d-printing-construction-technology-for-builders"",""https://iconbuild.com/technology""]","3D printing solves only part of total construction cost; structural standards, finishes, utilities, code, service and economics need project-level proof.",2026-08-30,coverage_gap_additions.csv,requires_claim_level_editorial_review,review_required
clm-28b0308719c7,org-inbuild-0282ee3,inBuild,headline_claim,"YC describes invoice checking against project budgets, approvals, payments and QuickBooks updates",YC company description,C3,"The statement is reported by a company, customer, vendor, directory, investor or programme.",A,"[""S4""]","[""https://ycombinator.com/companies/inbuild""]",Accounting integration and payment controls are US-centric; test segregation of duties and local tax treatment.,2026-08-30,coverage_gap_additions.csv,requires_claim_level_editorial_review,attributed_only
clm-4785862cff11,org-inbuild-0282ee3,inBuild,jcx_relevance,Medium,atlas_inference,C4,JCX relevance is an atlas analyst interpretation.,A,"[""S4""]","[""https://ycombinator.com/companies/inbuild""]",Accounting integration and payment controls are US-centric; test segregation of duties and local tax treatment.,2026-08-30,coverage_gap_additions.csv,requires_claim_level_editorial_review,review_required
clm-fd0e310452ed,org-infra-market-b3a2104,Infra-Market,headline_claim,valuation-and-funding-mixed-source-credit-risk,company-plus-investor,C3,"The statement is reported by a company, customer, vendor, directory, investor or programme.",B/C,"[""S2""]","[""https://infra-prod.gumlet.io/ivas/PROD/06-05-2025/1746534342377_IVAS_DezineMandapam.pdf"",""https://infra.market/"",""https://infra.market/about-us""]",unknown,2026-08-30,regional_companies_agent.csv,requires_claim_level_editorial_review,attributed_only
clm-1eb3781c3152,org-infra-market-b3a2104,Infra-Market,jcx_relevance,supply-aggregation-quality,atlas_inference,C4,JCX relevance is an atlas analyst interpretation.,B/C,"[""S2""]","[""https://infra-prod.gumlet.io/ivas/PROD/06-05-2025/1746534342377_IVAS_DezineMandapam.pdf"",""https://infra.market/"",""https://infra.market/about-us""]",unknown,2026-08-30,regional_companies_agent.csv,requires_claim_level_editorial_review,review_required
clm-56ac6361bca2,org-inspace-a027d14,Inspace,headline_claim,Visualizations for sales and leasing; CBRE case via Taronga,Customer/vendor case,C3,"The statement is reported by a company, customer, vendor, directory, investor or programme.",B,"[""S2"",""S4""]","[""https://inspace.io/"",""https://tarongagroup.com/realtechx""]",Connectivity capture language and output quality,2026-08-30,proptech_startups_agent.csv,requires_claim_level_editorial_review,attributed_only
clm-4d5997e4c58a,org-inspace-a027d14,Inspace,jcx_relevance,Medium,atlas_inference,C4,JCX relevance is an atlas analyst interpretation.,B,"[""S2"",""S4""]","[""https://inspace.io/"",""https://tarongagroup.com/realtechx""]",Connectivity capture language and output quality,2026-08-30,proptech_startups_agent.csv,requires_claim_level_editorial_review,review_required
clm-dfb04ad96fa8,org-inspectmind-ai-e96a36c,InspectMind AI,headline_claim,Catches construction-drawing issues before rework,YC self-description,C3,"The statement is reported by a company, customer, vendor, directory, investor or programme.",A,"[""S4""]","[""https://ycombinator.com/companies/inspectmind-ai""]",False negatives drawing standards and liability,2026-08-30,proptech_startups_agent.csv,requires_claim_level_editorial_review,attributed_only
clm-e1327d580a6d,org-inspectmind-ai-e96a36c,InspectMind AI,jcx_relevance,Medium,atlas_inference,C4,JCX relevance is an atlas analyst interpretation.,A,"[""S4""]","[""https://ycombinator.com/companies/inspectmind-ai""]",False negatives drawing standards and liability,2026-08-30,proptech_startups_agent.csv,requires_claim_level_editorial_review,review_required
clm-9819eef42c9e,org-invitation-homes-84857f4,Invitation Homes,jcx_relevance,Distributed-home operations comparator,atlas_inference,C4,JCX relevance is an atlas analyst interpretation.,C,"[""S2""]","[""https://invitationhomes.com/""]",Primary filing review required,2026-08-30,global_real_estate_pioneers_agent.csv,requires_claim_level_editorial_review,review_required
clm-3d3f7a157245,org-invitation-homes-84857f4,Invitation Homes,named_initiatives,Unknown—verify products,unknown,C5,No usable claim-attribution label in the source row.,C,"[""S2""]","[""https://invitationhomes.com/""]",Primary filing review required,2026-08-30,global_real_estate_pioneers_agent.csv,requires_claim_level_editorial_review,context_only
clm-c201b1c1f911,org-invitation-homes-84857f4,Invitation Homes,scale_signal,Large single-family rental owner,unknown,C5,No usable claim-attribution label in the source row.,C,"[""S2""]","[""https://invitationhomes.com/""]",Primary filing review required,2026-08-30,global_real_estate_pioneers_agent.csv,requires_claim_level_editorial_review,context_only
clm-d2200de65fa4,org-invitation-homes-84857f4,Invitation Homes,tech_strategy,"Centralised digital leasing, field service, work orders and smart home to verify",unknown,C5,No usable claim-attribution label in the source row.,C,"[""S2""]","[""https://invitationhomes.com/""]",Primary filing review required,2026-08-30,global_real_estate_pioneers_agent.csv,requires_claim_level_editorial_review,context_only
clm-965d806e87f3,org-ivanhoe-cambridge-8c510ab,Ivanhoé Cambridge,jcx_relevance,Institutional owner comparator,atlas_inference,C4,JCX relevance is an atlas analyst interpretation.,C,"[""S2""]","[""https://ivanhoecambridge.com/""]",Primary ESG report review required,2026-08-30,global_real_estate_pioneers_agent.csv,requires_claim_level_editorial_review,review_required
clm-d62e0d1433b0,org-ivanhoe-cambridge-8c510ab,Ivanhoé Cambridge,named_initiatives,Unknown—verify programmes,unknown,C5,No usable claim-attribution label in the source row.,C,"[""S2""]","[""https://ivanhoecambridge.com/""]",Primary ESG report review required,2026-08-30,global_real_estate_pioneers_agent.csv,requires_claim_level_editorial_review,context_only
clm-3b6ec7c773cf,org-ivanhoe-cambridge-8c510ab,Ivanhoé Cambridge,scale_signal,Global portfolio,unknown,C5,No usable claim-attribution label in the source row.,C,"[""S2""]","[""https://ivanhoecambridge.com/""]",Primary ESG report review required,2026-08-30,global_real_estate_pioneers_agent.csv,requires_claim_level_editorial_review,context_only
clm-4832b92080dd,org-ivanhoe-cambridge-8c510ab,Ivanhoé Cambridge,tech_strategy,"Climate, data and tenant operations to verify",unknown,C5,No usable claim-attribution label in the source row.,C,"[""S2""]","[""https://ivanhoecambridge.com/""]",Primary ESG report review required,2026-08-30,global_real_estate_pioneers_agent.csv,requires_claim_level_editorial_review,context_only
clm-da1028f3e569,org-jll-799c538,JLL,headline_claim,"~600,000 JLL GPT prompts weekly; 900+ custom assistants; tens of thousands of users (2025)",company-reported,C3,"The statement is reported by a company, customer, vendor, directory, investor or programme.",A,"[""S1"",""S2"",""S3""]","[""https://jll.com/"",""https://s202.q4cdn.com/536608393/files/doc_financials/2025/ar/JLL_Annual-Report_2026_FINAL.pdf"",""https://sec.gov/Archives/edgar/data/1037976/000103797626000037/jll-20251231.htm"",""https://spark.jllt.com/""]",Adoption is not independently audited ROI,2026-08-30,global_real_estate_pioneers_agent.csv,requires_claim_level_editorial_review,attributed_only
clm-c0e4d7933e0e,org-jll-799c538,JLL,jcx_relevance,Data-workflow-distribution-venture benchmark for JCX,atlas_inference,C4,JCX relevance is an atlas analyst interpretation.,A,"[""S1"",""S2"",""S3""]","[""https://jll.com/"",""https://s202.q4cdn.com/536608393/files/doc_financials/2025/ar/JLL_Annual-Report_2026_FINAL.pdf"",""https://sec.gov/Archives/edgar/data/1037976/000103797626000037/jll-20251231.htm"",""https://spark.jllt.com/""]",Adoption is not independently audited ROI,2026-08-30,global_real_estate_pioneers_agent.csv,requires_claim_level_editorial_review,review_required
clm-0989fd40a1ca,org-jll-799c538,JLL,named_initiatives,Falcon; Azara; LeasingOS; Prism; Asset Beacon; Building Engines; Corrigo,company-reported,C3,"The statement is reported by a company, customer, vendor, directory, investor or programme.",A,"[""S1"",""S2"",""S3""]","[""https://jll.com/"",""https://s202.q4cdn.com/536608393/files/doc_financials/2025/ar/JLL_Annual-Report_2026_FINAL.pdf"",""https://sec.gov/Archives/edgar/data/1037976/000103797626000037/jll-20251231.htm"",""https://spark.jllt.com/""]",Adoption is not independently audited ROI,2026-08-30,global_real_estate_pioneers_agent.csv,requires_claim_level_editorial_review,attributed_only
clm-97c9bac48aa7,org-jll-799c538,JLL,scale_signal,2025 revenue $26.1bn; PropTech investments fair value $340.1m,company-reported,C3,"The statement is reported by a company, customer, vendor, directory, investor or programme.",A,"[""S1"",""S2"",""S3""]","[""https://jll.com/"",""https://s202.q4cdn.com/536608393/files/doc_financials/2025/ar/JLL_Annual-Report_2026_FINAL.pdf"",""https://sec.gov/Archives/edgar/data/1037976/000103797626000037/jll-20251231.htm"",""https://spark.jllt.com/""]",Adoption is not independently audited ROI,2026-08-30,global_real_estate_pioneers_agent.csv,requires_claim_level_editorial_review,attributed_only
clm-9ff4fbb893c9,org-jll-799c538,JLL,tech_strategy,AI-forward proprietary data and workflow platforms,company-reported,C3,"The statement is reported by a company, customer, vendor, directory, investor or programme.",A,"[""S1"",""S2"",""S3""]","[""https://jll.com/"",""https://s202.q4cdn.com/536608393/files/doc_financials/2025/ar/JLL_Annual-Report_2026_FINAL.pdf"",""https://sec.gov/Archives/edgar/data/1037976/000103797626000037/jll-20251231.htm"",""https://spark.jllt.com/""]",Adoption is not independently audited ROI,2026-08-30,global_real_estate_pioneers_agent.csv,requires_claim_level_editorial_review,attributed_only
clm-caf30b110166,org-jll-spark-b674956,JLL Spark,headline_claim,$450m+ and 55+ startups,company-reported,C3,"The statement is reported by a company, customer, vendor, directory, investor or programme.",B,"[""S2""]","[""https://spark.jllt.com/""]",Count is not proof of deployment or returns,2026-08-30,global_real_estate_pioneers_agent.csv,requires_claim_level_editorial_review,attributed_only
clm-a11c768fe451,org-jll-spark-b674956,JLL Spark,jcx_relevance,Strategic capital plus go-to-market model,atlas_inference,C4,JCX relevance is an atlas analyst interpretation.,B,"[""S2""]","[""https://spark.jllt.com/""]",Count is not proof of deployment or returns,2026-08-30,global_real_estate_pioneers_agent.csv,requires_claim_level_editorial_review,review_required
clm-85e78e1a0a49,org-jll-spark-b674956,JLL Spark,named_initiatives,Global Ventures Funds; portfolio startups,company-reported,C3,"The statement is reported by a company, customer, vendor, directory, investor or programme.",B,"[""S2""]","[""https://spark.jllt.com/""]",Count is not proof of deployment or returns,2026-08-30,global_real_estate_pioneers_agent.csv,requires_claim_level_editorial_review,attributed_only
clm-508d2222db51,org-jll-spark-b674956,JLL Spark,scale_signal,$450m+ invested in 55+ early-stage built-world startups,company-reported,C3,"The statement is reported by a company, customer, vendor, directory, investor or programme.",B,"[""S2""]","[""https://spark.jllt.com/""]",Count is not proof of deployment or returns,2026-08-30,global_real_estate_pioneers_agent.csv,requires_claim_level_editorial_review,attributed_only
clm-d28ccc49d3e2,org-jll-spark-b674956,JLL Spark,tech_strategy,Invests in scalable technology distributed through JLL,company-reported,C3,"The statement is reported by a company, customer, vendor, directory, investor or programme.",B,"[""S2""]","[""https://spark.jllt.com/""]",Count is not proof of deployment or returns,2026-08-30,global_real_estate_pioneers_agent.csv,requires_claim_level_editorial_review,attributed_only
clm-8524ff774696,org-johnson-controls-openblue-d609fb9,Johnson Controls OpenBlue,headline_claim,OpenBlue unifies building data and AI agents for autonomous performance energy comfort equipment workplace cybersecurity and interoperability,official product description; company/customer-reported outcome,C3,"The statement is reported by a company, customer, vendor, directory, investor or programme.",A,"[""S2""]","[""https://johnsoncontrols.com/media-center/news/press-releases/2026/08/04/johnson-controls-unveils-ai-powered-openblue-platform-expansions"",""https://openblue.johnsoncontrols.com/"",""https://openblue.johnsoncontrols.com/openblue-intelligence""]","Energy reduction, onboarding and maintenance outcomes are company/customer claims; separate platform from JCI hardware/services",2026-08-30,enterprise_platform_additions.csv,requires_claim_level_editorial_review,attributed_only
clm-bfe9219c00e4,org-johnson-controls-openblue-d609fb9,Johnson Controls OpenBlue,jcx_relevance,High,atlas_inference,C4,JCX relevance is an atlas analyst interpretation.,A,"[""S2""]","[""https://johnsoncontrols.com/media-center/news/press-releases/2026/08/04/johnson-controls-unveils-ai-powered-openblue-platform-expansions"",""https://openblue.johnsoncontrols.com/"",""https://openblue.johnsoncontrols.com/openblue-intelligence""]","Energy reduction, onboarding and maintenance outcomes are company/customer claims; separate platform from JCI hardware/services",2026-08-30,enterprise_platform_additions.csv,requires_claim_level_editorial_review,review_required
clm-4b5ea5f59dde,org-jomee-jomaa-d8b40e9,Jomee-Jomaa,headline_claim,BDT1000-ROI-liquidity-are-claims,company-plus-press,C2,Source-row label indicates some independent or authoritative corroboration.,B/C,"[""S2"",""S3""]","[""https://jomeejomaa.com/"",""https://jomeejomaa.com/terms"",""https://thedailystar.net/tech-startup/news/fractional-land-investment-platform-jomee-jomaa-launched-3444451""]",securities-AML-title-secondary-market-risk,2026-08-30,regional_companies_agent.csv,requires_claim_level_editorial_review,review_required
clm-1bfa77355265,org-jomee-jomaa-d8b40e9,Jomee-Jomaa,jcx_relevance,benchmark-only-pending-counsel,atlas_inference,C4,JCX relevance is an atlas analyst interpretation.,B/C,"[""S2"",""S3""]","[""https://jomeejomaa.com/"",""https://jomeejomaa.com/terms"",""https://thedailystar.net/tech-startup/news/fractional-land-investment-platform-jomee-jomaa-launched-3444451""]",securities-AML-title-secondary-market-risk,2026-08-30,regional_companies_agent.csv,requires_claim_level_editorial_review,review_required
clm-5f5082414d97,org-juniper-square-860ebe0,Juniper Square,headline_claim,Fundraising investor operations accounting treasury reporting data rooms payments and AI oversight in one GP/LP operating system,official product description; company-reported scale,C3,"The statement is reported by a company, customer, vendor, directory, investor or programme.",A,"[""S2""]","[""https://junipersquare.com/"",""https://junipersquare.com/company/press""]","2,300+ GPs, $1T investor equity, valuation and customer scale are company-reported",2026-08-30,enterprise_platform_additions.csv,requires_claim_level_editorial_review,attributed_only
clm-b4c68e5fa442,org-juniper-square-860ebe0,Juniper Square,jcx_relevance,High,atlas_inference,C4,JCX relevance is an atlas analyst interpretation.,A,"[""S2""]","[""https://junipersquare.com/"",""https://junipersquare.com/company/press""]","2,300+ GPs, $1T investor equity, valuation and customer scale are company-reported",2026-08-30,enterprise_platform_additions.csv,requires_claim_level_editorial_review,review_required
clm-648ab7aafee9,org-kajima-c9b2937,Kajima,headline_claim,Operational at dam sites; productivity outcome not disclosed,observed,C4,The statement is an analyst inference.,A,"[""S2""]","[""https://kajima.co.jp/english"",""https://kajima.co.jp/english/sustainability/report/2025/pdf/ir_e_all.pdf""]",No quantified ROI in cited report,2026-08-30,global_real_estate_pioneers_agent.csv,requires_claim_level_editorial_review,review_required
clm-cef625c97f34,org-kajima-c9b2937,Kajima,jcx_relevance,Hard-tech automation reference for labour-shortage markets,atlas_inference,C4,JCX relevance is an atlas analyst interpretation.,A,"[""S2""]","[""https://kajima.co.jp/english"",""https://kajima.co.jp/english/sustainability/report/2025/pdf/ir_e_all.pdf""]",No quantified ROI in cited report,2026-08-30,global_real_estate_pioneers_agent.csv,requires_claim_level_editorial_review,review_required
clm-160f98ef5a7f,org-kajima-c9b2937,Kajima,named_initiatives,A⁴CSEL automated construction system,observed,C4,The statement is an analyst inference.,A,"[""S2""]","[""https://kajima.co.jp/english"",""https://kajima.co.jp/english/sustainability/report/2025/pdf/ir_e_all.pdf""]",No quantified ROI in cited report,2026-08-30,global_real_estate_pioneers_agent.csv,requires_claim_level_editorial_review,review_required
clm-66b9ae04a645,org-kajima-c9b2937,Kajima,scale_signal,Major Japanese contractor,observed,C4,The statement is an analyst inference.,A,"[""S2""]","[""https://kajima.co.jp/english"",""https://kajima.co.jp/english/sustainability/report/2025/pdf/ir_e_all.pdf""]",No quantified ROI in cited report,2026-08-30,global_real_estate_pioneers_agent.csv,requires_claim_level_editorial_review,review_required
clm-1d2ccb4f2cb0,org-kajima-c9b2937,Kajima,tech_strategy,"Automated heavy machinery, standardised expert movements and remote management",observed,C4,The statement is an analyst inference.,A,"[""S2""]","[""https://kajima.co.jp/english"",""https://kajima.co.jp/english/sustainability/report/2025/pdf/ir_e_all.pdf""]",No quantified ROI in cited report,2026-08-30,global_real_estate_pioneers_agent.csv,requires_claim_level_editorial_review,review_required
clm-0cfa29e44499,org-karmen-a81d410,Karmen,jcx_relevance,Potential JCX schedule-risk pilot,atlas_inference,C4,JCX relevance is an atlas analyst interpretation.,D,"[""S4""]","[""https://ycombinator.com/companies/industry/real-estate-and-construction""]",Verify live projects and accuracy,2026-08-30,global_real_estate_pioneers_agent.csv,requires_claim_level_editorial_review,review_required
clm-245f30322dfe,org-karmen-a81d410,Karmen,named_initiatives,Karmen,startup self-report,C3,"The statement is reported by a company, customer, vendor, directory, investor or programme.",D,"[""S4""]","[""https://ycombinator.com/companies/industry/real-estate-and-construction""]",Verify live projects and accuracy,2026-08-30,global_real_estate_pioneers_agent.csv,requires_claim_level_editorial_review,attributed_only
clm-70a6d62b5b8c,org-karmen-a81d410,Karmen,scale_signal,Scale unknown,startup self-report,C3,"The statement is reported by a company, customer, vendor, directory, investor or programme.",D,"[""S4""]","[""https://ycombinator.com/companies/industry/real-estate-and-construction""]",Verify live projects and accuracy,2026-08-30,global_real_estate_pioneers_agent.csv,requires_claim_level_editorial_review,attributed_only
clm-3e478df2120d,org-karmen-a81d410,Karmen,tech_strategy,AI scheduling from project documents,startup self-report,C3,"The statement is reported by a company, customer, vendor, directory, investor or programme.",D,"[""S4""]","[""https://ycombinator.com/companies/industry/real-estate-and-construction""]",Verify live projects and accuracy,2026-08-30,global_real_estate_pioneers_agent.csv,requires_claim_level_editorial_review,attributed_only
clm-a96952cbbd48,org-katerra-0503c58,Katerra,headline_claim,Chapter 11 filing June 2021,observed,C4,The statement is an analyst inference.,B,"[""S1"",""S2"",""S3""]","[""https://katerra.com/"",""https://reuters.com/"",""https://sec.gov/""]",Use court/financial sources for causal detail,2026-08-30,global_real_estate_pioneers_agent.csv,requires_claim_level_editorial_review,review_required
clm-c51433c93bf3,org-katerra-0503c58,Katerra,headline_claim,High-profile offsite construction startup shut down and filed Chapter 11 in June 2021,Reputable press/bankruptcy report,C2,Source-row label indicates some independent or authoritative corroboration.,B,"[""S2"",""S3""]","[""https://constructiondive.com/news/katerra-files-for-chapter-11/601439"",""https://katerra.com/"",""https://techcrunch.com/2021/06/01/softbank-backed-construction-giant-katerra-said-to-be-shutting-down-after-raising-billions""]",Failure case; do not display as active; study capital intensity bonding working capital,2026-08-30,proptech_startups_agent.csv,requires_claim_level_editorial_review,review_required
clm-25aca24a5bee,org-katerra-0503c58,Katerra,jcx_relevance,"Cautionary case for capex, working capital and scale assumptions",atlas_inference,C4,JCX relevance is an atlas analyst interpretation.,B,"[""S1"",""S2"",""S3""]","[""https://katerra.com/"",""https://reuters.com/"",""https://sec.gov/""]",Use court/financial sources for causal detail,2026-08-30,global_real_estate_pioneers_agent.csv,requires_claim_level_editorial_review,review_required
clm-51736a100093,org-katerra-0503c58,Katerra,jcx_relevance,Medium,atlas_inference,C4,JCX relevance is an atlas analyst interpretation.,B,"[""S2"",""S3""]","[""https://constructiondive.com/news/katerra-files-for-chapter-11/601439"",""https://katerra.com/"",""https://techcrunch.com/2021/06/01/softbank-backed-construction-giant-katerra-said-to-be-shutting-down-after-raising-billions""]",Failure case; do not display as active; study capital intensity bonding working capital,2026-08-30,proptech_startups_agent.csv,requires_claim_level_editorial_review,review_required
clm-45b9c1801dc3,org-katerra-0503c58,Katerra,named_initiatives,Off-site construction factories,observed,C4,The statement is an analyst inference.,B,"[""S1"",""S2"",""S3""]","[""https://katerra.com/"",""https://reuters.com/"",""https://sec.gov/""]",Use court/financial sources for causal detail,2026-08-30,global_real_estate_pioneers_agent.csv,requires_claim_level_editorial_review,review_required
clm-712c4e698381,org-katerra-0503c58,Katerra,scale_signal,Raised approximately $2bn per credible reporting; Chapter 11 June 2021,observed,C4,The statement is an analyst inference.,B,"[""S1"",""S2"",""S3""]","[""https://katerra.com/"",""https://reuters.com/"",""https://sec.gov/""]",Use court/financial sources for causal detail,2026-08-30,global_real_estate_pioneers_agent.csv,requires_claim_level_editorial_review,review_required
clm-060ca58db424,org-katerra-0503c58,Katerra,tech_strategy,Vertically integrated off-site construction and manufacturing,observed,C4,The statement is an analyst inference.,B,"[""S1"",""S2"",""S3""]","[""https://katerra.com/"",""https://reuters.com/"",""https://sec.gov/""]",Use court/financial sources for causal detail,2026-08-30,global_real_estate_pioneers_agent.csv,requires_claim_level_editorial_review,review_required
clm-5e7d2bfdd5c5,org-ke-holdings-beike-860ac7b,KE Holdings / Beike,headline_claim,"The 2025 annual report records RMB 94.6 billion of revenue across existing-home, new-home, home-renovation and emerging services.",official filing and company-reported scale,C3,"The statement is reported by a company, customer, vendor, directory, investor or programme.",A,"[""S2""]","[""https://investors.ke.com/"",""https://investors.ke.com/static-files/1fa581d1-e84c-4840-b898-0bfcd593000d"",""https://investors.ke.com/zh-hans/annual-reports""]","Revenue and platform metrics are company-reported; do not infer technology-caused performance, and distinguish the listed holding company from Beike and Lianjia brands.",2026-08-30,final_residual_additions.csv,requires_claim_level_editorial_review,attributed_only
clm-80f56d22fd11,org-ke-holdings-beike-860ac7b,KE Holdings / Beike,jcx_relevance,China's largest structured housing-platform comparator closes a material geographic and operating-model gap,atlas_inference,C4,JCX relevance is an atlas analyst interpretation.,A,"[""S2""]","[""https://investors.ke.com/"",""https://investors.ke.com/static-files/1fa581d1-e84c-4840-b898-0bfcd593000d"",""https://investors.ke.com/zh-hans/annual-reports""]","Revenue and platform metrics are company-reported; do not infer technology-caused performance, and distinguish the listed holding company from Beike and Lianjia brands.",2026-08-30,final_residual_additions.csv,requires_claim_level_editorial_review,review_required
clm-ce73c451277e,org-keppel-5873745,Keppel,headline_claim,$70m recurring cost-savings target achieved two years early (group claim),company-reported,C3,"The statement is reported by a company, customer, vendor, directory, investor or programme.",A,"[""S2""]","[""https://keppel.com/"",""https://keppel.com/annualreport2024"",""https://keppel.com/annualreport2024/theme/default/pdf/keppel-ltd-ar2024.pdf""]","Savings group-wide, not solely property-tech",2026-08-30,global_real_estate_pioneers_agent.csv,requires_claim_level_editorial_review,attributed_only
clm-b0e443ec7047,org-keppel-5873745,Keppel,jcx_relevance,Property-energy-digital infrastructure convergence,atlas_inference,C4,JCX relevance is an atlas analyst interpretation.,A,"[""S2""]","[""https://keppel.com/"",""https://keppel.com/annualreport2024"",""https://keppel.com/annualreport2024/theme/default/pdf/keppel-ltd-ar2024.pdf""]","Savings group-wide, not solely property-tech",2026-08-30,global_real_estate_pioneers_agent.csv,requires_claim_level_editorial_review,review_required
clm-29e4df737a79,org-keppel-5873745,Keppel,named_initiatives,Smart controls; Keppel Data Centre Campus; Sustainable Urban Renewal,company-reported,C3,"The statement is reported by a company, customer, vendor, directory, investor or programme.",A,"[""S2""]","[""https://keppel.com/"",""https://keppel.com/annualreport2024"",""https://keppel.com/annualreport2024/theme/default/pdf/keppel-ltd-ar2024.pdf""]","Savings group-wide, not solely property-tech",2026-08-30,global_real_estate_pioneers_agent.csv,requires_claim_level_editorial_review,attributed_only
clm-eab2eeaea5ee,org-keppel-5873745,Keppel,scale_signal,$88bn FUM and $436m asset-management fees in 2024,company-reported,C3,"The statement is reported by a company, customer, vendor, directory, investor or programme.",A,"[""S2""]","[""https://keppel.com/"",""https://keppel.com/annualreport2024"",""https://keppel.com/annualreport2024/theme/default/pdf/keppel-ltd-ar2024.pdf""]","Savings group-wide, not solely property-tech",2026-08-30,global_real_estate_pioneers_agent.csv,requires_claim_level_editorial_review,attributed_only
clm-8bea1241569d,org-keppel-5873745,Keppel,tech_strategy,"Converges real estate, energy, smart controls, data centres and connectivity",company-reported,C3,"The statement is reported by a company, customer, vendor, directory, investor or programme.",A,"[""S2""]","[""https://keppel.com/"",""https://keppel.com/annualreport2024"",""https://keppel.com/annualreport2024/theme/default/pdf/keppel-ltd-ar2024.pdf""]","Savings group-wide, not solely property-tech",2026-08-30,global_real_estate_pioneers_agent.csv,requires_claim_level_editorial_review,attributed_only
clm-c31d28cc73b6,org-kestrix-45a7de9,Kestrix,headline_claim,"Pi Labs lists Kestrix as machine-learning energy surveillance, a missing bridge between building data capture and retrofit decisions",ecosystem product description,C3,"The statement is reported by a company, customer, vendor, directory, investor or programme.",A,"[""S2"",""S4""]","[""https://kestrix.io/"",""https://pilabs.vc/portfolio?sort=date_desc""]","Survey accuracy, retrofit savings and local climate calibration need independent validation; service-heavy delivery may limit scale.",2026-08-30,coverage_gap_additions.csv,requires_claim_level_editorial_review,attributed_only
clm-f1090601df4b,org-kestrix-45a7de9,Kestrix,jcx_relevance,Medium,atlas_inference,C4,JCX relevance is an atlas analyst interpretation.,A,"[""S2"",""S4""]","[""https://kestrix.io/"",""https://pilabs.vc/portfolio?sort=date_desc""]","Survey accuracy, retrofit savings and local climate calibration need independent validation; service-heavy delivery may limit scale.",2026-08-30,coverage_gap_additions.csv,requires_claim_level_editorial_review,review_required
clm-bc95069b5a0d,org-la-haus-46fe911,La Haus,headline_claim,Connects buyers with verified new-home developers and performs legal/reputational and title checks on projects,product description,C3,"The statement is reported by a company, customer, vendor, directory, investor or programme.",A,"[""S2""]","[""https://lahaus.com/quienes-somos""]",Verification badges and investor claims are not proof of legal title or project delivery; Colombia and Mexico workflows differ from Bangladesh.,2026-08-30,coverage_gap_additions.csv,requires_claim_level_editorial_review,attributed_only
clm-b57d2c69e3a3,org-la-haus-46fe911,La Haus,jcx_relevance,High,atlas_inference,C4,JCX relevance is an atlas analyst interpretation.,A,"[""S2""]","[""https://lahaus.com/quienes-somos""]",Verification badges and investor claims are not proof of legal title or project delivery; Colombia and Mexico workflows differ from Bangladesh.,2026-08-30,coverage_gap_additions.csv,requires_claim_level_editorial_review,review_required
clm-1955f281aa82,org-landeed-505b2d4,Landeed,headline_claim,Indian-state-integrations-not-portable,company-page,C3,"The statement is reported by a company, customer, vendor, directory, investor or programme.",B/C,"[""S2""]","[""https://landeed.com/"",""https://landeed.com/about""]",unknown,2026-08-30,regional_companies_agent.csv,requires_claim_level_editorial_review,attributed_only
clm-8b4ebc270689,org-landeed-505b2d4,Landeed,jcx_relevance,title-evidence-graph-benchmark,atlas_inference,C4,JCX relevance is an atlas analyst interpretation.,B/C,"[""S2""]","[""https://landeed.com/"",""https://landeed.com/about""]",unknown,2026-08-30,regional_companies_agent.csv,requires_claim_level_editorial_review,review_required
clm-1f611b2a6eb9,org-landtech-82e0a84,LandTech,headline_claim,Land/development pipeline planning intelligence and appraisal,Portfolio/product description,C3,"The statement is reported by a company, customer, vendor, directory, investor or programme.",A,"[""S2"",""S4""]","[""https://land.tech/"",""https://pilabs.vc/portfolio?sort=date_desc""]",UK-centric data and Bangladesh title gaps,2026-08-30,proptech_startups_agent.csv,requires_claim_level_editorial_review,attributed_only
clm-f483054c3793,org-landtech-82e0a84,LandTech,jcx_relevance,High,atlas_inference,C4,JCX relevance is an atlas analyst interpretation.,A,"[""S2"",""S4""]","[""https://land.tech/"",""https://pilabs.vc/portfolio?sort=date_desc""]",UK-centric data and Bangladesh title gaps,2026-08-30,proptech_startups_agent.csv,requires_claim_level_editorial_review,review_required
clm-c261a70dc112,org-lendlease-4cdee7b,Lendlease,headline_claim,"569,216 sqm WELL-rated portfolio; 5m safe work hours at TRX (historical claims)",company-reported,C3,"The statement is reported by a company, customer, vendor, directory, investor or programme.",A,"[""S2""]","[""https://lendlease.com/"",""https://lendlease.com/siteassets/lendlease/shared/investor-centre/announcements/reports/2021/2021-lendlease-annual-report-pdf.pdf"",""https://lendlease.com/siteassets/lendlease/shared/investor-centre/announcements/results/2020/fy20---2020-annual-report.pdf""]",Metrics are historical/project/company claims,2026-08-30,global_real_estate_pioneers_agent.csv,requires_claim_level_editorial_review,attributed_only
clm-0fd80277d1f4,org-lendlease-4cdee7b,Lendlease,jcx_relevance,Design-to-operations and construction safety reference,atlas_inference,C4,JCX relevance is an atlas analyst interpretation.,A,"[""S2""]","[""https://lendlease.com/"",""https://lendlease.com/siteassets/lendlease/shared/investor-centre/announcements/reports/2021/2021-lendlease-annual-report-pdf.pdf"",""https://lendlease.com/siteassets/lendlease/shared/investor-centre/announcements/results/2020/fy20---2020-annual-report.pdf""]",Metrics are historical/project/company claims,2026-08-30,global_real_estate_pioneers_agent.csv,requires_claim_level_editorial_review,review_required
clm-0543eb71d6f7,org-lendlease-4cdee7b,Lendlease,named_initiatives,OLi; digital twins; BIM/IDD; drones; wearables,company-reported,C3,"The statement is reported by a company, customer, vendor, directory, investor or programme.",A,"[""S2""]","[""https://lendlease.com/"",""https://lendlease.com/siteassets/lendlease/shared/investor-centre/announcements/reports/2021/2021-lendlease-annual-report-pdf.pdf"",""https://lendlease.com/siteassets/lendlease/shared/investor-centre/announcements/results/2020/fy20---2020-annual-report.pdf""]",Metrics are historical/project/company claims,2026-08-30,global_real_estate_pioneers_agent.csv,requires_claim_level_editorial_review,attributed_only
clm-c136828bfe29,org-lendlease-4cdee7b,Lendlease,scale_signal,OLi managed 230+ projects and ~$60bn opportunities in 2021,company-reported,C3,"The statement is reported by a company, customer, vendor, directory, investor or programme.",A,"[""S2""]","[""https://lendlease.com/"",""https://lendlease.com/siteassets/lendlease/shared/investor-centre/announcements/reports/2021/2021-lendlease-annual-report-pdf.pdf"",""https://lendlease.com/siteassets/lendlease/shared/investor-centre/announcements/results/2020/fy20---2020-annual-report.pdf""]",Metrics are historical/project/company claims,2026-08-30,global_real_estate_pioneers_agent.csv,requires_claim_level_editorial_review,attributed_only
clm-c0fca481870b,org-lendlease-4cdee7b,Lendlease,tech_strategy,"Digitises origination, project delivery, asset management and digital twins",company-reported,C3,"The statement is reported by a company, customer, vendor, directory, investor or programme.",A,"[""S2""]","[""https://lendlease.com/"",""https://lendlease.com/siteassets/lendlease/shared/investor-centre/announcements/reports/2021/2021-lendlease-annual-report-pdf.pdf"",""https://lendlease.com/siteassets/lendlease/shared/investor-centre/announcements/results/2020/fy20---2020-annual-report.pdf""]",Metrics are historical/project/company claims,2026-08-30,global_real_estate_pioneers_agent.csv,requires_claim_level_editorial_review,attributed_only
clm-99d6a73a626a,org-lennar-fec1a05,Lennar,headline_claim,83K 2025 deliveries; annual report names the Lennar machine and LENX,company-reported scale and strategy,C3,"The statement is reported by a company, customer, vendor, directory, investor or programme.",A,"[""S2""]","[""https://investors.lennar.com/"",""https://investors.lennar.com/press-releases/2026/03-30-2026"",""https://investors.lennar.com/~/media/Files/L/Lennar-IR-V3/documents/annual-reports/annual-report-2025.pdf"",""https://lennar.com/""]","Separate Lennar, LENX and integrated Veev; technology investment gains are not operating ROI",2026-08-30,operator_coverage_additions.csv,requires_claim_level_editorial_review,attributed_only
clm-94c8bb4083c3,org-lennar-fec1a05,Lennar,jcx_relevance,"Parent record is required to interpret existing Veev by Lennar and compare land-light, digital funnel and startup deployment",atlas_inference,C4,JCX relevance is an atlas analyst interpretation.,A,"[""S2""]","[""https://investors.lennar.com/"",""https://investors.lennar.com/press-releases/2026/03-30-2026"",""https://investors.lennar.com/~/media/Files/L/Lennar-IR-V3/documents/annual-reports/annual-report-2025.pdf"",""https://lennar.com/""]","Separate Lennar, LENX and integrated Veev; technology investment gains are not operating ROI",2026-08-30,operator_coverage_additions.csv,requires_claim_level_editorial_review,review_required
clm-edd873f0f9b6,org-link-reit-3ef24b7,Link REIT,headline_claim,Official IR calls Link the largest REIT in Asia by asset value and publishes 2025/26 operating and sustainability data,official IR and sustainability reporting,C3,"The statement is reported by a company, customer, vendor, directory, investor or programme.",B,"[""S2""]","[""https://linkreit.com/en"",""https://linkreit.com/en/investor-relations"",""https://linkreit.com/en/investor-relations/financial-reports"",""https://linkreit.com/en/sustainability""]",Technology outcomes need deeper extraction; do not equate ESG disclosure with PropTech ROI,2026-08-30,operator_coverage_additions.csv,requires_claim_level_editorial_review,attributed_only
clm-33c701b0b2f7,org-link-reit-3ef24b7,Link REIT,jcx_relevance,"Shows a large owner/operator using portfolio data and community operations, counterbalancing developer-led platform cases",atlas_inference,C4,JCX relevance is an atlas analyst interpretation.,B,"[""S2""]","[""https://linkreit.com/en"",""https://linkreit.com/en/investor-relations"",""https://linkreit.com/en/investor-relations/financial-reports"",""https://linkreit.com/en/sustainability""]",Technology outcomes need deeper extraction; do not equate ESG disclosure with PropTech ROI,2026-08-30,operator_coverage_additions.csv,requires_claim_level_editorial_review,review_required
clm-c00b590ee69a,org-livspace-8e2af3d,Livspace,headline_claim,"Integrates designer marketplace, materials, manufacturing, installation, warranty and project coordination; company reports 100,000+ homes and 100+ cities",company-reported scale and product description,C3,"The statement is reported by a company, customer, vendor, directory, investor or programme.",A,"[""S2""]","[""https://livspace.com/in"",""https://livspace.com/in/about-us""]","Quality, deadline and warranty outcomes need independent validation; useful as a handover/fit-out benchmark, not a core developer ERP.",2026-08-30,coverage_gap_additions.csv,requires_claim_level_editorial_review,attributed_only
clm-ff71a79f2708,org-livspace-8e2af3d,Livspace,jcx_relevance,Medium,atlas_inference,C4,JCX relevance is an atlas analyst interpretation.,A,"[""S2""]","[""https://livspace.com/in"",""https://livspace.com/in/about-us""]","Quality, deadline and warranty outcomes need independent validation; useful as a handover/fit-out benchmark, not a core developer ERP.",2026-08-30,coverage_gap_additions.csv,requires_claim_level_editorial_review,review_required
clm-5444dc6c1688,org-localize-ec8bde7,Localize,headline_claim,US operations ceased in August 2024 while sister Madlan continued in Israel,Reputable press report,C2,Source-row label indicates some independent or authoritative corroboration.,B,"[""S2""]","[""https://calcalistech.com/ctechnews/article/sypuszzjr"",""https://localize.city/""]",Regional shutdown not global death; geography/market-cycle lesson,2026-08-30,proptech_startups_agent.csv,requires_claim_level_editorial_review,review_required
clm-edcb403ef2c1,org-localize-ec8bde7,Localize,jcx_relevance,Low,atlas_inference,C4,JCX relevance is an atlas analyst interpretation.,B,"[""S2""]","[""https://calcalistech.com/ctechnews/article/sypuszzjr"",""https://localize.city/""]",Regional shutdown not global death; geography/market-cycle lesson,2026-08-30,proptech_startups_agent.csv,requires_claim_level_editorial_review,review_required
clm-ef9a7614dd94,org-lodha-developers-macrotech-fabb78c,Lodha Developers / Macrotech,headline_claim,₹20m invested in accelerator in 2023-24; ₹176.3bn FY25 pre-sales,company-reported,C3,"The statement is reported by a company, customer, vendor, directory, investor or programme.",A,"[""S2""]","[""https://lodhagroup.com/"",""https://lodhagroup.com/investor-relations"",""https://lodhagroup.in/investor-relations/assets/pdf/3rd-Integrated-Annual-Report_2023-24.pdf""]",Few product-level digital outcomes; renamed from Macrotech in 2025,2026-08-30,global_real_estate_pioneers_agent.csv,requires_claim_level_editorial_review,attributed_only
clm-f997862c812a,org-lodha-developers-macrotech-fabb78c,Lodha Developers / Macrotech,jcx_relevance,South Asian lifecycle and net-zero innovation case,atlas_inference,C4,JCX relevance is an atlas analyst interpretation.,A,"[""S2""]","[""https://lodhagroup.com/"",""https://lodhagroup.com/investor-relations"",""https://lodhagroup.in/investor-relations/assets/pdf/3rd-Integrated-Annual-Report_2023-24.pdf""]",Few product-level digital outcomes; renamed from Macrotech in 2025,2026-08-30,global_real_estate_pioneers_agent.csv,requires_claim_level_editorial_review,review_required
clm-2281bd8ed8ee,org-lodha-developers-macrotech-fabb78c,Lodha Developers / Macrotech,named_initiatives,Net Zero Urban Accelerator; digital infrastructure,company-reported,C3,"The statement is reported by a company, customer, vendor, directory, investor or programme.",A,"[""S2""]","[""https://lodhagroup.com/"",""https://lodhagroup.com/investor-relations"",""https://lodhagroup.in/investor-relations/assets/pdf/3rd-Integrated-Annual-Report_2023-24.pdf""]",Few product-level digital outcomes; renamed from Macrotech in 2025,2026-08-30,global_real_estate_pioneers_agent.csv,requires_claim_level_editorial_review,attributed_only
clm-49e878389513,org-lodha-developers-macrotech-fabb78c,Lodha Developers / Macrotech,scale_signal,"FY25 pre-sales ₹176.3bn; 6,793 homes delivered; 5,359 employees",company-reported,C3,"The statement is reported by a company, customer, vendor, directory, investor or programme.",A,"[""S2""]","[""https://lodhagroup.com/"",""https://lodhagroup.com/investor-relations"",""https://lodhagroup.in/investor-relations/assets/pdf/3rd-Integrated-Annual-Report_2023-24.pdf""]",Few product-level digital outcomes; renamed from Macrotech in 2025,2026-08-30,global_real_estate_pioneers_agent.csv,requires_claim_level_editorial_review,attributed_only
clm-9558e3d4226f,org-lodha-developers-macrotech-fabb78c,Lodha Developers / Macrotech,tech_strategy,"Technology across land, planning, sales, collection, property management and handover",company-reported,C3,"The statement is reported by a company, customer, vendor, directory, investor or programme.",A,"[""S2""]","[""https://lodhagroup.com/"",""https://lodhagroup.com/investor-relations"",""https://lodhagroup.in/investor-relations/assets/pdf/3rd-Integrated-Annual-Report_2023-24.pdf""]",Few product-level digital outcomes; renamed from Macrotech in 2025,2026-08-30,global_real_estate_pioneers_agent.csv,requires_claim_level_editorial_review,attributed_only
clm-ef686b60191e,org-loft-ed3b4dd,Loft,headline_claim,"Integrates CRM, portals, digital signatures, rent guarantees, mortgage intermediation and rental administration; company reports 9,000+ partner agencies and R$10bn credit origination in 2024",company-reported scale and product description,C3,"The statement is reported by a company, customer, vendor, directory, investor or programme.",A,"[""S2""]","[""https://loft.com.br/para-imobiliarias"",""https://loft.com.br/para-imobiliarias/institucional-loft""]",Regulated credit/insurance functions and partner economics require local diligence; customer and origination metrics are company-reported.,2026-08-30,coverage_gap_additions.csv,requires_claim_level_editorial_review,attributed_only
clm-8125b8356920,org-loft-ed3b4dd,Loft,jcx_relevance,High,atlas_inference,C4,JCX relevance is an atlas analyst interpretation.,A,"[""S2""]","[""https://loft.com.br/para-imobiliarias"",""https://loft.com.br/para-imobiliarias/institucional-loft""]",Regulated credit/insurance functions and partner economics require local diligence; customer and origination metrics are company-reported.,2026-08-30,coverage_gap_additions.csv,requires_claim_level_editorial_review,review_required
clm-3f226027d682,org-lotroll-83be313,LotRoll,headline_claim,Brings manufactured housing market online with data and tools,Cohort selection/self-description,C3,"The statement is reported by a company, customer, vendor, directory, investor or programme.",A,"[""S4""]","[""https://nar-reach.com/second-century-ventures-announces-6-technology-companies-for-2026-reach-scale-up-program""]",US segment and no independent outcomes,2026-08-30,proptech_startups_agent.csv,requires_claim_level_editorial_review,attributed_only
clm-7474556e961c,org-lotroll-83be313,LotRoll,jcx_relevance,Low,atlas_inference,C4,JCX relevance is an atlas analyst interpretation.,A,"[""S4""]","[""https://nar-reach.com/second-century-ventures-announces-6-technology-companies-for-2026-reach-scale-up-program""]",US segment and no independent outcomes,2026-08-30,proptech_startups_agent.csv,requires_claim_level_editorial_review,review_required
clm-5c0ae6b99c60,org-lula-f8449a2,Lula,headline_claim,Coordinates property maintenance vendors work orders and predictive workflows for multifamily and single-family managers.,company product description,C3,"The statement is reported by a company, customer, vendor, directory, investor or programme.",A,"[""S2""]","[""https://lula.life/"",""https://lula.life/company"",""https://ret.vc/portfolio""]","Already discovery-only; lula.com redirects to unrelated Gail financial-services software, so retain lula.life.",2026-08-30,startup_core_additions.csv,requires_claim_level_editorial_review,attributed_only
clm-f31c493f302e,org-lula-f8449a2,Lula,jcx_relevance,High,atlas_inference,C4,JCX relevance is an atlas analyst interpretation.,A,"[""S2""]","[""https://lula.life/"",""https://lula.life/company"",""https://ret.vc/portfolio""]","Already discovery-only; lula.com redirects to unrelated Gail financial-services software, so retain lula.life.",2026-08-30,startup_core_additions.csv,requires_claim_level_editorial_review,review_required
clm-770abd63b6cb,org-lumina-375ff59,Lumina,headline_claim,Develops a 32-ton electric dozer for heavy civil work and construction-equipment decarbonization.,product description,C3,"The statement is reported by a company, customer, vendor, directory, investor or programme.",A,"[""S2""]","[""https://luminatech.co/"",""https://luminatech.co/moonlander"",""https://shadow.vc/investments/lumina""]",Shadow marks a 2025 Series A; company specifications and deployment claims are not independently verified.,2026-08-30,startup_core_additions.csv,requires_claim_level_editorial_review,attributed_only
clm-85a7b5e76daf,org-lumina-375ff59,Lumina,jcx_relevance,High,atlas_inference,C4,JCX relevance is an atlas analyst interpretation.,A,"[""S2""]","[""https://luminatech.co/"",""https://luminatech.co/moonlander"",""https://shadow.vc/investments/lumina""]",Shadow marks a 2025 Series A; company specifications and deployment claims are not independently verified.,2026-08-30,startup_core_additions.csv,requires_claim_level_editorial_review,review_required
clm-a698d1d92a35,org-magicdoor-2e9843c,MagicDoor,headline_claim,Automates recurring property-management workflows across leasing maintenance accounting and tenant communication.,product description,C3,"The statement is reported by a company, customer, vendor, directory, investor or programme.",A,"[""S2""]","[""https://magicdoor.com/"",""https://shadow.vc/blog/announcing-our-investment-in-magicdoor"",""https://shadow.vc/investments/magicdoor""]",Shadow marks pre-seed and 2024; company-reported automation rates should not be treated as measured outcomes.,2026-08-30,startup_core_additions.csv,requires_claim_level_editorial_review,attributed_only
clm-74accca7a323,org-magicdoor-2e9843c,MagicDoor,jcx_relevance,High,atlas_inference,C4,JCX relevance is an atlas analyst interpretation.,A,"[""S2""]","[""https://magicdoor.com/"",""https://shadow.vc/blog/announcing-our-investment-in-magicdoor"",""https://shadow.vc/investments/magicdoor""]",Shadow marks pre-seed and 2024; company-reported automation rates should not be treated as measured outcomes.,2026-08-30,startup_core_additions.csv,requires_claim_level_editorial_review,review_required
clm-0ecf99e37c1e,org-mahindra-lifespaces-55a7354,Mahindra Lifespaces,headline_claim,"FY2025 report and FY2026 investor page report >₹45,000 crore cumulative GDV and net-zero projects",official annual report and investor page,C3,"The statement is reported by a company, customer, vendor, directory, investor or programme.",B,"[""S2""]","[""https://cms.mahindralifespaces.com/web/node/4161"",""https://mahindralifespaces.com/"",""https://mahindralifespaces.com/investor-center?category=annual-reports"",""https://mldlprodstorage.blob.core.windows.net/live/2025/07/269865_MLDL_AR_2025_Final.pdf""]",Sustainability leadership is not automatically digital innovation; extract named systems before scoring,2026-08-30,operator_coverage_additions.csv,requires_claim_level_editorial_review,attributed_only
clm-c53d505dbe5f,org-mahindra-lifespaces-55a7354,Mahindra Lifespaces,jcx_relevance,"Adds an India sustainability/industrial-cluster benchmark not duplicated by Godrej, Prestige or Lodha",atlas_inference,C4,JCX relevance is an atlas analyst interpretation.,B,"[""S2""]","[""https://cms.mahindralifespaces.com/web/node/4161"",""https://mahindralifespaces.com/"",""https://mahindralifespaces.com/investor-center?category=annual-reports"",""https://mldlprodstorage.blob.core.windows.net/live/2025/07/269865_MLDL_AR_2025_Final.pdf""]",Sustainability leadership is not automatically digital innovation; extract named systems before scoring,2026-08-30,operator_coverage_additions.csv,requires_claim_level_editorial_review,review_required
clm-5d25beb7f955,org-majid-al-futtaim-0b14d94,Majid Al Futtaim,headline_claim,2025 accounts identify MAF Properties and MAF Technology; 2025 release describes AI-enabled Precision Media and Carrefour Now,official accounts and company release,C3,"The statement is reported by a company, customer, vendor, directory, investor or programme.",A,"[""S2""]","[""https://majidalfuttaim.com/"",""https://majidalfuttaim.com/docs/default-source/reports/majid-alfuttaim-holding-consolidated-fs-2025.pdf?sfvrsn=aa95b9a_3"",""https://majidalfuttaim.com/en/investor-relations/financial-summary"",""https://majidalfuttaim.com/en/media-centre/press-releases/detail/2025/09/strategic-investments--digital-scale-drive-majid-al-futtaims-solid-h1-2025-results""]","Separate group, Properties and digital-retail scope; digital growth is not property-tech ROI",2026-08-30,operator_coverage_additions.csv,requires_claim_level_editorial_review,attributed_only
clm-180d6a5d9688,org-majid-al-futtaim-0b14d94,Majid Al Futtaim,jcx_relevance,"Connects real estate with customer data, loyalty, quick commerce and AI-enabled media; stronger MENA operator comparator than another generic masterplan",atlas_inference,C4,JCX relevance is an atlas analyst interpretation.,A,"[""S2""]","[""https://majidalfuttaim.com/"",""https://majidalfuttaim.com/docs/default-source/reports/majid-alfuttaim-holding-consolidated-fs-2025.pdf?sfvrsn=aa95b9a_3"",""https://majidalfuttaim.com/en/investor-relations/financial-summary"",""https://majidalfuttaim.com/en/media-centre/press-releases/detail/2025/09/strategic-investments--digital-scale-drive-majid-al-futtaims-solid-h1-2025-results""]","Separate group, Properties and digital-retail scope; digital growth is not property-tech ROI",2026-08-30,operator_coverage_additions.csv,requires_claim_level_editorial_review,review_required
clm-7284eb824db2,org-mapletree-38e8d9a,Mapletree,jcx_relevance,APAC logistics and mixed-use comparator,atlas_inference,C4,JCX relevance is an atlas analyst interpretation.,C,"[""S2""]","[""https://mapletree.com.sg/""]",Technology evidence not extracted,2026-08-30,global_real_estate_pioneers_agent.csv,requires_claim_level_editorial_review,review_required
clm-70c3474c1e8b,org-mapletree-38e8d9a,Mapletree,named_initiatives,Unknown—verify platforms,unknown,C5,No usable claim-attribution label in the source row.,C,"[""S2""]","[""https://mapletree.com.sg/""]",Technology evidence not extracted,2026-08-30,global_real_estate_pioneers_agent.csv,requires_claim_level_editorial_review,context_only
clm-e7cb08620ab4,org-mapletree-38e8d9a,Mapletree,scale_signal,"Global logistics, industrial, office, retail and residential platform",unknown,C5,No usable claim-attribution label in the source row.,C,"[""S2""]","[""https://mapletree.com.sg/""]",Technology evidence not extracted,2026-08-30,global_real_estate_pioneers_agent.csv,requires_claim_level_editorial_review,context_only
clm-8a9a87bc925e,org-mapletree-38e8d9a,Mapletree,tech_strategy,"Smart logistics, energy and tenant platforms to verify",unknown,C5,No usable claim-attribution label in the source row.,C,"[""S2""]","[""https://mapletree.com.sg/""]",Technology evidence not extracted,2026-08-30,global_real_estate_pioneers_agent.csv,requires_claim_level_editorial_review,context_only
clm-a9e61a99591e,org-marriott-international-a8d5e3d,Marriott International,headline_claim,"2025 annual report describes transformation of property-management, reservations and loyalty systems; 700+ properties and ~100K rooms added in 2025",official annual report and SEC filing,C3,"The statement is reported by a company, customer, vendor, directory, investor or programme.",A,"[""S1"",""S2""]","[""https://marriott.com/"",""https://marriott.gcs-web.com/annual"",""https://marriott.gcs-web.com/static-files/b82978a6-9d28-4e38-9855-fc4ae2cebe11"",""https://sec.gov/Archives/edgar/data/1048286/000104828626000007/mar-20251231.htm""]",Asset-light system scale is not property ownership; technology transformation is company-reported,2026-08-30,operator_coverage_additions.csv,requires_claim_level_editorial_review,attributed_only
clm-f259584c34d6,org-marriott-international-a8d5e3d,Marriott International,jcx_relevance,Adds the missing hospitality operating-system benchmark and explicit technology-transformation evidence,atlas_inference,C4,JCX relevance is an atlas analyst interpretation.,A,"[""S1"",""S2""]","[""https://marriott.com/"",""https://marriott.gcs-web.com/annual"",""https://marriott.gcs-web.com/static-files/b82978a6-9d28-4e38-9855-fc4ae2cebe11"",""https://sec.gov/Archives/edgar/data/1048286/000104828626000007/mar-20251231.htm""]",Asset-light system scale is not property ownership; technology transformation is company-reported,2026-08-30,operator_coverage_additions.csv,requires_claim_level_editorial_review,review_required
clm-0277d3f0d850,org-masdar-city-eee2e48,Masdar City,headline_claim,At least 40% less water and energy target (company claim),company-reported,C3,"The statement is reported by a company, customer, vendor, directory, investor or programme.",B,"[""S2""]","[""https://masdar.ae/en/news/newsroom/tech-park-at-masdar-city-to-position-abu-dhabi-as-an-innovation-hub-for-start-ups"",""https://mubadala.com/en/what-we-do/masdar-city""]",Target baseline not independently validated,2026-08-30,global_real_estate_pioneers_agent.csv,requires_claim_level_editorial_review,attributed_only
clm-addb7c0c51e5,org-masdar-city-eee2e48,Masdar City,jcx_relevance,Masterplan-as-testbed model,atlas_inference,C4,JCX relevance is an atlas analyst interpretation.,B,"[""S2""]","[""https://masdar.ae/en/news/newsroom/tech-park-at-masdar-city-to-position-abu-dhabi-as-an-innovation-hub-for-start-ups"",""https://mubadala.com/en/what-we-do/masdar-city""]",Target baseline not independently validated,2026-08-30,global_real_estate_pioneers_agent.csv,requires_claim_level_editorial_review,review_required
clm-24d92395dde7,org-masdar-city-eee2e48,Masdar City,named_initiatives,Masdar City; Tech Park; The Catalyst,company-reported,C3,"The statement is reported by a company, customer, vendor, directory, investor or programme.",B,"[""S2""]","[""https://masdar.ae/en/news/newsroom/tech-park-at-masdar-city-to-position-abu-dhabi-as-an-innovation-hub-for-start-ups"",""https://mubadala.com/en/what-we-do/masdar-city""]",Target baseline not independently validated,2026-08-30,global_real_estate_pioneers_agent.csv,requires_claim_level_editorial_review,attributed_only
clm-3a3ea388a0fb,org-masdar-city-eee2e48,Masdar City,scale_signal,Buildings designed for at least 40% less water and energy than conventional buildings,company-reported,C3,"The statement is reported by a company, customer, vendor, directory, investor or programme.",B,"[""S2""]","[""https://masdar.ae/en/news/newsroom/tech-park-at-masdar-city-to-position-abu-dhabi-as-an-innovation-hub-for-start-ups"",""https://mubadala.com/en/what-we-do/masdar-city""]",Target baseline not independently validated,2026-08-30,global_real_estate_pioneers_agent.csv,requires_claim_level_editorial_review,attributed_only
clm-8887af82bbc5,org-masdar-city-eee2e48,Masdar City,tech_strategy,"Real-time urban laboratory for clean energy, water, mobility, AI and high-performance buildings",company-reported,C3,"The statement is reported by a company, customer, vendor, directory, investor or programme.",B,"[""S2""]","[""https://masdar.ae/en/news/newsroom/tech-park-at-masdar-city-to-position-abu-dhabi-as-an-innovation-hub-for-start-ups"",""https://mubadala.com/en/what-we-do/masdar-city""]",Target baseline not independently validated,2026-08-30,global_real_estate_pioneers_agent.csv,requires_claim_level_editorial_review,attributed_only
clm-14637c414270,org-material-depot-494da72,Material Depot,headline_claim,"YC describes direct manufacturer-to-customer materials with live trend data and reports 10,000+ homes served",company-reported scale via YC description,C3,"The statement is reported by a company, customer, vendor, directory, investor or programme.",A,"[""S4""]","[""https://ycombinator.com/companies/material-depot""]","Supply chain quality, returns, credit, delivery and local product certification must be verified before procurement integration.",2026-08-30,coverage_gap_additions.csv,requires_claim_level_editorial_review,attributed_only
clm-d76dc46ac6b6,org-material-depot-494da72,Material Depot,jcx_relevance,Medium,atlas_inference,C4,JCX relevance is an atlas analyst interpretation.,A,"[""S4""]","[""https://ycombinator.com/companies/material-depot""]","Supply chain quality, returns, credit, delivery and local product certification must be verified before procurement integration.",2026-08-30,coverage_gap_additions.csv,requires_claim_level_editorial_review,review_required
clm-7345da537148,org-matterport-6ed468a,Matterport,headline_claim,Spatial capture and 3D tours for property and AEC,Product description,C3,"The statement is reported by a company, customer, vendor, directory, investor or programme.",A,"[""S2""]","[""https://costargroup.com/"",""https://matterport.com/""]",CoStar roadmap/export and parent dependency,2026-08-30,proptech_startups_agent.csv,requires_claim_level_editorial_review,attributed_only
clm-b7bc138f620a,org-matterport-6ed468a,Matterport,headline_claim,Vendor claims 403% more inquiries; 49% more qualified leads; 95% more calls,vendor-reported,C3,"The statement is reported by a company, customer, vendor, directory, investor or programme.",B,"[""S2""]","[""https://matterport.com/"",""https://static.matterport.com/mp_cms/media/filer_public/4f/bf/4fbfdb3a-4e41-494c-b3ab-e45ab1f81569/matterport_for_real_estate_-_script_updated.pdf""]",Old vendor claims may not generalise,2026-08-30,global_real_estate_pioneers_agent.csv,requires_claim_level_editorial_review,attributed_only
clm-8078f6d56957,org-matterport-6ed468a,Matterport,jcx_relevance,"JCX marketing, as-built and handover layer",atlas_inference,C4,JCX relevance is an atlas analyst interpretation.,B,"[""S2""]","[""https://matterport.com/"",""https://static.matterport.com/mp_cms/media/filer_public/4f/bf/4fbfdb3a-4e41-494c-b3ab-e45ab1f81569/matterport_for_real_estate_-_script_updated.pdf""]",Old vendor claims may not generalise,2026-08-30,global_real_estate_pioneers_agent.csv,requires_claim_level_editorial_review,review_required
clm-a2f7a646bf1a,org-matterport-6ed468a,Matterport,jcx_relevance,High,atlas_inference,C4,JCX relevance is an atlas analyst interpretation.,A,"[""S2""]","[""https://costargroup.com/"",""https://matterport.com/""]",CoStar roadmap/export and parent dependency,2026-08-30,proptech_startups_agent.csv,requires_claim_level_editorial_review,review_required
clm-57aaf9b91408,org-matterport-6ed468a,Matterport,named_initiatives,3D Showcase; digital twins,vendor-reported,C3,"The statement is reported by a company, customer, vendor, directory, investor or programme.",B,"[""S2""]","[""https://matterport.com/"",""https://static.matterport.com/mp_cms/media/filer_public/4f/bf/4fbfdb3a-4e41-494c-b3ab-e45ab1f81569/matterport_for_real_estate_-_script_updated.pdf""]",Old vendor claims may not generalise,2026-08-30,global_real_estate_pioneers_agent.csv,requires_claim_level_editorial_review,attributed_only
clm-9e3c0d59ba44,org-matterport-6ed468a,Matterport,scale_signal,Global spatial-capture platform,vendor-reported,C3,"The statement is reported by a company, customer, vendor, directory, investor or programme.",B,"[""S2""]","[""https://matterport.com/"",""https://static.matterport.com/mp_cms/media/filer_public/4f/bf/4fbfdb3a-4e41-494c-b3ab-e45ab1f81569/matterport_for_real_estate_-_script_updated.pdf""]",Old vendor claims may not generalise,2026-08-30,global_real_estate_pioneers_agent.csv,requires_claim_level_editorial_review,attributed_only
clm-d0cc2e06cd20,org-matterport-6ed468a,Matterport,tech_strategy,"3D capture and digital twins for marketing, facilities and insurance",vendor-reported,C3,"The statement is reported by a company, customer, vendor, directory, investor or programme.",B,"[""S2""]","[""https://matterport.com/"",""https://static.matterport.com/mp_cms/media/filer_public/4f/bf/4fbfdb3a-4e41-494c-b3ab-e45ab1f81569/matterport_for_real_estate_-_script_updated.pdf""]",Old vendor claims may not generalise,2026-08-30,global_real_estate_pioneers_agent.csv,requires_claim_level_editorial_review,attributed_only
clm-892e70920565,org-maxhome-ai-e6888c9,MaxHome.ai,headline_claim,Streamlines compliance and operational workflows for brokerages,Cohort selection/self-description,C3,"The statement is reported by a company, customer, vendor, directory, investor or programme.",A,"[""S4""]","[""https://nar-reach.com/second-century-ventures-announces-6-technology-companies-for-2026-reach-scale-up-program""]",US compliance and early-stage evidence,2026-08-30,proptech_startups_agent.csv,requires_claim_level_editorial_review,attributed_only
clm-4f35a37bbd0c,org-maxhome-ai-e6888c9,MaxHome.ai,jcx_relevance,Medium,atlas_inference,C4,JCX relevance is an atlas analyst interpretation.,A,"[""S4""]","[""https://nar-reach.com/second-century-ventures-announces-6-technology-companies-for-2026-reach-scale-up-program""]",US compliance and early-stage evidence,2026-08-30,proptech_startups_agent.csv,requires_claim_level_editorial_review,review_required
clm-8cbdb6501753,org-measurabl-19110f1,Measurabl,headline_claim,Collects utility carbon sustainability and reporting data,Portfolio/product description,C3,"The statement is reported by a company, customer, vendor, directory, investor or programme.",A,"[""S2"",""S4""]","[""https://measurabl.com/"",""https://tarongagroup.com/realtechx""]",Local utility data emissions factors and greenwashing risk,2026-08-30,proptech_startups_agent.csv,requires_claim_level_editorial_review,attributed_only
clm-b6f533b2f6b4,org-measurabl-19110f1,Measurabl,jcx_relevance,High,atlas_inference,C4,JCX relevance is an atlas analyst interpretation.,A,"[""S2"",""S4""]","[""https://measurabl.com/"",""https://tarongagroup.com/realtechx""]",Local utility data emissions factors and greenwashing risk,2026-08-30,proptech_startups_agent.csv,requires_claim_level_editorial_review,review_required
clm-31e546cd23c9,org-metaprop-portfolio-bda9b60,MetaProp portfolio,headline_claim,Official site reports 150+ investments and 1.9B portfolio capital,Investor claim,C3,"The statement is reported by a company, customer, vendor, directory, investor or programme.",A,"[""S4""]","[""https://metaprop.com/"",""https://metaprop.com/portfolio""]",Investment is not endorsement or current status,2026-08-30,proptech_startups_agent.csv,requires_claim_level_editorial_review,attributed_only
clm-b4823aa4b4cd,org-metaprop-portfolio-bda9b60,MetaProp portfolio,jcx_relevance,Medium,atlas_inference,C4,JCX relevance is an atlas analyst interpretation.,A,"[""S4""]","[""https://metaprop.com/"",""https://metaprop.com/portfolio""]",Investment is not endorsement or current status,2026-08-30,proptech_startups_agent.csv,requires_claim_level_editorial_review,review_required
clm-7e033959b58b,org-mirvac-df71b9e,Mirvac,jcx_relevance,Precinct operations comparator,atlas_inference,C4,JCX relevance is an atlas analyst interpretation.,C,"[""S2""]","[""https://mirvac.com/""]",Primary report review required,2026-08-30,global_real_estate_pioneers_agent.csv,requires_claim_level_editorial_review,review_required
clm-34376274fc9c,org-mirvac-df71b9e,Mirvac,named_initiatives,Unknown—verify initiatives,unknown,C5,No usable claim-attribution label in the source row.,C,"[""S2""]","[""https://mirvac.com/""]",Primary report review required,2026-08-30,global_real_estate_pioneers_agent.csv,requires_claim_level_editorial_review,context_only
clm-7f86d656c513,org-mirvac-df71b9e,Mirvac,scale_signal,Large Australian mixed-use/residential platform,unknown,C5,No usable claim-attribution label in the source row.,C,"[""S2""]","[""https://mirvac.com/""]",Primary report review required,2026-08-30,global_real_estate_pioneers_agent.csv,requires_claim_level_editorial_review,context_only
clm-d43fada19e7f,org-mirvac-df71b9e,Mirvac,tech_strategy,"Digital customer, precinct and energy operations to verify",unknown,C5,No usable claim-attribution label in the source row.,C,"[""S2""]","[""https://mirvac.com/""]",Primary report review required,2026-08-30,global_real_estate_pioneers_agent.csv,requires_claim_level_editorial_review,context_only
clm-d77216c5de81,org-mitsubishi-estate-e9746be,Mitsubishi Estate,headline_claim,No portfolio-level outcome disclosed,observed,C4,The statement is an analyst inference.,B,"[""S2""]","[""https://bricks-fundtokyo.com/"",""https://mec.co.jp/en""]",CVC evidence stronger than property deployment,2026-08-30,global_real_estate_pioneers_agent.csv,requires_claim_level_editorial_review,review_required
clm-a5764291fe33,org-mitsubishi-estate-e9746be,Mitsubishi Estate,jcx_relevance,Urban-platform and developer-CVC comparator,atlas_inference,C4,JCX relevance is an atlas analyst interpretation.,B,"[""S2""]","[""https://bricks-fundtokyo.com/"",""https://mec.co.jp/en""]",CVC evidence stronger than property deployment,2026-08-30,global_real_estate_pioneers_agent.csv,requires_claim_level_editorial_review,review_required
clm-fe02bdf54963,org-mitsubishi-estate-e9746be,Mitsubishi Estate,named_initiatives,BRICKS FUND TOKYO; Mellow; IVRy,observed,C4,The statement is an analyst inference.,B,"[""S2""]","[""https://bricks-fundtokyo.com/"",""https://mec.co.jp/en""]",CVC evidence stronger than property deployment,2026-08-30,global_real_estate_pioneers_agent.csv,requires_claim_level_editorial_review,review_required
clm-5a263a978be6,org-mitsubishi-estate-e9746be,Mitsubishi Estate,scale_signal,Large Marunouchi-centred global urban developer,observed,C4,The statement is an analyst inference.,B,"[""S2""]","[""https://bricks-fundtokyo.com/"",""https://mec.co.jp/en""]",CVC evidence stronger than property deployment,2026-08-30,global_real_estate_pioneers_agent.csv,requires_claim_level_editorial_review,review_required
clm-51da5b2c961e,org-mitsubishi-estate-e9746be,Mitsubishi Estate,tech_strategy,"Urban data, tenant experience and digital services to verify",observed,C4,The statement is an analyst inference.,B,"[""S2""]","[""https://bricks-fundtokyo.com/"",""https://mec.co.jp/en""]",CVC evidence stronger than property deployment,2026-08-30,global_real_estate_pioneers_agent.csv,requires_claim_level_editorial_review,review_required
clm-91f43931619d,org-mitsui-fudosan-e8608ec,Mitsui Fudosan,headline_claim,>16m customers; no financial DX ROI disclosed,observed,C4,The statement is an analyst inference.,A,"[""S2""]","[""https://mitsuifudosan.co.jp/english"",""https://mitsuifudosan.co.jp/english/corporate/ir/library/integratedreport/ir2025/dx"",""https://mitsuifudosan.co.jp/english/corporate/ir/library/integratedreport/pdf/IR2025_en.pdf""]",English disclosure has limited product outcomes,2026-08-30,global_real_estate_pioneers_agent.csv,requires_claim_level_editorial_review,review_required
clm-0614bcae2fba,org-mitsui-fudosan-e8608ec,Mitsui Fudosan,jcx_relevance,Customer-network and neighbourhood DX benchmark,atlas_inference,C4,JCX relevance is an atlas analyst interpretation.,A,"[""S2""]","[""https://mitsuifudosan.co.jp/english"",""https://mitsuifudosan.co.jp/english/corporate/ir/library/integratedreport/ir2025/dx"",""https://mitsuifudosan.co.jp/english/corporate/ir/library/integratedreport/pdf/IR2025_en.pdf""]",English disclosure has limited product outcomes,2026-08-30,global_real_estate_pioneers_agent.csv,requires_claim_level_editorial_review,review_required
clm-f86160e26a9a,org-mitsui-fudosan-e8608ec,Mitsui Fudosan,named_initiatives,DX Vision 2030; annual DX White Paper; INNOVATION 2030,observed,C4,The statement is an analyst inference.,A,"[""S2""]","[""https://mitsuifudosan.co.jp/english"",""https://mitsuifudosan.co.jp/english/corporate/ir/library/integratedreport/ir2025/dx"",""https://mitsuifudosan.co.jp/english/corporate/ir/library/integratedreport/pdf/IR2025_en.pdf""]",English disclosure has limited product outcomes,2026-08-30,global_real_estate_pioneers_agent.csv,requires_claim_level_editorial_review,review_required
clm-f332542ee954,org-mitsui-fudosan-e8608ec,Mitsui Fudosan,scale_signal,Customer base >16m; global developer,observed,C4,The statement is an analyst inference.,A,"[""S2""]","[""https://mitsuifudosan.co.jp/english"",""https://mitsuifudosan.co.jp/english/corporate/ir/library/integratedreport/ir2025/dx"",""https://mitsuifudosan.co.jp/english/corporate/ir/library/integratedreport/pdf/IR2025_en.pdf""]",English disclosure has limited product outcomes,2026-08-30,global_real_estate_pioneers_agent.csv,requires_claim_level_editorial_review,review_required
clm-31b8406273e5,org-mitsui-fudosan-e8608ec,Mitsui Fudosan,tech_strategy,"DX Vision 2030 combines real and digital worlds, AI and secure platforms",observed,C4,The statement is an analyst inference.,A,"[""S2""]","[""https://mitsuifudosan.co.jp/english"",""https://mitsuifudosan.co.jp/english/corporate/ir/library/integratedreport/ir2025/dx"",""https://mitsuifudosan.co.jp/english/corporate/ir/library/integratedreport/pdf/IR2025_en.pdf""]",English disclosure has limited product outcomes,2026-08-30,global_real_estate_pioneers_agent.csv,requires_claim_level_editorial_review,review_required
clm-f73dbe515fcd,org-mri-software-e66e243,MRI Software,headline_claim,Property finance lease facilities and asset systems,Product description,C3,"The statement is reported by a company, customer, vendor, directory, investor or programme.",A,"[""S2""]","[""https://mrisoftware.com/""]",Local accounting payments and integrations,2026-08-30,proptech_startups_agent.csv,requires_claim_level_editorial_review,attributed_only
clm-037b864bcd54,org-mri-software-e66e243,MRI Software,jcx_relevance,Potential operations and finance backbone,atlas_inference,C4,JCX relevance is an atlas analyst interpretation.,C,"[""S2""]","[""https://mrisoftware.com/""]",Verify current product names and outcomes,2026-08-30,global_real_estate_pioneers_agent.csv,requires_claim_level_editorial_review,review_required
clm-7493083d4c2f,org-mri-software-e66e243,MRI Software,jcx_relevance,Medium,atlas_inference,C4,JCX relevance is an atlas analyst interpretation.,A,"[""S2""]","[""https://mrisoftware.com/""]",Local accounting payments and integrations,2026-08-30,proptech_startups_agent.csv,requires_claim_level_editorial_review,review_required
clm-8744c92d879d,org-mri-software-e66e243,MRI Software,named_initiatives,MRI platform,unknown,C5,No usable claim-attribution label in the source row.,C,"[""S2""]","[""https://mrisoftware.com/""]",Verify current product names and outcomes,2026-08-30,global_real_estate_pioneers_agent.csv,requires_claim_level_editorial_review,context_only
clm-3de6cb609b80,org-mri-software-e66e243,MRI Software,scale_signal,Global property software platform,unknown,C5,No usable claim-attribution label in the source row.,C,"[""S2""]","[""https://mrisoftware.com/""]",Verify current product names and outcomes,2026-08-30,global_real_estate_pioneers_agent.csv,requires_claim_level_editorial_review,context_only
clm-6773a1d507f7,org-mri-software-e66e243,MRI Software,tech_strategy,"Property accounting, leasing, facilities and analytics to verify",unknown,C5,No usable claim-attribution label in the source row.,C,"[""S2""]","[""https://mrisoftware.com/""]",Verify current product names and outcomes,2026-08-30,global_real_estate_pioneers_agent.csv,requires_claim_level_editorial_review,context_only
clm-a1b4e435bdd1,org-mubadala-real-assets-18e6cb7,Mubadala Real Assets,headline_claim,No property-tech ROI disclosed,observed,C4,The statement is an analyst inference.,A,"[""S2""]","[""https://annual2024.mubadala.com/en/onemubadala/real-assets"",""https://mubadala.com/""]",Thesis broader than PropTech,2026-08-30,global_real_estate_pioneers_agent.csv,requires_claim_level_editorial_review,review_required
clm-a17ad1fbe00b,org-mubadala-real-assets-18e6cb7,Mubadala Real Assets,jcx_relevance,Capital-allocation comparator for JCX,atlas_inference,C4,JCX relevance is an atlas analyst interpretation.,A,"[""S2""]","[""https://annual2024.mubadala.com/en/onemubadala/real-assets"",""https://mubadala.com/""]",Thesis broader than PropTech,2026-08-30,global_real_estate_pioneers_agent.csv,requires_claim_level_editorial_review,review_required
clm-abc5a2fcfd40,org-mubadala-real-assets-18e6cb7,Mubadala Real Assets,named_initiatives,Mubadala Real Assets; digital infrastructure,observed,C4,The statement is an analyst inference.,A,"[""S2""]","[""https://annual2024.mubadala.com/en/onemubadala/real-assets"",""https://mubadala.com/""]",Thesis broader than PropTech,2026-08-30,global_real_estate_pioneers_agent.csv,requires_claim_level_editorial_review,review_required
clm-53a6ff3e475a,org-mubadala-real-assets-18e6cb7,Mubadala Real Assets,scale_signal,"Portfolio spans digital infrastructure, logistics, healthcare/life sciences and living",observed,C4,The statement is an analyst inference.,A,"[""S2""]","[""https://annual2024.mubadala.com/en/onemubadala/real-assets"",""https://mubadala.com/""]",Thesis broader than PropTech,2026-08-30,global_real_estate_pioneers_agent.csv,requires_claim_level_editorial_review,review_required
clm-d2d256e5dea9,org-mubadala-real-assets-18e6cb7,Mubadala Real Assets,tech_strategy,"Invests around digital transformation, urbanisation and decarbonisation",observed,C4,The statement is an analyst inference.,A,"[""S2""]","[""https://annual2024.mubadala.com/en/onemubadala/real-assets"",""https://mubadala.com/""]",Thesis broader than PropTech,2026-08-30,global_real_estate_pioneers_agent.csv,requires_claim_level_editorial_review,review_required
clm-75cf7216e900,org-mubawab-4b0178e,Mubawab,headline_claim,Digital property platform connecting buyers renters agencies and developers; official page reports 2m+ monthly visits and acquisition of Jumia House in the Maghreb,company-reported scale and acquisition disclosure,C3,"The statement is reported by a company, customer, vendor, directory, investor or programme.",A,"[""S2""]","[""https://mubawab.com/"",""https://mubawab.ma/en/about""]",Traffic is company-reported and not equivalent to leads or closings; French/Arabic and country coverage are key localization variables.,2026-08-30,coverage_gap_additions.csv,requires_claim_level_editorial_review,attributed_only
clm-86cd1e3317f6,org-mubawab-4b0178e,Mubawab,jcx_relevance,Medium,atlas_inference,C4,JCX relevance is an atlas analyst interpretation.,A,"[""S2""]","[""https://mubawab.com/"",""https://mubawab.ma/en/about""]",Traffic is company-reported and not equivalent to leads or closings; French/Arabic and country coverage are key localization variables.,2026-08-30,coverage_gap_additions.csv,requires_claim_level_editorial_review,review_required
clm-da5f6a174fce,org-nabr-9ac18d4,Nabr,headline_claim,Delivers customizable sustainable apartments through a productized direct-to-consumer housing model.,product description,C3,"The statement is reported by a company, customer, vendor, directory, investor or programme.",A,"[""S2""]","[""https://2150.vc/investments/nabr"",""https://2150.vc/wp-content/uploads/2024/01/2150_Impact-report-2023_Master_2605.pdf"",""https://nabr.com/""]",Already discovery-only; project pipeline and delivery status need refresh before outcome scoring.,2026-08-30,startup_core_additions.csv,requires_claim_level_editorial_review,attributed_only
clm-68071edde69a,org-nabr-9ac18d4,Nabr,jcx_relevance,High,atlas_inference,C4,JCX relevance is an atlas analyst interpretation.,A,"[""S2""]","[""https://2150.vc/investments/nabr"",""https://2150.vc/wp-content/uploads/2024/01/2150_Impact-report-2023_Master_2605.pdf"",""https://nabr.com/""]",Already discovery-only; project pipeline and delivery status need refresh before outcome scoring.,2026-08-30,startup_core_additions.csv,requires_claim_level_editorial_review,review_required
clm-7b67d99f2de1,org-nar-reach-portfolio-068d892,NAR REACH portfolio,headline_claim,Official site reports 300+ companies 8B aggregate valuation and 2.9B capital,Program claim,C3,"The statement is reported by a company, customer, vendor, directory, investor or programme.",A,"[""S4""]","[""https://nar-reach.com/""]",Portfolio heterogeneity and status churn,2026-08-30,proptech_startups_agent.csv,requires_claim_level_editorial_review,attributed_only
clm-bb94c491797a,org-nar-reach-portfolio-068d892,NAR REACH portfolio,jcx_relevance,Medium,atlas_inference,C4,JCX relevance is an atlas analyst interpretation.,A,"[""S4""]","[""https://nar-reach.com/""]",Portfolio heterogeneity and status churn,2026-08-30,proptech_startups_agent.csv,requires_claim_level_editorial_review,review_required
clm-685ba4bd42e0,org-nawy-fea68ec,Nawy,headline_claim,US52m-equity-and-US23m-debt-release-license-needs-check,company-release,C3,"The statement is reported by a company, customer, vendor, directory, investor or programme.",B,"[""S2""]","[""https://nawy.com/"",""https://nawy.com/about-us"",""https://nawy.com/blog/116847-nawy-raises-a-52m-series-a-to-take-on-mena""]",unknown,2026-08-30,regional_companies_agent.csv,requires_claim_level_editorial_review,attributed_only
clm-e237faba520e,org-nawy-fea68ec,Nawy,jcx_relevance,inventory-broker-finance,atlas_inference,C4,JCX relevance is an atlas analyst interpretation.,B,"[""S2""]","[""https://nawy.com/"",""https://nawy.com/about-us"",""https://nawy.com/blog/116847-nawy-raises-a-52m-series-a-to-take-on-mena""]",unknown,2026-08-30,regional_companies_agent.csv,requires_claim_level_editorial_review,review_required
clm-0fba50ba4e2a,org-nearmap-8a8f2ad,Nearmap,headline_claim,customer-counts-refresh-company-claims-local-drone-alternative,company-page,C3,"The statement is reported by a company, customer, vendor, directory, investor or programme.",B,"[""S2""]","[""https://nearmap.com/au"",""https://nearmap.com/au/about"",""https://nearmap.com/au/property-intelligence""]",unknown,2026-08-30,regional_companies_agent.csv,requires_claim_level_editorial_review,attributed_only
clm-9b225d4d8ee7,org-nearmap-8a8f2ad,Nearmap,jcx_relevance,imagery-change-detection,atlas_inference,C4,JCX relevance is an atlas analyst interpretation.,B,"[""S2""]","[""https://nearmap.com/au"",""https://nearmap.com/au/about"",""https://nearmap.com/au/property-intelligence""]",unknown,2026-08-30,regional_companies_agent.csv,requires_claim_level_editorial_review,review_required
clm-ab9d4ce092bf,org-nemetschek-8aa57f2,Nemetschek,headline_claim,"Portfolio covers planning, visualization, construction and building management through brands such as Bluebeam, Graphisoft, Solibri, Spacewell and dTwin",official group product description,C3,"The statement is reported by a company, customer, vendor, directory, investor or programme.",A,"[""S2""]","[""https://nemetschek.com/en/company/brands"",""https://nemetschek.com/en/solutions""]",Group is a parent of many brands; do not count each brand as an independent company without ownership relationships.,2026-08-30,coverage_gap_additions.csv,requires_claim_level_editorial_review,attributed_only
clm-091ba31c4535,org-nemetschek-8aa57f2,Nemetschek,jcx_relevance,Medium,atlas_inference,C4,JCX relevance is an atlas analyst interpretation.,A,"[""S2""]","[""https://nemetschek.com/en/company/brands"",""https://nemetschek.com/en/solutions""]",Group is a parent of many brands; do not count each brand as an independent company without ownership relationships.,2026-08-30,coverage_gap_additions.csv,requires_claim_level_editorial_review,review_required
clm-3438960547a1,org-neom-e682d22,NEOM,jcx_relevance,MENA smart-city reference,atlas_inference,C4,JCX relevance is an atlas analyst interpretation.,C,"[""S2""]","[""https://neom.com/""]",Separate aspiration from delivered systems,2026-08-30,global_real_estate_pioneers_agent.csv,requires_claim_level_editorial_review,review_required
clm-0fbf420e1af9,org-neom-e682d22,NEOM,named_initiatives,The Line; Oxagon; Trojena,unknown,C5,No usable claim-attribution label in the source row.,C,"[""S2""]","[""https://neom.com/""]",Separate aspiration from delivered systems,2026-08-30,global_real_estate_pioneers_agent.csv,requires_claim_level_editorial_review,context_only
clm-8e0d7f36bff2,org-neom-e682d22,NEOM,scale_signal,Mega-project masterplan,unknown,C5,No usable claim-attribution label in the source row.,C,"[""S2""]","[""https://neom.com/""]",Separate aspiration from delivered systems,2026-08-30,global_real_estate_pioneers_agent.csv,requires_claim_level_editorial_review,context_only
clm-4e905c931ac7,org-neom-e682d22,NEOM,tech_strategy,"Smart-city, digital twin, autonomous mobility and sustainable infrastructure claims to verify",unknown,C5,No usable claim-attribution label in the source row.,C,"[""S2""]","[""https://neom.com/""]",Separate aspiration from delivered systems,2026-08-30,global_real_estate_pioneers_agent.csv,requires_claim_level_editorial_review,context_only
clm-4e10f6e80bf3,org-nigeria-property-centre-6683212,Nigeria Property Centre,headline_claim,"Official page reports 181,000+ active listings, 18,700 agents/developers, 698 areas and 1.25m monthly seekers across its network",company-reported scale and product description,C3,"The statement is reported by a company, customer, vendor, directory, investor or programme.",A,"[""S2""]","[""https://nigeriapropertycentre.com/about-us""]",Self-reported network metrics; country domains and market data should be separated; search traffic does not prove transaction conversion.,2026-08-30,coverage_gap_additions.csv,requires_claim_level_editorial_review,attributed_only
clm-887ab164cfbe,org-nigeria-property-centre-6683212,Nigeria Property Centre,jcx_relevance,Medium,atlas_inference,C4,JCX relevance is an atlas analyst interpretation.,A,"[""S2""]","[""https://nigeriapropertycentre.com/about-us""]",Self-reported network metrics; country domains and market data should be separated; search traffic does not prove transaction conversion.,2026-08-30,coverage_gap_additions.csv,requires_claim_level_editorial_review,review_required
clm-3faf6e3315c4,org-nirmanbazaar-a26f78c,NirmanBazaar,headline_claim,claims-suppliers-buyers-districts-products-credit-not-audited,company-claim,C3,"The statement is reported by a company, customer, vendor, directory, investor or programme.",B/D,"[""S2""]","[""https://info-vendor.nirmanbazaar.com/"",""https://nirmanbazaar.com.bd/""]",unknown,2026-08-30,regional_companies_agent.csv,requires_claim_level_editorial_review,attributed_only
clm-a9e430a2ff1b,org-nirmanbazaar-a26f78c,NirmanBazaar,headline_claim,Construction materials marketplace proposition,Directory/company description,C3,"The statement is reported by a company, customer, vendor, directory, investor or programme.",D,"[""S2""]","[""https://nirmanbazaar.com/""]",Verify operating history supplier QA delivery and integration,2026-08-30,proptech_startups_agent.csv,requires_claim_level_editorial_review,attributed_only
clm-00488539a769,org-nirmanbazaar-a26f78c,NirmanBazaar,jcx_relevance,potential-procurement-partner,atlas_inference,C4,JCX relevance is an atlas analyst interpretation.,B/D,"[""S2""]","[""https://info-vendor.nirmanbazaar.com/"",""https://nirmanbazaar.com.bd/""]",unknown,2026-08-30,regional_companies_agent.csv,requires_claim_level_editorial_review,review_required
clm-a67c795ce07c,org-nirmanbazaar-a26f78c,NirmanBazaar,jcx_relevance,Medium,atlas_inference,C4,JCX relevance is an atlas analyst interpretation.,D,"[""S2""]","[""https://nirmanbazaar.com/""]",Verify operating history supplier QA delivery and integration,2026-08-30,proptech_startups_agent.csv,requires_claim_level_editorial_review,review_required
clm-6debd9efc29e,org-nobroker-efe14d3,NoBroker,headline_claim,early-Series-A-company-release-current-paid-plans-need-review,company-press,C3,"The statement is reported by a company, customer, vendor, directory, investor or programme.",B/C,"[""S2""]","[""https://assets.nobroker.in/static/img/press/nb_in_chennai.pdf"",""https://nobroker.in/"",""https://nobroker.in/forum/wp-content/uploads/2026/01/NoBroker_Realestate_Report_2025_compressed.pdf""]",unknown,2026-08-30,regional_companies_agent.csv,requires_claim_level_editorial_review,attributed_only
clm-b9fdcc3efb4c,org-nobroker-efe14d3,NoBroker,jcx_relevance,self-service-and-monetization-caution,atlas_inference,C4,JCX relevance is an atlas analyst interpretation.,B/C,"[""S2""]","[""https://assets.nobroker.in/static/img/press/nb_in_chennai.pdf"",""https://nobroker.in/"",""https://nobroker.in/forum/wp-content/uploads/2026/01/NoBroker_Realestate_Report_2025_compressed.pdf""]",unknown,2026-08-30,regional_companies_agent.csv,requires_claim_level_editorial_review,review_required
clm-e28f04acb40a,org-northspyre-fb51dcc,Northspyre,headline_claim,Single platform from acquisition through stabilization with Deal and Development workflows for budgets costs vendors approvals and data,official product description; company-reported scale,C3,"The statement is reported by a company, customer, vendor, directory, investor or programme.",A,"[""S2""]","[""https://northspyre.com/"",""https://northspyre.com/about-us"",""https://northspyre.com/all-asset-classes/commercial"",""https://northspyre.com/blog/northspyre-2025-year-in-review""]","$32.5m raised, 100+ employees and $500bn projects facilitated are company-reported",2026-08-30,enterprise_platform_additions.csv,requires_claim_level_editorial_review,attributed_only
clm-5f1c8051962a,org-northspyre-fb51dcc,Northspyre,jcx_relevance,High,atlas_inference,C4,JCX relevance is an atlas analyst interpretation.,A,"[""S2""]","[""https://northspyre.com/"",""https://northspyre.com/about-us"",""https://northspyre.com/all-asset-classes/commercial"",""https://northspyre.com/blog/northspyre-2025-year-in-review""]","$32.5m raised, 100+ employees and $500bn projects facilitated are company-reported",2026-08-30,enterprise_platform_additions.csv,requires_claim_level_editorial_review,review_required
clm-8585c309ac8a,org-nuveen-real-estate-cdf03a7,Nuveen Real Estate,jcx_relevance,"Capital, retrofit and operations benchmark",atlas_inference,C4,JCX relevance is an atlas analyst interpretation.,C,"[""S2""]","[""https://nuveen.com/global/real-estate""]",Do not infer technology from general ESG language,2026-08-30,global_real_estate_pioneers_agent.csv,requires_claim_level_editorial_review,review_required
clm-c8bfc642a272,org-nuveen-real-estate-cdf03a7,Nuveen Real Estate,named_initiatives,Unknown—verify products,unknown,C5,No usable claim-attribution label in the source row.,C,"[""S2""]","[""https://nuveen.com/global/real-estate""]",Do not infer technology from general ESG language,2026-08-30,global_real_estate_pioneers_agent.csv,requires_claim_level_editorial_review,context_only
clm-785f979fa86b,org-nuveen-real-estate-cdf03a7,Nuveen Real Estate,scale_signal,Global real estate manager,unknown,C5,No usable claim-attribution label in the source row.,C,"[""S2""]","[""https://nuveen.com/global/real-estate""]",Do not infer technology from general ESG language,2026-08-30,global_real_estate_pioneers_agent.csv,requires_claim_level_editorial_review,context_only
clm-c8b5dc2d70c7,org-nuveen-real-estate-cdf03a7,Nuveen Real Estate,tech_strategy,"Portfolio analytics, retrofit and energy management to verify",unknown,C5,No usable claim-attribution label in the source row.,C,"[""S2""]","[""https://nuveen.com/global/real-estate""]",Do not infer technology from general ESG language,2026-08-30,global_real_estate_pioneers_agent.csv,requires_claim_level_editorial_review,context_only
clm-d33c9a9940de,org-obayashi-6a0d181,Obayashi,jcx_relevance,Japanese construction automation comparator,atlas_inference,C4,JCX relevance is an atlas analyst interpretation.,C,"[""S2""]","[""https://obayashi.co.jp/en""]",Primary report review required,2026-08-30,global_real_estate_pioneers_agent.csv,requires_claim_level_editorial_review,review_required
clm-ed4f6f5dafac,org-obayashi-6a0d181,Obayashi,named_initiatives,Unknown—verify robotics,unknown,C5,No usable claim-attribution label in the source row.,C,"[""S2""]","[""https://obayashi.co.jp/en""]",Primary report review required,2026-08-30,global_real_estate_pioneers_agent.csv,requires_claim_level_editorial_review,context_only
clm-76c744cd12ef,org-obayashi-6a0d181,Obayashi,scale_signal,Major Japanese contractor,unknown,C5,No usable claim-attribution label in the source row.,C,"[""S2""]","[""https://obayashi.co.jp/en""]",Primary report review required,2026-08-30,global_real_estate_pioneers_agent.csv,requires_claim_level_editorial_review,context_only
clm-d19b62abf62a,org-obayashi-6a0d181,Obayashi,tech_strategy,"Robotics, autonomous construction, BIM and digital twins to verify",unknown,C5,No usable claim-attribution label in the source row.,C,"[""S2""]","[""https://obayashi.co.jp/en""]",Primary report review required,2026-08-30,global_real_estate_pioneers_agent.csv,requires_claim_level_editorial_review,context_only
clm-9f3cd895cdb6,org-one-click-lca-def3638,One Click LCA,headline_claim,Measures life-cycle impacts and supports EPD and embodied-carbon decisions across building design materials and construction.,product description,C3,"The statement is reported by a company, customer, vendor, directory, investor or programme.",A,"[""S2""]","[""https://builtworlds.com/insights/2025-building-tech-top-50-list"",""https://oneclicklca.com/en-gb""]",Company adoption claims should be refreshed; do not merge with EC3 or general LCA consultancies.,2026-08-30,startup_core_additions.csv,requires_claim_level_editorial_review,attributed_only
clm-bd4466f66e8d,org-one-click-lca-def3638,One Click LCA,jcx_relevance,High,atlas_inference,C4,JCX relevance is an atlas analyst interpretation.,A,"[""S2""]","[""https://builtworlds.com/insights/2025-building-tech-top-50-list"",""https://oneclicklca.com/en-gb""]",Company adoption claims should be refreshed; do not merge with EC3 or general LCA consultancies.,2026-08-30,startup_core_additions.csv,requires_claim_level_editorial_review,review_required
clm-994cfba956c0,org-opendoor-bd08442,Opendoor,jcx_relevance,Useful transaction-automation case and risk lesson,atlas_inference,C4,JCX relevance is an atlas analyst interpretation.,C,"[""S2""]","[""https://opendoor.com/""]",Inventory and market-cycle risks are material,2026-08-30,global_real_estate_pioneers_agent.csv,requires_claim_level_editorial_review,review_required
clm-ad748d261eab,org-opendoor-bd08442,Opendoor,named_initiatives,Opendoor platform,unknown,C5,No usable claim-attribution label in the source row.,C,"[""S2""]","[""https://opendoor.com/""]",Inventory and market-cycle risks are material,2026-08-30,global_real_estate_pioneers_agent.csv,requires_claim_level_editorial_review,context_only
clm-1b8588c3dc58,org-opendoor-bd08442,Opendoor,scale_signal,Digital home transaction platform,unknown,C5,No usable claim-attribution label in the source row.,C,"[""S2""]","[""https://opendoor.com/""]",Inventory and market-cycle risks are material,2026-08-30,global_real_estate_pioneers_agent.csv,requires_claim_level_editorial_review,context_only
clm-d610f18a5a87,org-opendoor-bd08442,Opendoor,tech_strategy,Data-driven pricing and transaction automation,unknown,C5,No usable claim-attribution label in the source row.,C,"[""S2""]","[""https://opendoor.com/""]",Inventory and market-cycle risks are material,2026-08-30,global_real_estate_pioneers_agent.csv,requires_claim_level_editorial_review,context_only
clm-0147ceec895c,org-opensolar-375b039,OpenSolar,headline_claim,Gives solar contractors software to design sell finance and manage solar projects end to end.,product description,C3,"The statement is reported by a company, customer, vendor, directory, investor or programme.",A,"[""S2""]","[""https://2150.vc/investments/opensolar"",""https://opensolar.com/""]",Already discovery-only; confirm current corporate status and operating geography during enrichment.,2026-08-30,startup_core_additions.csv,requires_claim_level_editorial_review,attributed_only
clm-b59ff6248337,org-opensolar-375b039,OpenSolar,jcx_relevance,High,atlas_inference,C4,JCX relevance is an atlas analyst interpretation.,A,"[""S2""]","[""https://2150.vc/investments/opensolar"",""https://opensolar.com/""]",Already discovery-only; confirm current corporate status and operating geography during enrichment.,2026-08-30,startup_core_additions.csv,requires_claim_level_editorial_review,review_required
clm-52c76fc17d3f,org-openspace-15aa2fd,OpenSpace,headline_claim,360 capture and AI mapping create dated site evidence,Customer/vendor case,C3,"The statement is reported by a company, customer, vendor, directory, investor or programme.",A,"[""S2""]","[""https://get.openspace.ai/rs/283-OVQ-169/images/OpenSpace-Case-Study-Lendlease-en.pdf"",""https://openspace.ai/""]",Case outcomes are context-specific; privacy and BIM readiness,2026-08-30,proptech_startups_agent.csv,requires_claim_level_editorial_review,attributed_only
clm-3659addd80e6,org-openspace-15aa2fd,OpenSpace,jcx_relevance,High,atlas_inference,C4,JCX relevance is an atlas analyst interpretation.,A,"[""S2""]","[""https://get.openspace.ai/rs/283-OVQ-169/images/OpenSpace-Case-Study-Lendlease-en.pdf"",""https://openspace.ai/""]",Case outcomes are context-specific; privacy and BIM readiness,2026-08-30,proptech_startups_agent.csv,requires_claim_level_editorial_review,review_required
clm-0661df1652fa,org-oracle-construction-and-engineering-7e92f1f,Oracle Construction & Engineering,headline_claim,"Aconex, Textura, Primavera Cloud and Unifier form an enterprise construction/project-control suite spanning controlled records, cost/change, field and payment workflows",official product description,C3,"The statement is reported by a company, customer, vendor, directory, investor or programme.",A,"[""S2""]","[""https://docs.oracle.com/en/industries/construction-engineering"",""https://oracle.com/construction-engineering/aconex"",""https://oracle.com/construction-engineering/textura-construction-payment-management""]",Aconex/Textura/Primavera/Unifier are products in one Oracle suite; footprint and customer claims require claim-level verification,2026-08-30,enterprise_platform_additions.csv,requires_claim_level_editorial_review,attributed_only
clm-fdf0f5dd7ef5,org-oracle-construction-and-engineering-7e92f1f,Oracle Construction & Engineering,jcx_relevance,High,atlas_inference,C4,JCX relevance is an atlas analyst interpretation.,A,"[""S2""]","[""https://docs.oracle.com/en/industries/construction-engineering"",""https://oracle.com/construction-engineering/aconex"",""https://oracle.com/construction-engineering/textura-construction-payment-management""]",Aconex/Textura/Primavera/Unifier are products in one Oracle suite; footprint and customer claims require claim-level verification,2026-08-30,enterprise_platform_additions.csv,requires_claim_level_editorial_review,review_required
clm-2dd1439fc6c6,org-orbital-witness-cc3955e,Orbital Witness,headline_claim,"Connects title registers, searches, leases and maps into a reviewable property record and orders official copies in bulk",company product description,C3,"The statement is reported by a company, customer, vendor, directory, investor or programme.",A,"[""S2""]","[""https://orbital.tech/uk"",""https://orbital.tech/uk/solutions/acquisitions""]","UK Land Registry workflow is not portable to Bangladesh; legal advice, official-copy status and lawyer review must remain explicit.",2026-08-30,coverage_gap_additions.csv,requires_claim_level_editorial_review,attributed_only
clm-6a2aa098e8b4,org-orbital-witness-cc3955e,Orbital Witness,jcx_relevance,High,atlas_inference,C4,JCX relevance is an atlas analyst interpretation.,A,"[""S2""]","[""https://orbital.tech/uk"",""https://orbital.tech/uk/solutions/acquisitions""]","UK Land Registry workflow is not portable to Bangladesh; legal advice, official-copy status and lawyer review must remain explicit.",2026-08-30,coverage_gap_additions.csv,requires_claim_level_editorial_review,review_required
clm-f55d6813d66f,org-outbuild-f066346,Outbuild,headline_claim,Provides collaborative AI-enabled scheduling and field coordination for construction projects.,company product description,C3,"The statement is reported by a company, customer, vendor, directory, investor or programme.",A,"[""S2""]","[""https://outbuild.com/"",""https://outbuild.com/about-us"",""https://zacuaventures.com/portfolio""]","Customer, project-volume and employee metrics are company-reported; preserve canonical outbuild.com identity.",2026-08-30,startup_core_additions.csv,requires_claim_level_editorial_review,attributed_only
clm-c27320ab8e18,org-outbuild-f066346,Outbuild,jcx_relevance,High,atlas_inference,C4,JCX relevance is an atlas analyst interpretation.,A,"[""S2""]","[""https://outbuild.com/"",""https://outbuild.com/about-us"",""https://zacuaventures.com/portfolio""]","Customer, project-volume and employee metrics are company-reported; preserve canonical outbuild.com identity.",2026-08-30,startup_core_additions.csv,requires_claim_level_editorial_review,review_required
clm-1caf42c2279b,org-oxford-properties-1e070f3,Oxford Properties,jcx_relevance,Institutional ESG and asset-management comparator,atlas_inference,C4,JCX relevance is an atlas analyst interpretation.,C,"[""S2""]","[""https://oxfordproperties.com/""]",Verify owner versus manager attribution,2026-08-30,global_real_estate_pioneers_agent.csv,requires_claim_level_editorial_review,review_required
clm-df95d0f9aafc,org-oxford-properties-1e070f3,Oxford Properties,named_initiatives,Unknown—verify products,unknown,C5,No usable claim-attribution label in the source row.,C,"[""S2""]","[""https://oxfordproperties.com/""]",Verify owner versus manager attribution,2026-08-30,global_real_estate_pioneers_agent.csv,requires_claim_level_editorial_review,context_only
clm-7264581a7ef6,org-oxford-properties-1e070f3,Oxford Properties,scale_signal,Institutional global real estate platform,unknown,C5,No usable claim-attribution label in the source row.,C,"[""S2""]","[""https://oxfordproperties.com/""]",Verify owner versus manager attribution,2026-08-30,global_real_estate_pioneers_agent.csv,requires_claim_level_editorial_review,context_only
clm-3e2e8f871843,org-oxford-properties-1e070f3,Oxford Properties,tech_strategy,"Portfolio data, decarbonisation and tenant experience to verify",unknown,C5,No usable claim-attribution label in the source row.,C,"[""S2""]","[""https://oxfordproperties.com/""]",Verify owner versus manager attribution,2026-08-30,global_real_estate_pioneers_agent.csv,requires_claim_level_editorial_review,context_only
clm-5cb97d0de3d9,org-paces-c08a2fe,Paces,headline_claim,YC describes automation and expert services that accelerate renewable-energy and data-center projects from siting through construction-ready,YC company description,C3,"The statement is reported by a company, customer, vendor, directory, investor or programme.",A,"[""S4""]","[""https://ycombinator.com/companies/paces""]",Energy and data-center development differs from residential real estate; useful for infrastructure siting and permitting architecture.,2026-08-30,coverage_gap_additions.csv,requires_claim_level_editorial_review,attributed_only
clm-1beff9e356fd,org-paces-c08a2fe,Paces,jcx_relevance,Medium,atlas_inference,C4,JCX relevance is an atlas analyst interpretation.,A,"[""S4""]","[""https://ycombinator.com/companies/paces""]",Energy and data-center development differs from residential real estate; useful for infrastructure siting and permitting architecture.,2026-08-30,coverage_gap_additions.csv,requires_claim_level_editorial_review,review_required
clm-793158b32744,org-pares-ai-de8df6d,PARES AI,headline_claim,AI-native brokerage and property management,YC self-description,C3,"The statement is reported by a company, customer, vendor, directory, investor or programme.",A,"[""S4""]","[""https://ycombinator.com/companies/pares-ai""]",Autonomy law payment and human oversight,2026-08-30,proptech_startups_agent.csv,requires_claim_level_editorial_review,attributed_only
clm-99cf6c94a503,org-pares-ai-de8df6d,PARES AI,jcx_relevance,Medium,atlas_inference,C4,JCX relevance is an atlas analyst interpretation.,A,"[""S4""]","[""https://ycombinator.com/companies/pares-ai""]",Autonomy law payment and human oversight,2026-08-30,proptech_startups_agent.csv,requires_claim_level_editorial_review,review_required
clm-4081af6f0e75,org-passivelogic-138e956,PassiveLogic,headline_claim,"Physical-AI stack spans digital-twin construction, sensor/control design, commissioning, fault detection and autonomous building control",official product description; company press release,C3,"The statement is reported by a company, customer, vendor, directory, investor or programme.",B,"[""S2""]","[""https://passivelogic.com/"",""https://passivelogic.com/downloads/Builder-ProdSheet-%202025_web.pdf"",""https://prnewswire.com/news-releases/passivelogic-introduces-the-worlds-first-generative-autonomy-platform-for-buildings-and-industrial-infrastructure-302820208.html""]","Public deployment, customer scale and realized outcomes are incomplete; Level 3 autonomy is a company announcement",2026-08-30,enterprise_platform_additions.csv,requires_claim_level_editorial_review,attributed_only
clm-49f30b646f60,org-passivelogic-138e956,PassiveLogic,jcx_relevance,Medium-high,atlas_inference,C4,JCX relevance is an atlas analyst interpretation.,B,"[""S2""]","[""https://passivelogic.com/"",""https://passivelogic.com/downloads/Builder-ProdSheet-%202025_web.pdf"",""https://prnewswire.com/news-releases/passivelogic-introduces-the-worlds-first-generative-autonomy-platform-for-buildings-and-industrial-infrastructure-302820208.html""]","Public deployment, customer scale and realized outcomes are incomplete; Level 3 autonomy is a company announcement",2026-08-30,enterprise_platform_additions.csv,requires_claim_level_editorial_review,review_required
clm-216bd1afdf32,org-permitflow-157886b,PermitFlow,headline_claim,YC describes an AI platform helping contractors and developers manage preconstruction and permitting,YC company description,C3,"The statement is reported by a company, customer, vendor, directory, investor or programme.",A,"[""S4""]","[""https://ycombinator.com/companies/permitflow""]",Permitting is authority-specific; no Bangladesh data or workflow equivalence should be assumed.,2026-08-30,coverage_gap_additions.csv,requires_claim_level_editorial_review,attributed_only
clm-6191b71b45bf,org-permitflow-157886b,PermitFlow,jcx_relevance,Medium,atlas_inference,C4,JCX relevance is an atlas analyst interpretation.,A,"[""S4""]","[""https://ycombinator.com/companies/permitflow""]",Permitting is authority-specific; no Bangladesh data or workflow equivalence should be assumed.,2026-08-30,coverage_gap_additions.csv,requires_claim_level_editorial_review,review_required
clm-e1c2e87efd94,org-permitportal-5607258,PermitPortal,headline_claim,Workflows development sites through permits and sentiment,YC self-description,C3,"The statement is reported by a company, customer, vendor, directory, investor or programme.",A,"[""S4""]","[""https://ycombinator.com/companies/permitportal""]",US regulatory/data coverage; early stage,2026-08-30,proptech_startups_agent.csv,requires_claim_level_editorial_review,attributed_only
clm-19a457088483,org-permitportal-5607258,PermitPortal,jcx_relevance,Medium,atlas_inference,C4,JCX relevance is an atlas analyst interpretation.,A,"[""S4""]","[""https://ycombinator.com/companies/permitportal""]",US regulatory/data coverage; early stage,2026-08-30,proptech_startups_agent.csv,requires_claim_level_editorial_review,review_required
clm-c9d665f29e97,org-permitportal-5607258,PermitPortal,jcx_relevance,High relevance to land and approval bottlenecks,atlas_inference,C4,JCX relevance is an atlas analyst interpretation.,D,"[""S4""]","[""https://ycombinator.com/companies/industry/real-estate-and-construction""]",Validate municipal customers and approvals,2026-08-30,global_real_estate_pioneers_agent.csv,requires_claim_level_editorial_review,review_required
clm-f57c58ce5ca3,org-permitportal-5607258,PermitPortal,named_initiatives,PermitPortal,startup self-report,C3,"The statement is reported by a company, customer, vendor, directory, investor or programme.",D,"[""S4""]","[""https://ycombinator.com/companies/industry/real-estate-and-construction""]",Validate municipal customers and approvals,2026-08-30,global_real_estate_pioneers_agent.csv,requires_claim_level_editorial_review,attributed_only
clm-c1e089bd4d85,org-permitportal-5607258,PermitPortal,scale_signal,Scale unknown,startup self-report,C3,"The statement is reported by a company, customer, vendor, directory, investor or programme.",D,"[""S4""]","[""https://ycombinator.com/companies/industry/real-estate-and-construction""]",Validate municipal customers and approvals,2026-08-30,global_real_estate_pioneers_agent.csv,requires_claim_level_editorial_review,attributed_only
clm-3ea1f286cfd6,org-permitportal-5607258,PermitPortal,tech_strategy,"AI site selection, entitlement and permitting",startup self-report,C3,"The statement is reported by a company, customer, vendor, directory, investor or programme.",D,"[""S4""]","[""https://ycombinator.com/companies/industry/real-estate-and-construction""]",Validate municipal customers and approvals,2026-08-30,global_real_estate_pioneers_agent.csv,requires_claim_level_editorial_review,attributed_only
clm-9668ae5317fe,org-pi-labs-portfolio-188a1d3,Pi Labs portfolio,headline_claim,Official portfolio says approximately 100 companies in 15 countries,Investor claim,C3,"The statement is reported by a company, customer, vendor, directory, investor or programme.",A,"[""S4""]","[""https://pilabs.vc/portfolio?sort=date_desc""]",Portfolio membership is not validation; check each company,2026-08-30,proptech_startups_agent.csv,requires_claim_level_editorial_review,attributed_only
clm-7a5cc75af900,org-pi-labs-portfolio-188a1d3,Pi Labs portfolio,jcx_relevance,Medium,atlas_inference,C4,JCX relevance is an atlas analyst interpretation.,A,"[""S4""]","[""https://pilabs.vc/portfolio?sort=date_desc""]",Portfolio membership is not validation; check each company,2026-08-30,proptech_startups_agent.csv,requires_claim_level_editorial_review,review_required
clm-cbf5c9cbc390,org-pinhome-8799253,Pinhome,headline_claim,"Indonesia property-tech platform serving seekers, owners, developers and maintenance users; company reports up to 1m unique listings and finance/service partners",company-reported scale and product description,C3,"The statement is reported by a company, customer, vendor, directory, investor or programme.",A,"[""S2""]","[""https://assets.pinhome.id/static/market-report/downloads/market-report_downloads_id_market_report_2024_and_outlook_2025.pdf"",""https://pinhome.id/pages/tentang-kami""]","Metrics are company-reported; marketplace, lending and home-service regulatory boundaries should be separated.",2026-08-30,coverage_gap_additions.csv,requires_claim_level_editorial_review,attributed_only
clm-7e83ac257d0f,org-pinhome-8799253,Pinhome,jcx_relevance,Medium,atlas_inference,C4,JCX relevance is an atlas analyst interpretation.,A,"[""S2""]","[""https://assets.pinhome.id/static/market-report/downloads/market-report_downloads_id_market_report_2024_and_outlook_2025.pdf"",""https://pinhome.id/pages/tentang-kami""]","Metrics are company-reported; marketplace, lending and home-service regulatory boundaries should be separated.",2026-08-30,coverage_gap_additions.csv,requires_claim_level_editorial_review,review_required
clm-0a6be90d3b19,org-plan0-ai-b7d6d9e,PLAN0 AI,headline_claim,$20bn projects claimed by profile,startup self-report,C3,"The statement is reported by a company, customer, vendor, directory, investor or programme.",D,"[""S4""]","[""https://ycombinator.com/companies/industry/real-estate-and-construction""]",Early-stage claim; independently validate,2026-08-30,global_real_estate_pioneers_agent.csv,requires_claim_level_editorial_review,attributed_only
clm-7b8f94a39700,org-plan0-ai-b7d6d9e,PLAN0 AI,jcx_relevance,Potential JCX cost-intelligence pilot,atlas_inference,C4,JCX relevance is an atlas analyst interpretation.,D,"[""S4""]","[""https://ycombinator.com/companies/industry/real-estate-and-construction""]",Early-stage claim; independently validate,2026-08-30,global_real_estate_pioneers_agent.csv,requires_claim_level_editorial_review,review_required
clm-d2f5871bfad8,org-plan0-ai-b7d6d9e,PLAN0 AI,named_initiatives,PLAN0 AI,startup self-report,C3,"The statement is reported by a company, customer, vendor, directory, investor or programme.",D,"[""S4""]","[""https://ycombinator.com/companies/industry/real-estate-and-construction""]",Early-stage claim; independently validate,2026-08-30,global_real_estate_pioneers_agent.csv,requires_claim_level_editorial_review,attributed_only
clm-6f8f34ed2da6,org-plan0-ai-b7d6d9e,PLAN0 AI,scale_signal,YC profile claims $20bn of projects; verify,startup self-report,C3,"The statement is reported by a company, customer, vendor, directory, investor or programme.",D,"[""S4""]","[""https://ycombinator.com/companies/industry/real-estate-and-construction""]",Early-stage claim; independently validate,2026-08-30,global_real_estate_pioneers_agent.csv,requires_claim_level_editorial_review,attributed_only
clm-21494773e95c,org-plan0-ai-b7d6d9e,PLAN0 AI,tech_strategy,Vision models analyse plans for cost estimates,startup self-report,C3,"The statement is reported by a company, customer, vendor, directory, investor or programme.",D,"[""S4""]","[""https://ycombinator.com/companies/industry/real-estate-and-construction""]",Early-stage claim; independently validate,2026-08-30,global_real_estate_pioneers_agent.csv,requires_claim_level_editorial_review,attributed_only
clm-e724d256bcef,org-plangrid-378edb8,PlanGrid,headline_claim,Field plans and collaboration; historical Brick & Mortar exit,Portfolio/ownership record,C3,"The statement is reported by a company, customer, vendor, directory, investor or programme.",A,"[""S2"",""S4""]","[""https://brickmortar.vc/portfolio"",""https://plangrid.com/""]",Do not present as independent current startup,2026-08-30,proptech_startups_agent.csv,requires_claim_level_editorial_review,attributed_only
clm-0bbfef14360b,org-plangrid-378edb8,PlanGrid,jcx_relevance,Medium,atlas_inference,C4,JCX relevance is an atlas analyst interpretation.,A,"[""S2"",""S4""]","[""https://brickmortar.vc/portfolio"",""https://plangrid.com/""]",Do not present as independent current startup,2026-08-30,proptech_startups_agent.csv,requires_claim_level_editorial_review,review_required
clm-9d27291e1387,org-planradar-0ba22d1,PlanRadar,headline_claim,Mobile/offline issue tracking forms plans and handover,Product description,C3,"The statement is reported by a company, customer, vendor, directory, investor or programme.",A,"[""S2""]","[""https://planradar.com/""]",Local forms subcontractor access and export,2026-08-30,proptech_startups_agent.csv,requires_claim_level_editorial_review,attributed_only
clm-f211c7146be1,org-planradar-0ba22d1,PlanRadar,jcx_relevance,High,atlas_inference,C4,JCX relevance is an atlas analyst interpretation.,A,"[""S2""]","[""https://planradar.com/""]",Local forms subcontractor access and export,2026-08-30,proptech_startups_agent.csv,requires_claim_level_editorial_review,review_required
clm-d269e668578a,org-plentific-279d25e,Plentific,headline_claim,Pi Labs describes Plentific as property-management software automating property operations; strong missing UK operations benchmark,ecosystem product description,C3,"The statement is reported by a company, customer, vendor, directory, investor or programme.",A,"[""S2"",""S4""]","[""https://pilabs.vc/portfolio?sort=date_desc"",""https://plentific.com/""]","Pi Labs listing establishes product and current portfolio presence, not audited customer outcomes; UK procurement and housing regulation require localization.",2026-08-30,coverage_gap_additions.csv,requires_claim_level_editorial_review,attributed_only
clm-33a52fb3d523,org-plentific-279d25e,Plentific,jcx_relevance,High,atlas_inference,C4,JCX relevance is an atlas analyst interpretation.,A,"[""S2"",""S4""]","[""https://pilabs.vc/portfolio?sort=date_desc"",""https://plentific.com/""]","Pi Labs listing establishes product and current portfolio presence, not audited customer outcomes; UK procurement and housing regulation require localization.",2026-08-30,coverage_gap_additions.csv,requires_claim_level_editorial_review,review_required
clm-e696e08087d6,org-plug-and-play-real-estate-and-construction-d45b0c2,Plug and Play Real Estate & Construction,headline_claim,Global investment portfolio and real estate/construction programming,Program/product description,C3,"The statement is reported by a company, customer, vendor, directory, investor or programme.",A,"[""S2""]","[""https://welcome.plugandplaytechcenter.com/hubfs/Mobility%20SV%20Folder/June%20Summit%202025%20Decks/Real%20Estate%20%26%20Construction%20Expo.pdf"",""https://welcome.plugandplaytechcenter.com/investment-portfolio""]",Live portfolio needs company-level screening,2026-08-30,proptech_startups_agent.csv,requires_claim_level_editorial_review,attributed_only
clm-37763480bf36,org-plug-and-play-real-estate-and-construction-d45b0c2,Plug and Play Real Estate & Construction,jcx_relevance,Medium,atlas_inference,C4,JCX relevance is an atlas analyst interpretation.,A,"[""S2""]","[""https://welcome.plugandplaytechcenter.com/hubfs/Mobility%20SV%20Folder/June%20Summit%202025%20Decks/Real%20Estate%20%26%20Construction%20Expo.pdf"",""https://welcome.plugandplaytechcenter.com/investment-portfolio""]",Live portfolio needs company-level screening,2026-08-30,proptech_startups_agent.csv,requires_claim_level_editorial_review,review_required
clm-50a0585c450d,org-powerplay-ca9649a,Powerplay,headline_claim,Accel-confirms-seed-positioning-few-outcomes,VC-profile,C3,"The statement is reported by a company, customer, vendor, directory, investor or programme.",C,"[""S2""]","[""https://accel.com/companies/powerplay""]",unknown,2026-08-30,regional_companies_agent.csv,requires_claim_level_editorial_review,attributed_only
clm-428bdc44ca9e,org-powerplay-ca9649a,Powerplay,jcx_relevance,site-diary-RFI-progress,atlas_inference,C4,JCX relevance is an atlas analyst interpretation.,C,"[""S2""]","[""https://accel.com/companies/powerplay""]",unknown,2026-08-30,regional_companies_agent.csv,requires_claim_level_editorial_review,review_required
clm-d4562f621913,org-predictap-bf6e0e8,PredictAP,headline_claim,Automates invoice ingestion coding allocation and fraud/duplicate-payment controls for property operators.,product description,C3,"The statement is reported by a company, customer, vendor, directory, investor or programme.",A,"[""S2""]","[""https://predictap.com/"",""https://ret.vc/perspectives/looking-back-on-a-successful-2023"",""https://ret.vc/portfolio""]",Already discovery-only; customer and savings metrics require independent verification.,2026-08-30,startup_core_additions.csv,requires_claim_level_editorial_review,attributed_only
clm-f18d3cb938a2,org-predictap-bf6e0e8,PredictAP,jcx_relevance,High,atlas_inference,C4,JCX relevance is an atlas analyst interpretation.,A,"[""S2""]","[""https://predictap.com/"",""https://ret.vc/perspectives/looking-back-on-a-successful-2023"",""https://ret.vc/portfolio""]",Already discovery-only; customer and savings metrics require independent verification.,2026-08-30,startup_core_additions.csv,requires_claim_level_editorial_review,review_required
clm-9b8fc6aff40c,org-prestige-group-0cc8c3c,Prestige Group,headline_claim,No verified quantified outcome in primary source used,observed,C4,The statement is an analyst inference.,B,"[""S2""]","[""https://bsmedia.business-standard.com/_media/bs/data/announcements/bse/19082025/0884e44f-01ac-4a6c-8a62-90727fe88fdb.pdf"",""https://prestigeconstructions.com/""]",Some evidence is report mirror; verify original filing,2026-08-30,global_real_estate_pioneers_agent.csv,requires_claim_level_editorial_review,review_required
clm-8cd510e5b4a8,org-prestige-group-0cc8c3c,Prestige Group,jcx_relevance,South Asian customer and sales-operations comparator,atlas_inference,C4,JCX relevance is an atlas analyst interpretation.,B,"[""S2""]","[""https://bsmedia.business-standard.com/_media/bs/data/announcements/bse/19082025/0884e44f-01ac-4a6c-8a62-90727fe88fdb.pdf"",""https://prestigeconstructions.com/""]",Some evidence is report mirror; verify original filing,2026-08-30,global_real_estate_pioneers_agent.csv,requires_claim_level_editorial_review,review_required
clm-c96e895b4a19,org-prestige-group-0cc8c3c,Prestige Group,named_initiatives,My Prestige; PREOSS; AI chatbot; 3D walkthroughs,observed,C4,The statement is an analyst inference.,B,"[""S2""]","[""https://bsmedia.business-standard.com/_media/bs/data/announcements/bse/19082025/0884e44f-01ac-4a6c-8a62-90727fe88fdb.pdf"",""https://prestigeconstructions.com/""]",Some evidence is report mirror; verify original filing,2026-08-30,global_real_estate_pioneers_agent.csv,requires_claim_level_editorial_review,review_required
clm-b67a044258b1,org-prestige-group-0cc8c3c,Prestige Group,scale_signal,Large Indian mixed-use platform,observed,C4,The statement is an analyst inference.,B,"[""S2""]","[""https://bsmedia.business-standard.com/_media/bs/data/announcements/bse/19082025/0884e44f-01ac-4a6c-8a62-90727fe88fdb.pdf"",""https://prestigeconstructions.com/""]",Some evidence is report mirror; verify original filing,2026-08-30,global_real_estate_pioneers_agent.csv,requires_claim_level_editorial_review,review_required
clm-31a1713e10b0,org-prestige-group-0cc8c3c,Prestige Group,tech_strategy,"Omnichannel digital sales, operations and AI service",observed,C4,The statement is an analyst inference.,B,"[""S2""]","[""https://bsmedia.business-standard.com/_media/bs/data/announcements/bse/19082025/0884e44f-01ac-4a6c-8a62-90727fe88fdb.pdf"",""https://prestigeconstructions.com/""]",Some evidence is report mirror; verify original filing,2026-08-30,global_real_estate_pioneers_agent.csv,requires_claim_level_editorial_review,review_required
clm-d353deb964ef,org-private-property-nigeria-a4f087b,Private Property Nigeria,headline_claim,"Nigeria portal reporting 120,000+ properties and more than 1m monthly visitors on its official about page",company-reported scale,C3,"The statement is reported by a company, customer, vendor, directory, investor or programme.",A,"[""S2""]","[""https://privateproperty.ng/about""]",Visitor and inventory claims are not independently audited; fraud controls and listing freshness are central to transferability.,2026-08-30,coverage_gap_additions.csv,requires_claim_level_editorial_review,attributed_only
clm-57ca0c07bc89,org-private-property-nigeria-a4f087b,Private Property Nigeria,jcx_relevance,Medium,atlas_inference,C4,JCX relevance is an atlas analyst interpretation.,A,"[""S2""]","[""https://privateproperty.ng/about""]",Visitor and inventory claims are not independently audited; fraud controls and listing freshness are central to transferability.,2026-08-30,coverage_gap_additions.csv,requires_claim_level_editorial_review,review_required
clm-6459e8cb8cc2,org-procore-9fbe212,Procore,headline_claim,Customer outcomes vary; verify case studies,vendor-reported,C3,"The statement is reported by a company, customer, vendor, directory, investor or programme.",B,"[""S2""]","[""https://procore.com/""]",Vendor claims need customer confirmation,2026-08-30,global_real_estate_pioneers_agent.csv,requires_claim_level_editorial_review,attributed_only
clm-830cc0c56686,org-procore-9fbe212,Procore,headline_claim,Cloud project platform for owners and contractors,Product description,C3,"The statement is reported by a company, customer, vendor, directory, investor or programme.",A,"[""S2"",""S4""]","[""https://fifthwall.com/portfolio"",""https://procore.com/""]",Contractor adoption local accounting and integration,2026-08-30,proptech_startups_agent.csv,requires_claim_level_editorial_review,attributed_only
clm-03f46c90b42b,org-procore-9fbe212,Procore,jcx_relevance,High,atlas_inference,C4,JCX relevance is an atlas analyst interpretation.,A,"[""S2"",""S4""]","[""https://fifthwall.com/portfolio"",""https://procore.com/""]",Contractor adoption local accounting and integration,2026-08-30,proptech_startups_agent.csv,requires_claim_level_editorial_review,review_required
clm-cac7a3baccda,org-procore-9fbe212,Procore,jcx_relevance,Potential JCX contractor data backbone,atlas_inference,C4,JCX relevance is an atlas analyst interpretation.,B,"[""S2""]","[""https://procore.com/""]",Vendor claims need customer confirmation,2026-08-30,global_real_estate_pioneers_agent.csv,requires_claim_level_editorial_review,review_required
clm-91b4ac33e884,org-procore-9fbe212,Procore,named_initiatives,Procore platform; AI features,vendor-reported,C3,"The statement is reported by a company, customer, vendor, directory, investor or programme.",B,"[""S2""]","[""https://procore.com/""]",Vendor claims need customer confirmation,2026-08-30,global_real_estate_pioneers_agent.csv,requires_claim_level_editorial_review,attributed_only
clm-795374eb286b,org-procore-9fbe212,Procore,scale_signal,Global construction management platform,vendor-reported,C3,"The statement is reported by a company, customer, vendor, directory, investor or programme.",B,"[""S2""]","[""https://procore.com/""]",Vendor claims need customer confirmation,2026-08-30,global_real_estate_pioneers_agent.csv,requires_claim_level_editorial_review,attributed_only
clm-583a9af21884,org-procore-9fbe212,Procore,tech_strategy,"System of record for RFIs, cost, schedule and AI workflows",vendor-reported,C3,"The statement is reported by a company, customer, vendor, directory, investor or programme.",B,"[""S2""]","[""https://procore.com/""]",Vendor claims need customer confirmation,2026-08-30,global_real_estate_pioneers_agent.csv,requires_claim_level_editorial_review,attributed_only
clm-d1d1dafb61a5,org-prologis-0017226,Prologis,headline_claim,90% employees used AI-enabled tools in 2025,company-reported,C3,"The statement is reported by a company, customer, vendor, directory, investor or programme.",A,"[""S2""]","[""https://ir.prologis.com/financials/sec-filings/content/0001193125-26-051453/pld-20251231.htm"",""https://prologis.com/"",""https://prologis.com/shareholder-letter-2025""]",Adoption is not customer ROI; some robotics claims vendor-led,2026-08-30,global_real_estate_pioneers_agent.csv,requires_claim_level_editorial_review,attributed_only
clm-6a902ab99751,org-prologis-0017226,Prologis,jcx_relevance,"Monetising energy, automation and data services beyond rent",atlas_inference,C4,JCX relevance is an atlas analyst interpretation.,A,"[""S2""]","[""https://ir.prologis.com/financials/sec-filings/content/0001193125-26-051453/pld-20251231.htm"",""https://prologis.com/"",""https://prologis.com/shareholder-letter-2025""]",Adoption is not customer ROI; some robotics claims vendor-led,2026-08-30,global_real_estate_pioneers_agent.csv,requires_claim_level_editorial_review,review_required
clm-54d22f2fa9c2,org-prologis-0017226,Prologis,named_initiatives,Essentials; Ventures; OnPrem; Locus Robotics,company-reported,C3,"The statement is reported by a company, customer, vendor, directory, investor or programme.",A,"[""S2""]","[""https://ir.prologis.com/financials/sec-filings/content/0001193125-26-051453/pld-20251231.htm"",""https://prologis.com/"",""https://prologis.com/shareholder-letter-2025""]",Adoption is not customer ROI; some robotics claims vendor-led,2026-08-30,global_real_estate_pioneers_agent.csv,requires_claim_level_editorial_review,attributed_only
clm-7786aa689997,org-prologis-0017226,Prologis,scale_signal,Approximately 1.3bn sq ft owned/invested at Dec 2025,company-reported,C3,"The statement is reported by a company, customer, vendor, directory, investor or programme.",A,"[""S2""]","[""https://ir.prologis.com/financials/sec-filings/content/0001193125-26-051453/pld-20251231.htm"",""https://prologis.com/"",""https://prologis.com/shareholder-letter-2025""]",Adoption is not customer ROI; some robotics claims vendor-led,2026-08-30,global_real_estate_pioneers_agent.csv,requires_claim_level_editorial_review,attributed_only
clm-759dcb28d9ca,org-prologis-0017226,Prologis,tech_strategy,"Real estate plus energy, digital infrastructure, proprietary data and AI",company-reported,C3,"The statement is reported by a company, customer, vendor, directory, investor or programme.",A,"[""S2""]","[""https://ir.prologis.com/financials/sec-filings/content/0001193125-26-051453/pld-20251231.htm"",""https://prologis.com/"",""https://prologis.com/shareholder-letter-2025""]",Adoption is not customer ROI; some robotics claims vendor-led,2026-08-30,global_real_estate_pioneers_agent.csv,requires_claim_level_editorial_review,attributed_only
clm-22964087106e,org-propaya-ee84d26,Propaya,headline_claim,YC describes extraction of lease terms obligations costs dates and risk signals with source citations and portfolio routing,YC company description,C3,"The statement is reported by a company, customer, vendor, directory, investor or programme.",A,"[""S4""]","[""https://ycombinator.com/companies/propaya""]",Early-stage YC listing is not proof of production reliability or legal accuracy; document access and human review are essential.,2026-08-30,coverage_gap_additions.csv,requires_claim_level_editorial_review,attributed_only
clm-49ca8e615061,org-propaya-ee84d26,Propaya,jcx_relevance,Medium,atlas_inference,C4,JCX relevance is an atlas analyst interpretation.,A,"[""S4""]","[""https://ycombinator.com/companies/propaya""]",Early-stage YC listing is not proof of production reliability or legal accuracy; document access and human review are essential.,2026-08-30,coverage_gap_additions.csv,requires_claim_level_editorial_review,review_required
clm-453a230b0065,org-properp-1c4f6f4,PropERP,headline_claim,broader-SpaGreen-metrics-not-PropERP-proof,company-page,C3,"The statement is reported by a company, customer, vendor, directory, investor or programme.",B/D,"[""S2""]","[""https://properp.app/"",""https://properp.app/bn""]",unknown,2026-08-30,regional_companies_agent.csv,requires_claim_level_editorial_review,attributed_only
clm-a950c2e32f59,org-properp-1c4f6f4,PropERP,headline_claim,Leads booking installments land/JV and WhatsApp proposition,Company self-description,C3,"The statement is reported by a company, customer, vendor, directory, investor or programme.",D,"[""S2""]","[""https://properp.app/""]",Claims and controls need verification,2026-08-30,proptech_startups_agent.csv,requires_claim_level_editorial_review,attributed_only
clm-6fd3cfd03000,org-properp-1c4f6f4,PropERP,jcx_relevance,Medium,atlas_inference,C4,JCX relevance is an atlas analyst interpretation.,D,"[""S2""]","[""https://properp.app/""]",Claims and controls need verification,2026-08-30,proptech_startups_agent.csv,requires_claim_level_editorial_review,review_required
clm-99001a46506a,org-properp-1c4f6f4,PropERP,jcx_relevance,booking-kisti-JV-broker-pilot,atlas_inference,C4,JCX relevance is an atlas analyst interpretation.,B/D,"[""S2""]","[""https://properp.app/"",""https://properp.app/bn""]",unknown,2026-08-30,regional_companies_agent.csv,requires_claim_level_editorial_review,review_required
clm-57826dafd10f,org-property-finder-e45a134,Property Finder,headline_claim,"MENA platform with transaction data, valuation and AI ranking products; official history reports Data Guru and SuperAgent launches and a 2025 investment round",company product description and financing announcement,C3,"The statement is reported by a company, customer, vendor, directory, investor or programme.",A,"[""S2""]","[""https://propertyfinder.ae/en"",""https://propertyfinder.ae/en/about-us.html""]",Funding and product claims are company-reported; portal leads are not the same as closed transactions; local data access is market-specific.,2026-08-30,coverage_gap_additions.csv,requires_claim_level_editorial_review,attributed_only
clm-bc9b89d58188,org-property-finder-e45a134,Property Finder,jcx_relevance,High,atlas_inference,C4,JCX relevance is an atlas analyst interpretation.,A,"[""S2""]","[""https://propertyfinder.ae/en"",""https://propertyfinder.ae/en/about-us.html""]",Funding and product claims are company-reported; portal leads are not the same as closed transactions; local data access is market-specific.,2026-08-30,coverage_gap_additions.csv,requires_claim_level_editorial_review,review_required
clm-c16198620b4c,org-property-shield-8c6800f,Property Shield,headline_claim,Protects multifamily and single-family rental businesses from scams impersonation illegal occupancy and unauthorized data use.,product description,C3,"The statement is reported by a company, customer, vendor, directory, investor or programme.",A,"[""S2""]","[""https://propertyshield.co/"",""https://ret.vc/portfolio""]",Already discovery-only; do not merge with PropertyShield AI at propertyshieldai.com.,2026-08-30,startup_core_additions.csv,requires_claim_level_editorial_review,attributed_only
clm-68fe6a6827db,org-property-shield-8c6800f,Property Shield,jcx_relevance,High,atlas_inference,C4,JCX relevance is an atlas analyst interpretation.,A,"[""S2""]","[""https://propertyshield.co/"",""https://ret.vc/portfolio""]",Already discovery-only; do not merge with PropertyShield AI at propertyshieldai.com.,2026-08-30,startup_core_additions.csv,requires_claim_level_editorial_review,review_required
clm-d867fc63e700,org-property24-3a2a0bf,Property24,headline_claim,"South Africa portal with 300,000+ sale and rental listings claimed on its official about page and expansion signals in Kenya and Nigeria",company-reported scale and product description,C3,"The statement is reported by a company, customer, vendor, directory, investor or programme.",A,"[""S2""]","[""https://property24.com/about-us""]",Listing counts and international footprint change; parent ownership and market coverage should be stored separately from the brand.,2026-08-30,coverage_gap_additions.csv,requires_claim_level_editorial_review,attributed_only
clm-cbfded6f760d,org-property24-3a2a0bf,Property24,jcx_relevance,Medium,atlas_inference,C4,JCX relevance is an atlas analyst interpretation.,A,"[""S2""]","[""https://property24.com/about-us""]",Listing counts and international footprint change; parent ownership and market coverage should be stored separately from the brand.,2026-08-30,coverage_gap_additions.csv,requires_claim_level_editorial_review,review_required
clm-26869e1f02c6,org-propertyguru-366b88f,PropertyGuru,headline_claim,11m-buyers-and-enquiry-figures-company-claims,company-page,C3,"The statement is reported by a company, customer, vendor, directory, investor or programme.",B,"[""S2""]","[""https://propertyguru.com.sg/"",""https://propertyguru.com.sg/about-us/our-company""]",unknown,2026-08-30,regional_companies_agent.csv,requires_claim_level_editorial_review,attributed_only
clm-a1ac9033c934,org-propertyguru-366b88f,PropertyGuru,headline_claim,SEA property search and developer/broker leads,Product description,C3,"The statement is reported by a company, customer, vendor, directory, investor or programme.",A,"[""S2""]","[""https://propertyguru.com.sg/""]",Listing freshness attribution and channel conflict,2026-08-30,proptech_startups_agent.csv,requires_claim_level_editorial_review,attributed_only
clm-540a01770723,org-propertyguru-366b88f,PropertyGuru,jcx_relevance,High,atlas_inference,C4,JCX relevance is an atlas analyst interpretation.,A,"[""S2""]","[""https://propertyguru.com.sg/""]",Listing freshness attribution and channel conflict,2026-08-30,proptech_startups_agent.csv,requires_claim_level_editorial_review,review_required
clm-b01a2805c654,org-propertyguru-366b88f,PropertyGuru,jcx_relevance,portal-data-content,atlas_inference,C4,JCX relevance is an atlas analyst interpretation.,B,"[""S2""]","[""https://propertyguru.com.sg/"",""https://propertyguru.com.sg/about-us/our-company""]",unknown,2026-08-30,regional_companies_agent.csv,requires_claim_level_editorial_review,review_required
clm-f60207cad8fd,org-propertyland-b1fe12b,PropertyLand,headline_claim,claims-300-clients-1000-properties-70-brands-500-visitors,company-claim,C3,"The statement is reported by a company, customer, vendor, directory, investor or programme.",B/D,"[""S2""]","[""https://propertyland.co/"",""https://propertyland.co/footer/about""]",no-independent-traction-found,2026-08-30,regional_companies_agent.csv,requires_claim_level_editorial_review,attributed_only
clm-37a2a960a8e4,org-propertyland-b1fe12b,PropertyLand,jcx_relevance,possible-partner,atlas_inference,C4,JCX relevance is an atlas analyst interpretation.,B/D,"[""S2""]","[""https://propertyland.co/"",""https://propertyland.co/footer/about""]",no-independent-traction-found,2026-08-30,regional_companies_agent.csv,requires_claim_level_editorial_review,review_required
clm-9638a972533f,org-propexo-5b7a6ab,Propexo,headline_claim,Normalizes property-management data across systems,YC/product description,C3,"The statement is reported by a company, customer, vendor, directory, investor or programme.",A,"[""S2"",""S4""]","[""https://propexo.com/"",""https://ycombinator.com/companies/propexo""]",Local ERP/WhatsApp systems and API limits,2026-08-30,proptech_startups_agent.csv,requires_claim_level_editorial_review,attributed_only
clm-9dcc75649a82,org-propexo-5b7a6ab,Propexo,jcx_relevance,High,atlas_inference,C4,JCX relevance is an atlas analyst interpretation.,A,"[""S2"",""S4""]","[""https://propexo.com/"",""https://ycombinator.com/companies/propexo""]",Local ERP/WhatsApp systems and API limits,2026-08-30,proptech_startups_agent.csv,requires_claim_level_editorial_review,review_required
clm-c83321804026,org-proprise-71fd7fd,PropRise,headline_claim,50+ customers claimed; no audited productivity metric,startup self-report,C3,"The statement is reported by a company, customer, vendor, directory, investor or programme.",D,"[""S4""]","[""https://ycombinator.com/companies/industry/real-estate-and-construction""]",Verify references and data rights,2026-08-30,global_real_estate_pioneers_agent.csv,requires_claim_level_editorial_review,attributed_only
clm-25cbc45c2d59,org-proprise-71fd7fd,PropRise,jcx_relevance,Potential land and underwriting pilot,atlas_inference,C4,JCX relevance is an atlas analyst interpretation.,D,"[""S4""]","[""https://ycombinator.com/companies/industry/real-estate-and-construction""]",Verify references and data rights,2026-08-30,global_real_estate_pioneers_agent.csv,requires_claim_level_editorial_review,review_required
clm-4ef3874628c7,org-proprise-71fd7fd,PropRise,named_initiatives,Beacon; Primer,startup self-report,C3,"The statement is reported by a company, customer, vendor, directory, investor or programme.",D,"[""S4""]","[""https://ycombinator.com/companies/industry/real-estate-and-construction""]",Verify references and data rights,2026-08-30,global_real_estate_pioneers_agent.csv,requires_claim_level_editorial_review,attributed_only
clm-e353b55086b7,org-proprise-71fd7fd,PropRise,scale_signal,Profile claims 50+ customers including Public Storage,startup self-report,C3,"The statement is reported by a company, customer, vendor, directory, investor or programme.",D,"[""S4""]","[""https://ycombinator.com/companies/industry/real-estate-and-construction""]",Verify references and data rights,2026-08-30,global_real_estate_pioneers_agent.csv,requires_claim_level_editorial_review,attributed_only
clm-db20f6b52495,org-proprise-71fd7fd,PropRise,tech_strategy,"AI sourcing, underwriting and site selection",startup self-report,C3,"The statement is reported by a company, customer, vendor, directory, investor or programme.",D,"[""S4""]","[""https://ycombinator.com/companies/industry/real-estate-and-construction""]",Verify references and data rights,2026-08-30,global_real_estate_pioneers_agent.csv,requires_claim_level_editorial_review,attributed_only
clm-3c3aa222bfe7,org-proq-cf33256,ProQ,headline_claim,RFQ supplier discovery comparison negotiation and orders,Company/press report,C3,"The statement is reported by a company, customer, vendor, directory, investor or programme.",B,"[""S2"",""S3""]","[""https://proq.com.bd/"",""https://thedailystar.net/news/technology/news/bangladeshs-construction-procurement-still-runs-phone-calls-and-whatsapp-startup-wants-change-4250786""]",No long-term outcomes; verify suppliers ERP and disputes,2026-08-30,proptech_startups_agent.csv,requires_claim_level_editorial_review,attributed_only
clm-9c5b386efa2f,org-proq-cf33256,ProQ,headline_claim,LinkedIn-indicates-2-to-10-employees,company-profile,C3,"The statement is reported by a company, customer, vendor, directory, investor or programme.",C/D,"[""S2""]","[""https://linkedin.com/company/proq-platform"",""https://proq.com.bd/""]",no-outcome-evidence,2026-08-30,regional_companies_agent.csv,requires_claim_level_editorial_review,attributed_only
clm-947e34a9f281,org-proq-cf33256,ProQ,jcx_relevance,watchlist-bounded-pilot,atlas_inference,C4,JCX relevance is an atlas analyst interpretation.,C/D,"[""S2""]","[""https://linkedin.com/company/proq-platform"",""https://proq.com.bd/""]",no-outcome-evidence,2026-08-30,regional_companies_agent.csv,requires_claim_level_editorial_review,review_required
clm-f185ffba7235,org-proq-cf33256,ProQ,jcx_relevance,High,atlas_inference,C4,JCX relevance is an atlas analyst interpretation.,B,"[""S2"",""S3""]","[""https://proq.com.bd/"",""https://thedailystar.net/news/technology/news/bangladeshs-construction-procurement-still-runs-phone-calls-and-whatsapp-startup-wants-change-4250786""]",No long-term outcomes; verify suppliers ERP and disputes,2026-08-30,proptech_startups_agent.csv,requires_claim_level_editorial_review,review_required
clm-8b7b6e89ee72,org-prypco-be97735,PRYPCO,headline_claim,DLD-reported-sellout-verify-legal-details,government-plus-company,C2,Source-row label indicates some independent or authoritative corroboration.,B,"[""S1"",""S2""]","[""https://dubailand.gov.ae/en/news-media/dubai-land-department-achieves-world-first-with-instant-sell-out-of-tokenized-real-estate"",""https://help.prypco.com/en/articles/13740985-what-is-prypco"",""https://prypco.com/""]",unknown,2026-08-30,regional_companies_agent.csv,requires_claim_level_editorial_review,review_required
clm-4fe5da6f26a2,org-prypco-be97735,PRYPCO,jcx_relevance,regulator-connected-tokenization,atlas_inference,C4,JCX relevance is an atlas analyst interpretation.,B,"[""S1"",""S2""]","[""https://dubailand.gov.ae/en/news-media/dubai-land-department-achieves-world-first-with-instant-sell-out-of-tokenized-real-estate"",""https://help.prypco.com/en/articles/13740985-what-is-prypco"",""https://prypco.com/""]",unknown,2026-08-30,regional_companies_agent.csv,requires_claim_level_editorial_review,review_required
clm-5debdc496730,org-pultegroup-8667429,PulteGroup,headline_claim,FY2025 SEC annual report is current; technology evidence is strategy-level,official filing; observed strategy,C3,"The statement is reported by a company, customer, vendor, directory, investor or programme.",B,"[""S1"",""S2""]","[""https://investor.pulte.com/"",""https://pultegroup.com/"",""https://sec.gov/Archives/edgar/data/0000822416/000082241626000018/pultegroupinc2025_ars.pdf""]",Public technology evidence is thinner than Lennar; keep contextual until named deployments and outcomes are extracted,2026-08-30,operator_coverage_additions.csv,requires_claim_level_editorial_review,attributed_only
clm-824cc9bab133,org-pultegroup-8667429,PulteGroup,jcx_relevance,Completes the high-volume builder cohort and exposes customer-segment and warranty differences,atlas_inference,C4,JCX relevance is an atlas analyst interpretation.,B,"[""S1"",""S2""]","[""https://investor.pulte.com/"",""https://pultegroup.com/"",""https://sec.gov/Archives/edgar/data/0000822416/000082241626000018/pultegroupinc2025_ars.pdf""]",Public technology evidence is thinner than Lennar; keep contextual until named deployments and outcomes are extracted,2026-08-30,operator_coverage_additions.csv,requires_claim_level_editorial_review,review_required
clm-ac94ecbb1f5c,org-qflow-9a7b840,Qflow,headline_claim,Construction material and carbon data,Portfolio/product description,C3,"The statement is reported by a company, customer, vendor, directory, investor or programme.",A,"[""S2"",""S4""]","[""https://qflow.tech/"",""https://tarongagroup.com/realtechx""]",Local supplier standards and data quality,2026-08-30,proptech_startups_agent.csv,requires_claim_level_editorial_review,attributed_only
clm-976f4b796803,org-qflow-9a7b840,Qflow,jcx_relevance,Medium,atlas_inference,C4,JCX relevance is an atlas analyst interpretation.,A,"[""S2"",""S4""]","[""https://qflow.tech/"",""https://tarongagroup.com/realtechx""]",Local supplier standards and data quality,2026-08-30,proptech_startups_agent.csv,requires_claim_level_editorial_review,review_required
clm-5aadb65e0df4,org-qiddiya-investment-c4e1996,Qiddiya Investment Company,headline_claim,Official sustainability page plus Saudi Press Agency report documents ICC launch in Nov 2025,official company and government report,C3,"The statement is reported by a company, customer, vendor, directory, investor or programme.",B,"[""S1"",""S2""]","[""https://qiddiya.com/"",""https://qiddiya.com/about/sustainability"",""https://qiddiya.com/en"",""https://spa.gov.sa/en/N2440931""]",Most city-scale claims remain development-stage; do not score renderings or targets as delivered outcomes,2026-08-30,operator_coverage_additions.csv,requires_claim_level_editorial_review,attributed_only
clm-8ac734b4c064,org-qiddiya-investment-c4e1996,Qiddiya Investment Company,jcx_relevance,Makes destination-scale operating intelligence concrete through the Intelligent Command Centre,atlas_inference,C4,JCX relevance is an atlas analyst interpretation.,B,"[""S1"",""S2""]","[""https://qiddiya.com/"",""https://qiddiya.com/about/sustainability"",""https://qiddiya.com/en"",""https://spa.gov.sa/en/N2440931""]",Most city-scale claims remain development-stage; do not score renderings or targets as delivered outcomes,2026-08-30,operator_coverage_additions.csv,requires_claim_level_editorial_review,review_required
clm-eeab6bacc3a8,org-qualis-flow-6468e8b,Qualis Flow,headline_claim,"Pi Labs describes software that decarbonizes construction from a photograph, making it a concrete missing construction-carbon benchmark",ecosystem product description,C3,"The statement is reported by a company, customer, vendor, directory, investor or programme.",A,"[""S2"",""S4""]","[""https://pilabs.vc/portfolio?sort=date_desc"",""https://qualisflow.com/""]",Product claims need project-level method and third-party LCA review; photo-based estimates are not a substitute for verified EPD or bill-of-material data.,2026-08-30,coverage_gap_additions.csv,requires_claim_level_editorial_review,attributed_only
clm-ef8996b13911,org-qualis-flow-6468e8b,Qualis Flow,jcx_relevance,Medium,atlas_inference,C4,JCX relevance is an atlas analyst interpretation.,A,"[""S2"",""S4""]","[""https://pilabs.vc/portfolio?sort=date_desc"",""https://qualisflow.com/""]",Product claims need project-level method and third-party LCA review; photo-based estimates are not a substitute for verified EPD or bill-of-material data.,2026-08-30,coverage_gap_additions.csv,requires_claim_level_editorial_review,review_required
clm-11dcde2c10d9,org-quintoandar-11445e6,QuintoAndar,headline_claim,"Online rent, buy and sell workflow with a business ecosystem and data products; company reports 15,000+ new rental contracts monthly and 3,000+ monthly sales",company-reported scale and product description,C3,"The statement is reported by a company, customer, vendor, directory, investor or programme.",A,"[""S2""]","[""https://quintoandar.com.br/newsroom/en"",""https://quintoandar.com.br/newsroom/en/about""]",Claims are company-reported; market-share and transaction numbers need independent verification; Brazil legal and payment rails do not transfer directly.,2026-08-30,coverage_gap_additions.csv,requires_claim_level_editorial_review,attributed_only
clm-80d466ad89bc,org-quintoandar-11445e6,QuintoAndar,jcx_relevance,High,atlas_inference,C4,JCX relevance is an atlas analyst interpretation.,A,"[""S2""]","[""https://quintoandar.com.br/newsroom/en"",""https://quintoandar.com.br/newsroom/en/about""]",Claims are company-reported; market-share and transaction numbers need independent verification; Brazil legal and payment rails do not transfer directly.,2026-08-30,coverage_gap_additions.csv,requires_claim_level_editorial_review,review_required
clm-c61906d7ae45,org-rabbet-13da945,Rabbet,headline_claim,Structured budgets costs draws funding and lender administration,Product description,C3,"The statement is reported by a company, customer, vendor, directory, investor or programme.",A,"[""S2"",""S4""]","[""https://rabbet.com/"",""https://ycombinator.com/companies/rabbet""]",Local banking tax VAT currency and ERP fit,2026-08-30,proptech_startups_agent.csv,requires_claim_level_editorial_review,attributed_only
clm-0c5a2558ae78,org-rabbet-13da945,Rabbet,jcx_relevance,High,atlas_inference,C4,JCX relevance is an atlas analyst interpretation.,A,"[""S2"",""S4""]","[""https://rabbet.com/"",""https://ycombinator.com/companies/rabbet""]",Local banking tax VAT currency and ERP fit,2026-08-30,proptech_startups_agent.csv,requires_claim_level_editorial_review,review_required
clm-772f3ceb0b27,org-realpact-653455d,RealPact,headline_claim,AI retrieves property records and organizes transaction paperwork,YC self-description,C3,"The statement is reported by a company, customer, vendor, directory, investor or programme.",A,"[""S4""]","[""https://ycombinator.com/companies/realpact""]",No MLS equivalent and legal/liability risk,2026-08-30,proptech_startups_agent.csv,requires_claim_level_editorial_review,attributed_only
clm-15dad1c1a290,org-realpact-653455d,RealPact,jcx_relevance,High,atlas_inference,C4,JCX relevance is an atlas analyst interpretation.,A,"[""S4""]","[""https://ycombinator.com/companies/realpact""]",No MLS equivalent and legal/liability risk,2026-08-30,proptech_startups_agent.csv,requires_claim_level_editorial_review,review_required
clm-cde63df66125,org-realpage-d7eb9a6,RealPage,headline_claim,Property operations and Lumina AI connect accounting leasing maintenance procurement utilities payments and resident workflows,official product description; company-reported scale,C3,"The statement is reported by a company, customer, vendor, directory, investor or programme.",A,"[""S2""]","[""https://realpage.com/"",""https://realpage.com/multifamily"",""https://realpage.com/news/realpage-showcases-lumina-ai-at-apartmentalize-2025"",""https://realpage.com/platforms/property-operations""]","24m rental units, 8,500 employees and AI/NOI outcomes are company-reported; distinguish parent and product modules",2026-08-30,enterprise_platform_additions.csv,requires_claim_level_editorial_review,attributed_only
clm-76b19e4b8025,org-realpage-d7eb9a6,RealPage,jcx_relevance,High,atlas_inference,C4,JCX relevance is an atlas analyst interpretation.,A,"[""S2""]","[""https://realpage.com/"",""https://realpage.com/multifamily"",""https://realpage.com/news/realpage-showcases-lumina-ai-at-apartmentalize-2025"",""https://realpage.com/platforms/property-operations""]","24m rental units, 8,500 employees and AI/NOI outcomes are company-reported; distinguish parent and product modules",2026-08-30,enterprise_platform_additions.csv,requires_claim_level_editorial_review,review_required
clm-2b60241ae041,org-red-sea-global-b4c8daa,Red Sea Global,headline_claim,"Official responsible-development pages report 100% renewable energy across destinations, solar panels and biodiversity data platforms",official company sustainability reporting,C3,"The statement is reported by a company, customer, vendor, directory, investor or programme.",B,"[""S2""]","[""https://redseaglobal.com/"",""https://redseaglobal.com/en/responsible-development"",""https://redseaglobal.com/en/responsible-development/planet"",""https://webserver-redseaportal-prd.lfr.cloud/en/web/guest/responsible-development""]","Targets and programme metrics require attribution; 100% renewable claim is destination scope, not universal corporate performance",2026-08-30,operator_coverage_additions.csv,requires_claim_level_editorial_review,attributed_only
clm-351e3942ef2b,org-red-sea-global-b4c8daa,Red Sea Global,jcx_relevance,Adds a whole-destination climate and hospitality operating model with measurable infrastructure programmes,atlas_inference,C4,JCX relevance is an atlas analyst interpretation.,B,"[""S2""]","[""https://redseaglobal.com/"",""https://redseaglobal.com/en/responsible-development"",""https://redseaglobal.com/en/responsible-development/planet"",""https://webserver-redseaportal-prd.lfr.cloud/en/web/guest/responsible-development""]","Targets and programme metrics require attribution; 100% renewable claim is destination scope, not universal corporate performance",2026-08-30,operator_coverage_additions.csv,requires_claim_level_editorial_review,review_required
clm-4c659dfc9b61,org-redfin-72aad9b,Redfin,jcx_relevance,Digital brokerage comparator,atlas_inference,C4,JCX relevance is an atlas analyst interpretation.,C,"[""S2""]","[""https://redfin.com/""]",Verify current AI and transaction metrics,2026-08-30,global_real_estate_pioneers_agent.csv,requires_claim_level_editorial_review,review_required
clm-3b4eb59c012d,org-redfin-72aad9b,Redfin,named_initiatives,Redfin platform,unknown,C5,No usable claim-attribution label in the source row.,C,"[""S2""]","[""https://redfin.com/""]",Verify current AI and transaction metrics,2026-08-30,global_real_estate_pioneers_agent.csv,requires_claim_level_editorial_review,context_only
clm-fee240be19c2,org-redfin-72aad9b,Redfin,scale_signal,Large digital brokerage marketplace,unknown,C5,No usable claim-attribution label in the source row.,C,"[""S2""]","[""https://redfin.com/""]",Verify current AI and transaction metrics,2026-08-30,global_real_estate_pioneers_agent.csv,requires_claim_level_editorial_review,context_only
clm-bb4dc78e3ca5,org-redfin-72aad9b,Redfin,tech_strategy,"Digital brokerage, search, valuation and transaction workflows",unknown,C5,No usable claim-attribution label in the source row.,C,"[""S2""]","[""https://redfin.com/""]",Verify current AI and transaction metrics,2026-08-30,global_real_estate_pioneers_agent.csv,requires_claim_level_editorial_review,context_only
clm-29d5180a7367,org-related-companies-2e0a546,Related Companies,headline_claim,>$60bn portfolio; no PropTech ROI disclosed,company-reported,C3,"The statement is reported by a company, customer, vendor, directory, investor or programme.",B,"[""S2""]","[""https://related.com/"",""https://related.com/our-company""]",Tech-forward positioning is not quantified technology result,2026-08-30,global_real_estate_pioneers_agent.csv,requires_claim_level_editorial_review,attributed_only
clm-1f1ea4667e71,org-related-companies-2e0a546,Related Companies,jcx_relevance,Integrated urban-development comparator,atlas_inference,C4,JCX relevance is an atlas analyst interpretation.,B,"[""S2""]","[""https://related.com/"",""https://related.com/our-company""]",Tech-forward positioning is not quantified technology result,2026-08-30,global_real_estate_pioneers_agent.csv,requires_claim_level_editorial_review,review_required
clm-cdf6bf30d901,org-related-companies-2e0a546,Related Companies,named_initiatives,Hudson Yards; Related Construction; Related Affordable,company-reported,C3,"The statement is reported by a company, customer, vendor, directory, investor or programme.",B,"[""S2""]","[""https://related.com/"",""https://related.com/our-company""]",Tech-forward positioning is not quantified technology result,2026-08-30,global_real_estate_pioneers_agent.csv,requires_claim_level_editorial_review,attributed_only
clm-aaa51514f9dd,org-related-companies-2e0a546,Related Companies,scale_signal,Operating portfolio >$60bn; ~44m sq ft global development/investment,company-reported,C3,"The statement is reported by a company, customer, vendor, directory, investor or programme.",B,"[""S2""]","[""https://related.com/"",""https://related.com/our-company""]",Tech-forward positioning is not quantified technology result,2026-08-30,global_real_estate_pioneers_agent.csv,requires_claim_level_editorial_review,attributed_only
clm-4d9087298570,org-related-companies-2e0a546,Related Companies,tech_strategy,Vertical integration and tech-forward urban development,company-reported,C3,"The statement is reported by a company, customer, vendor, directory, investor or programme.",B,"[""S2""]","[""https://related.com/"",""https://related.com/our-company""]",Tech-forward positioning is not quantified technology result,2026-08-30,global_real_estate_pioneers_agent.csv,requires_claim_level_editorial_review,attributed_only
clm-4fdcfc59f12f,org-related-digital-1f7de1a,Related Digital,headline_claim,$45bn and >5GW pipeline (company-reported),company-reported,C3,"The statement is reported by a company, customer, vendor, directory, investor or programme.",B,"[""S2""]","[""https://related-digital.com/""]",Pipeline is not delivered capacity,2026-08-30,global_real_estate_pioneers_agent.csv,requires_claim_level_editorial_review,attributed_only
clm-d250c9e205a1,org-related-digital-1f7de1a,Related Digital,jcx_relevance,Relevant for JCX digital infrastructure and energy-enabled real estate,atlas_inference,C4,JCX relevance is an atlas analyst interpretation.,B,"[""S2""]","[""https://related-digital.com/""]",Pipeline is not delivered capacity,2026-08-30,global_real_estate_pioneers_agent.csv,requires_claim_level_editorial_review,review_required
clm-b8af62415f46,org-related-digital-1f7de1a,Related Digital,named_initiatives,Related Digital; energyRe,company-reported,C3,"The statement is reported by a company, customer, vendor, directory, investor or programme.",B,"[""S2""]","[""https://related-digital.com/""]",Pipeline is not delivered capacity,2026-08-30,global_real_estate_pioneers_agent.csv,requires_claim_level_editorial_review,attributed_only
clm-96e6582dfd02,org-related-digital-1f7de1a,Related Digital,scale_signal,$45bn pipeline and >5GW near-term power,company-reported,C3,"The statement is reported by a company, customer, vendor, directory, investor or programme.",B,"[""S2""]","[""https://related-digital.com/""]",Pipeline is not delivered capacity,2026-08-30,global_real_estate_pioneers_agent.csv,requires_claim_level_editorial_review,attributed_only
clm-a03397620015,org-related-digital-1f7de1a,Related Digital,tech_strategy,"Site, entitlement, finance, design, construction, energy and data-centre integration",company-reported,C3,"The statement is reported by a company, customer, vendor, directory, investor or programme.",B,"[""S2""]","[""https://related-digital.com/""]",Pipeline is not delivered capacity,2026-08-30,global_real_estate_pioneers_agent.csv,requires_claim_level_editorial_review,attributed_only
clm-e27155998033,org-rentflow-7f79886,RentFlow,headline_claim,YC describes underwriting business rent in real time from transaction data to prevent late payments,YC company description,C3,"The statement is reported by a company, customer, vendor, directory, investor or programme.",A,"[""S4""]","[""https://ycombinator.com/companies/rentflow""]","US SMB underwriting and payments are not portable to Bangladesh; regulated credit, defaults and consent need diligence.",2026-08-30,coverage_gap_additions.csv,requires_claim_level_editorial_review,attributed_only
clm-1d122123db2a,org-rentflow-7f79886,RentFlow,jcx_relevance,Low-medium,atlas_inference,C4,JCX relevance is an atlas analyst interpretation.,A,"[""S4""]","[""https://ycombinator.com/companies/rentflow""]","US SMB underwriting and payments are not portable to Bangladesh; regulated credit, defaults and consent need diligence.",2026-08-30,coverage_gap_additions.csv,requires_claim_level_editorial_review,review_required
clm-e6982e81dd70,org-revizto-b3261af,Revizto,headline_claim,Coordinates BIM models issues and project collaboration across design and construction teams.,product description,C3,"The statement is reported by a company, customer, vendor, directory, investor or programme.",A,"[""S2""]","[""https://builtworlds.com/insights/2025-building-tech-top-50-list"",""https://revizto.com/""]",Customer and project counts are company-reported; preserve Revizto spelling.,2026-08-30,startup_core_additions.csv,requires_claim_level_editorial_review,attributed_only
clm-d5cb152d9b37,org-revizto-b3261af,Revizto,jcx_relevance,High,atlas_inference,C4,JCX relevance is an atlas analyst interpretation.,A,"[""S2""]","[""https://builtworlds.com/insights/2025-building-tech-top-50-list"",""https://revizto.com/""]",Customer and project counts are company-reported; preserve Revizto spelling.,2026-08-30,startup_core_additions.csv,requires_claim_level_editorial_review,review_required
clm-7c974e8ed2e4,org-rewa-f6d2379,Rewa,headline_claim,Digital rental payments with tenant rewards and landlord collection,Cohort selection/self-description,C3,"The statement is reported by a company, customer, vendor, directory, investor or programme.",A,"[""S4""]","[""https://nar-reach.com/news""]",Payment licensing and local rails,2026-08-30,proptech_startups_agent.csv,requires_claim_level_editorial_review,attributed_only
clm-ec9af3a115a9,org-rewa-f6d2379,Rewa,jcx_relevance,Low,atlas_inference,C4,JCX relevance is an atlas analyst interpretation.,A,"[""S4""]","[""https://nar-reach.com/news""]",Payment licensing and local rails,2026-08-30,proptech_startups_agent.csv,requires_claim_level_editorial_review,review_required
clm-223cc23c6d02,org-rezi-dfe4679,REZI,headline_claim,Automated mobile apartment leasing and landlord rent guarantee,YC self-description,C3,"The statement is reported by a company, customer, vendor, directory, investor or programme.",A,"[""S4""]","[""https://ycombinator.com/companies/rezi""]",US tenancy law and guarantee economics,2026-08-30,proptech_startups_agent.csv,requires_claim_level_editorial_review,attributed_only
clm-c0b1494732fa,org-rezi-dfe4679,REZI,jcx_relevance,Low,atlas_inference,C4,JCX relevance is an atlas analyst interpretation.,A,"[""S4""]","[""https://ycombinator.com/companies/rezi""]",US tenancy law and guarantee economics,2026-08-30,proptech_startups_agent.csv,requires_claim_level_editorial_review,review_required
clm-88e1b069aef8,org-roshn-db6668f,ROSHN,jcx_relevance,Regional housing and community comparator,atlas_inference,C4,JCX relevance is an atlas analyst interpretation.,C,"[""S2""]","[""https://roshn.sa/""]",Primary programme evidence required,2026-08-30,global_real_estate_pioneers_agent.csv,requires_claim_level_editorial_review,review_required
clm-6edb6556aaa2,org-roshn-db6668f,ROSHN,named_initiatives,Unknown—verify platforms,unknown,C5,No usable claim-attribution label in the source row.,C,"[""S2""]","[""https://roshn.sa/""]",Primary programme evidence required,2026-08-30,global_real_estate_pioneers_agent.csv,requires_claim_level_editorial_review,context_only
clm-64057cd28c48,org-roshn-db6668f,ROSHN,scale_signal,Large Saudi housing developer,unknown,C5,No usable claim-attribution label in the source row.,C,"[""S2""]","[""https://roshn.sa/""]",Primary programme evidence required,2026-08-30,global_real_estate_pioneers_agent.csv,requires_claim_level_editorial_review,context_only
clm-2c32b568625e,org-roshn-db6668f,ROSHN,tech_strategy,"Digital sales, community services and construction technology to verify",unknown,C5,No usable claim-attribution label in the source row.,C,"[""S2""]","[""https://roshn.sa/""]",Primary programme evidence required,2026-08-30,global_real_estate_pioneers_agent.csv,requires_claim_level_editorial_review,context_only
clm-9a1ee214b3f6,org-runwise-276380c,Runwise,headline_claim,Wireless controls and sensors retrofit central heating/cooling and leak/water monitoring with portfolio visibility and published savings,official product description; company-reported outcome,C3,"The statement is reported by a company, customer, vendor, directory, investor or programme.",A,"[""S2""]","[""https://lp.runwise.com/wireless-heating-controls-demo"",""https://runwise.com/"",""https://runwise.com/faq""]","10,600 buildings, $173m savings and 23% savings are company-reported; strongest fit is centrally heated North American stock",2026-08-30,enterprise_platform_additions.csv,requires_claim_level_editorial_review,attributed_only
clm-45ab6eea8dd3,org-runwise-276380c,Runwise,jcx_relevance,Medium-high,atlas_inference,C4,JCX relevance is an atlas analyst interpretation.,A,"[""S2""]","[""https://lp.runwise.com/wireless-heating-controls-demo"",""https://runwise.com/"",""https://runwise.com/faq""]","10,600 buildings, $173m savings and 23% savings are company-reported; strongest fit is centrally heated North American stock",2026-08-30,enterprise_platform_additions.csv,requires_claim_level_editorial_review,review_required
clm-14852fa03d78,org-salesforce-real-estate-cloud-7d7e68a,Salesforce Real Estate Cloud,headline_claim,CRM marketing service and partner workflows,Product description,C3,"The statement is reported by a company, customer, vendor, directory, investor or programme.",A,"[""S2""]","[""https://salesforce.com/real-estate""]",Cost complexity and ERP duplication,2026-08-30,proptech_startups_agent.csv,requires_claim_level_editorial_review,attributed_only
clm-e31d5dfd3be1,org-salesforce-real-estate-cloud-7d7e68a,Salesforce Real Estate Cloud,jcx_relevance,High,atlas_inference,C4,JCX relevance is an atlas analyst interpretation.,A,"[""S2""]","[""https://salesforce.com/real-estate""]",Cost complexity and ERP duplication,2026-08-30,proptech_startups_agent.csv,requires_claim_level_editorial_review,review_required
clm-cde3ab43d6ba,org-saudi-proptech-hub-rega-e45df16,Saudi-PropTech-Hub-REGA,headline_claim,not-a-vendor-program-evidence-not-startup-outcomes,government-sources,C1,Source-row label indicates an authoritative filing/government/verified event.,A,"[""S1""]","[""https://rega.gov.sa/en/rega-services/platforms/saudi-proptech-hub"",""https://spa.gov.sa/en/N2196077""]",unknown,2026-08-30,regional_companies_agent.csv,requires_claim_level_editorial_review,review_required
clm-b22171a9ec79,org-saudi-proptech-hub-rega-e45df16,Saudi-PropTech-Hub-REGA,jcx_relevance,Bangladesh-sandbox-model,atlas_inference,C4,JCX relevance is an atlas analyst interpretation.,A,"[""S1""]","[""https://rega.gov.sa/en/rega-services/platforms/saudi-proptech-hub"",""https://spa.gov.sa/en/N2196077""]",unknown,2026-08-30,regional_companies_agent.csv,requires_claim_level_editorial_review,review_required
clm-a6205945aad7,org-schneider-electric-ecostruxure-building-677b955,Schneider Electric EcoStruxure Building,headline_claim,EcoStruxure Building Operation integrates HVAC lighting fire/security IWMS meters EV renewables and open protocols with APIs and semantic tagging,official product description,C3,"The statement is reported by a company, customer, vendor, directory, investor or programme.",A,"[""S2""]","[""https://se.com/ww/en/assets/564/document/514405/presentation-agm-2025-en.pdf"",""https://se.com/ww/en/work/products/product-launch/building-management-system""]","Profile the building platform, not Schneider's entire industrial portfolio; integration claims do not equal local protocol compatibility",2026-08-30,enterprise_platform_additions.csv,requires_claim_level_editorial_review,attributed_only
clm-359f40cb5e4b,org-schneider-electric-ecostruxure-building-677b955,Schneider Electric EcoStruxure Building,jcx_relevance,High,atlas_inference,C4,JCX relevance is an atlas analyst interpretation.,A,"[""S2""]","[""https://se.com/ww/en/assets/564/document/514405/presentation-agm-2025-en.pdf"",""https://se.com/ww/en/work/products/product-launch/building-management-system""]","Profile the building platform, not Schneider's entire industrial portfolio; integration claims do not equal local protocol compatibility",2026-08-30,enterprise_platform_additions.csv,requires_claim_level_editorial_review,review_required
clm-f540d251dd21,org-searchland-fe1084f,Searchland,headline_claim,Combines planning ownership title constraints comparables energy and infrastructure data with APIs for sourcing and feasibility,company product description,C3,"The statement is reported by a company, customer, vendor, directory, investor or programme.",A,"[""S2""]","[""https://searchland.co.uk/"",""https://searchland.co.uk/api""]","UK datasets and Land Registry access are jurisdiction-specific; self-reported 2,000-user and productivity claims require validation.",2026-08-30,coverage_gap_additions.csv,requires_claim_level_editorial_review,attributed_only
clm-e4c03a93a556,org-searchland-fe1084f,Searchland,jcx_relevance,High,atlas_inference,C4,JCX relevance is an atlas analyst interpretation.,A,"[""S2""]","[""https://searchland.co.uk/"",""https://searchland.co.uk/api""]","UK datasets and Land Registry access are jurisdiction-specific; self-reported 2,000-user and productivity claims require validation.",2026-08-30,coverage_gap_additions.csv,requires_claim_level_editorial_review,review_required
clm-f49498c08e6b,org-segro-88f5446,SEGRO,headline_claim,2025 report describes a 2.5GW+ data-centre pipeline and pan-European logistics portfolio,official annual report and operating strategy,C3,"The statement is reported by a company, customer, vendor, directory, investor or programme.",A,"[""S2""]","[""https://segro.com/"",""https://segro.com/en/investors/ara25/strategic-report"",""https://segro.com/investors/financial-results-centre/2025-full-year-results"",""https://segro.com/media/kbshtxbq/segro_annual-report-accounts-2025.pdf""]",Pipeline is not delivered capacity; distinguish powered shell from fully fitted facilities,2026-08-30,operator_coverage_additions.csv,requires_claim_level_editorial_review,attributed_only
clm-357dc4ee1505,org-segro-88f5446,SEGRO,jcx_relevance,"Makes grid access, entitlement, pre-let sequencing and powered-shell versus fitted data centres decision-visible",atlas_inference,C4,JCX relevance is an atlas analyst interpretation.,A,"[""S2""]","[""https://segro.com/"",""https://segro.com/en/investors/ara25/strategic-report"",""https://segro.com/investors/financial-results-centre/2025-full-year-results"",""https://segro.com/media/kbshtxbq/segro_annual-report-accounts-2025.pdf""]",Pipeline is not delivered capacity; distinguish powered shell from fully fitted facilities,2026-08-30,operator_coverage_additions.csv,requires_claim_level_editorial_review,review_required
clm-7ebef498b09b,org-sekisui-house-50bc068,Sekisui House,jcx_relevance,High-quality residential delivery comparator,atlas_inference,C4,JCX relevance is an atlas analyst interpretation.,C,"[""S2""]","[""https://sekisuihouse.co.jp/english""]",Primary report review required,2026-08-30,global_real_estate_pioneers_agent.csv,requires_claim_level_editorial_review,review_required
clm-48fd81db609c,org-sekisui-house-50bc068,Sekisui House,named_initiatives,Unknown—verify products,unknown,C5,No usable claim-attribution label in the source row.,C,"[""S2""]","[""https://sekisuihouse.co.jp/english""]",Primary report review required,2026-08-30,global_real_estate_pioneers_agent.csv,requires_claim_level_editorial_review,context_only
clm-7ccbde5791c0,org-sekisui-house-50bc068,Sekisui House,scale_signal,Large Japanese homebuilder,unknown,C5,No usable claim-attribution label in the source row.,C,"[""S2""]","[""https://sekisuihouse.co.jp/english""]",Primary report review required,2026-08-30,global_real_estate_pioneers_agent.csv,requires_claim_level_editorial_review,context_only
clm-f5764eb2be8e,org-sekisui-house-50bc068,Sekisui House,tech_strategy,"Factory production, smart homes and lifecycle service to verify",unknown,C5,No usable claim-attribution label in the source row.,C,"[""S2""]","[""https://sekisuihouse.co.jp/english""]",Primary report review required,2026-08-30,global_real_estate_pioneers_agent.csv,requires_claim_level_editorial_review,context_only
clm-20346cc6ebec,org-sell-do-33b7307,Sell-Do,headline_claim,claims-1500-businesses-25m-leads-US25bn-inventory,company-claim,C3,"The statement is reported by a company, customer, vendor, directory, investor or programme.",A,"[""S2""]","[""https://sell.do/"",""https://sell.do/about"",""https://sell.do/solutions/developers""]",verify-outcomes-and-RERA-portability,2026-08-30,regional_companies_agent.csv,requires_claim_level_editorial_review,attributed_only
clm-bf9ace65d8b4,org-sell-do-33b7307,Sell-Do,jcx_relevance,closest-mature-developer-OS,atlas_inference,C4,JCX relevance is an atlas analyst interpretation.,A,"[""S2""]","[""https://sell.do/"",""https://sell.do/about"",""https://sell.do/solutions/developers""]",verify-outcomes-and-RERA-portability,2026-08-30,regional_companies_agent.csv,requires_claim_level_editorial_review,review_required
clm-4f8ef0e533ff,org-sell-do-33b7307,Sell.Do,headline_claim,Lead routing inventory visits booking and post-sales workflow,Customer/vendor stories,C3,"The statement is reported by a company, customer, vendor, directory, investor or programme.",B,"[""S2""]","[""https://sell.do/"",""https://sell.do/success-stories""]",Verify current named references and local integrations,2026-08-30,proptech_startups_agent.csv,requires_claim_level_editorial_review,attributed_only
clm-dc0da04a2ee5,org-sell-do-33b7307,Sell.Do,jcx_relevance,High,atlas_inference,C4,JCX relevance is an atlas analyst interpretation.,B,"[""S2""]","[""https://sell.do/"",""https://sell.do/success-stories""]",Verify current named references and local integrations,2026-08-30,proptech_startups_agent.csv,requires_claim_level_editorial_review,review_required
clm-40d8d49a839e,org-sharebari-9a44fdf,ShareBari,headline_claim,Padma-Builders-demo-not-paying-customer-proof,company-product-page,C3,"The statement is reported by a company, customer, vendor, directory, investor or programme.",B/D,"[""S2""]","[""https://sharebari.com/""]",unknown,2026-08-30,regional_companies_agent.csv,requires_claim_level_editorial_review,attributed_only
clm-ab14aa5394f0,org-sharebari-9a44fdf,ShareBari,jcx_relevance,shared-JV-investor-transparency,atlas_inference,C4,JCX relevance is an atlas analyst interpretation.,B/D,"[""S2""]","[""https://sharebari.com/""]",unknown,2026-08-30,regional_companies_agent.csv,requires_claim_level_editorial_review,review_required
clm-2278df9b325d,org-sidewalk-labs-quayside-b7600cf,Sidewalk Labs / Quayside,headline_claim,Cancelled 7 May 2020; agreement terminated 17 May,observed,C4,The statement is an analyst inference.,A,"[""S2"",""S3""]","[""https://techcrunch.com/2020/05/07/sidewalk-labs-shuts-down-toronto-project"",""https://waterfrontoronto.ca/"",""https://waterfrontoronto.ca/sites/default/files/documents/plan-development-agreement-amendments-and-sidewalk-labs--termination-notice---termination-effective-date---may-17-2020.pdf""]",Do not frame as current active project,2026-08-30,global_real_estate_pioneers_agent.csv,requires_claim_level_editorial_review,review_required
clm-2f85c2c47cf3,org-sidewalk-labs-quayside-b7600cf,Sidewalk Labs / Quayside,jcx_relevance,"Failure lesson for scope, legitimacy, privacy and viability",atlas_inference,C4,JCX relevance is an atlas analyst interpretation.,A,"[""S2"",""S3""]","[""https://techcrunch.com/2020/05/07/sidewalk-labs-shuts-down-toronto-project"",""https://waterfrontoronto.ca/"",""https://waterfrontoronto.ca/sites/default/files/documents/plan-development-agreement-amendments-and-sidewalk-labs--termination-notice---termination-effective-date---may-17-2020.pdf""]",Do not frame as current active project,2026-08-30,global_real_estate_pioneers_agent.csv,requires_claim_level_editorial_review,review_required
clm-cd5be3caac1c,org-sidewalk-labs-quayside-b7600cf,Sidewalk Labs / Quayside,named_initiatives,Quayside,observed,C4,The statement is an analyst inference.,A,"[""S2"",""S3""]","[""https://techcrunch.com/2020/05/07/sidewalk-labs-shuts-down-toronto-project"",""https://waterfrontoronto.ca/"",""https://waterfrontoronto.ca/sites/default/files/documents/plan-development-agreement-amendments-and-sidewalk-labs--termination-notice---termination-effective-date---may-17-2020.pdf""]",Do not frame as current active project,2026-08-30,global_real_estate_pioneers_agent.csv,requires_claim_level_editorial_review,review_required
clm-8c81e2ea2d20,org-sidewalk-labs-quayside-b7600cf,Sidewalk Labs / Quayside,scale_signal,12-acre project; agreement terminated 17 May 2020,observed,C4,The statement is an analyst inference.,A,"[""S2"",""S3""]","[""https://techcrunch.com/2020/05/07/sidewalk-labs-shuts-down-toronto-project"",""https://waterfrontoronto.ca/"",""https://waterfrontoronto.ca/sites/default/files/documents/plan-development-agreement-amendments-and-sidewalk-labs--termination-notice---termination-effective-date---may-17-2020.pdf""]",Do not frame as current active project,2026-08-30,global_real_estate_pioneers_agent.csv,requires_claim_level_editorial_review,review_required
clm-3e5980eadce5,org-sidewalk-labs-quayside-b7600cf,Sidewalk Labs / Quayside,tech_strategy,Data-driven connected-city testbed,observed,C4,The statement is an analyst inference.,A,"[""S2"",""S3""]","[""https://techcrunch.com/2020/05/07/sidewalk-labs-shuts-down-toronto-project"",""https://waterfrontoronto.ca/"",""https://waterfrontoronto.ca/sites/default/files/documents/plan-development-agreement-amendments-and-sidewalk-labs--termination-notice---termination-effective-date---may-17-2020.pdf""]",Do not frame as current active project,2026-08-30,global_real_estate_pioneers_agent.csv,requires_claim_level_editorial_review,review_required
clm-baf37238aff8,org-siemens-building-x-4e09386,Siemens Building X,headline_claim,Open cloud platform and Operations Manager unify real-time building data for energy sustainability safety security maintenance and lifecycle operations,official product description; company/customer-reported outcome,C3,"The statement is reported by a company, customer, vendor, directory, investor or programme.",A,"[""S2""]","[""https://news.siemens.com/en-us/siemens-presents-building-x-an-ai-based-solution-for-transforming-buildings-into-climate-neutral-buildings"",""https://siemens.com/en-gb/products/building-x""]",Building X is a Siemens product scope; customer savings and certifications should be separately attributed,2026-08-30,enterprise_platform_additions.csv,requires_claim_level_editorial_review,attributed_only
clm-3218a10c9ae6,org-siemens-building-x-4e09386,Siemens Building X,jcx_relevance,High,atlas_inference,C4,JCX relevance is an atlas analyst interpretation.,A,"[""S2""]","[""https://news.siemens.com/en-us/siemens-presents-building-x-an-ai-based-solution-for-transforming-buildings-into-climate-neutral-buildings"",""https://siemens.com/en-gb/products/building-x""]",Building X is a Siemens product scope; customer savings and certifications should be separately attributed,2026-08-30,enterprise_platform_additions.csv,requires_claim_level_editorial_review,review_required
clm-75641ca956a3,org-skanska-6d6b6e5,Skanska,headline_claim,"PlanIt on every US project and 400,000+ work plans; no causal ROI",observed,C4,The statement is an analyst inference.,A,"[""S2""]","[""https://group.skanska.com/493a91/siteassets/investors/reports-publications/annual-reports/2025/skanska-s-annual-and-sustainability-report-2025-pdf-.pdf"",""https://skanska.com/""]",Deployment clear; productivity causality not disclosed,2026-08-30,global_real_estate_pioneers_agent.csv,requires_claim_level_editorial_review,review_required
clm-213cf42852ad,org-skanska-6d6b6e5,Skanska,jcx_relevance,Construction safety/data benchmark,atlas_inference,C4,JCX relevance is an atlas analyst interpretation.,A,"[""S2""]","[""https://group.skanska.com/493a91/siteassets/investors/reports-publications/annual-reports/2025/skanska-s-annual-and-sustainability-report-2025-pdf-.pdf"",""https://skanska.com/""]",Deployment clear; productivity causality not disclosed,2026-08-30,global_real_estate_pioneers_agent.csv,requires_claim_level_editorial_review,review_required
clm-242e713e8801,org-skanska-6d6b6e5,Skanska,named_initiatives,PlanIt; BIM/digital twins; AI safety; drones,observed,C4,The statement is an analyst inference.,A,"[""S2""]","[""https://group.skanska.com/493a91/siteassets/investors/reports-publications/annual-reports/2025/skanska-s-annual-and-sustainability-report-2025-pdf-.pdf"",""https://skanska.com/""]",Deployment clear; productivity causality not disclosed,2026-08-30,global_real_estate_pioneers_agent.csv,requires_claim_level_editorial_review,review_required
clm-b03a3035adf5,org-skanska-6d6b6e5,Skanska,scale_signal,2025 emissions 65% below 2015 Scope 1-2 benchmark,observed,C4,The statement is an analyst inference.,A,"[""S2""]","[""https://group.skanska.com/493a91/siteassets/investors/reports-publications/annual-reports/2025/skanska-s-annual-and-sustainability-report-2025-pdf-.pdf"",""https://skanska.com/""]",Deployment clear; productivity causality not disclosed,2026-08-30,global_real_estate_pioneers_agent.csv,requires_claim_level_editorial_review,review_required
clm-3cb1f2ebf3ba,org-skanska-6d6b6e5,Skanska,tech_strategy,"Industrialisation, AI, digital twins, scanning, robotics and drones",observed,C4,The statement is an analyst inference.,A,"[""S2""]","[""https://group.skanska.com/493a91/siteassets/investors/reports-publications/annual-reports/2025/skanska-s-annual-and-sustainability-report-2025-pdf-.pdf"",""https://skanska.com/""]",Deployment clear; productivity causality not disclosed,2026-08-30,global_real_estate_pioneers_agent.csv,requires_claim_level_editorial_review,review_required
clm-af1cbb91a4bc,org-smartcrowd-51aef62,SmartCrowd,headline_claim,legal-structure-not-Bangladesh-ready,company-help-center,C3,"The statement is reported by a company, customer, vendor, directory, investor or programme.",B,"[""S2""]","[""https://help-center.smartcrowd.ae/en/articles/7122055-how-are-investments-structured-at-smartcrowd"",""https://smartcrowd.ae/""]",unknown,2026-08-30,regional_companies_agent.csv,requires_claim_level_editorial_review,attributed_only
clm-0263fcacbad6,org-smartcrowd-51aef62,SmartCrowd,jcx_relevance,SPV-investor-transparency,atlas_inference,C4,JCX relevance is an atlas analyst interpretation.,B,"[""S2""]","[""https://help-center.smartcrowd.ae/en/articles/7122055-how-are-investments-structured-at-smartcrowd"",""https://smartcrowd.ae/""]",unknown,2026-08-30,regional_companies_agent.csv,requires_claim_level_editorial_review,review_required
clm-2e8ba4cb4635,org-smartpm-technologies-b7ceac3,SmartPM Technologies,headline_claim,"SmartPM ingests existing CPM schedules to provide schedule quality, delay, compression, completion and portfolio-level analytics for contractors, owners and developers.",official product description,C3,"The statement is reported by a company, customer, vendor, directory, investor or programme.",A,"[""S2""]","[""https://cemexventures.com/top-50"",""https://smartpm.com/"",""https://smartpm.com/about""]",Customer quotations and avoided-delay or dispute outcomes remain vendor-hosted; value depends on schedule quality and consistent update practices.,2026-08-30,final_residual_additions.csv,requires_claim_level_editorial_review,attributed_only
clm-04ed5f4c2afa,org-smartpm-technologies-b7ceac3,SmartPM Technologies,jcx_relevance,"Adds continuous schedule-quality, delay-risk and portfolio-controls intelligence between CPM tools and executive decisions",atlas_inference,C4,JCX relevance is an atlas analyst interpretation.,A,"[""S2""]","[""https://cemexventures.com/top-50"",""https://smartpm.com/"",""https://smartpm.com/about""]",Customer quotations and avoided-delay or dispute outcomes remain vendor-hosted; value depends on schedule quality and consistent update practices.,2026-08-30,final_residual_additions.csv,requires_claim_level_editorial_review,review_required
clm-1587e19c7b6d,org-smartrent-04f495b,SmartRent,headline_claim,Hardware access sensors resident app and operations,Product description,C3,"The statement is reported by a company, customer, vendor, directory, investor or programme.",A,"[""S2"",""S4""]","[""https://fifthwall.com/portfolio"",""https://smartrent.com/""]",Import connectivity privacy capex and cyber,2026-08-30,proptech_startups_agent.csv,requires_claim_level_editorial_review,attributed_only
clm-be29db211a0d,org-smartrent-04f495b,SmartRent,jcx_relevance,Medium,atlas_inference,C4,JCX relevance is an atlas analyst interpretation.,A,"[""S2"",""S4""]","[""https://fifthwall.com/portfolio"",""https://smartrent.com/""]",Import connectivity privacy capex and cyber,2026-08-30,proptech_startups_agent.csv,requires_claim_level_editorial_review,review_required
clm-1ab6686df5de,org-snapdocs-72c3c3a,Snapdocs,headline_claim,Digital closing e-signature e-notary and lender/title workflow,Product description,C3,"The statement is reported by a company, customer, vendor, directory, investor or programme.",A,"[""S2""]","[""https://snapdocs.com/""]",Bangladesh notarization and registry differ,2026-08-30,proptech_startups_agent.csv,requires_claim_level_editorial_review,attributed_only
clm-b5cb7fe9c6ce,org-snapdocs-72c3c3a,Snapdocs,jcx_relevance,Medium,atlas_inference,C4,JCX relevance is an atlas analyst interpretation.,A,"[""S2""]","[""https://snapdocs.com/""]",Bangladesh notarization and registry differ,2026-08-30,proptech_startups_agent.csv,requires_claim_level_editorial_review,review_required
clm-3401ad442281,org-sobha-sobha-realty-73bebee,Sobha Limited / Sobha Realty,headline_claim,148m sq ft / 600+ projects is company claim; no causal tech ROI,company-reported,C3,"The statement is reported by a company, customer, vendor, directory, investor or programme.",B,"[""S2""]","[""https://sobha.com/"",""https://sobha.com/investor-relations"",""https://sobhaltd.in/updates/sobha-honoured-as-real-estate-developer-of-year-residential-2025"",""https://sobharealty.com/sites/default/files/2025-07/SR%202024%20SOBHA%2031%20JULY%202025%20V2%20all_compressed.pdf""]",Separate legal entities; verify metric ownership,2026-08-30,global_real_estate_pioneers_agent.csv,requires_claim_level_editorial_review,attributed_only
clm-8641d0a9e4f5,org-sobha-sobha-realty-73bebee,Sobha Limited / Sobha Realty,jcx_relevance,India/UAE vertically integrated delivery comparator,atlas_inference,C4,JCX relevance is an atlas analyst interpretation.,B,"[""S2""]","[""https://sobha.com/"",""https://sobha.com/investor-relations"",""https://sobhaltd.in/updates/sobha-honoured-as-real-estate-developer-of-year-residential-2025"",""https://sobharealty.com/sites/default/files/2025-07/SR%202024%20SOBHA%2031%20JULY%202025%20V2%20all_compressed.pdf""]",Separate legal entities; verify metric ownership,2026-08-30,global_real_estate_pioneers_agent.csv,requires_claim_level_editorial_review,review_required
clm-a70193972052,org-sobha-sobha-realty-73bebee,Sobha Limited / Sobha Realty,named_initiatives,BIM 360; BMS; IoT dashboards; SOC; smart irrigation; payments,company-reported,C3,"The statement is reported by a company, customer, vendor, directory, investor or programme.",B,"[""S2""]","[""https://sobha.com/"",""https://sobha.com/investor-relations"",""https://sobhaltd.in/updates/sobha-honoured-as-real-estate-developer-of-year-residential-2025"",""https://sobharealty.com/sites/default/files/2025-07/SR%202024%20SOBHA%2031%20JULY%202025%20V2%20all_compressed.pdf""]",Separate legal entities; verify metric ownership,2026-08-30,global_real_estate_pioneers_agent.csv,requires_claim_level_editorial_review,attributed_only
clm-df414a511cb3,org-sobha-sobha-realty-73bebee,Sobha Limited / Sobha Realty,scale_signal,Company profile claim: 148m sq ft and 600+ projects delivered,company-reported,C3,"The statement is reported by a company, customer, vendor, directory, investor or programme.",B,"[""S2""]","[""https://sobha.com/"",""https://sobha.com/investor-relations"",""https://sobhaltd.in/updates/sobha-honoured-as-real-estate-developer-of-year-residential-2025"",""https://sobharealty.com/sites/default/files/2025-07/SR%202024%20SOBHA%2031%20JULY%202025%20V2%20all_compressed.pdf""]",Separate legal entities; verify metric ownership,2026-08-30,global_real_estate_pioneers_agent.csv,requires_claim_level_editorial_review,attributed_only
clm-115908d6ecd0,org-sobha-sobha-realty-73bebee,Sobha Limited / Sobha Realty,tech_strategy,"BIM, home automation, BMS/IoT, water systems, cybersecurity and payments",company-reported,C3,"The statement is reported by a company, customer, vendor, directory, investor or programme.",B,"[""S2""]","[""https://sobha.com/"",""https://sobha.com/investor-relations"",""https://sobhaltd.in/updates/sobha-honoured-as-real-estate-developer-of-year-residential-2025"",""https://sobharealty.com/sites/default/files/2025-07/SR%202024%20SOBHA%2031%20JULY%202025%20V2%20all_compressed.pdf""]",Separate legal entities; verify metric ownership,2026-08-30,global_real_estate_pioneers_agent.csv,requires_claim_level_editorial_review,attributed_only
clm-535ed76f5ac7,org-speckle-199e3b6,Speckle,headline_claim,Provides an open real-time data and collaboration layer for fragmented AEC/BIM workflows.,product description,C3,"The statement is reported by a company, customer, vendor, directory, investor or programme.",A,"[""S2""]","[""https://docs.speckle.systems/quickstart/welcome"",""https://foundamental.com/portfolio"",""https://speckle.systems/""]",Foundamental investment year is 2020; canonical software identity is speckle.systems.,2026-08-30,startup_core_additions.csv,requires_claim_level_editorial_review,attributed_only
clm-c777acc4f177,org-speckle-199e3b6,Speckle,jcx_relevance,High,atlas_inference,C4,JCX relevance is an atlas analyst interpretation.,A,"[""S2""]","[""https://docs.speckle.systems/quickstart/welcome"",""https://foundamental.com/portfolio"",""https://speckle.systems/""]",Foundamental investment year is 2020; canonical software identity is speckle.systems.,2026-08-30,startup_core_additions.csv,requires_claim_level_editorial_review,review_required
clm-d8f85ff266cd,org-stackwrap-dab4401,StackWrap,headline_claim,Wraps existing tools into secure dashboard and tracks tech adoption,Cohort selection/self-description,C3,"The statement is reported by a company, customer, vendor, directory, investor or programme.",A,"[""S4""]","[""https://nar-reach.com/second-century-ventures-announces-6-technology-companies-for-2026-reach-scale-up-program""]",Integration/security claims need diligence,2026-08-30,proptech_startups_agent.csv,requires_claim_level_editorial_review,attributed_only
clm-75d2c4969845,org-stackwrap-dab4401,StackWrap,jcx_relevance,Medium,atlas_inference,C4,JCX relevance is an atlas analyst interpretation.,A,"[""S4""]","[""https://nar-reach.com/second-century-ventures-announces-6-technology-companies-for-2026-reach-scale-up-program""]",Integration/security claims need diligence,2026-08-30,proptech_startups_agent.csv,requires_claim_level_editorial_review,review_required
clm-d5f397813013,org-stairs-financial-76f4a0b,Stairs Financial,headline_claim,"YC describes a home-search and finance workflow that matches young buyers with grants, loans and tax breaks",YC company description,C3,"The statement is reported by a company, customer, vendor, directory, investor or programme.",A,"[""S4""]","[""https://ycombinator.com/companies/stairs-financial""]",Government-program eligibility and regulated financial referrals are country-specific; useful for affordability and customer-finance research.,2026-08-30,coverage_gap_additions.csv,requires_claim_level_editorial_review,attributed_only
clm-f2ecdefde863,org-stairs-financial-76f4a0b,Stairs Financial,jcx_relevance,Medium,atlas_inference,C4,JCX relevance is an atlas analyst interpretation.,A,"[""S4""]","[""https://ycombinator.com/companies/stairs-financial""]",Government-program eligibility and regulated financial referrals are country-specific; useful for affordability and customer-finance research.,2026-08-30,coverage_gap_additions.csv,requires_claim_level_editorial_review,review_required
clm-cab4bab3210c,org-stake-2f6c8f6,Stake,headline_claim,Bangladesh-explicitly-unavailable-to-UAE-investors,company-help-center,C3,"The statement is reported by a company, customer, vendor, directory, investor or programme.",B/C,"[""S2""]","[""https://getstake.com/"",""https://help.getstake.com/en/articles/6570336-who-can-invest-in-uae"",""https://help.getstake.com/en/articles/8249047-how-do-i-begin""]",unknown,2026-08-30,regional_companies_agent.csv,requires_claim_level_editorial_review,attributed_only
clm-7d666feada87,org-stake-2f6c8f6,Stake,jcx_relevance,digital-investor-onboarding,atlas_inference,C4,JCX relevance is an atlas analyst interpretation.,B/C,"[""S2""]","[""https://getstake.com/"",""https://help.getstake.com/en/articles/6570336-who-can-invest-in-uae"",""https://help.getstake.com/en/articles/8249047-how-do-i-begin""]",unknown,2026-08-30,regional_companies_agent.csv,requires_claim_level_editorial_review,review_required
clm-fd974c2dd177,org-stan-ai-7f63428,Stan.AI,headline_claim,Uses resident-facing assistants and workflow automation for maintenance communications budgeting bids and board operations.,product description,C3,"The statement is reported by a company, customer, vendor, directory, investor or programme.",A,"[""S2""]","[""https://ret.vc/portfolio"",""https://stan.ai/"",""https://stan.ai/company""]","Already discovery-only; generic Stan.AI naming is collision-prone, so preserve punctuation and canonical domain.",2026-08-30,startup_core_additions.csv,requires_claim_level_editorial_review,attributed_only
clm-d01f6c80e3fd,org-stan-ai-7f63428,Stan.AI,jcx_relevance,High,atlas_inference,C4,JCX relevance is an atlas analyst interpretation.,A,"[""S2""]","[""https://ret.vc/portfolio"",""https://stan.ai/"",""https://stan.ai/company""]","Already discovery-only; generic Stan.AI naming is collision-prone, so preserve punctuation and canonical domain.",2026-08-30,startup_core_additions.csv,requires_claim_level_editorial_review,review_required
clm-6df3910b00da,org-stockland-96c6c0b,Stockland,jcx_relevance,Community developer comparator,atlas_inference,C4,JCX relevance is an atlas analyst interpretation.,C,"[""S2""]","[""https://stockland.com.au/""]",Primary report review required,2026-08-30,global_real_estate_pioneers_agent.csv,requires_claim_level_editorial_review,review_required
clm-a5ba1e9cf529,org-stockland-96c6c0b,Stockland,named_initiatives,Unknown—verify programmes,unknown,C5,No usable claim-attribution label in the source row.,C,"[""S2""]","[""https://stockland.com.au/""]",Primary report review required,2026-08-30,global_real_estate_pioneers_agent.csv,requires_claim_level_editorial_review,context_only
clm-b27cd957cfd5,org-stockland-96c6c0b,Stockland,scale_signal,Large Australian community platform,unknown,C5,No usable claim-attribution label in the source row.,C,"[""S2""]","[""https://stockland.com.au/""]",Primary report review required,2026-08-30,global_real_estate_pioneers_agent.csv,requires_claim_level_editorial_review,context_only
clm-2aa3a2f2fd98,org-stockland-96c6c0b,Stockland,tech_strategy,"Digital customer journey, community operations and energy to verify",unknown,C5,No usable claim-attribution label in the source row.,C,"[""S2""]","[""https://stockland.com.au/""]",Primary report review required,2026-08-30,global_real_estate_pioneers_agent.csv,requires_claim_level_editorial_review,context_only
clm-937e93f830fb,org-sublime-systems-b5e57c0,Sublime Systems,headline_claim,Sublime produces ASTM-compliant cement through a fully electrified electrochemical process and is developing its first commercial kiloton facility after a 250-ton-per-year pilot.,official product and scale description,C3,"The statement is reported by a company, customer, vendor, directory, investor or programme.",A,"[""S2""]","[""https://sublime-systems.com/"",""https://sublime-systems.com/our-process"",""https://sublime-systems.com/sublime-cement""]",Commercial facility timing and mature-scale cost are forward-looking; emissions and durability performance require scope-specific third-party review.,2026-08-30,final_residual_additions.csv,requires_claim_level_editorial_review,attributed_only
clm-bdf155105067,org-sublime-systems-b5e57c0,Sublime Systems,jcx_relevance,Represents a fundamentally different electrified cement pathway rather than incremental mix optimization,atlas_inference,C4,JCX relevance is an atlas analyst interpretation.,A,"[""S2""]","[""https://sublime-systems.com/"",""https://sublime-systems.com/our-process"",""https://sublime-systems.com/sublime-cement""]",Commercial facility timing and mature-scale cost are forward-looking; emissions and durability performance require scope-specific third-party review.,2026-08-30,final_residual_additions.csv,requires_claim_level_editorial_review,review_required
clm-af2a836c1c79,org-subvysion-47747d0,SubVysion,headline_claim,Centimeter-accurate 3D utility maps for safer digging,YC self-description,C3,"The statement is reported by a company, customer, vendor, directory, investor or programme.",A,"[""S4""]","[""https://ycombinator.com/companies/subvysion""]",Local utility records sensors and permissions,2026-08-30,proptech_startups_agent.csv,requires_claim_level_editorial_review,attributed_only
clm-e61239d3bf4e,org-subvysion-47747d0,SubVysion,jcx_relevance,Medium,atlas_inference,C4,JCX relevance is an atlas analyst interpretation.,A,"[""S4""]","[""https://ycombinator.com/companies/subvysion""]",Local utility records sensors and permissions,2026-08-30,proptech_startups_agent.csv,requires_claim_level_editorial_review,review_required
clm-512b60f9fea8,org-swire-properties-64248d6,Swire Properties,jcx_relevance,Premium mixed-use comparator,atlas_inference,C4,JCX relevance is an atlas analyst interpretation.,C,"[""S2""]","[""https://swireproperties.com/""]",Product-level evidence required,2026-08-30,global_real_estate_pioneers_agent.csv,requires_claim_level_editorial_review,review_required
clm-0cb5c26a47a5,org-swire-properties-64248d6,Swire Properties,named_initiatives,Unknown—verify platforms,unknown,C5,No usable claim-attribution label in the source row.,C,"[""S2""]","[""https://swireproperties.com/""]",Product-level evidence required,2026-08-30,global_real_estate_pioneers_agent.csv,requires_claim_level_editorial_review,context_only
clm-401db8c16a00,org-swire-properties-64248d6,Swire Properties,scale_signal,Premium mixed-use portfolio,unknown,C5,No usable claim-attribution label in the source row.,C,"[""S2""]","[""https://swireproperties.com/""]",Product-level evidence required,2026-08-30,global_real_estate_pioneers_agent.csv,requires_claim_level_editorial_review,context_only
clm-173970c29fd5,org-swire-properties-64248d6,Swire Properties,tech_strategy,"Smart-building connectivity, tenant experience and ESG analytics to verify",unknown,C5,No usable claim-attribution label in the source row.,C,"[""S2""]","[""https://swireproperties.com/""]",Product-level evidence required,2026-08-30,global_real_estate_pioneers_agent.csv,requires_claim_level_editorial_review,context_only
clm-da2cd0e21e7d,org-switchee-205db60,Switchee,headline_claim,Smart thermostat and housing/energy insights,Portfolio/product description,C3,"The statement is reported by a company, customer, vendor, directory, investor or programme.",A,"[""S2"",""S4""]","[""https://pilabs.vc/portfolio?sort=date_desc"",""https://switchee.co/""]",Hardware climate utility privacy and local service,2026-08-30,proptech_startups_agent.csv,requires_claim_level_editorial_review,attributed_only
clm-c2ad6446fac6,org-switchee-205db60,Switchee,jcx_relevance,Medium,atlas_inference,C4,JCX relevance is an atlas analyst interpretation.,A,"[""S2"",""S4""]","[""https://pilabs.vc/portfolio?sort=date_desc"",""https://switchee.co/""]",Hardware climate utility privacy and local service,2026-08-30,proptech_startups_agent.csv,requires_claim_level_editorial_review,review_required
clm-1f1200abbcda,org-takeem-1d723c2,Takeem,headline_claim,Digital rental process pre-qualification and landlord income protection,Cohort selection/self-description,C3,"The statement is reported by a company, customer, vendor, directory, investor or programme.",A,"[""S4""]","[""https://nar-reach.com/news""]",Insurance/credit/regulatory diligence,2026-08-30,proptech_startups_agent.csv,requires_claim_level_editorial_review,attributed_only
clm-fb3488e63eab,org-takeem-1d723c2,Takeem,jcx_relevance,Low,atlas_inference,C4,JCX relevance is an atlas analyst interpretation.,A,"[""S4""]","[""https://nar-reach.com/news""]",Insurance/credit/regulatory diligence,2026-08-30,proptech_startups_agent.csv,requires_claim_level_editorial_review,review_required
clm-46f83b0fcbf1,org-tandem-93731a1,Tandem,headline_claim,AI office search and deal-package extraction; YC says 50+ customers,YC self-description,C3,"The statement is reported by a company, customer, vendor, directory, investor or programme.",A,"[""S4""]","[""https://ycombinator.com/companies/tandem-2""]",US data and identity lineage needs check,2026-08-30,proptech_startups_agent.csv,requires_claim_level_editorial_review,attributed_only
clm-e1f25910c048,org-tandem-93731a1,Tandem,jcx_relevance,Medium,atlas_inference,C4,JCX relevance is an atlas analyst interpretation.,A,"[""S4""]","[""https://ycombinator.com/companies/tandem-2""]",US data and identity lineage needs check,2026-08-30,proptech_startups_agent.csv,requires_claim_level_editorial_review,review_required
clm-d4d43bb03b4e,org-taronga-realtechx-632296d,Taronga RealTechX,headline_claim,Official site says 55+ RealTech companies and names corporate pilots,Program/portfolio claim,C3,"The statement is reported by a company, customer, vendor, directory, investor or programme.",A,"[""S4""]","[""https://tarongagroup.com/realtechx""]",Participation does not equal product validation,2026-08-30,proptech_startups_agent.csv,requires_claim_level_editorial_review,attributed_only
clm-c827fdb5bbe3,org-taronga-realtechx-632296d,Taronga RealTechX,jcx_relevance,High,atlas_inference,C4,JCX relevance is an atlas analyst interpretation.,A,"[""S4""]","[""https://tarongagroup.com/realtechx""]",Participation does not equal product validation,2026-08-30,proptech_startups_agent.csv,requires_claim_level_editorial_review,review_required
clm-2f2608c0dc81,org-teleo-0fd6b99,Teleo,headline_claim,"Enables one remote operator to supervise multiple construction machines, targeting productivity and safety in heavy civil work.",company product description,C3,"The statement is reported by a company, customer, vendor, directory, investor or programme.",B,"[""S2""]","[""https://cemexventures.com/top-50-2025"",""https://teleo.ai/"",""https://teleo.ai/technology""]",CEMEX selection and company examples are strong signals but autonomy deployment and economics are company-reported.,2026-08-30,startup_core_additions.csv,requires_claim_level_editorial_review,attributed_only
clm-24e484d1eabc,org-teleo-0fd6b99,Teleo,jcx_relevance,High,atlas_inference,C4,JCX relevance is an atlas analyst interpretation.,B,"[""S2""]","[""https://cemexventures.com/top-50-2025"",""https://teleo.ai/"",""https://teleo.ai/technology""]",CEMEX selection and company examples are strong signals but autonomy deployment and economics are company-reported.,2026-08-30,startup_core_additions.csv,requires_claim_level_editorial_review,review_required
clm-0b82a420179a,org-testfit-cd578b3,TestFit,headline_claim,Parametric site planning for development options,Product description,C3,"The statement is reported by a company, customer, vendor, directory, investor or programme.",A,"[""S2""]","[""https://testfit.io/""]",Local zoning FAR costs and demand data required,2026-08-30,proptech_startups_agent.csv,requires_claim_level_editorial_review,attributed_only
clm-2191e7872c32,org-testfit-cd578b3,TestFit,jcx_relevance,High,atlas_inference,C4,JCX relevance is an atlas analyst interpretation.,A,"[""S2""]","[""https://testfit.io/""]",Local zoning FAR costs and demand data required,2026-08-30,proptech_startups_agent.csv,requires_claim_level_editorial_review,review_required
clm-180335f06279,org-tire-swing-eca8d51,Tire Swing,headline_claim,Eligibility certification and recertification workflow,YC self-description,C3,"The statement is reported by a company, customer, vendor, directory, investor or programme.",A,"[""S4""]","[""https://ycombinator.com/companies/tire-swing""]",US programs and fairness/privacy risk,2026-08-30,proptech_startups_agent.csv,requires_claim_level_editorial_review,attributed_only
clm-289182dcd0ce,org-tire-swing-eca8d51,Tire Swing,jcx_relevance,Low,atlas_inference,C4,JCX relevance is an atlas analyst interpretation.,A,"[""S4""]","[""https://ycombinator.com/companies/tire-swing""]",US programs and fairness/privacy risk,2026-08-30,proptech_startups_agent.csv,requires_claim_level_editorial_review,review_required
clm-dd91d12f6e14,org-togal-ai-d6d6a17,Togal.AI,headline_claim,"Togal combines cloud takeoff collaboration, drawing-set comparison and AI-assisted plan analysis for estimators.",official product description,C3,"The statement is reported by a company, customer, vendor, directory, investor or programme.",A,"[""S2""]","[""https://cemexventures.com/top-50"",""https://cemexventures.com/top-50-startups/togal-ai"",""https://togal.ai/""]","The site's 98% accuracy and 5x speed claims are vendor-reported and must not be generalized without trade-, drawing- and workflow-specific pilots.",2026-08-30,final_residual_additions.csv,requires_claim_level_editorial_review,attributed_only
clm-6ee56ade6adc,org-togal-ai-d6d6a17,Togal.AI,jcx_relevance,Closes the automated takeoff and estimating gap that document-chat and general CDE platforms do not cover,atlas_inference,C4,JCX relevance is an atlas analyst interpretation.,A,"[""S2""]","[""https://cemexventures.com/top-50"",""https://cemexventures.com/top-50-startups/togal-ai"",""https://togal.ai/""]","The site's 98% accuracy and 5x speed claims are vendor-reported and must not be generalized without trade-, drawing- and workflow-specific pilots.",2026-08-30,final_residual_additions.csv,requires_claim_level_editorial_review,review_required
clm-2aece5fe72ef,org-track3d-778aadb,Track3D,headline_claim,Combines site captures and reality intelligence to verify construction progress for owners lenders and contractors.,company product description,C3,"The statement is reported by a company, customer, vendor, directory, investor or programme.",A,"[""S2""]","[""https://track3d.ai/"",""https://track3d.ai/newsroom"",""https://track3d.ai/reality-intelligence-platform"",""https://zacuaventures.com/portfolio""]",Capture counts savings and financing are company/customer claims; distinguish from other 3D tracking products.,2026-08-30,startup_core_additions.csv,requires_claim_level_editorial_review,attributed_only
clm-84d5d645d2a6,org-track3d-778aadb,Track3D,jcx_relevance,High,atlas_inference,C4,JCX relevance is an atlas analyst interpretation.,A,"[""S2""]","[""https://track3d.ai/"",""https://track3d.ai/newsroom"",""https://track3d.ai/reality-intelligence-platform"",""https://zacuaventures.com/portfolio""]",Capture counts savings and financing are company/customer claims; distinguish from other 3D tracking products.,2026-08-30,startup_core_additions.csv,requires_claim_level_editorial_review,review_required
clm-6396b7f69e88,org-travelio-bdec63d,Travelio,headline_claim,"Technology platform supports rent, buy and sell plus Travelio Property Management for furnished and unfurnished units; official FAQ reports 8,000+ properties",company-reported inventory and product description,C3,"The statement is reported by a company, customer, vendor, directory, investor or programme.",A,"[""S2""]","[""https://travelio.com/en/faq"",""https://travelio.com/tpm""]","Inventory is self-reported; short-term rental, tenancy, building rules and service-level economics are local.",2026-08-30,coverage_gap_additions.csv,requires_claim_level_editorial_review,attributed_only
clm-4264caf2351b,org-travelio-bdec63d,Travelio,jcx_relevance,Medium,atlas_inference,C4,JCX relevance is an atlas analyst interpretation.,A,"[""S2""]","[""https://travelio.com/en/faq"",""https://travelio.com/tpm""]","Inventory is self-reported; short-term rental, tenancy, building rules and service-level economics are local.",2026-08-30,coverage_gap_additions.csv,requires_claim_level_editorial_review,review_required
clm-6dcdda1f6e5b,org-trendspek-f3aa791,Trendspek,headline_claim,Digital building capture and lifecycle planning; 110-building university case via Taronga,Customer/vendor case,C3,"The statement is reported by a company, customer, vendor, directory, investor or programme.",B,"[""S2"",""S4""]","[""https://tarongagroup.com/realtechx"",""https://trendspek.com/""]",Survey standards capture and local support,2026-08-30,proptech_startups_agent.csv,requires_claim_level_editorial_review,attributed_only
clm-7a81ffa0ef6f,org-trendspek-f3aa791,Trendspek,jcx_relevance,Medium,atlas_inference,C4,JCX relevance is an atlas analyst interpretation.,B,"[""S2"",""S4""]","[""https://tarongagroup.com/realtechx"",""https://trendspek.com/""]",Survey standards capture and local support,2026-08-30,proptech_startups_agent.csv,requires_claim_level_editorial_review,review_required
clm-666cebe974bc,org-trimble-77e0db1,Trimble,headline_claim,"Construction One connects project, field, financial, scheduling and equipment workflows across contractor types",official product description,C3,"The statement is reported by a company, customer, vendor, directory, investor or programme.",A,"[""S2""]","[""https://civilconstruction.trimble.com/en/products/software/trimble-connect"",""https://trimble.com/en/solutions/trimble-construction-one""]","Hardware, standards and implementation costs are significant; product portfolio and acquisitions should be tracked separately.",2026-08-30,coverage_gap_additions.csv,requires_claim_level_editorial_review,attributed_only
clm-16bca75ebef5,org-trimble-77e0db1,Trimble,jcx_relevance,High,atlas_inference,C4,JCX relevance is an atlas analyst interpretation.,A,"[""S2""]","[""https://civilconstruction.trimble.com/en/products/software/trimble-connect"",""https://trimble.com/en/solutions/trimble-construction-one""]","Hardware, standards and implementation costs are significant; product portfolio and acquisitions should be tracked separately.",2026-08-30,coverage_gap_additions.csv,requires_claim_level_editorial_review,review_required
clm-7badd311bae6,org-trunk-tools-844cca9,Trunk Tools,headline_claim,Turns project documents and field knowledge into searchable and actionable construction workflows.,company product description,C3,"The statement is reported by a company, customer, vendor, directory, investor or programme.",B,"[""S2""]","[""https://cemexventures.com/top-50-2025"",""https://trunktools.com/""]",Jobsite and volume metrics are company claims; customer and funding fields should be refreshed.,2026-08-30,startup_core_additions.csv,requires_claim_level_editorial_review,attributed_only
clm-8854a8e1c181,org-trunk-tools-844cca9,Trunk Tools,jcx_relevance,High,atlas_inference,C4,JCX relevance is an atlas analyst interpretation.,B,"[""S2""]","[""https://cemexventures.com/top-50-2025"",""https://trunktools.com/""]",Jobsite and volume metrics are company claims; customer and funding fields should be refreshed.,2026-08-30,startup_core_additions.csv,requires_claim_level_editorial_review,review_required
clm-27a1513a115b,org-truzo-5012b1e,Truzo,headline_claim,site-says-Now-in-Pilot-and-zero-disputes-is-claim,company-claim,C3,"The statement is reported by a company, customer, vendor, directory, investor or programme.",B/D,"[""S2""]","[""https://truzo.app/""]",unknown,2026-08-30,regional_companies_agent.csv,requires_claim_level_editorial_review,attributed_only
clm-c547b90ae8f3,org-truzo-5012b1e,Truzo,jcx_relevance,dispute-reduction-expense-evidence,atlas_inference,C4,JCX relevance is an atlas analyst interpretation.,B/D,"[""S2""]","[""https://truzo.app/""]",unknown,2026-08-30,regional_companies_agent.csv,requires_claim_level_editorial_review,review_required
clm-09355d72a2ad,org-turner-construction-7925c54,Turner Construction,jcx_relevance,Construction implementation comparator,atlas_inference,C4,JCX relevance is an atlas analyst interpretation.,C,"[""S2""]","[""https://turnerconstruction.com/""]",Primary evidence required,2026-08-30,global_real_estate_pioneers_agent.csv,requires_claim_level_editorial_review,review_required
clm-c0bda0b0cbcc,org-turner-construction-7925c54,Turner Construction,named_initiatives,Unknown—verify products,unknown,C5,No usable claim-attribution label in the source row.,C,"[""S2""]","[""https://turnerconstruction.com/""]",Primary evidence required,2026-08-30,global_real_estate_pioneers_agent.csv,requires_claim_level_editorial_review,context_only
clm-dd8299a5f87e,org-turner-construction-7925c54,Turner Construction,scale_signal,Major US contractor,unknown,C5,No usable claim-attribution label in the source row.,C,"[""S2""]","[""https://turnerconstruction.com/""]",Primary evidence required,2026-08-30,global_real_estate_pioneers_agent.csv,requires_claim_level_editorial_review,context_only
clm-37e86cd2de13,org-turner-construction-7925c54,Turner Construction,tech_strategy,"BIM/VDC, safety analytics, robotics and project controls to verify",unknown,C5,No usable claim-attribution label in the source row.,C,"[""S2""]","[""https://turnerconstruction.com/""]",Primary evidence required,2026-08-30,global_real_estate_pioneers_agent.csv,requires_claim_level_editorial_review,context_only
clm-6d69de492867,org-turntide-35dea2f,Turntide,headline_claim,Smart motor systems for HVAC efficiency,Investor/industry signal,C3,"The statement is reported by a company, customer, vendor, directory, investor or programme.",B,"[""S2""]","[""https://spark.jllt.com/"",""https://turntide.com/""]",Current status service spares and measured ROI,2026-08-30,proptech_startups_agent.csv,requires_claim_level_editorial_review,attributed_only
clm-b40a5b7c01e1,org-turntide-35dea2f,Turntide,jcx_relevance,Medium,atlas_inference,C4,JCX relevance is an atlas analyst interpretation.,B,"[""S2""]","[""https://spark.jllt.com/"",""https://turntide.com/""]",Current status service spares and measured ROI,2026-08-30,proptech_startups_agent.csv,requires_claim_level_editorial_review,review_required
clm-74c0456bcc48,org-uhoo-7143ba7,uHoo,headline_claim,IAQ sensors and analytics,Portfolio/product description,C3,"The statement is reported by a company, customer, vendor, directory, investor or programme.",A,"[""S2"",""S4""]","[""https://tarongagroup.com/realtechx"",""https://uhooair.com/""]",Calibration privacy maintenance and adoption,2026-08-30,proptech_startups_agent.csv,requires_claim_level_editorial_review,attributed_only
clm-10c34dd43b4f,org-uhoo-7143ba7,uHoo,jcx_relevance,Low,atlas_inference,C4,JCX relevance is an atlas analyst interpretation.,A,"[""S2"",""S4""]","[""https://tarongagroup.com/realtechx"",""https://uhooair.com/""]",Calibration privacy maintenance and adoption,2026-08-30,proptech_startups_agent.csv,requires_claim_level_editorial_review,review_required
clm-f556b108c3a4,org-unova-estate-7be6c79,Unova-Estate,headline_claim,45-percent-efficiency-and-zero-double-booking-self-claims,company-claim,C3,"The statement is reported by a company, customer, vendor, directory, investor or programme.",B/D,"[""S2""]","[""https://estate.unova.bd/"",""https://estate.unova.bd/solutions/erp-for-real-estate-developers""]",request-references-security-docs,2026-08-30,regional_companies_agent.csv,requires_claim_level_editorial_review,attributed_only
clm-fc5de66e311a,org-unova-estate-7be6c79,Unova-Estate,jcx_relevance,local-language-JV-PDC,atlas_inference,C4,JCX relevance is an atlas analyst interpretation.,B/D,"[""S2""]","[""https://estate.unova.bd/"",""https://estate.unova.bd/solutions/erp-for-real-estate-developers""]",request-references-security-docs,2026-08-30,regional_companies_agent.csv,requires_claim_level_editorial_review,review_required
clm-f9bc3d014aa7,org-veev-by-lennar-844d2b1,Veev by Lennar,headline_claim,>$500m raised; acquisition in 2023 (company biography),company-reported,C3,"The statement is reported by a company, customer, vendor, directory, investor or programme.",B,"[""S2""]","[""https://lennar.com/about/companies"",""https://veev.com/"",""https://veev.com/about-us""]",Confirm transaction terms and post-acquisition deployment,2026-08-30,global_real_estate_pioneers_agent.csv,requires_claim_level_editorial_review,attributed_only
clm-666e7938d26d,org-veev-by-lennar-844d2b1,Veev by Lennar,jcx_relevance,Shows capability can survive strategic integration,atlas_inference,C4,JCX relevance is an atlas analyst interpretation.,B,"[""S2""]","[""https://lennar.com/about/companies"",""https://veev.com/"",""https://veev.com/about-us""]",Confirm transaction terms and post-acquisition deployment,2026-08-30,global_real_estate_pioneers_agent.csv,requires_claim_level_editorial_review,review_required
clm-6057f57d7aa5,org-veev-by-lennar-844d2b1,Veev by Lennar,named_initiatives,Veev; LENX,company-reported,C3,"The statement is reported by a company, customer, vendor, directory, investor or programme.",B,"[""S2""]","[""https://lennar.com/about/companies"",""https://veev.com/"",""https://veev.com/about-us""]",Confirm transaction terms and post-acquisition deployment,2026-08-30,global_real_estate_pioneers_agent.csv,requires_claim_level_editorial_review,attributed_only
clm-1d20db7bd180,org-veev-by-lennar-844d2b1,Veev by Lennar,scale_signal,Official biography says >$500m raised and acquired by Lennar in 2023,company-reported,C3,"The statement is reported by a company, customer, vendor, directory, investor or programme.",B,"[""S2""]","[""https://lennar.com/about/companies"",""https://veev.com/"",""https://veev.com/about-us""]",Confirm transaction terms and post-acquisition deployment,2026-08-30,global_real_estate_pioneers_agent.csv,requires_claim_level_editorial_review,attributed_only
clm-a55c313204ff,org-veev-by-lennar-844d2b1,Veev by Lennar,tech_strategy,"Prefabrication, enclosed-wall technology and precision-built homes",company-reported,C3,"The statement is reported by a company, customer, vendor, directory, investor or programme.",B,"[""S2""]","[""https://lennar.com/about/companies"",""https://veev.com/"",""https://veev.com/about-us""]",Confirm transaction terms and post-acquisition deployment,2026-08-30,global_real_estate_pioneers_agent.csv,requires_claim_level_editorial_review,attributed_only
clm-82de69e4bd31,org-vextrus-988c4a5,Vextrus,headline_claim,24-agents-and-savings-are-company-claims,company-claim,C3,"The statement is reported by a company, customer, vendor, directory, investor or programme.",B/D,"[""S2""]","[""https://bd.linkedin.com/company/vextrus"",""https://vextrus.com/""]",validate-references-security-export-uptime,2026-08-30,regional_companies_agent.csv,requires_claim_level_editorial_review,attributed_only
clm-c91e3280623a,org-vextrus-988c4a5,Vextrus,jcx_relevance,unified-JCX-OS-pilot,atlas_inference,C4,JCX relevance is an atlas analyst interpretation.,B/D,"[""S2""]","[""https://bd.linkedin.com/company/vextrus"",""https://vextrus.com/""]",validate-references-security-export-uptime,2026-08-30,regional_companies_agent.csv,requires_claim_level_editorial_review,review_required
clm-5721343ea219,org-vinci-0e581b1,VINCI,headline_claim,€74.6bn revenue; no PropTech ROI disclosed,observed,C4,The statement is an analyst inference.,A,"[""S2""]","[""https://vinci-construction.com/en/engagements/innovation_eng"",""https://vinci.com/"",""https://vinci.com/en/faq""]",Group metric is not technology outcome,2026-08-30,global_real_estate_pioneers_agent.csv,requires_claim_level_editorial_review,review_required
clm-a07081e8b0a3,org-vinci-0e581b1,VINCI,jcx_relevance,Scale and decentralised implementation benchmark,atlas_inference,C4,JCX relevance is an atlas analyst interpretation.,A,"[""S2""]","[""https://vinci-construction.com/en/engagements/innovation_eng"",""https://vinci.com/"",""https://vinci.com/en/faq""]",Group metric is not technology outcome,2026-08-30,global_real_estate_pioneers_agent.csv,requires_claim_level_editorial_review,review_required
clm-79987c2aed3a,org-vinci-0e581b1,VINCI,named_initiatives,VINCI Innovation Awards; digital construction,observed,C4,The statement is an analyst inference.,A,"[""S2""]","[""https://vinci-construction.com/en/engagements/innovation_eng"",""https://vinci.com/"",""https://vinci.com/en/faq""]",Group metric is not technology outcome,2026-08-30,global_real_estate_pioneers_agent.csv,requires_claim_level_editorial_review,review_required
clm-fb7c9cf1941c,org-vinci-0e581b1,VINCI,scale_signal,€74.6bn revenue in 2025,observed,C4,The statement is an analyst inference.,A,"[""S2""]","[""https://vinci-construction.com/en/engagements/innovation_eng"",""https://vinci.com/"",""https://vinci.com/en/faq""]",Group metric is not technology outcome,2026-08-30,global_real_estate_pioneers_agent.csv,requires_claim_level_editorial_review,review_required
clm-2610b4a40faf,org-vinci-0e581b1,VINCI,tech_strategy,Digital tools and sustainable construction via decentralised lines,observed,C4,The statement is an analyst inference.,A,"[""S2""]","[""https://vinci-construction.com/en/engagements/innovation_eng"",""https://vinci.com/"",""https://vinci.com/en/faq""]",Group metric is not technology outcome,2026-08-30,global_real_estate_pioneers_agent.csv,requires_claim_level_editorial_review,review_required
clm-e3b6f558958e,org-vonovia-41d0ca4,Vonovia,headline_claim,"2025 annual report explicitly identifies digitalization, automation, AI and smart energy as strategic opportunities",official annual report; observed strategy,C3,"The statement is reported by a company, customer, vendor, directory, investor or programme.",B,"[""S2""]","[""https://vonovia.com/en"",""https://vonovia.com/en/content/download/310373/file/Vonovia_SE_Annual_Report_2025.pdf"",""https://vonovia.com/en/investors/news-and-publications/results-presentations""]",Named products and causal outcomes require deeper report extraction; do not score generic AI language,2026-08-30,operator_coverage_additions.csv,requires_claim_level_editorial_review,attributed_only
clm-ddf9eaff9da4,org-vonovia-41d0ca4,Vonovia,jcx_relevance,Adds the missing European mass-rental operating model and a portfolio-scale energy/refurbishment benchmark,atlas_inference,C4,JCX relevance is an atlas analyst interpretation.,B,"[""S2""]","[""https://vonovia.com/en"",""https://vonovia.com/en/content/download/310373/file/Vonovia_SE_Annual_Report_2025.pdf"",""https://vonovia.com/en/investors/news-and-publications/results-presentations""]",Named products and causal outcomes require deeper report extraction; do not score generic AI language,2026-08-30,operator_coverage_additions.csv,requires_claim_level_editorial_review,review_required
clm-0b8afaf2c0a2,org-vts-42d9767,VTS,jcx_relevance,Potential commercial leasing data layer,atlas_inference,C4,JCX relevance is an atlas analyst interpretation.,C,"[""S2""]","[""https://vts.com/""]",Verify current AI and customer outcomes,2026-08-30,global_real_estate_pioneers_agent.csv,requires_claim_level_editorial_review,review_required
clm-c58b1e9c1501,org-vts-42d9767,VTS,named_initiatives,VTS; VTS Rise,unknown,C5,No usable claim-attribution label in the source row.,C,"[""S2""]","[""https://vts.com/""]",Verify current AI and customer outcomes,2026-08-30,global_real_estate_pioneers_agent.csv,requires_claim_level_editorial_review,context_only
clm-6c2ef8336d52,org-vts-42d9767,VTS,scale_signal,CRE leasing and asset operations platform,unknown,C5,No usable claim-attribution label in the source row.,C,"[""S2""]","[""https://vts.com/""]",Verify current AI and customer outcomes,2026-08-30,global_real_estate_pioneers_agent.csv,requires_claim_level_editorial_review,context_only
clm-998544cb65bf,org-vts-42d9767,VTS,tech_strategy,"Leasing, tenant experience and portfolio workflows to verify",unknown,C5,No usable claim-attribution label in the source row.,C,"[""S2""]","[""https://vts.com/""]",Verify current AI and customer outcomes,2026-08-30,global_real_estate_pioneers_agent.csv,requires_claim_level_editorial_review,context_only
clm-1c81a8519c53,org-wakecap-a08c5b1,WakeCap,headline_claim,OpenSpace-partnership-and-Crews-acquisition-dated-outcomes-not-audited,company-announcements,C3,"The statement is reported by a company, customer, vendor, directory, investor or programme.",B,"[""S2""]","[""https://wakecap.com/"",""https://wakecap.com/news-and-events/wakecap-acquires-crews-by-core"",""https://wakecap.com/news-and-events/wakecap-openspace-partnership""]",unknown,2026-08-30,regional_companies_agent.csv,requires_claim_level_editorial_review,attributed_only
clm-4edb31ebb583,org-wakecap-a08c5b1,WakeCap,jcx_relevance,site-evidence-safety,atlas_inference,C4,JCX relevance is an atlas analyst interpretation.,B,"[""S2""]","[""https://wakecap.com/"",""https://wakecap.com/news-and-events/wakecap-acquires-crews-by-core"",""https://wakecap.com/news-and-events/wakecap-openspace-partnership""]",unknown,2026-08-30,regional_companies_agent.csv,requires_claim_level_editorial_review,review_required
clm-569b2c02120e,org-watad-43c1925,Watad,headline_claim,AI-enabled materials procurement and embedded finance signal,Cohort selection/self-description,C3,"The statement is reported by a company, customer, vendor, directory, investor or programme.",A,"[""S4""]","[""https://nar-reach.com/news""]",Supply quality finance licensing and local delivery,2026-08-30,proptech_startups_agent.csv,requires_claim_level_editorial_review,attributed_only
clm-90dbb5965ad9,org-watad-43c1925,Watad,jcx_relevance,High,atlas_inference,C4,JCX relevance is an atlas analyst interpretation.,A,"[""S4""]","[""https://nar-reach.com/news""]",Supply quality finance licensing and local delivery,2026-08-30,proptech_startups_agent.csv,requires_claim_level_editorial_review,review_required
clm-20d75c0f3690,org-wereno-34fab03,WeReno,headline_claim,"YC describes drawing analysis, scopes, cost estimates, RFQs, vendor coordination and execution tracking",YC company description,C3,"The statement is reported by a company, customer, vendor, directory, investor or programme.",A,"[""S4""]","[""https://ycombinator.com/companies/wereno""]","Construction drawings, trade pricing, contracts and vendor market are jurisdiction-specific; treat as workflow benchmark.",2026-08-30,coverage_gap_additions.csv,requires_claim_level_editorial_review,attributed_only
clm-d1a40bdc5812,org-wereno-34fab03,WeReno,jcx_relevance,Medium,atlas_inference,C4,JCX relevance is an atlas analyst interpretation.,A,"[""S4""]","[""https://ycombinator.com/companies/wereno""]","Construction drawings, trade pricing, contracts and vendor market are jurisdiction-specific; treat as workflow benchmark.",2026-08-30,coverage_gap_additions.csv,requires_claim_level_editorial_review,review_required
clm-d5a9b5879eff,org-wework-8768417,WeWork,headline_claim,Chapter 11 and restructuring documented in court/SEC records,observed,C4,The statement is an analyst inference.,A,"[""S1"",""S2""]","[""https://njb.uscourts.gov/wework"",""https://sec.gov/Archives/edgar/data/1813756/000119312523274596/d295389d8k.htm"",""https://wework.com/""]",Refresh current footprint before publication,2026-08-30,global_real_estate_pioneers_agent.csv,requires_claim_level_editorial_review,review_required
clm-b193d860d8c1,org-wework-8768417,WeWork,jcx_relevance,"Failure lesson for fixed leases, utilisation and capital structure",atlas_inference,C4,JCX relevance is an atlas analyst interpretation.,A,"[""S1"",""S2""]","[""https://njb.uscourts.gov/wework"",""https://sec.gov/Archives/edgar/data/1813756/000119312523274596/d295389d8k.htm"",""https://wework.com/""]",Refresh current footprint before publication,2026-08-30,global_real_estate_pioneers_agent.csv,requires_claim_level_editorial_review,review_required
clm-cf864ecbdbbd,org-wework-8768417,WeWork,named_initiatives,Flexible workspace platform,observed,C4,The statement is an analyst inference.,A,"[""S1"",""S2""]","[""https://njb.uscourts.gov/wework"",""https://sec.gov/Archives/edgar/data/1813756/000119312523274596/d295389d8k.htm"",""https://wework.com/""]",Refresh current footprint before publication,2026-08-30,global_real_estate_pioneers_agent.csv,requires_claim_level_editorial_review,review_required
clm-90fafb0266ad,org-wework-8768417,WeWork,scale_signal,Chapter 11 Nov 2023; emerged June 2024,observed,C4,The statement is an analyst inference.,A,"[""S1"",""S2""]","[""https://njb.uscourts.gov/wework"",""https://sec.gov/Archives/edgar/data/1813756/000119312523274596/d295389d8k.htm"",""https://wework.com/""]",Refresh current footprint before publication,2026-08-30,global_real_estate_pioneers_agent.csv,requires_claim_level_editorial_review,review_required
clm-ca643d95a52e,org-wework-8768417,WeWork,tech_strategy,Technology-enabled flexible space and community,observed,C4,The statement is an analyst inference.,A,"[""S1"",""S2""]","[""https://njb.uscourts.gov/wework"",""https://sec.gov/Archives/edgar/data/1813756/000119312523274596/d295389d8k.htm"",""https://wework.com/""]",Refresh current footprint before publication,2026-08-30,global_real_estate_pioneers_agent.csv,requires_claim_level_editorial_review,review_required
clm-b7e8d833be8a,org-wint-44d2ec1,WINT,headline_claim,Water intelligence detection and shutoff,Portfolio/product description,C3,"The statement is reported by a company, customer, vendor, directory, investor or programme.",A,"[""S2"",""S4""]","[""https://tarongagroup.com/realtechx"",""https://wint.ai/""]",Plumbing retrofit connectivity and response service,2026-08-30,proptech_startups_agent.csv,requires_claim_level_editorial_review,attributed_only
clm-dcc90dbbc04c,org-wint-44d2ec1,WINT,jcx_relevance,Medium,atlas_inference,C4,JCX relevance is an atlas analyst interpretation.,A,"[""S2"",""S4""]","[""https://tarongagroup.com/realtechx"",""https://wint.ai/""]",Plumbing retrofit connectivity and response service,2026-08-30,proptech_startups_agent.csv,requires_claim_level_editorial_review,review_required
clm-28e76ebb76e7,org-wiredscore-75d1974,WiredScore,headline_claim,Digital connectivity certification for buildings,Portfolio/product description,C3,"The statement is reported by a company, customer, vendor, directory, investor or programme.",A,"[""S2"",""S4""]","[""https://tarongagroup.com/realtechx"",""https://wiredscore.com/""]",Local evidence and methodology adaptation,2026-08-30,proptech_startups_agent.csv,requires_claim_level_editorial_review,attributed_only
clm-48f54123d614,org-wiredscore-75d1974,WiredScore,jcx_relevance,Low,atlas_inference,C4,JCX relevance is an atlas analyst interpretation.,A,"[""S2"",""S4""]","[""https://tarongagroup.com/realtechx"",""https://wiredscore.com/""]",Local evidence and methodology adaptation,2026-08-30,proptech_startups_agent.csv,requires_claim_level_editorial_review,review_required
clm-b7acbecbd711,org-yardi-f113060,Yardi,headline_claim,Accounting leasing rent work orders and resident operations,Product description,C3,"The statement is reported by a company, customer, vendor, directory, investor or programme.",A,"[""S2""]","[""https://yardi.com/""]",Local tax payment language and implementation,2026-08-30,proptech_startups_agent.csv,requires_claim_level_editorial_review,attributed_only
clm-1a2f380b32e3,org-yardi-f113060,Yardi,jcx_relevance,Potential property operations backbone,atlas_inference,C4,JCX relevance is an atlas analyst interpretation.,C,"[""S2""]","[""https://yardi.com/""]",Product outcomes require customer evidence,2026-08-30,global_real_estate_pioneers_agent.csv,requires_claim_level_editorial_review,review_required
clm-1cec21df1111,org-yardi-f113060,Yardi,jcx_relevance,Medium,atlas_inference,C4,JCX relevance is an atlas analyst interpretation.,A,"[""S2""]","[""https://yardi.com/""]",Local tax payment language and implementation,2026-08-30,proptech_startups_agent.csv,requires_claim_level_editorial_review,review_required
clm-e6e9b772c7da,org-yardi-f113060,Yardi,named_initiatives,Yardi Voyager; RentCafe,unknown,C5,No usable claim-attribution label in the source row.,C,"[""S2""]","[""https://yardi.com/""]",Product outcomes require customer evidence,2026-08-30,global_real_estate_pioneers_agent.csv,requires_claim_level_editorial_review,context_only
clm-6f0f258ca0ee,org-yardi-f113060,Yardi,scale_signal,Large property-management software platform,unknown,C5,No usable claim-attribution label in the source row.,C,"[""S2""]","[""https://yardi.com/""]",Product outcomes require customer evidence,2026-08-30,global_real_estate_pioneers_agent.csv,requires_claim_level_editorial_review,context_only
clm-afcc09102dfd,org-yardi-f113060,Yardi,tech_strategy,"Accounting, leasing, maintenance and resident operations",unknown,C5,No usable claim-attribution label in the source row.,C,"[""S2""]","[""https://yardi.com/""]",Product outcomes require customer evidence,2026-08-30,global_real_estate_pioneers_agent.csv,requires_claim_level_editorial_review,context_only
clm-24ec99487563,org-zenatix-bb347b7,Zenatix,headline_claim,3000-sites-and-ROI-under-24-months-company-claims,company-page,C3,"The statement is reported by a company, customer, vendor, directory, investor or programme.",B,"[""S2""]","[""https://zenatix.com/"",""https://zenatix.com/about""]",unknown,2026-08-30,regional_companies_agent.csv,requires_claim_level_editorial_review,attributed_only
clm-547d97a4ea91,org-zenatix-bb347b7,Zenatix,jcx_relevance,energy-management,atlas_inference,C4,JCX relevance is an atlas analyst interpretation.,B,"[""S2""]","[""https://zenatix.com/"",""https://zenatix.com/about""]",unknown,2026-08-30,regional_companies_agent.csv,requires_claim_level_editorial_review,review_required
clm-5f4e08543608,org-zestyai-c21da1c,ZestyAI,headline_claim,"Aerial imagery, permits, parcel and loss signals support wildfire hail wind storm water and fire risk workflows for insurers",official product description; company-reported scale,C3,"The statement is reported by a company, customer, vendor, directory, investor or programme.",B,"[""S2""]","[""https://zesty.ai/""]","Coverage, regulatory approvals, carrier ROI and segmentation figures are company-reported and U.S.-centric",2026-08-30,enterprise_platform_additions.csv,requires_claim_level_editorial_review,attributed_only
clm-1e6af500afc0,org-zestyai-c21da1c,ZestyAI,jcx_relevance,Medium-high,atlas_inference,C4,JCX relevance is an atlas analyst interpretation.,B,"[""S2""]","[""https://zesty.ai/""]","Coverage, regulatory approvals, carrier ROI and segmentation figures are company-reported and U.S.-centric",2026-08-30,enterprise_platform_additions.csv,requires_claim_level_editorial_review,review_required
clm-346076ed7df6,org-zillow-d3dd627,Zillow,headline_claim,Consumer search listings advertising and property data,Product description,C3,"The statement is reported by a company, customer, vendor, directory, investor or programme.",A,"[""S2""]","[""https://zillow.com/""]",Platform dependency fraud freshness and local fit,2026-08-30,proptech_startups_agent.csv,requires_claim_level_editorial_review,attributed_only
clm-0b74cb0f47a1,org-zillow-d3dd627,Zillow,jcx_relevance,Medium,atlas_inference,C4,JCX relevance is an atlas analyst interpretation.,A,"[""S2""]","[""https://zillow.com/""]",Platform dependency fraud freshness and local fit,2026-08-30,proptech_startups_agent.csv,requires_claim_level_editorial_review,review_required
clm-f19d464a7a37,org-zillow-d3dd627,Zillow,jcx_relevance,Consumer discovery and lead-funnel benchmark,atlas_inference,C4,JCX relevance is an atlas analyst interpretation.,C,"[""S2""]","[""https://zillow.com/""]",Market traffic is not transaction conversion,2026-08-30,global_real_estate_pioneers_agent.csv,requires_claim_level_editorial_review,review_required
clm-0a24d3d6349c,org-zillow-d3dd627,Zillow,named_initiatives,Zillow; Zestimate; Zillow Home Loans,unknown,C5,No usable claim-attribution label in the source row.,C,"[""S2""]","[""https://zillow.com/""]",Market traffic is not transaction conversion,2026-08-30,global_real_estate_pioneers_agent.csv,requires_claim_level_editorial_review,context_only
clm-9413c6903adf,org-zillow-d3dd627,Zillow,scale_signal,Large residential property marketplace,unknown,C5,No usable claim-attribution label in the source row.,C,"[""S2""]","[""https://zillow.com/""]",Market traffic is not transaction conversion,2026-08-30,global_real_estate_pioneers_agent.csv,requires_claim_level_editorial_review,context_only
clm-c613a3a73394,org-zillow-d3dd627,Zillow,tech_strategy,"Digital search, valuation, lead generation and AI assistance",unknown,C5,No usable claim-attribution label in the source row.,C,"[""S2""]","[""https://zillow.com/""]",Market traffic is not transaction conversion,2026-08-30,global_real_estate_pioneers_agent.csv,requires_claim_level_editorial_review,context_only
