discovery_id,display_name,name_variants_json,record_type_signals_json,qualified_entity_ids_json,evidence_stage,discovery_only,source_layers_json,source_layer_count,domains_json,candidate_urls_json,profile_urls_json,yc_company_ids_json,yc_batches_json,yc_status_signals_json,ecosystems_json,ecosystem_count,ecosystem_source_row_ids_json,ecosystem_source_row_count,ecosystem_status_signals_json,category_signals_json,lifecycle_signals_json,jcx_tier_signals_json,region_signals_json,country_signals_json,location_signals_json,employee_count_signals_json,description_signals_json,source_urls_json,source_url_count,identity_resolution_methods_json,needs_identity_review,identity_notes_json,snapshot_date,publication_note
dsc-cce2b2ea6c2a,011h,"[""011h""]",[],[],discovery_only,true,"[""built_environment_ecosystem_discovery_index""]",1,[],[],"[""https://cemexventures.com/top-50""]",[],[],[],"[""CEMEX Ventures Top 50 ConTech 2026""]",1,"[""eco-src-036df5ef6d07""]",1,"[""Selected for 2026 Top 50""]","[""Future of construction""]",[],[],[],[],[],[],"[""Future of construction""]","[""https://cemexventures.com/top-50""]",1,"[""source_native_ecosystem_identity""]",false,[],2026-08-30,"Discovery presence is not operating, traction, outcome, security or JCX-fit evidence."
dsc-916b066b3d82,100,"[""100""]",[],[],discovery_only,true,"[""built_environment_ecosystem_discovery_index""]",1,"[""get100.com""]","[""https://get100.com/""]","[""https://metaprop.com/portfolio""]",[],[],[],"[""MetaProp""]",1,"[""eco-src-1a970e70c537""]",1,"[""Active/portfolio""]",[],[],[],[],[],[],[],[],"[""https://get100.com/"",""https://metaprop.com/portfolio""]",2,"[""source_native_ecosystem_identity""]",false,[],2026-08-30,"Discovery presence is not operating, traction, outcome, security or JCX-fit evidence."
dsc-3d541ef6bec0,1KOMMA5,"[""1KOMMA5""]",[],[],discovery_only,true,"[""built_environment_ecosystem_discovery_index""]",1,[],[],"[""https://2150.vc/investments/1komma5""]",[],[],[],"[""2150""]",1,"[""eco-src-697caf424b66""]",1,"[""Investment displayed; current status not inferred""]",[],[],[],"[""Germany""]",[],[],[],"[""1KOMMA5 1KOMMA5° is a one-stop solution for rooftop solar, battery storage, EV charging, and heat pumps, building Europe's largest fleet of decentralized energy assets.""]","[""https://2150.vc/investments/1komma5""]",1,"[""source_native_ecosystem_identity""]",false,[],2026-08-30,"Discovery presence is not operating, traction, outcome, security or JCX-fit evidence."
dsc-cf30c769d230,31VENTURES,"[""31VENTURES""]","[""program_ecosystem""]","[""org-31ventures-1867c79""]",qualified_core,false,"[""qualified_core""]",1,"[""31ventures.jp""]","[""https://31ventures.jp/en""]",[],[],[],[],[],0,[],0,[],[],"[""L1"",""L10"",""L6"",""L7"",""L8""]","[""A""]",[],"[""Japan""]",[],[],[],"[""https://31ventures.jp/en"",""https://31ventures.jp/en/about"",""https://31ventures.jp/en/case"",""https://31ventures.jp/en/fund""]",4,"[""qualified_core_identity""]",false,[],2026-08-30,Qualified-core identity; individual claims still require editorial review.
dsc-1f0a1b46488b,3V Infrastructure,"[""3V Infrastructure""]",[],[],discovery_only,true,"[""built_environment_ecosystem_discovery_index""]",1,"[""3vinfrastructure.com""]","[""https://3vinfrastructure.com/""]","[""https://moderneventures.com/portfolio/3v-infrastructure""]",[],[],[],"[""Moderne Ventures / Passport""]",1,"[""eco-src-edc54744b621""]",1,"[""Portfolio/Passport listing displayed""]","[""Passport""]",[],[],[],[],[],[],"[""EV Charging without the Cost or Complexity — Enabling EV charging across portfolios by eliminating the upfront capital investment and operational complexity — Passport""]","[""https://3vinfrastructure.com/"",""https://moderneventures.com/portfolio/3v-infrastructure""]",2,"[""source_native_ecosystem_identity""]",false,[],2026-08-30,"Discovery presence is not operating, traction, outcome, security or JCX-fit evidence."
dsc-12ee72e0d464,42Floors,"[""42Floors""]",[],[],discovery_only,true,"[""yc_real_estate_construction_2026-08-30""]",1,[],[],"[""https://ycombinator.com/companies/42floors"",""https://ycombinator.com/companies/industry/real-estate-and-construction""]","[""7""]","[""W2012""]","[""Acquired""]",[],0,[],0,[],"[""Real-estate software / adjacent""]","[""L7 Occupancy/tenant; L9 Portfolio/asset; L12 Data/intelligence""]","[""A""]",[],"[""US""]","[""San Francisco""]","[""60""]","[""*Acquired by Knotel in 2018 42Floors was founded in November of 2011 with the vision of making it easy to discover and create your dream office space. Based in San Francisco, the 42Floors team is made up of experienced entrepreneurs, engineers, and real estate professionals. All with a passion for making the commercial real estate search process easier for everyone. On the site, you'll find available spaces,..."",""We make it easy to search for office space.""]","[""https://ycombinator.com/companies/42floors"",""https://ycombinator.com/companies/industry/real-estate-and-construction""]",2,"[""source_native_yc_identity""]",false,[],2026-08-30,"Discovery presence is not operating, traction, outcome, security or JCX-fit evidence."
dsc-0917050ac1bf,99-Group,"[""99-Group""]","[""organization""]","[""org-99-group-12db5df""]",qualified_core,false,"[""qualified_core""]",1,"[""99.co""]","[""https://99.co/""]",[],[],[],[],[],0,[],0,[],"[""SEA-portal-data""]","[""L3""]","[""B""]",[],"[""Singapore""]",[],[],[],"[""https://99.co/"",""https://99.co/about-us"",""https://99.co/about-us/indonesia""]",3,"[""qualified_core_identity""]",false,[],2026-08-30,Qualified-core identity; individual claims still require editorial review.
dsc-a767bb4c4957,Abode,"[""Abode""]",[],[],discovery_only,true,"[""built_environment_ecosystem_discovery_index""]",1,"[""goabode.com""]","[""https://goabode.com/""]","[""https://moderneventures.com/portfolio/abode""]",[],[],[],"[""Moderne Ventures / Passport""]",1,"[""eco-src-2d453d12f509""]",1,"[""Exited (displayed)""]","[""Passport""]",[],[],[],[],[],[],"[""On-demand smart home security — A no contract, professional-grade home security system with a suite of advanced monitoring and integrated home automation features — Passport""]","[""https://goabode.com/"",""https://moderneventures.com/portfolio/abode""]",2,"[""source_native_ecosystem_identity""]",false,[],2026-08-30,"Discovery presence is not operating, traction, outcome, security or JCX-fit evidence."
dsc-4071eff98ac4,Abodu,"[""Abodu""]",[],[],discovery_only,true,"[""built_environment_ecosystem_discovery_index""]",1,"[""abodu.com""]","[""https://abodu.com/""]","[""https://moderneventures.com/portfolio/abodu""]",[],[],[],"[""Moderne Ventures / Passport""]",1,"[""eco-src-df866d20d018""]",1,"[""Exited (displayed)""]","[""Passport""]",[],[],[],[],[],[],"[""Scalable ADU solutions for housing flexibility and affordability — Transforming backyard space into livable homes with beautifully designed and built accessory dwelling units — Passport""]","[""https://abodu.com/"",""https://moderneventures.com/portfolio/abodu""]",2,"[""source_native_ecosystem_identity""]",false,[],2026-08-30,"Discovery presence is not operating, traction, outcome, security or JCX-fit evidence."
dsc-d30d2c1ec241,Accor,"[""Accor""]","[""organization""]","[""org-accor-ce52bb6""]",qualified_core,false,"[""qualified_core""]",1,"[""group.accor.com""]","[""https://group.accor.com/en""]",[],[],[],[],[],0,[],0,[],"[""global multi-segment hospitality platform""]","[""L10"",""L3"",""L4"",""L6"",""L7"",""L8""]","[""B""]",[],"[""France""]",[],[],[],"[""https://assets.group.accor.com/yrj0orc8tx24/dwdklcBVai21ztMLgb3A5/e53a5c4937c07351b855819fd097b8a6/ACCOR_DEU2025_MEL_US_270326.pdf"",""https://group.accor.com/en"",""https://group.accor.com/en/documents-publications"",""https://group.accor.com/en/finance/esg-reporting-ratings""]",4,"[""qualified_core_identity""]",false,[],2026-08-30,Qualified-core identity; individual claims still require editorial review.
dsc-faa464262aa4,Acelab,"[""Acelab""]",[],[],discovery_only,true,"[""built_environment_ecosystem_discovery_index""]",1,"[""acelabusa.com""]","[""https://acelabusa.com/""]","[""https://spark.jllt.com/portfolio""]",[],[],[],"[""JLL Spark""]",1,"[""eco-src-eb94c9097d21""]",1,"[""Active/portfolio""]",[],[],[],[],[],[],[],"[""The all-in-one materials management platform View website""]","[""https://acelabusa.com/"",""https://spark.jllt.com/portfolio""]",2,"[""source_native_ecosystem_identity""]",false,[],2026-08-30,"Discovery presence is not operating, traction, outcome, security or JCX-fit evidence."
dsc-a7b75c4c3c2c,Aclaimant,"[""Aclaimant""]",[],[],discovery_only,true,"[""built_environment_ecosystem_discovery_index""]",1,"[""aclaimant.com""]","[""https://aclaimant.com/""]","[""https://moderneventures.com/portfolio/aclaimant""]",[],[],[],"[""Moderne Ventures / Passport""]",1,"[""eco-src-efe2d372c349""]",1,"[""Portfolio/Passport listing displayed""]","[""Passport""]",[],[],[],[],[],[],"[""Optimizing commercial insurance costs — Data-driven platform that streamlines incident reporting, controls the cost of claims and reduces administrative burden — Passport""]","[""https://aclaimant.com/"",""https://moderneventures.com/portfolio/aclaimant""]",2,"[""source_native_ecosystem_identity""]",false,[],2026-08-30,"Discovery presence is not operating, traction, outcome, security or JCX-fit evidence."
dsc-9dc912018a62,Acorn,"[""Acorn""]",[],[],discovery_only,true,"[""built_environment_ecosystem_discovery_index""]",1,"[""acornfinance.com""]","[""https://acornfinance.com/""]","[""https://moderneventures.com/portfolio/acorn""]",[],[],[],"[""Moderne Ventures / Passport""]",1,"[""eco-src-4b0618aea7da""]",1,"[""Portfolio/Passport listing displayed""]","[""Investment""]",[],[],[],[],[],[],"[""Embedded lending marketplace that enables businesses to offer seamless financing options for large scale projects ($50k+) to their customers at the point of sale — By integrating Acorn Finance's platform, enterprises can enhance customer satisfaction, increase sales conversions, and provide access to competitive loan offers from a network of trusted lenders, all without incurring additional costs — Investment""]","[""https://acornfinance.com/"",""https://moderneventures.com/portfolio/acorn""]",2,"[""source_native_ecosystem_identity""]",true,"[""Domain acornfinance.com is also used by Acornfinance; shared-domain relationship requires review.""]",2026-08-30,"Discovery presence is not operating, traction, outcome, security or JCX-fit evidence."
dsc-0ca1051aa0ce,Acornfinance,"[""Acornfinance""]",[],[],discovery_only,true,"[""built_environment_ecosystem_discovery_index""]",1,"[""acornfinance.com""]","[""https://acornfinance.com/""]","[""https://metaprop.com/portfolio""]",[],[],[],"[""MetaProp""]",1,"[""eco-src-03fe7ca8c2d1""]",1,"[""Active/portfolio""]",[],[],[],[],[],[],[],[],"[""https://acornfinance.com/"",""https://metaprop.com/portfolio""]",2,"[""source_native_ecosystem_identity""]",true,"[""Domain acornfinance.com is also used by ecosystem candidate 'Acorn'; identities were deliberately kept separate.""]",2026-08-30,"Discovery presence is not operating, traction, outcome, security or JCX-fit evidence."
dsc-f1ae045fcc2c,Acres,"[""Acres""]",[],[],discovery_only,true,"[""built_environment_ecosystem_discovery_index""]",1,"[""acres.com""]","[""https://acres.com/""]","[""https://moderneventures.com/portfolio/acres""]",[],[],[],"[""Moderne Ventures / Passport""]",1,"[""eco-src-bfc16fc2b242""]",1,"[""Portfolio/Passport listing displayed""]","[""Passport""]",[],[],[],[],[],[],"[""Comprehensive land intelligence for smarter investments, seamless expansion, and efficient transaction management — Complete land intelligence platform with 150M+ parcel records, 1,000+ mapped data layers, zoning, comps, infrastructure, and more. From rapid site selection to risk-ready reports, it’s the fastest way to evaluate, manage, and move on land opportunities. — Passport""]","[""https://acres.com/"",""https://moderneventures.com/portfolio/acres""]",2,"[""source_native_ecosystem_identity""]",false,[],2026-08-30,"Discovery presence is not operating, traction, outcome, security or JCX-fit evidence."
dsc-f29d4976e5b4,Acreto,"[""Acreto""]",[],[],discovery_only,true,"[""built_environment_ecosystem_discovery_index""]",1,"[""acreto.io""]","[""https://acreto.io/""]","[""https://moderneventures.com/portfolio/acreto""]",[],[],[],"[""Moderne Ventures / Passport""]",1,"[""eco-src-fae6b49db0d9""]",1,"[""Exited (displayed)""]","[""Passport""]",[],[],[],[],[],[],"[""Design + development of large-scale security and firewall platforms — Single and simple platform that connects and protects an organization's entire hybrid infrastructure from-the-cloud — Passport""]","[""https://acreto.io/"",""https://moderneventures.com/portfolio/acreto""]",2,"[""source_native_ecosystem_identity""]",false,[],2026-08-30,"Discovery presence is not operating, traction, outcome, security or JCX-fit evidence."
dsc-6ee06fe7248f,Actionfigure,"[""Actionfigure""]",[],[],discovery_only,true,"[""built_environment_ecosystem_discovery_index""]",1,"[""actionfigure.ai""]","[""https://actionfigure.ai/""]","[""https://moderneventures.com/portfolio/actionfigure""]",[],[],[],"[""Moderne Ventures / Passport""]",1,"[""eco-src-5f8851d3f945""]",1,"[""Portfolio/Passport listing displayed""]","[""Passport""]",[],[],[],[],[],[],"[""Transportation intelligence software — Empowers organizations and employees to make smarter, data-driven decisions to optimize travel strategies — Passport""]","[""https://actionfigure.ai/"",""https://moderneventures.com/portfolio/actionfigure""]",2,"[""source_native_ecosystem_identity""]",false,[],2026-08-30,"Discovery presence is not operating, traction, outcome, security or JCX-fit evidence."
dsc-7a9c8da6e1b6,ActivePipe,"[""ActivePipe""]",[],[],discovery_only,true,"[""built_environment_ecosystem_discovery_index""]",1,[],[],"[""https://nar-reach.com/""]",[],[],[],"[""NAR REACH / Second Century Ventures""]",1,"[""eco-src-8c477013841e""]",1,"[""Portfolio example""]",[],[],[],[],[],[],[],[],"[""https://nar-reach.com/""]",1,"[""source_native_ecosystem_identity""]",false,[],2026-08-30,"Discovery presence is not operating, traction, outcome, security or JCX-fit evidence."
dsc-33fd106a4fa3,Actuate,"[""Actuate""]",[],[],discovery_only,true,"[""built_environment_ecosystem_discovery_index""]",1,"[""actuate.ai""]","[""https://actuate.ai/""]","[""https://metaprop.com/portfolio""]",[],[],[],"[""MetaProp""]",1,"[""eco-src-5f9f18fc7744""]",1,"[""Active/portfolio""]",[],[],[],[],[],[],[],[],"[""https://actuate.ai/"",""https://metaprop.com/portfolio""]",2,"[""source_native_ecosystem_identity""]",false,[],2026-08-30,"Discovery presence is not operating, traction, outcome, security or JCX-fit evidence."
dsc-f25214a68e50,Adaptis,"[""Adaptis""]",[],[],discovery_only,true,"[""built_environment_ecosystem_discovery_index""]",1,"[""adaptis.ai""]","[""https://adaptis.ai/""]","[""https://metaprop.com/portfolio""]",[],[],[],"[""MetaProp""]",1,"[""eco-src-42936ce6be33""]",1,"[""Active/portfolio""]",[],[],[],[],[],[],[],[],"[""https://adaptis.ai/"",""https://metaprop.com/portfolio""]",2,"[""source_native_ecosystem_identity""]",false,[],2026-08-30,"Discovery presence is not operating, traction, outcome, security or JCX-fit evidence."
dsc-f9feef1259fd,Advanced Navigation,"[""Advanced Navigation""]",[],[],discovery_only,true,"[""built_environment_ecosystem_discovery_index""]",1,"[""advancednavigation.com""]","[""https://advancednavigation.com/""]","[""https://brickmortar.vc/portfolio""]",[],[],[],"[""Brick & Mortar Ventures""]",1,"[""eco-src-88c495e04d17""]",1,"[""Active investment""]",[],[],[],[],[],[],[],[],"[""https://advancednavigation.com/"",""https://brickmortar.vc/portfolio""]",2,"[""source_native_ecosystem_identity""]",false,[],2026-08-30,"Discovery presence is not operating, traction, outcome, security or JCX-fit evidence."
dsc-b9f4380cc622,Advocate,"[""Advocate""]",[],[],discovery_only,true,"[""built_environment_ecosystem_discovery_index""]",1,"[""advocate.app""]","[""https://advocate.app/""]","[""https://metaprop.com/portfolio""]",[],[],[],"[""MetaProp""]",1,"[""eco-src-ddc5cc69cfc2""]",1,"[""Active/portfolio""]",[],[],[],[],[],[],[],[],"[""https://advocate.app/"",""https://metaprop.com/portfolio""]",2,"[""source_native_ecosystem_identity""]",false,[],2026-08-30,"Discovery presence is not operating, traction, outcome, security or JCX-fit evidence."
dsc-6943fb1508af,Aecore,"[""Aecore""]",[],[],discovery_only,true,"[""yc_real_estate_construction_2026-08-30""]",1,[],[],"[""https://ycombinator.com/companies/industry/real-estate-and-construction"",""https://ycombinator.com/companies/x3-builders""]","[""1593""]","[""S2017""]","[""Active""]",[],0,[],0,[],"[""ConTech / construction operations""]","[""L4 Design/BIM; L5 Construction; L12 Data/intelligence""]","[""A""]",[],"[""US""]","[""San Francisco""]","[""6""]","[""Aecore is a technology-enabled commercial contractor focused on vertical integration and agile project delivery through automation. Our in-house design team, project managers and software engineers guide clients through the process from conceptual design to completion. We will ensure you are getting the best possible pricing by leveraging our network of contractors and material suppliers."",""Vertically integrated commercial construction""]","[""https://ycombinator.com/companies/industry/real-estate-and-construction"",""https://ycombinator.com/companies/x3-builders""]",2,"[""source_native_yc_identity""]",false,[],2026-08-30,"Discovery presence is not operating, traction, outcome, security or JCX-fit evidence."
dsc-e30d0e5344b2,Aeroseal,"[""Aeroseal""]",[],[],discovery_only,true,"[""built_environment_ecosystem_discovery_index""]",1,[],[],"[""https://2150.vc/investments/aeroseal""]",[],[],[],"[""2150""]",1,"[""eco-src-12884dd2d645""]",1,"[""Investment displayed; current status not inferred""]",[],[],[],"[""United States""]",[],[],[],"[""Aeroseal Aeroseal seals leaky HVAC and building envelopes with a chewing-gum-like material plus AI and IoT hardware that could cut 1.4% of global CO2 emissions.""]","[""https://2150.vc/investments/aeroseal""]",1,"[""source_native_ecosystem_identity""]",false,[],2026-08-30,"Discovery presence is not operating, traction, outcome, security or JCX-fit evidence."
dsc-233175e67a6d,Aerwave,"[""Aerwave""]",[],[],discovery_only,true,"[""built_environment_ecosystem_discovery_index""]",1,"[""aerwave.io""]","[""https://aerwave.io/""]","[""https://moderneventures.com/portfolio/aerwave""]",[],[],[],"[""Moderne Ventures / Passport""]",1,"[""eco-src-e4f4c83138a2""]",1,"[""Portfolio/Passport listing displayed""]","[""Investment""]",[],[],[],[],[],[],"[""Future-Proofing Connectivity — Managed Wi-fi platform for tomorrow's future, enabling owners and operators to digitize buildings, efficiently deploy IOT, provide better customer experience, increase NOI and increase Asset Value — Investment""]","[""https://aerwave.io/"",""https://moderneventures.com/portfolio/aerwave""]",2,"[""source_native_ecosystem_identity""]",false,[],2026-08-30,"Discovery presence is not operating, traction, outcome, security or JCX-fit evidence."
dsc-7dda2c47310e,AfterLife Ag,"[""AfterLife Ag""]",[],[],discovery_only,true,"[""built_environment_ecosystem_discovery_index""]",1,"[""afterlifeag.com""]","[""https://afterlifeag.com/""]","[""https://metaprop.com/portfolio""]",[],[],[],"[""MetaProp""]",1,"[""eco-src-85b772e5feef""]",1,"[""Active/portfolio""]",[],[],[],[],[],[],[],[],"[""https://afterlifeag.com/"",""https://metaprop.com/portfolio""]",2,"[""source_native_ecosystem_identity""]",false,[],2026-08-30,"Discovery presence is not operating, traction, outcome, security or JCX-fit evidence."
dsc-817f9d21d797,Agave,"[""Agave""]","[""organization""]","[""org-agave-d371575""]",qualified_core,false,"[""qualified_core""]",1,[],[],"[""https://ycombinator.com/companies/agave""]",[],[],[],[],0,[],0,[],"[""financial operations APIs and AI for construction""]","[""L3"",""L5""]","[""B""]",[],"[""United States""]",[],[],[],"[""https://ycombinator.com/companies/agave""]",1,"[""qualified_core_identity""]",false,[],2026-08-30,Qualified-core identity; individual claims still require editorial review.
dsc-f3afc6b8e98c,Ai.realestate,"[""Ai.realestate""]","[""organization""]","[""org-ai-realestate-d2e60f1""]",qualified_core,false,"[""qualified_core""]",1,[],[],"[""https://nar-reach.com/second-century-ventures-announces-6-technology-companies-for-2026-reach-scale-up-program""]",[],[],[],[],0,[],0,[],"[""Real-estate data intelligence""]","[""L12"",""L6""]","[""B""]",[],"[""United States""]",[],[],[],"[""https://nar-reach.com/second-century-ventures-announces-6-technology-companies-for-2026-reach-scale-up-program""]",1,"[""qualified_core_identity""]",false,[],2026-08-30,Qualified-core identity; individual claims still require editorial review.
dsc-61505190540a,Ailytics,"[""Ailytics""]",[],[],discovery_only,true,"[""built_environment_ecosystem_discovery_index""]",1,[],[],"[""https://cemexventures.com/top-50""]",[],[],[],"[""CEMEX Ventures Top 50 ConTech 2026""]",1,"[""eco-src-bbc8664e01a4""]",1,"[""Selected for 2026 Top 50""]","[""Enhanced productivity""]",[],[],[],[],[],[],"[""Enhanced productivity""]","[""https://cemexventures.com/top-50""]",1,"[""source_native_ecosystem_identity""]",false,[],2026-08-30,"Discovery presence is not operating, traction, outcome, security or JCX-fit evidence."
dsc-468e655e2d2e,Airbnb,"[""Airbnb""]",[],[],discovery_only,true,"[""built_environment_ecosystem_discovery_index""]",1,"[""airbnb.com""]","[""http://airbnb.com/""]","[""https://metaprop.com/portfolio""]",[],[],[],"[""MetaProp""]",1,"[""eco-src-2990aa1e8201""]",1,"[""Exited/marked exited""]",[],[],[],[],[],[],[],[],"[""http://airbnb.com/"",""https://metaprop.com/portfolio""]",2,"[""source_native_ecosystem_identity""]",false,[],2026-08-30,"Discovery presence is not operating, traction, outcome, security or JCX-fit evidence."
dsc-207436f8c8e9,AIRE,"[""AIRE""]",[],[],discovery_only,true,"[""built_environment_ecosystem_discovery_index""]",1,"[""ai.realestate""]","[""https://ai.realestate/""]","[""https://nar-reach.com/latam"",""https://nar-reach.com/us-residential""]",[],[],[],"[""NAR REACH Latin America"",""NAR REACH US Residential""]",2,"[""eco-src-2b9e7007dc2a"",""eco-src-3d917d8b2a71""]",2,"[""2026 cohort (or current page cohort)""]",[],[],[],"[""Latin America"",""United States""]",[],[],[],"[""Unifies unstructured internal data and pairs with property, mortgage and client life intel to provide a supercharged, living database that drives revenue for sales teams.""]","[""https://ai.realestate/"",""https://nar-reach.com/latam"",""https://nar-reach.com/us-residential""]",3,"[""exact_normalized_name_with_domain_corroboration"",""source_native_ecosystem_identity""]",false,[],2026-08-30,"Discovery presence is not operating, traction, outcome, security or JCX-fit evidence."
dsc-d8a3cce64d56,Airmo,"[""Airmo""]",[],[],discovery_only,true,"[""built_environment_ecosystem_discovery_index""]",1,"[""airmo.io""]","[""https://airmo.io/""]","[""https://pilabs.vc/portfolio""]",[],[],[],"[""Pi Labs""]",1,"[""eco-src-5b7fa91d1f48""]",1,"[""Active/portfolio""]",[],[],[],[],[],[],[],"[""GREENHOUSE GAS MONITORING FROM SPACE Est. 2022. Germany. <br> Founded by Daria Stepanova. <br> Last Funding Round: Pre-Seed""]","[""https://airmo.io/"",""https://pilabs.vc/portfolio""]",2,"[""source_native_ecosystem_identity""]",false,[],2026-08-30,"Discovery presence is not operating, traction, outcome, security or JCX-fit evidence."
dsc-baebf6b94fa5,Airside,"[""Airside""]",[],[],discovery_only,true,"[""built_environment_ecosystem_discovery_index""]",1,"[""airsidemobile.com""]","[""https://airsidemobile.com/""]","[""https://moderneventures.com/portfolio/airside""]",[],[],[],"[""Moderne Ventures / Passport""]",1,"[""eco-src-b5e366732c95""]",1,"[""Exited (displayed)""]","[""Passport""]",[],[],[],[],[],[],"[""Secure digital identity verification — Identity verification tools to reduce fraud and speed up transactions. Acquired by Onfido. — Passport""]","[""https://airsidemobile.com/"",""https://moderneventures.com/portfolio/airside""]",2,"[""source_native_ecosystem_identity""]",false,[],2026-08-30,"Discovery presence is not operating, traction, outcome, security or JCX-fit evidence."
dsc-7a5eea66d81c,Airworks,"[""Airworks""]",[],[],discovery_only,true,"[""built_environment_ecosystem_discovery_index""]",1,"[""airworks.io""]","[""http://airworks.io/""]","[""https://metaprop.com/portfolio""]",[],[],[],"[""MetaProp""]",1,"[""eco-src-7ecadf6db9bf""]",1,"[""Active/portfolio""]",[],[],[],[],[],[],[],[],"[""http://airworks.io/"",""https://metaprop.com/portfolio""]",2,"[""source_native_ecosystem_identity""]",false,[],2026-08-30,"Discovery presence is not operating, traction, outcome, security or JCX-fit evidence."
dsc-8f4e9330513a,Aitenders,"[""Aitenders""]",[],[],discovery_only,true,"[""built_environment_ecosystem_discovery_index""]",1,[],[],"[""https://cemexventures.com/top-50""]",[],[],[],"[""CEMEX Ventures Top 50 ConTech 2026""]",1,"[""eco-src-4ea74987e7fb""]",1,"[""Selected for 2026 Top 50""]","[""Enhanced productivity""]",[],[],[],[],[],[],"[""Enhanced productivity""]","[""https://cemexventures.com/top-50""]",1,"[""source_native_ecosystem_identity""]",false,[],2026-08-30,"Discovery presence is not operating, traction, outcome, security or JCX-fit evidence."
dsc-e39603458980,Albiware Inc.,"[""Albiware Inc.""]",[],[],discovery_only,true,"[""yc_real_estate_construction_2026-08-30""]",1,[],[],"[""https://ycombinator.com/companies/albiware-inc"",""https://ycombinator.com/companies/industry/real-estate-and-construction""]","[""26501""]","[""S2022""]","[""Active""]",[],0,[],0,[],"[""ConTech / construction operations""]","[""L3 Capital/finance; L5 Construction; L12 Data/intelligence""]","[""A""]",[],"[""US""]","[""Downers Grove, IL, USA""]","[""12""]","[""Albiware (Albi) is a B2B SaaS solution for the $100B+ insurance damage repair industry. Albi provides an all-in-one platform for damage repair contractors to manage all aspects of their business including: CRM, project management, field documentation, scheduling, BI, marketing automation, communication, HR management, and much more. Albi is built by contractors who felt the pain that lack of technology brought..."",""B2B SaaS for insurance damage repair contractors.""]","[""https://ycombinator.com/companies/albiware-inc"",""https://ycombinator.com/companies/industry/real-estate-and-construction""]",2,"[""source_native_yc_identity""]",false,[],2026-08-30,"Discovery presence is not operating, traction, outcome, security or JCX-fit evidence."
dsc-f54fd485eb05,Alchemist built-world adjacent portfolio,"[""Alchemist built-world adjacent portfolio""]","[""program_ecosystem""]","[""org-alchemist-built-world-adjacent-portfolio-c108545""]",qualified_core,false,"[""qualified_core""]",1,"[""alchemistaccelerator.com""]","[""https://alchemistaccelerator.com/portfolio-2""]",[],[],[],[],[],0,[],0,[],"[""Enterprise/deeptech ecosystem index""]","[""L5""]","[""C""]",[],"[""United States""]",[],[],[],"[""https://alchemistaccelerator.com/portfolio-2""]",1,"[""qualified_core_identity""]",false,[],2026-08-30,Qualified-core identity; individual claims still require editorial review.
dsc-3896226124c1,Aldar Properties,"[""Aldar Properties""]","[""organization""]","[""org-aldar-properties-4218e8b""]",qualified_core,false,"[""qualified_core""]",1,"[""aldar.com""]","[""https://aldar.com/""]",[],[],[],[],[],0,[],0,[],[],"[""L1"",""L10"",""L3"",""L6"",""L7"",""L8""]","[""A""]",[],"[""United Arab Emirates""]",[],[],[],"[""https://aldar.com/"",""https://aldar.com/aldar-report2024/documents/aldar-annual-report-2024_compressed-1.pdf"",""https://cdn.aldar.com/en/news-and-media/aldar-fy-2024-financial-results""]",3,"[""qualified_core_identity""]",false,[],2026-08-30,Qualified-core identity; individual claims still require editorial review.
dsc-5607fc03aa18,Aldara,"[""Aldara""]",[],[],discovery_only,true,"[""yc_real_estate_construction_2026-08-30""]",1,[],[],"[""https://ycombinator.com/companies/aldara"",""https://ycombinator.com/companies/industry/real-estate-and-construction""]","[""27249""]","[""S2022""]","[""Active""]",[],0,[],0,[],"[""Property operations / housing""]","[""L7 Occupancy/tenant; L12 Data/intelligence""]","[""C""]",[],"[""ES""]","[""Barcelona, Spain""]","[""10""]","[""Aldara is a modern, efficient HOA manager. We achieve that by automating back-office and operations with our in-house technology, powered by AI."",""HOA manager with automated operations""]","[""https://ycombinator.com/companies/aldara"",""https://ycombinator.com/companies/industry/real-estate-and-construction""]",2,"[""source_native_yc_identity""]",false,[],2026-08-30,"Discovery presence is not operating, traction, outcome, security or JCX-fit evidence."
dsc-11a21dbb1051,Aldoa,"[""Aldoa""]",[],[],discovery_only,true,"[""built_environment_ecosystem_discovery_index""]",1,"[""aldoa.com""]","[""https://aldoa.com/""]","[""https://metaprop.com/portfolio""]",[],[],[],"[""MetaProp""]",1,"[""eco-src-e507bc4f270b""]",1,"[""Active/portfolio""]",[],[],[],[],[],[],[],[],"[""https://aldoa.com/"",""https://metaprop.com/portfolio""]",2,"[""source_native_ecosystem_identity""]",false,[],2026-08-30,"Discovery presence is not operating, traction, outcome, security or JCX-fit evidence."
dsc-bc73af024c27,Alfred,"[""Alfred""]",[],[],discovery_only,true,"[""built_environment_ecosystem_discovery_index""]",1,"[""helloalfred.com""]","[""https://helloalfred.com/""]","[""https://moderneventures.com/portfolio/alfred""]",[],[],[],"[""Moderne Ventures / Passport""]",1,"[""eco-src-35c459466f59""]",1,"[""Portfolio/Passport listing displayed""]","[""Investment""]",[],[],[],[],[],[],"[""Tech-enabled property management service changing the way we live — Digital resident concierge services for multifamily buildings — Investment""]","[""https://helloalfred.com/"",""https://moderneventures.com/portfolio/alfred""]",2,"[""source_native_ecosystem_identity""]",true,"[""Domain helloalfred.com is also used by Helloalfred; shared-domain relationship requires review."",""Domain helloalfred.com is also used by ecosystem candidate 'HOM'; identities were deliberately kept separate.""]",2026-08-30,"Discovery presence is not operating, traction, outcome, security or JCX-fit evidence."
dsc-c45c6642902d,Algoma,"[""Algoma""]",[],[],discovery_only,true,"[""built_environment_ecosystem_discovery_index""]",1,"[""algoma.co""]","[""https://algoma.co/""]","[""https://moderneventures.com/portfolio/algoma""]",[],[],[],"[""Moderne Ventures / Passport""]",1,"[""eco-src-72ec350576f3""]",1,"[""Portfolio/Passport listing displayed""]","[""Passport""]",[],[],[],[],[],[],"[""Hyperefficient market analysis and feasibility — AI-powered zoning, massing, and pro forma — so you can unlock sites and build with confidence — Passport""]","[""https://algoma.co/"",""https://moderneventures.com/portfolio/algoma""]",2,"[""source_native_ecosystem_identity""]",false,[],2026-08-30,"Discovery presence is not operating, traction, outcome, security or JCX-fit evidence."
dsc-fa4b78687eb0,ALICE Technologies,"[""ALICE Technologies""]","[""organization""]","[""org-alice-technologies-3d2a5de""]",qualified_core,false,"[""built_environment_ecosystem_discovery_index"",""qualified_core""]",2,"[""alicetechnologies.com""]","[""https://alicetechnologies.com/"",""https://alicetechnologies.com/home""]","[""https://brickmortar.vc/portfolio"",""https://spark.jllt.com/portfolio""]",[],[],[],"[""Brick & Mortar Ventures"",""JLL Spark""]",2,"[""eco-src-45aa1a87f851"",""eco-src-d04d34a7ce76""]",2,"[""Active investment"",""Active/portfolio""]","[""AI construction scheduling simulation and optioneering""]","[""L2"",""L4"",""L5"",""L9""]","[""A""]",[],"[""United States""]",[],[],"[""Construction optioneering for capital projects. View website""]","[""https://alicetechnologies.com/"",""https://alicetechnologies.com/construction-optioneering"",""https://alicetechnologies.com/home"",""https://brickmortar.vc/portfolio"",""https://spark.jllt.com/portfolio""]",5,"[""exact_normalized_name_with_domain_corroboration"",""qualified_core_identity""]",false,[],2026-08-30,Qualified-core identity; individual claims still require editorial review.
dsc-6942bf263a99,All3,"[""All3""]",[],[],discovery_only,true,"[""built_environment_ecosystem_discovery_index""]",1,[],[],"[""https://cemexventures.com/top-50""]",[],[],[],"[""CEMEX Ventures Top 50 ConTech 2026""]",1,"[""eco-src-d54547e0aa1c""]",1,"[""Selected for 2026 Top 50""]","[""Future of construction""]",[],[],[],[],[],[],"[""Future of construction""]","[""https://cemexventures.com/top-50""]",1,"[""source_native_ecosystem_identity""]",false,[],2026-08-30,"Discovery presence is not operating, traction, outcome, security or JCX-fit evidence."
dsc-34b5373d3d71,Alloovium,"[""Alloovium""]",[],[],discovery_only,true,"[""yc_real_estate_construction_2026-08-30""]",1,[],[],"[""https://ycombinator.com/companies/alloovium"",""https://ycombinator.com/companies/industry/real-estate-and-construction""]","[""32204""]","[""S2026""]","[""Active""]",[],0,[],0,[],"[""ConTech / construction operations""]","[""L5 Construction; L12 Data/intelligence""]","[""A""]",[],"[""AU""]","[""Brisbane QLD, Australia""]","[""5""]","[""Alloovium is the document intelligence layer for construction 🏗️ It reads every document and piece of data on a project (contracts, specs, drawings, compliance records, conversations), turning them into answers you can trust and actions with real value: every answer cites its exact source sentence, paperwork is checked clause by clause against the builder's own Integrated Management System, and nothing AI-drafted..."",""The company brain for construction companies""]","[""https://ycombinator.com/companies/alloovium"",""https://ycombinator.com/companies/industry/real-estate-and-construction""]",2,"[""source_native_yc_identity""]",false,[],2026-08-30,"Discovery presence is not operating, traction, outcome, security or JCX-fit evidence."
dsc-09a6d071bf64,Allume,"[""Allume""]",[],[],discovery_only,true,"[""built_environment_ecosystem_discovery_index""]",1,[],[],"[""https://tarongagroup.com/wp-content/uploads/2025/07/RealTechX-Asset-Impact-Booklet-2025-1.pdf""]",[],[],[],"[""Taronga RealTechX / Asset Impact""]",1,"[""eco-src-31cc0aecedb3""]",1,"[""Alumni/support history displayed""]",[],[],[],[],[],[],[],[],"[""https://tarongagroup.com/wp-content/uploads/2025/07/RealTechX-Asset-Impact-Booklet-2025-1.pdf""]",1,"[""source_native_ecosystem_identity""]",false,[],2026-08-30,"Discovery presence is not operating, traction, outcome, security or JCX-fit evidence."
dsc-234fabfc3a82,Alphaa,"[""Alphaa""]",[],[],discovery_only,true,"[""built_environment_ecosystem_discovery_index""]",1,"[""alphaa.io""]","[""https://alphaa.io/""]","[""https://metaprop.com/portfolio""]",[],[],[],"[""MetaProp""]",1,"[""eco-src-2c889736f65a""]",1,"[""Active/portfolio""]",[],[],[],[],[],[],[],[],"[""https://alphaa.io/"",""https://metaprop.com/portfolio""]",2,"[""source_native_ecosystem_identity""]",false,[],2026-08-30,"Discovery presence is not operating, traction, outcome, security or JCX-fit evidence."
dsc-c4c256a16d86,alrik,"[""alrik""]",[],[],discovery_only,true,"[""built_environment_ecosystem_discovery_index""]",1,"[""alrik.com""]","[""https://alrik.com/""]","[""https://pilabs.vc/portfolio""]",[],[],[],"[""Pi Labs""]",1,"[""eco-src-6c2ecdd33dbb""]",1,"[""Active/portfolio""]",[],[],[],[],[],[],[],"[""AI for Construction Transport Est. 2022. Sweden. <br> Founded by Nicholas Sundén-Cullberg & Axel Enblad. <br> Last Funding Round: Seed""]","[""https://alrik.com/"",""https://pilabs.vc/portfolio""]",2,"[""source_native_ecosystem_identity""]",false,[],2026-08-30,"Discovery presence is not operating, traction, outcome, security or JCX-fit evidence."
dsc-09a1b8a24b00,Altus Group ARGUS Intelligence / ARGUS Enterprise,"[""Altus Group ARGUS Intelligence / ARGUS Enterprise""]","[""product_offering""]","[""org-altus-group-argus-intelligence-argus-enterprise-3e9e2c7""]",qualified_core,false,"[""qualified_core""]",1,"[""altusgroup.com""]","[""https://altusgroup.com/solutions/argus-enterprise""]",[],[],[],[],[],0,[],0,[],"[""commercial real-estate valuation cash-flow forecasting and portfolio intelligence""]","[""L2"",""L3"",""L9""]","[""A""]",[],"[""Canada""]",[],[],[],"[""https://altusgroup.com/argus"",""https://altusgroup.com/solutions/argus-enterprise"",""https://assets.ctfassets.net/8jgyidtgyr4v/5JvyDH3YNv4OXX5GbjMkvl/2a9d210f709762517c3e55477457ac3f/Altus_Group_Limited_MDA_2025Q4.pdf""]",3,"[""qualified_core_identity""]",false,[],2026-08-30,Qualified-core identity; individual claims still require editorial review.
dsc-35be3d34ec09,Alude,"[""Alude""]",[],[],discovery_only,true,"[""yc_real_estate_construction_2026-08-30""]",1,[],[],"[""https://ycombinator.com/companies/alude"",""https://ycombinator.com/companies/industry/real-estate-and-construction""]","[""13083""]","[""W2020""]","[""Active""]",[],0,[],0,[],"[""Real-estate software / adjacent""]","[""L12 Data/intelligence""]","[""C""]",[],"[""BR""]","[""São Paulo, State of São Paulo, Brazil""]","[""8""]","[""We offer free software that automates bureaucracy for real-estate…""]","[""https://ycombinator.com/companies/alude"",""https://ycombinator.com/companies/industry/real-estate-and-construction""]",2,"[""source_native_yc_identity""]",false,[],2026-08-30,"Discovery presence is not operating, traction, outcome, security or JCX-fit evidence."
dsc-72e98b957476,alvéole,"[""alvéole""]",[],[],discovery_only,true,"[""built_environment_ecosystem_discovery_index""]",1,[],[],"[""https://tarongagroup.com/wp-content/uploads/2025/07/RealTechX-Asset-Impact-Booklet-2025-1.pdf""]",[],[],[],"[""Taronga RealTechX / Asset Impact""]",1,"[""eco-src-c5536a6fb1f4""]",1,"[""Alumni/support history displayed""]",[],[],[],[],[],[],[],[],"[""https://tarongagroup.com/wp-content/uploads/2025/07/RealTechX-Asset-Impact-Booklet-2025-1.pdf""]",1,"[""source_native_ecosystem_identity""]",false,[],2026-08-30,"Discovery presence is not operating, traction, outcome, security or JCX-fit evidence."
dsc-1bf536a7f329,Amazive,"[""Amazive""]",[],[],discovery_only,true,"[""built_environment_ecosystem_discovery_index""]",1,[],[],"[""https://cemexventures.com/top-50""]",[],[],[],"[""CEMEX Ventures Top 50 ConTech 2026""]",1,"[""eco-src-6138f6f0b73f""]",1,"[""Selected for 2026 Top 50""]","[""Supply Chain""]",[],[],[],[],[],[],"[""Supply Chain""]","[""https://cemexventures.com/top-50""]",1,"[""source_native_ecosystem_identity""]",false,[],2026-08-30,"Discovery presence is not operating, traction, outcome, security or JCX-fit evidence."
dsc-9d49d8c03acb,Ambient,"[""Ambient""]",[],[],discovery_only,true,"[""built_environment_ecosystem_discovery_index""]",1,"[""dwelo.com""]","[""https://dwelo.com/""]","[""https://moderneventures.com/portfolio/ambient""]",[],[],[],"[""Moderne Ventures / Passport""]",1,"[""eco-src-42d1dab46a53""]",1,"[""Exited (displayed)""]","[""Passport""]",[],[],[],[],[],[],"[""Smart building platform manages devices across communities — Platform digitally connects + controls electronic devices like lights, locks and thermostats across properties — Passport""]","[""https://dwelo.com/"",""https://moderneventures.com/portfolio/ambient""]",2,"[""source_native_ecosystem_identity""]",false,[],2026-08-30,"Discovery presence is not operating, traction, outcome, security or JCX-fit evidence."
dsc-d8567298b4ea,AMBR,"[""AMBR""]",[],[],discovery_only,true,"[""built_environment_ecosystem_discovery_index""]",1,"[""ambr.company""]","[""https://ambr.company/""]","[""https://pilabs.vc/portfolio""]",[],[],[],"[""Pi Labs""]",1,"[""eco-src-087ae1cbd653""]",1,"[""Active/portfolio""]",[],[],[],[],[],[],[],"[""Voice AI for high-stakes workplace conversations Est. 2022. United Kingdom. <br> Founded by Zoe Stones, Jamie Wood and Steph Newton. <br> Last Funding Round: Pre-Seed""]","[""https://ambr.company/"",""https://pilabs.vc/portfolio""]",2,"[""source_native_ecosystem_identity""]",false,[],2026-08-30,"Discovery presence is not operating, traction, outcome, security or JCX-fit evidence."
dsc-e99d6f2ae4de,Amenify,"[""Amenify""]",[],[],discovery_only,true,"[""built_environment_ecosystem_discovery_index""]",1,"[""amenify.com""]","[""https://amenify.com/""]","[""https://ret.vc/portfolio""]",[],[],[],"[""RET Ventures Portfolio""]",1,"[""eco-src-ee13993459d1""]",1,"[""Portfolio company displayed""]",[],[],[],[],[],[],[],"[""Amenify Amenify is a one-stop platform shop for trusted services, including on-site fitness, dog walks, cleanings, and community events. Apartment owners use white-label technology to enhance their asset and eliminate work for the onsite team and residents get top-tier services at an affordable rate. Year of investment 2017 Stage at Investment All Seed Real Estate Focus All Multifamily View WEbsite""]","[""https://amenify.com/"",""https://ret.vc/portfolio""]",2,"[""source_native_ecosystem_identity""]",false,[],2026-08-30,"Discovery presence is not operating, traction, outcome, security or JCX-fit evidence."
dsc-86084ba1cb1b,Ampd Energy,"[""Ampd Energy""]","[""organization""]","[""org-ampd-energy-d47df2a""]",qualified_core,false,"[""built_environment_ecosystem_discovery_index"",""qualified_core""]",2,"[""ampd.energy""]","[""https://ampd.energy/""]","[""https://2150.vc/investments/ampd-energy""]",[],[],[],"[""2150""]",1,"[""eco-src-2399b1c8e15d""]",1,"[""Investment displayed; current status not inferred""]","[""Construction batteries""]","[""L10"",""L5""]","[""C""]","[""Singapore""]","[""Australia""]",[],[],"[""Ampd Energy Ampd Energy's battery storage systems replace diesel generators on construction sites, enabling cleaner, quieter, safer operations at lower cost.""]","[""https://2150.vc/investments/ampd-energy"",""https://ampd.energy/"",""https://tarongagroup.com/realtechx""]",3,"[""exact_normalized_name"",""qualified_core_identity""]",false,[],2026-08-30,Qualified-core identity; individual claims still require editorial review.
dsc-3385eee84c46,App,"[""App""]",[],[],discovery_only,true,"[""built_environment_ecosystem_discovery_index""]",1,"[""app.constructapp.io""]","[""https://app.constructapp.io/""]","[""https://metaprop.com/portfolio""]",[],[],[],"[""MetaProp""]",1,"[""eco-src-6755ba661a4a""]",1,"[""Active/portfolio""]",[],[],[],[],[],[],[],[],"[""https://app.constructapp.io/"",""https://metaprop.com/portfolio""]",2,"[""source_native_ecosystem_identity""]",false,[],2026-08-30,"Discovery presence is not operating, traction, outcome, security or JCX-fit evidence."
dsc-b7f2b4ee9e2a,AppFolio,"[""AppFolio""]","[""organization""]","[""org-appfolio-fa66ac8""]",qualified_core,false,"[""qualified_core""]",1,"[""appfolio.com""]","[""https://appfolio.com/""]",[],[],[],[],[],0,[],0,[],"[""Property management platform""]","[""L3"",""L6"",""L7"",""L8""]",[],[],"[""United States""]",[],[],[],"[""https://appfolio.com/""]",1,"[""qualified_core_identity""]",true,"[""Domain appfolio.com is also used by ecosystem candidate 'LiveEasy'; identities were deliberately kept separate.""]",2026-08-30,Qualified-core identity; individual claims still require editorial review.
dsc-17e7c09336af,Applause,"[""Applause""]",[],[],discovery_only,true,"[""built_environment_ecosystem_discovery_index""]",1,"[""applausehq.com""]","[""https://applausehq.com/""]","[""https://ret.vc/portfolio""]",[],[],[],"[""RET Ventures Portfolio""]",1,"[""eco-src-6cf08eef6e32""]",1,"[""Portfolio company displayed""]",[],[],[],[],[],[],[],"[""Applause Applause is a fintech platform whose purpose is to help companies hire, motivate and retain service workers by providing better financial benefits & incentives to their employees. When service employees' wages are higher, paid faster, and enhanced with performance bonuses, everyone wins – businesses have enough workers, employees' financial lives are better, and customers receive prompt and friendly service. Year of investment 2022 Stage at Investment All Seed Real Estate Focus All Other View WEbsite""]","[""https://applausehq.com/"",""https://ret.vc/portfolio""]",2,"[""source_native_ecosystem_identity""]",false,[],2026-08-30,"Discovery presence is not operating, traction, outcome, security or JCX-fit evidence."
dsc-3ece41d1eb02,Apply Design,"[""Apply Design""]","[""organization""]","[""org-apply-design-73f51a0""]",qualified_core,false,"[""qualified_core"",""yc_real_estate_construction_2026-08-30""]",2,[],[],"[""https://ycombinator.com/companies/apply-design"",""https://ycombinator.com/companies/industry/real-estate-and-construction""]","[""26802""]","[""S2022""]","[""Active""]",[],0,[],0,[],"[""AI virtual staging for property marketing"",""Design / visualization""]","[""L11"",""L4 Design/BIM; L6 Marketing/sales; L7 Occupancy/tenant; L12 Data/intelligence"",""L6""]","[""A"",""C""]",[],"[""IL"",""Israel""]","[""Tel Aviv-Yafo, Israel""]","[""4""]","[""Apply Design is a leading AI-powered virtual staging app that empowers real estate professionals to showcase the full potential of their properties to prospective buyers, helping them sell homes faster and for higher prices. We virtually stage over 10,000 properties monthly, transforming images of vacant or outdated spaces into fully furnished, captivating property photos. Our proprietary AI-powered software is..."",""Helping realtors showcase the full potential of their properties""]","[""https://ycombinator.com/companies/apply-design"",""https://ycombinator.com/companies/industry/real-estate-and-construction""]",2,"[""exact_normalized_name"",""qualified_core_identity""]",false,[],2026-08-30,Qualified-core identity; individual claims still require editorial review.
dsc-0460daeff28c,Appraisify,"[""Appraisify""]",[],[],discovery_only,true,"[""built_environment_ecosystem_discovery_index""]",1,"[""appraisify.com""]","[""https://appraisify.com/""]","[""https://metaprop.com/portfolio""]",[],[],[],"[""MetaProp""]",1,"[""eco-src-36d929d3b2dd""]",1,"[""Exited/marked exited""]",[],[],[],[],[],[],[],[],"[""https://appraisify.com/"",""https://metaprop.com/portfolio""]",2,"[""source_native_ecosystem_identity""]",false,[],2026-08-30,"Discovery presence is not operating, traction, outcome, security or JCX-fit evidence."
dsc-0f7a2014c8dc,Aquanta,"[""Aquanta""]",[],[],discovery_only,true,"[""built_environment_ecosystem_discovery_index""]",1,"[""aquanta.io""]","[""https://aquanta.io/""]","[""https://moderneventures.com/portfolio/aquanta""]",[],[],[],"[""Moderne Ventures / Passport""]",1,"[""eco-src-0c1672e7514f""]",1,"[""Portfolio/Passport listing displayed""]","[""Passport""]",[],[],[],[],[],[],"[""Smart water heating technology — Smart technology that optimizes water heating efficiency and reduces costs — Passport""]","[""https://aquanta.io/"",""https://moderneventures.com/portfolio/aquanta""]",2,"[""source_native_ecosystem_identity""]",false,[],2026-08-30,"Discovery presence is not operating, traction, outcome, security or JCX-fit evidence."
dsc-204525d42c09,AquaShield,"[""AquaShield""]",[],[],discovery_only,true,"[""yc_real_estate_construction_2026-08-30""]",1,[],[],"[""https://ycombinator.com/companies/aquashield"",""https://ycombinator.com/companies/industry/real-estate-and-construction""]","[""31487""]","[""P2026""]","[""Active""]",[],0,[],0,[],"[""Real-estate software / adjacent""]","[""L9 Portfolio/asset; L12 Data/intelligence""]","[""C""]",[],"[""US""]","[""San Francisco""]","[""3""]","[""AI water leak detection for buildings"",""AquaShield protects large real estate portfolios against water damage (losses of up to hundreds of millions per year).""]","[""https://ycombinator.com/companies/aquashield"",""https://ycombinator.com/companies/industry/real-estate-and-construction""]",2,"[""source_native_yc_identity""]",false,[],2026-08-30,"Discovery presence is not operating, traction, outcome, security or JCX-fit evidence."
dsc-5f178b677ffe,arbnco,"[""arbnco""]",[],[],discovery_only,true,"[""built_environment_ecosystem_discovery_index""]",1,"[""arbnco.co.uk""]","[""https://arbnco.co.uk/""]","[""https://spark.jllt.com/portfolio""]",[],[],[],"[""JLL Spark""]",1,"[""eco-src-d504a03c868a""]",1,"[""Exited""]",[],[],[],[],[],[],[],"[""Exited to IMSERV Accelerate your net-zero journey with our AI-powered platform for Real Estate View website""]","[""https://arbnco.co.uk/"",""https://spark.jllt.com/portfolio""]",2,"[""source_native_ecosystem_identity""]",false,[],2026-08-30,"Discovery presence is not operating, traction, outcome, security or JCX-fit evidence."
dsc-b8e5c5e44892,Arcbazar,"[""Arcbazar""]",[],[],discovery_only,true,"[""built_environment_ecosystem_discovery_index""]",1,"[""arcbazar.com""]","[""https://arcbazar.com/""]","[""https://moderneventures.com/portfolio/arcbazar""]",[],[],[],"[""Moderne Ventures / Passport""]",1,"[""eco-src-0a4964a43adc""]",1,"[""Portfolio/Passport listing displayed""]","[""Passport""]",[],[],[],[],[],[],"[""Interior design crowdsourcing platform disrupting the industry — An online marketplace for affordable and professional interior and architectural designs — Passport""]","[""https://arcbazar.com/"",""https://moderneventures.com/portfolio/arcbazar""]",2,"[""source_native_ecosystem_identity""]",false,[],2026-08-30,"Discovery presence is not operating, traction, outcome, security or JCX-fit evidence."
dsc-302dcff1bf9f,ArchiLabs,"[""ArchiLabs""]","[""organization""]","[""org-archilabs-8f4d23e""]",qualified_core,false,"[""qualified_core"",""yc_real_estate_construction_2026-08-30""]",2,[],[],"[""https://ycombinator.com/companies/archilabs"",""https://ycombinator.com/companies/industry/real-estate-and-construction""]","[""30105""]","[""F2024""]","[""Active""]",[],0,[],0,[],"[""ConTech / construction operations""]","[""L4"",""L4 Design/BIM; L5 Construction; L12 Data/intelligence"",""L5""]","[""A"",""C""]",[],"[""US"",""United States""]","[""San Francisco""]","[""2""]","[""AI Data Center Design"",""ArchiLabs is building the data center project OS.""]","[""https://ycombinator.com/companies/archilabs"",""https://ycombinator.com/companies/industry/real-estate-and-construction""]",2,"[""exact_normalized_name"",""qualified_core_identity""]",false,[],2026-08-30,Qualified-core identity; individual claims still require editorial review.
dsc-73ae933bc161,Archistar,"[""Archistar""]","[""organization""]","[""org-archistar-2a1bcac""]",qualified_core,false,"[""qualified_core""]",1,"[""archistar.ai""]","[""https://archistar.ai/""]",[],[],[],[],[],0,[],0,[],"[""AI-feasibility-planning""]","[""L1"",""L2"",""L4""]","[""A""]",[],"[""Australia""]",[],[],[],"[""https://archistar.ai/"",""https://archistar.ai/for-property-developers-legacy"",""https://planning.nsw.gov.au/news/nsw-government-bringing-planning-21st-century""]",3,"[""qualified_core_identity""]",false,[],2026-08-30,Qualified-core identity; individual claims still require editorial review.
dsc-538c0f831da3,Aro,"[""Aro""]",[],[],discovery_only,true,"[""built_environment_ecosystem_discovery_index""]",1,"[""arosoftware.com""]","[""https://arosoftware.com/""]","[""https://nar-reach.com/australia-and-newzealand""]",[],[],[],"[""NAR REACH Australia & New Zealand""]",1,"[""eco-src-dfa21a0ffb5f""]",1,"[""2026 cohort (or current page cohort)""]",[],[],[],"[""Australia/New Zealand""]",[],[],[],"[""An Australian-owned real estate CRM, marketing and website platform built by agents for agents, delivering an integrated system that helps agencies streamline operations, strengthen their brand and grow market share with confidence.""]","[""https://arosoftware.com/"",""https://nar-reach.com/australia-and-newzealand""]",2,"[""source_native_ecosystem_identity""]",false,[],2026-08-30,"Discovery presence is not operating, traction, outcome, security or JCX-fit evidence."
dsc-16bbeea422c9,artic,"[""artic""]",[],[],discovery_only,true,"[""built_environment_ecosystem_discovery_index""]",1,"[""artic.works""]","[""https://artic.works/""]","[""https://pilabs.vc/portfolio""]",[],[],[],"[""Pi Labs""]",1,"[""eco-src-f9c507d172fd""]",1,"[""Active/portfolio""]",[],[],[],[],[],[],[],"[""AI Software Powering Offsite Construction Est. 2021. United Kingdom. <br> Founded by Tom Darlow. <br> Last Funding Round: Pre-Seed""]","[""https://artic.works/"",""https://pilabs.vc/portfolio""]",2,"[""source_native_ecosystem_identity""]",false,[],2026-08-30,"Discovery presence is not operating, traction, outcome, security or JCX-fit evidence."
dsc-5773eaaa0d32,Asano,"[""Asano""]","[""organization""]","[""org-asano-7c359e8""]",qualified_core,false,"[""built_environment_ecosystem_discovery_index"",""qualified_core""]",2,[],[],"[""https://nar-reach.com/dubai-land-department-second-century-ventures-celebrate-start-of-reach-middle-east"",""https://nar-reach.com/news""]",[],[],[],"[""NAR REACH Middle East""]",1,"[""eco-src-174f99eae615""]",1,"[""2026 cohort""]","[""Development intelligence""]","[""L1"",""L3""]","[""B""]","[""Middle East""]","[""United Arab Emirates""]",[],[],"[""Real estate development intelligence platform unifying financial, development and spatial data for capital planning.""]","[""https://nar-reach.com/dubai-land-department-second-century-ventures-celebrate-start-of-reach-middle-east"",""https://nar-reach.com/news""]",2,"[""exact_normalized_name"",""qualified_core_identity""]",false,[],2026-08-30,Qualified-core identity; individual claims still require editorial review.
dsc-8565145d7b4a,Assembly HOA,"[""Assembly HOA""]","[""organization""]","[""org-assembly-hoa-ccdf571""]",qualified_core,false,"[""qualified_core"",""yc_real_estate_construction_2026-08-30""]",2,[],[],"[""https://ycombinator.com/companies/assembly-hoa"",""https://ycombinator.com/companies/industry/real-estate-and-construction""]","[""29824""]","[""S2024""]","[""Active""]",[],0,[],0,[],"[""AI-native HOA management and community operations"",""Property operations / housing""]","[""L7"",""L7 Occupancy/tenant; L12 Data/intelligence"",""L8""]","[""B""]",[],"[""US"",""United States""]","[""San Francisco""]","[""12""]","[""AI-native HOA Management Company"",""Assembly is an AI-native HOA management company on a mission to fix homeowner associations. Traditional HOA management is often reactive, confusing, and inefficient. Assembly takes a different approach by combining professional expertise with intelligent software to make communities run smoothly and decisions easier. We exist to build trust, create transparency, and ensure well-run communities that protect and...""]","[""https://ycombinator.com/companies/assembly-hoa"",""https://ycombinator.com/companies/industry/real-estate-and-construction""]",2,"[""exact_normalized_name"",""qualified_core_identity""]",false,[],2026-08-30,Qualified-core identity; individual claims still require editorial review.
dsc-75da612a866a,Association Online,"[""Association Online""]","[""organization""]","[""org-association-online-7880320""]",qualified_core,false,"[""qualified_core""]",1,[],[],"[""https://nar-reach.com/second-century-ventures-announces-6-technology-companies-for-2026-reach-scale-up-program""]",[],[],[],[],0,[],0,[],"[""HOA data/transparency""]","[""L3""]","[""B""]",[],"[""United States""]",[],[],[],"[""https://nar-reach.com/second-century-ventures-announces-6-technology-companies-for-2026-reach-scale-up-program""]",1,"[""qualified_core_identity""]",false,[],2026-08-30,Qualified-core identity; individual claims still require editorial review.
dsc-145fbaffe6be,AssociationOnline,"[""AssociationOnline""]",[],[],discovery_only,true,"[""built_environment_ecosystem_discovery_index""]",1,"[""associationonline.com""]","[""https://associationonline.com/""]","[""https://nar-reach.com/latam"",""https://nar-reach.com/us-residential""]",[],[],[],"[""NAR REACH Latin America"",""NAR REACH US Residential""]",2,"[""eco-src-04f952dc57d6"",""eco-src-dd90ba8f4295""]",2,"[""2026 cohort (or current page cohort)""]",[],[],[],"[""Latin America"",""United States""]",[],[],[],"[""Delivers a comprehensive HOA data and transparency solution designed to reduce closing delays, mitigate risk, and provide specialized support that empowers agents to navigate HOA transactions confidently and drive client loyalty.""]","[""https://associationonline.com/"",""https://nar-reach.com/latam"",""https://nar-reach.com/us-residential""]",3,"[""exact_normalized_name_with_domain_corroboration"",""source_native_ecosystem_identity""]",false,[],2026-08-30,"Discovery presence is not operating, traction, outcome, security or JCX-fit evidence."
dsc-8c5aded2d0e9,Aston,"[""Aston""]",[],[],discovery_only,true,"[""built_environment_ecosystem_discovery_index""]",1,"[""astonpower.com""]","[""https://astonpower.com/""]","[""https://spark.jllt.com/portfolio""]",[],[],[],"[""JLL Spark""]",1,"[""eco-src-2772e038f279""]",1,"[""Active/portfolio""]",[],[],[],[],[],[],[],"[""Aston orchestrates the entire power capacity stack—from generation and transmission to orchestration—to provide gigawatt-scale capacity purpose-built for the world’s most demanding workloads. View website""]","[""https://astonpower.com/"",""https://spark.jllt.com/portfolio""]",2,"[""source_native_ecosystem_identity""]",false,[],2026-08-30,"Discovery presence is not operating, traction, outcome, security or JCX-fit evidence."
dsc-7309f76ec959,Asuene,"[""Asuene""]",[],[],discovery_only,true,"[""built_environment_ecosystem_discovery_index""]",1,"[""asuene.com""]","[""https://asuene.com/us""]","[""https://metaprop.com/portfolio""]",[],[],[],"[""MetaProp""]",1,"[""eco-src-3975c958a0d8""]",1,"[""Active/portfolio""]",[],[],[],[],[],[],[],[],"[""https://asuene.com/us"",""https://metaprop.com/portfolio""]",2,"[""source_native_ecosystem_identity""]",false,[],2026-08-30,"Discovery presence is not operating, traction, outcome, security or JCX-fit evidence."
dsc-45d28ecec611,At Ease,"[""At Ease""]",[],[],discovery_only,true,"[""built_environment_ecosystem_discovery_index""]",1,"[""atease.io""]","[""https://atease.io/""]","[""https://metaprop.com/portfolio""]",[],[],[],"[""MetaProp""]",1,"[""eco-src-ce2696d67dc5""]",1,"[""Active/portfolio""]",[],[],[],[],[],[],[],[],"[""https://atease.io/"",""https://metaprop.com/portfolio""]",2,"[""source_native_ecosystem_identity""]",false,[],2026-08-30,"Discovery presence is not operating, traction, outcome, security or JCX-fit evidence."
dsc-931cf59a7c88,ATC Research,"[""ATC Research""]",[],[],discovery_only,true,"[""built_environment_ecosystem_discovery_index""]",1,"[""atcresearch.co""]","[""https://atcresearch.co/""]","[""https://metaprop.com/portfolio""]",[],[],[],"[""MetaProp""]",1,"[""eco-src-3ac15affabb2""]",1,"[""Active/portfolio""]",[],[],[],[],[],[],[],[],"[""https://atcresearch.co/"",""https://metaprop.com/portfolio""]",2,"[""source_native_ecosystem_identity""]",false,[],2026-08-30,"Discovery presence is not operating, traction, outcome, security or JCX-fit evidence."
dsc-6941c96a0615,Atlia,"[""Atlia""]",[],[],discovery_only,true,"[""yc_real_estate_construction_2026-08-30""]",1,[],[],"[""https://ycombinator.com/companies/atlia"",""https://ycombinator.com/companies/industry/real-estate-and-construction""]","[""31257""]","[""S2026""]","[""Active""]",[],0,[],0,[],"[""Property operations / housing""]","[""L7 Occupancy/tenant; L8 FM/maintenance; L12 Data/intelligence""]","[""A""]",[],"[""US""]","[""San Francisco""]","[""2""]","[""The AI-native property management company"",""We manage short-term rental properties by running operations completely autonomously. By replacing costly human coordination with AI agents, we cut traditional management fees in half so Airbnb hosts take home 10% to 20% more revenue with zero effort. This lets us offer the best owner and guest experiences with the lowest management rates in the country.""]","[""https://ycombinator.com/companies/atlia"",""https://ycombinator.com/companies/industry/real-estate-and-construction""]",2,"[""source_native_yc_identity""]",false,[],2026-08-30,"Discovery presence is not operating, traction, outcome, security or JCX-fit evidence."
dsc-ca9d6d8e0217,AtmosZero,"[""AtmosZero""]",[],[],discovery_only,true,"[""built_environment_ecosystem_discovery_index""]",1,[],[],"[""https://2150.vc/investments/atmoszero""]",[],[],[],"[""2150""]",1,"[""eco-src-07e0ae78c676""]",1,"[""Investment displayed; current status not inferred""]",[],[],[],"[""United States""]",[],[],[],"[""AtmosZero AtmosZero built the world's first modular, electrified steam-generating heat pump, a direct, cost-effective replacement for gas boilers in industry.""]","[""https://2150.vc/investments/atmoszero""]",1,"[""source_native_ecosystem_identity""]",false,[],2026-08-30,"Discovery presence is not operating, traction, outcome, security or JCX-fit evidence."
dsc-8b02995a6630,Atoms,"[""Atoms""]",[],[],discovery_only,true,"[""built_environment_ecosystem_discovery_index""]",1,"[""atoms.co""]","[""https://atoms.co/""]","[""https://fifthwall.com/portfolio""]",[],[],[],"[""Fifth Wall""]",1,"[""eco-src-fdd7ff19a7c5""]",1,"[""Active/portfolio""]",[],[],[],[],[],[],[],"[""Atoms is an Industrial AI and smart city infrastructure company building the machines that automate the industries that move civilization forward and the infrastructure that powers them. Founded by Travis Kalanick, Atoms operates across Food, Mining, and Transport through businesses including CloudKitchens, Otter, Picnic, Lab37, ProFood, and Pronto.""]","[""https://atoms.co/"",""https://fifthwall.com/portfolio""]",2,"[""source_native_ecosystem_identity""]",false,[],2026-08-30,"Discovery presence is not operating, traction, outcome, security or JCX-fit evidence."
dsc-6b69840e19b7,Attentive,"[""Attentive""]",[],[],discovery_only,true,"[""built_environment_ecosystem_discovery_index""]",1,"[""attentive.com""]","[""https://attentive.com/""]","[""https://metaprop.com/portfolio""]",[],[],[],"[""MetaProp""]",1,"[""eco-src-6d033c29fc93""]",1,"[""Active/portfolio""]",[],[],[],[],[],[],[],[],"[""https://attentive.com/"",""https://metaprop.com/portfolio""]",2,"[""source_native_ecosystem_identity""]",false,[],2026-08-30,"Discovery presence is not operating, traction, outcome, security or JCX-fit evidence."
dsc-8df798af49ed,Attuneiot,"[""Attuneiot""]",[],[],discovery_only,true,"[""built_environment_ecosystem_discovery_index""]",1,"[""attuneiot.com""]","[""https://attuneiot.com/""]","[""https://metaprop.com/portfolio""]",[],[],[],"[""MetaProp""]",1,"[""eco-src-395a61aef4db""]",1,"[""Active/portfolio""]",[],[],[],[],[],[],[],[],"[""https://attuneiot.com/"",""https://metaprop.com/portfolio""]",2,"[""source_native_ecosystem_identity""]",false,[],2026-08-30,"Discovery presence is not operating, traction, outcome, security or JCX-fit evidence."
dsc-0c0b85316b06,AUAR,"[""AUAR""]","[""organization""]","[""org-auar-c47f01d""]",qualified_core,false,"[""qualified_core""]",1,"[""auar.io""]","[""https://auar.io/""]",[],[],[],[],[],0,[],0,[],"[""automated architecture and modular construction robotics""]","[""L4"",""L5""]","[""A""]",[],"[""United Kingdom""]",[],[],[],"[""https://auar.io/"",""https://auar.io/how-it-works"",""https://shadow.vc/investments/auar""]",3,"[""qualified_core_identity""]",false,[],2026-08-30,Qualified-core identity; individual claims still require editorial review.
dsc-dce4ddb260bc,Audette,"[""Audette""]",[],[],discovery_only,true,"[""built_environment_ecosystem_discovery_index""]",1,"[""audette.io""]","[""http://audette.io/""]","[""https://moderneventures.com/portfolio/audette""]",[],[],[],"[""Moderne Ventures / Passport""]",1,"[""eco-src-4cb6522153c6""]",1,"[""Portfolio/Passport listing displayed""]","[""Passport""]",[],[],[],[],[],[],"[""Turning decarbonization from a cost center into a strategic competitive advantage — Decarbonization platform for commercial real estate to generate capex-ready, asset-level net zero plans with ease, speed and scale — Passport""]","[""http://audette.io/"",""https://moderneventures.com/portfolio/audette""]",2,"[""source_native_ecosystem_identity""]",false,[],2026-08-30,"Discovery presence is not operating, traction, outcome, security or JCX-fit evidence."
dsc-72f4de10a0c2,Audience Town,"[""Audience Town""]",[],[],discovery_only,true,"[""built_environment_ecosystem_discovery_index""]",1,"[""audiencetown.com""]","[""https://audiencetown.com/""]","[""https://moderneventures.com/portfolio/audience-town""]",[],[],[],"[""Moderne Ventures / Passport""]",1,"[""eco-src-445ec5adb858""]",1,"[""Portfolio/Passport listing displayed""]","[""Passport""]",[],[],[],[],[],[],"[""Advanced sales and marketing platform for homebuilders — Data-driven insights to enhance marketing efficiency and maximize ROI — Passport""]","[""https://audiencetown.com/"",""https://moderneventures.com/portfolio/audience-town""]",2,"[""source_native_ecosystem_identity""]",false,[],2026-08-30,"Discovery presence is not operating, traction, outcome, security or JCX-fit evidence."
dsc-4a121ff4cfa6,AuditMate,"[""AuditMate""]",[],[],discovery_only,true,"[""built_environment_ecosystem_discovery_index""]",1,"[""auditmate.com""]","[""https://auditmate.com/""]","[""https://moderneventures.com/portfolio/auditmate""]",[],[],[],"[""Moderne Ventures / Passport""]",1,"[""eco-src-83092b4d25ef""]",1,"[""Portfolio/Passport listing displayed""]","[""Investment""]",[],[],[],[],[],[],"[""Auditing + management SaaS AI platform that audits all maintenance, breakdowns, testing, and compliance to ensure contract compliance and cost-effectiveness — By integrating AuditMate's services, enterprises can enhance operational efficiency, reduce maintenance costs, and ensure compliance with industry standards — Investment""]","[""https://auditmate.com/"",""https://moderneventures.com/portfolio/auditmate""]",2,"[""source_native_ecosystem_identity""]",false,[],2026-08-30,"Discovery presence is not operating, traction, outcome, security or JCX-fit evidence."
dsc-66eaafb9e125,August Home,"[""August Home""]",[],[],discovery_only,true,"[""built_environment_ecosystem_discovery_index""]",1,"[""august.com""]","[""https://august.com/""]","[""https://moderneventures.com/portfolio/august-home""]",[],[],[],"[""Moderne Ventures / Passport""]",1,"[""eco-src-8f187c44f7b6""]",1,"[""Exited (displayed)""]","[""Investment""]",[],[],[],[],[],[],"[""Smarter Home Access that Frees You — Smart, keyless entry products that integrate with common smart home brands for a safer, more connected home. Acquired by Assa Abloy. — Investment""]","[""https://august.com/"",""https://moderneventures.com/portfolio/august-home""]",2,"[""source_native_ecosystem_identity""]",false,[],2026-08-30,"Discovery presence is not operating, traction, outcome, security or JCX-fit evidence."
dsc-980b4377657d,Aunt Flow,"[""Aunt Flow""]",[],[],discovery_only,true,"[""built_environment_ecosystem_discovery_index""]",1,"[""goauntflow.com""]","[""https://goauntflow.com/""]","[""https://spark.jllt.com/portfolio""]",[],[],[],"[""JLL Spark""]",1,"[""eco-src-e08f6336fd49""]",1,"[""Active/portfolio""]",[],[],[],[],[],[],[],"[""Providing everyone with access to high-quality menstrual products anywhere life takes them! View website""]","[""https://goauntflow.com/"",""https://spark.jllt.com/portfolio""]",2,"[""source_native_ecosystem_identity""]",false,[],2026-08-30,"Discovery presence is not operating, traction, outcome, security or JCX-fit evidence."
dsc-ac91b94735ae,Aurora Solar,"[""Aurora Solar""]","[""organization""]","[""org-aurora-solar-62db3f0""]",qualified_core,false,"[""built_environment_ecosystem_discovery_index"",""qualified_core""]",2,"[""aurorasolar.com""]","[""https://aurorasolar.com/""]","[""https://fifthwall.com/portfolio""]",[],[],[],"[""Fifth Wall""]",1,"[""eco-src-680cc4f34033""]",1,"[""Active/portfolio""]","[""Solar design sales finance""]","[""L10"",""L6""]","[""A""]",[],"[""United States""]",[],[],"[""Aurora Solar develops cloud-based software that enables sophisticated solar PV engineering design, provides workflow management functionality, and facilitates sales and customer acquisition for solar installers and financiers. Our software is used to create over 60,000 solar projects a month across the US and around the world""]","[""https://aurorasolar.com/"",""https://fifthwall.com/portfolio""]",2,"[""exact_normalized_name_with_domain_corroboration"",""qualified_core_identity""]",false,[],2026-08-30,Qualified-core identity; individual claims still require editorial review.
dsc-832ed74bc8aa,Aurum-PropTech,"[""Aurum-PropTech""]","[""organization""]","[""org-aurum-proptech-3c687dc""]",qualified_core,false,"[""qualified_core""]",1,"[""aurumproptech.in""]","[""https://aurumproptech.in/""]",[],[],[],[],[],0,[],0,[],"[""integrated-PropTech-holding""]","[""L12"",""L3""]","[""A""]",[],"[""India""]",[],[],[],"[""https://aurumproptech.in/"",""https://aurumproptech.in/about""]",2,"[""qualified_core_identity""]",false,[],2026-08-30,Qualified-core identity; individual claims still require editorial review.
dsc-05e8b08bdaab,Autocase,"[""Autocase""]",[],[],discovery_only,true,"[""built_environment_ecosystem_discovery_index""]",1,[],[],"[""https://tarongagroup.com/wp-content/uploads/2025/07/RealTechX-Asset-Impact-Booklet-2025-1.pdf""]",[],[],[],"[""Taronga RealTechX / Asset Impact""]",1,"[""eco-src-23917cbe7c90""]",1,"[""Alumni/support history displayed""]",[],[],[],[],[],[],[],[],"[""https://tarongagroup.com/wp-content/uploads/2025/07/RealTechX-Asset-Impact-Booklet-2025-1.pdf""]",1,"[""source_native_ecosystem_identity""]",false,[],2026-08-30,"Discovery presence is not operating, traction, outcome, security or JCX-fit evidence."
dsc-69766b9e133f,Autodesk Construction Cloud / Forma,"[""Autodesk Construction Cloud"",""Autodesk Construction Cloud / Forma""]","[""product_offering""]","[""org-autodesk-construction-cloud-1c9b0c9""]",qualified_core,false,"[""qualified_core""]",1,"[""construction.autodesk.com""]","[""https://construction.autodesk.com/""]",[],[],[],[],[],0,[],0,[],"[""BIM/CDE""]","[""L4"",""L5""]",[],[],"[""United States""]",[],[],[],"[""https://construction.autodesk.com/"",""https://construction.autodesk.com/resources/customer-success-stories/boustead-projects-cuts-rework-by-20-and-saves-months-on-handovers-with-autodesk-forma-2""]",2,"[""qualified_core_identity""]",false,[],2026-08-30,Qualified-core identity; individual claims still require editorial review.
dsc-3f3d7c3c55e4,Automax.ai,"[""Automax.ai""]","[""organization""]","[""org-automax-ai-d3cbf41""]",qualified_core,false,"[""qualified_core"",""yc_real_estate_construction_2026-08-30""]",2,[],[],"[""https://ycombinator.com/companies/automax-ai"",""https://ycombinator.com/companies/industry/real-estate-and-construction""]","[""30956""]","[""F2025""]","[""Active""]",[],0,[],0,[],"[""AI appraisal"",""Property data / transaction infrastructure""]","[""L1"",""L2 Feasibility; L7 Occupancy/tenant; L12 Data/intelligence"",""L3""]","[""A"",""B""]",[],"[""US"",""United States""]","[""San Francisco""]","[""4""]","[""AI native real-estate appraisal firm"",""Automax.ai does property appraisals faster and more transparent. Our mobile app uses LiDAR and computer vision to capture property details automatically, and our custom-trained AI agents combine that data with all the analysis and aggregation required to to generate a complete appraisal report in minutes. The result is a clear, grounded valuation, fully Fannie Mae & Freddie Mac compliant — done in under 20...""]","[""https://ycombinator.com/companies/automax-ai"",""https://ycombinator.com/companies/industry/real-estate-and-construction""]",2,"[""exact_normalized_name"",""qualified_core_identity""]",false,[],2026-08-30,Qualified-core identity; individual claims still require editorial review.
dsc-279dbb359885,AUTOSITU,"[""AUTOSITU""]",[],[],discovery_only,true,"[""built_environment_ecosystem_discovery_index""]",1,"[""autositu.com""]","[""https://autositu.com/""]","[""https://pilabs.vc/portfolio""]",[],[],[],"[""Pi Labs""]",1,"[""eco-src-ca5ef8757a1f""]",1,"[""Active/portfolio""]",[],[],[],[],[],[],[],"[""AI-native development planning review. Est. 2025. Michigan. USA. Founded by Asher Lin and George Zhai. Last Funding Round: Seed.""]","[""https://autositu.com/"",""https://pilabs.vc/portfolio""]",2,"[""source_native_ecosystem_identity""]",false,[],2026-08-30,"Discovery presence is not operating, traction, outcome, security or JCX-fit evidence."
dsc-b4fb5561b31f,Avail,"[""Avail""]",[],[],discovery_only,true,"[""built_environment_ecosystem_discovery_index""]",1,"[""avail.com""]","[""https://avail.com/""]","[""https://metaprop.com/portfolio""]",[],[],[],"[""MetaProp""]",1,"[""eco-src-5794cc41911f""]",1,"[""Exited/marked exited""]",[],[],[],[],[],[],[],[],"[""https://avail.com/"",""https://metaprop.com/portfolio""]",2,"[""source_native_ecosystem_identity""]",false,[],2026-08-30,"Discovery presence is not operating, traction, outcome, security or JCX-fit evidence."
dsc-e83f54d4282f,AvalonBay Communities,"[""AvalonBay Communities""]","[""organization""]","[""org-avalonbay-communities-7170354""]",qualified_core,false,"[""qualified_core""]",1,"[""investors.avalonbay.com""]","[""https://investors.avalonbay.com/""]",[],[],[],[],[],0,[],0,[],[],"[""L10"",""L6"",""L7"",""L8""]","[""B""]",[],"[""United States""]",[],[],[],"[""https://investors.avalonbay.com/""]",1,"[""qualified_core_identity""]",false,[],2026-08-30,Qualified-core identity; individual claims still require editorial review.
dsc-bb278c2ca1b0,AveryIQ,"[""AveryIQ""]","[""organization""]","[""org-averyiq-55a4cc0""]",qualified_core,false,"[""qualified_core"",""yc_real_estate_construction_2026-08-30""]",2,[],[],"[""https://ycombinator.com/companies/averyiq"",""https://ycombinator.com/companies/industry/real-estate-and-construction""]","[""29284""]","[""W2024""]","[""Active""]",[],0,[],0,[],"[""AI property manager"",""Property operations / housing""]","[""L6"",""L7 Occupancy/tenant; L8 FM/maintenance; L12 Data/intelligence"",""L8""]","[""A"",""B""]",[],"[""US"",""United States""]","[""Austin, TX, USA""]","[""3""]","[""AI Copilot for Property Managers and Landlords"",""Avery helps property managers fill vacancies faster and resolve maintenance requests automatically. Our AI property manager and leasing agents can be assigned to complete many common tasks, from getting tours scheduled to following up with vendors. There are nearly 300,000 third party property management companies across the US, many of whom are overwhelmed by dozens of repetitive tenant requests streaming in...""]","[""https://ycombinator.com/companies/averyiq"",""https://ycombinator.com/companies/industry/real-estate-and-construction""]",2,"[""exact_normalized_name"",""qualified_core_identity""]",false,[],2026-08-30,Qualified-core identity; individual claims still require editorial review.
dsc-c1dba6c9cc14,Avvir,"[""Avvir""]",[],[],discovery_only,true,"[""built_environment_ecosystem_discovery_index""]",1,"[""avvir.io""]","[""https://avvir.io/""]","[""https://moderneventures.com/portfolio/avvir""]",[],[],[],"[""Moderne Ventures / Passport""]",1,"[""eco-src-89b25445dd02""]",1,"[""Exited (displayed)""]","[""Passport""]",[],[],[],[],[],[],"[""Revolutionizing construction project management — Construction project management software empowering businesses to stay on time and on budget. Acquired by Hexagon. — Passport""]","[""https://avvir.io/"",""https://moderneventures.com/portfolio/avvir""]",2,"[""source_native_ecosystem_identity""]",false,[],2026-08-30,"Discovery presence is not operating, traction, outcome, security or JCX-fit evidence."
dsc-1815813dfd73,Azibo,"[""Azibo""]",[],[],discovery_only,true,"[""built_environment_ecosystem_discovery_index""]",1,"[""azibo.com""]","[""https://azibo.com/""]","[""https://ret.vc/portfolio""]",[],[],[],"[""RET Ventures Portfolio""]",1,"[""eco-src-3c8ba503ecbd""]",1,"[""Portfolio company displayed""]",[],[],[],[],[],[],[],"[""Azibo Azibo is a financial platform for landlords, offering rent collection, banking, insurance, loans and more. Year of investment 2021 Stage at Investment All Early Real Estate Focus All Multifamily Single-Family View WEbsite""]","[""https://azibo.com/"",""https://ret.vc/portfolio""]",2,"[""source_native_ecosystem_identity""]",false,[],2026-08-30,"Discovery presence is not operating, traction, outcome, security or JCX-fit evidence."
dsc-0c183f922820,Banner,"[""Banner""]","[""organization""]","[""org-banner-37f93a0""]",qualified_core,false,"[""qualified_core"",""yc_real_estate_construction_2026-08-30""]",2,[],[],"[""https://ycombinator.com/companies/banner"",""https://ycombinator.com/companies/industry/real-estate-and-construction""]","[""12639""]","[""S2019""]","[""Active""]",[],0,[],0,[],"[""Real-estate operating system"",""Real-estate software / adjacent""]","[""L12"",""L12 Data/intelligence"",""L8""]","[""A"",""B""]",[],"[""US"",""United States""]","[""New York City""]","[""35""]","[""Banner is the operating system for real estate teams. From building acquisition to disposition, Banner moves all communications, workflows, spreadsheets, and file-sharing into one system. With Banner, customers automate away 80%+ of their administrative work, saving up to 10% on project costs. The company is founded by Mark Murphy who formerly worked in RE finance, along with Kunal Chaudhary and Eric Gao, both UC..."",""Banner makes software for CRE owners to manage capital spend""]","[""https://ycombinator.com/companies/banner"",""https://ycombinator.com/companies/industry/real-estate-and-construction""]",2,"[""exact_normalized_name"",""qualified_core_identity""]",false,[],2026-08-30,Qualified-core identity; individual claims still require editorial review.
dsc-e5f588dc59d1,Bardee,"[""Bardee""]",[],[],discovery_only,true,"[""built_environment_ecosystem_discovery_index""]",1,[],[],"[""https://tarongagroup.com/wp-content/uploads/2025/07/RealTechX-Asset-Impact-Booklet-2025-1.pdf""]",[],[],[],"[""Taronga RealTechX / Asset Impact""]",1,"[""eco-src-9ff09d778c79""]",1,"[""Alumni/support history displayed""]",[],[],[],[],[],[],[],[],"[""https://tarongagroup.com/wp-content/uploads/2025/07/RealTechX-Asset-Impact-Booklet-2025-1.pdf""]",1,"[""source_native_ecosystem_identity""]",false,[],2026-08-30,"Discovery presence is not operating, traction, outcome, security or JCX-fit evidence."
dsc-056c6b496b39,Barikoi,"[""Barikoi""]","[""organization""]","[""org-barikoi-0f8853c""]",qualified_core,false,"[""qualified_core""]",1,"[""barikoi.com""]","[""https://barikoi.com/""]","[""https://crunchbase.com/organization/barikoi"",""https://linkedin.com/posts/idlc-asset-management-limited_idlc-venture-capitalhas-made-an-equity-investment-activity-7196948544384098304-EgcV""]",[],[],[],[],0,[],0,[],"[""geospatial-APIs""]","[""L1""]",[],[],"[""Bangladesh""]",[],[],[],"[""https://barikoi.com/"",""https://crunchbase.com/organization/barikoi"",""https://linkedin.com/posts/idlc-asset-management-limited_idlc-venture-capitalhas-made-an-equity-investment-activity-7196948544384098304-EgcV""]",3,"[""qualified_core_identity""]",false,[],2026-08-30,Qualified-core identity; individual claims still require editorial review.
dsc-05b18bfdd4f0,BatugaTech,"[""BatugaTech""]",[],[],discovery_only,true,"[""built_environment_ecosystem_discovery_index""]",1,[],[],"[""https://cemexventures.com/top-50""]",[],[],[],"[""CEMEX Ventures Top 50 ConTech 2026""]",1,"[""eco-src-e4e6e42414f8""]",1,"[""Selected for 2026 Top 50""]","[""Green construction""]",[],[],[],[],[],[],"[""Green construction""]","[""https://cemexventures.com/top-50""]",1,"[""source_native_ecosystem_identity""]",false,[],2026-08-30,"Discovery presence is not operating, traction, outcome, security or JCX-fit evidence."
dsc-ccbd119f6454,Beamware,"[""Beamware""]",[],[],discovery_only,true,"[""built_environment_ecosystem_discovery_index""]",1,"[""beamware.ai""]","[""https://beamware.ai/""]","[""https://nar-reach.com/israel""]",[],[],[],"[""NAR REACH Israel""]",1,"[""eco-src-d88f6352f60e""]",1,"[""2026 cohort (or current page cohort)""]",[],[],[],"[""Israel""]",[],[],[],"[""AI platform that detects construction planning gaps in real time""]","[""https://beamware.ai/"",""https://nar-reach.com/israel""]",2,"[""source_native_ecosystem_identity""]",false,[],2026-08-30,"Discovery presence is not operating, traction, outcome, security or JCX-fit evidence."
dsc-8702aa57d67b,Belong,"[""Belong""]",[],[],discovery_only,true,"[""built_environment_ecosystem_discovery_index""]",1,"[""belonghome.com""]","[""https://belonghome.com/""]","[""https://fifthwall.com/portfolio""]",[],[],[],"[""Fifth Wall""]",1,"[""eco-src-36e6da31baf6""]",1,"[""Active/portfolio""]",[],[],[],[],[],[],[],"[""Belong's long term rental platform has made renting enjoyable again, property management reinvented with guaranteed rent and much more.""]","[""https://belonghome.com/"",""https://fifthwall.com/portfolio""]",2,"[""source_native_ecosystem_identity""]",false,[],2026-08-30,"Discovery presence is not operating, traction, outcome, security or JCX-fit evidence."
dsc-7005b8e75c5e,Bend,"[""Bend""]",[],[],discovery_only,true,"[""built_environment_ecosystem_discovery_index""]",1,"[""bendhsa.com""]","[""https://bendhsa.com/""]","[""https://moderneventures.com/portfolio/bend""]",[],[],[],"[""Moderne Ventures / Passport""]",1,"[""eco-src-d5b64e0cc3dd""]",1,"[""Exited (displayed)""]","[""Investment""]",[],[],[],[],[],[],"[""Health savings accounts (HSA) for corporations + 1099 workers — Attracts and retains the best talent with a personalized platform to manage medical expenses. Acquired by HSA Bank. — Investment""]","[""https://bendhsa.com/"",""https://moderneventures.com/portfolio/bend""]",2,"[""source_native_ecosystem_identity""]",false,[],2026-08-30,"Discovery presence is not operating, traction, outcome, security or JCX-fit evidence."
dsc-40fc70b4434d,Bentley Systems,"[""Bentley Systems""]","[""organization""]","[""org-bentley-systems-ecbac87""]",qualified_core,false,"[""qualified_core""]",1,"[""bentley.com""]","[""https://bentley.com/en/products/itwin-platform""]",[],[],[],[],[],0,[],0,[],"[""infrastructure digital twins and engineering data platform""]","[""L4"",""L5"",""L8"",""L9""]","[""A""]",[],"[""United States""]",[],[],[],"[""https://bentley.com/en/products/itwin-iot"",""https://bentley.com/en/products/itwin-platform""]",2,"[""qualified_core_identity""]",false,[],2026-08-30,Qualified-core identity; individual claims still require editorial review.
dsc-7475eb7a181c,Bento,"[""Bento""]",[],[],discovery_only,true,"[""built_environment_ecosystem_discovery_index""]",1,"[""bentoforbusiness.com""]","[""https://bentoforbusiness.com/""]","[""https://moderneventures.com/portfolio/bento""]",[],[],[],"[""Moderne Ventures / Passport""]",1,"[""eco-src-c4e4f70f7003""]",1,"[""Exited (displayed)""]","[""Passport""]",[],[],[],[],[],[],"[""Expense management, simplified — A business credit card alternative that provides real-time control over business expenses and maximizes savings. Acquired by U.S. Bank. — Passport""]","[""https://bentoforbusiness.com/"",""https://moderneventures.com/portfolio/bento""]",2,"[""source_native_ecosystem_identity""]",false,[],2026-08-30,"Discovery presence is not operating, traction, outcome, security or JCX-fit evidence."
dsc-3d6050ca239b,Bestegg,"[""Bestegg""]",[],[],discovery_only,true,"[""built_environment_ecosystem_discovery_index""]",1,"[""bestegg.com""]","[""https://bestegg.com/""]","[""https://metaprop.com/portfolio""]",[],[],[],"[""MetaProp""]",1,"[""eco-src-9449b8d14dfa""]",1,"[""Exited/marked exited""]",[],[],[],[],[],[],[],[],"[""https://bestegg.com/"",""https://metaprop.com/portfolio""]",2,"[""source_native_ecosystem_identity""]",false,[],2026-08-30,"Discovery presence is not operating, traction, outcome, security or JCX-fit evidence."
dsc-20ca1a86d596,Better,"[""Better""]",[],[],discovery_only,true,"[""built_environment_ecosystem_discovery_index""]",1,"[""better.com""]","[""https://better.com/""]","[""https://moderneventures.com/portfolio/better""]",[],[],[],"[""Moderne Ventures / Passport""]",1,"[""eco-src-1836a8176b0d""]",1,"[""Exited (displayed)""]","[""Investment""]",[],[],[],[],[],[],"[""First, fastest + most transparent digital mortgage solution — Pioneering digital-first mortgage platform. IPO - NASDAQ: BETR — Investment""]","[""https://better.com/"",""https://moderneventures.com/portfolio/better""]",2,"[""source_native_ecosystem_identity""]",false,[],2026-08-30,"Discovery presence is not operating, traction, outcome, security or JCX-fit evidence."
dsc-ed301c7b3f95,Betterview,"[""Betterview""]",[],[],discovery_only,true,"[""built_environment_ecosystem_discovery_index""]",1,"[""nearmap.com""]","[""https://nearmap.com/products/betterview""]","[""https://metaprop.com/portfolio""]",[],[],[],"[""MetaProp""]",1,"[""eco-src-ea6445c61aa1""]",1,"[""Exited/marked exited""]",[],[],[],[],[],[],[],[],"[""https://metaprop.com/portfolio"",""https://nearmap.com/products/betterview""]",2,"[""source_native_ecosystem_identity""]",true,"[""Domain nearmap.com is also used by Nearmap; shared-domain relationship requires review.""]",2026-08-30,"Discovery presence is not operating, traction, outcome, security or JCX-fit evidence."
dsc-b253f2bc0703,Bidflow,"[""Bidflow""]",[],[],discovery_only,true,"[""yc_real_estate_construction_2026-08-30""]",1,[],[],"[""https://ycombinator.com/companies/bidflow"",""https://ycombinator.com/companies/industry/real-estate-and-construction""]","[""30620""]","[""W2026""]","[""Active""]",[],0,[],0,[],"[""ConTech / construction operations""]","[""L4 Design/BIM; L5 Construction; L12 Data/intelligence""]","[""A""]",[],"[""US""]","[""New York City""]","[""2""]","[""AI Takeoffs for Electrical"",""We use AI to help electricians speed up the time it takes to submit a competitive bid to a job. We do this by scanning complex CAD drawings and 10X-ing the time it takes to estimate a job. This involves using vision models to read and count complex symbols in large PDFs, which typically take hours (sometimes days) to do precisely. Every missed symbol can cost thousands, and our AI can count to 99% accuracy.""]","[""https://ycombinator.com/companies/bidflow"",""https://ycombinator.com/companies/industry/real-estate-and-construction""]",2,"[""source_native_yc_identity""]",false,[],2026-08-30,"Discovery presence is not operating, traction, outcome, security or JCX-fit evidence."
dsc-aafbb280c5d5,Bild AI,"[""Bild AI""]",[],[],discovery_only,true,"[""yc_real_estate_construction_2026-08-30""]",1,[],[],"[""https://ycombinator.com/companies/bild-ai"",""https://ycombinator.com/companies/industry/real-estate-and-construction""]","[""30177""]","[""W2025""]","[""Active""]",[],0,[],0,[],"[""Real-estate software / adjacent""]","[""L12 Data/intelligence""]","[""C""]",[],"[""US""]","[""San Francisco""]","[""9""]","[""AI estimating & detailing for Division 8 doors, frames & hardware"",""Bild AI automates Division 8 estimating — doors, frames, and hardware — end to end. Bild AI reads blueprints and specs, generates opening (door) schedules automatically, prices the bid, and exports it directly into the ERPs Division 8 shops already run on, including Comsense, Avaware, and ProTech. Division 8 estimating is the brutal trifecta of nitty-gritty details, where typos cost hundreds of thousands, and...""]","[""https://ycombinator.com/companies/bild-ai"",""https://ycombinator.com/companies/industry/real-estate-and-construction""]",2,"[""source_native_yc_identity""]",false,[],2026-08-30,"Discovery presence is not operating, traction, outcome, security or JCX-fit evidence."
dsc-532aa7efc7af,Billee,"[""Billee""]",[],[],discovery_only,true,"[""built_environment_ecosystem_discovery_index""]",1,"[""billee.ai""]","[""https://billee.ai/""]","[""https://ret.vc/portfolio""]",[],[],[],"[""RET Ventures Portfolio""]",1,"[""eco-src-d915291fc2be""]",1,"[""Portfolio company displayed""]",[],[],[],[],[],[],[],"[""Billee Billee is a comprehensive SaaS utility billing platform that consolidates data, automates tasks, and provides intelligent recommendations to improve accuracy, efficiency, and transparency throughout the utility billing process. Billee also offers real-time oversight of meter assets, predicts anomalies, and provides proactive alerts with the goal of improving customer experience while also enhancing property NOI Year of investment 2025 Stage at Investment All Seed Real Estate Focus All Multifamily Single-Family View WEbsite""]","[""https://billee.ai/"",""https://ret.vc/portfolio""]",2,"[""source_native_ecosystem_identity""]",false,[],2026-08-30,"Discovery presence is not operating, traction, outcome, security or JCX-fit evidence."
dsc-1de3a71d2741,Billy,"[""Billy""]",[],[],discovery_only,true,"[""built_environment_ecosystem_discovery_index""]",1,"[""billyforinsurance.com""]","[""https://billyforinsurance.com/""]","[""https://metaprop.com/portfolio""]",[],[],[],"[""MetaProp""]",1,"[""eco-src-b90715905e91""]",1,"[""Active/portfolio""]",[],[],[],[],[],[],[],[],"[""https://billyforinsurance.com/"",""https://metaprop.com/portfolio""]",2,"[""source_native_ecosystem_identity""]",false,[],2026-08-30,"Discovery presence is not operating, traction, outcome, security or JCX-fit evidence."
dsc-fe1ea5c302d6,BILT,"[""BILT""]",[],[],discovery_only,true,"[""built_environment_ecosystem_discovery_index""]",1,"[""biltrewards.com""]","[""https://biltrewards.com/""]","[""https://fifthwall.com/portfolio""]",[],[],[],"[""Fifth Wall""]",1,"[""eco-src-73cf0618b6fd""]",1,"[""Active/portfolio""]",[],[],[],[],[],[],[],"[""Bilt Rewards is the first loyalty program that rewards members on rent and in their neighborhood, no matter where they live. Bilt Members can earn points and access exclusive benefits on rent payments, condo & co-op fees, and around their neighborhood at local restaurants, pharmacies, fitness studios, rideshare, and more. Ranked the highest-value point currency by top publications, Bilt Points can be transferred 1:1 to major airline and hotel programs, or used towards rent payments, shopping, fitness, and even a down payment on a home. Members also get access to credit-building benefits, member-only experiences, and an Elite Status program. In partnership with the top multifamily owners & operators across the country, we've also created the Bilt Rewards Alliance, a network of 4M+ apartments and homes across the country. Residents who live in the Bilt Rewards Alliance make payments directly through the Bilt Payment Center and get access to benefits including additional earn opportunities on new leases, renewals, and more.""]","[""https://biltrewards.com/"",""https://fifthwall.com/portfolio""]",2,"[""source_native_ecosystem_identity""]",false,[],2026-08-30,"Discovery presence is not operating, traction, outcome, security or JCX-fit evidence."
dsc-4b9c2a64e187,bindi maps,"[""bindi maps""]",[],[],discovery_only,true,"[""built_environment_ecosystem_discovery_index""]",1,[],[],"[""https://tarongagroup.com/wp-content/uploads/2025/07/RealTechX-Asset-Impact-Booklet-2025-1.pdf""]",[],[],[],"[""Taronga RealTechX / Asset Impact""]",1,"[""eco-src-75f3cf3b6b7e""]",1,"[""Alumni/support history displayed""]",[],[],[],[],[],[],[],[],"[""https://tarongagroup.com/wp-content/uploads/2025/07/RealTechX-Asset-Impact-Booklet-2025-1.pdf""]",1,"[""source_native_ecosystem_identity""]",false,[],2026-08-30,"Discovery presence is not operating, traction, outcome, security or JCX-fit evidence."
dsc-9d90f69bfba6,Biomason,"[""Biomason""]","[""organization""]","[""org-biomason-5aaaaad""]",qualified_core,false,"[""built_environment_ecosystem_discovery_index"",""qualified_core""]",2,"[""biomason.com""]","[""https://biomason.com/""]","[""https://2150.vc/investments/biomason""]",[],[],[],"[""2150""]",1,"[""eco-src-bf03f8fff149""]",1,"[""Investment displayed; current status not inferred""]","[""biotechnology-derived cement and concrete binder""]","[""L10"",""L5""]","[""B""]","[""United States""]","[""United States""]",[],[],"[""Biomason Biomason uses microorganisms to grow concrete and cement, cutting up to 95% of CO2e emissions versus traditional Portland cement.""]","[""https://2150.vc/investments/biomason"",""https://biomason.com/"",""https://biomason.com/biocement""]",3,"[""exact_normalized_name"",""qualified_core_identity""]",false,[],2026-08-30,Qualified-core identity; individual claims still require editorial review.
dsc-23928b6208e3,Birdsview,"[""Birdsview""]",[],[],discovery_only,true,"[""built_environment_ecosystem_discovery_index""]",1,[],[],"[""https://cemexventures.com/top-50""]",[],[],[],"[""CEMEX Ventures Top 50 ConTech 2026""]",1,"[""eco-src-affeb35a9099""]",1,"[""Selected for 2026 Top 50""]","[""Future of construction""]",[],[],[],[],[],[],"[""Future of construction""]","[""https://cemexventures.com/top-50""]",1,"[""source_native_ecosystem_identity""]",false,[],2026-08-30,"Discovery presence is not operating, traction, outcome, security or JCX-fit evidence."
dsc-c07b5ce521a0,bite.engineering,"[""bite.engineering""]",[],[],discovery_only,true,"[""built_environment_ecosystem_discovery_index""]",1,"[""bite.engineering""]","[""https://bite.engineering/""]","[""https://pilabs.vc/portfolio""]",[],[],[],"[""Pi Labs""]",1,"[""eco-src-e0887013cea3""]",1,"[""Active/portfolio""]",[],[],[],[],[],[],[],"[""AI agents automating workflows for engineers. Est. 2025. London. United Kingdom. Founded by Daniel Anyanya and El-Amin Ahmed. Last Funding Round: Pre-Seed.""]","[""https://bite.engineering/"",""https://pilabs.vc/portfolio""]",2,"[""source_native_ecosystem_identity""]",false,[],2026-08-30,"Discovery presence is not operating, traction, outcome, security or JCX-fit evidence."
dsc-8dd31569c07c,BitGo (NYSE: BTGO),"[""BitGo (NYSE: BTGO)""]",[],[],discovery_only,true,"[""built_environment_ecosystem_discovery_index""]",1,"[""bitgo.com""]","[""https://bitgo.com/""]","[""https://fifthwall.com/portfolio""]",[],[],[],"[""Fifth Wall""]",1,"[""eco-src-b2a623c1604a""]",1,"[""Active/portfolio""]",[],[],[],[],[],[],[],"[""BitGo is the digital asset infrastructure company delivering custody, wallets, staking, trading, financing, stablecoins, and settlement services from regulated cold storage. Since 2013, BitGo has focused on accelerating the transition of the financial system to a digital asset economy. BitGo maintains a global presence and multiple regulated entities, including BitGo Bank & Trust, National Association, a federally chartered digital asset bank. Today, BitGo serves thousands of institutions, including many of the industry's top brands, financial institutions, exchanges, and platforms, and millions of investors worldwide.""]","[""https://bitgo.com/"",""https://fifthwall.com/portfolio""]",2,"[""source_native_ecosystem_identity""]",false,[],2026-08-30,"Discovery presence is not operating, traction, outcome, security or JCX-fit evidence."
dsc-9d743c60252d,Bizly,"[""Bizly""]",[],[],discovery_only,true,"[""built_environment_ecosystem_discovery_index""]",1,"[""bizly.com""]","[""https://bizly.com/""]","[""https://metaprop.com/portfolio""]",[],[],[],"[""MetaProp""]",1,"[""eco-src-f921d66f9279""]",1,"[""Active/portfolio""]",[],[],[],[],[],[],[],[],"[""https://bizly.com/"",""https://metaprop.com/portfolio""]",2,"[""source_native_ecosystem_identity""]",false,[],2026-08-30,"Discovery presence is not operating, traction, outcome, security or JCX-fit evidence."
dsc-2f10bbe7cb94,Blackstone,"[""Blackstone""]","[""organization""]","[""org-blackstone-86cff53""]",qualified_core,false,"[""qualified_core""]",1,"[""blackstone.com""]","[""https://blackstone.com/""]",[],[],[],[],[],0,[],0,[],"[""global real-assets owner-manager and digital-infrastructure investor""]","[""L1"",""L10"",""L3"",""L4"",""L5"",""L8""]","[""A""]",[],"[""United States""]",[],[],[],"[""https://blackstone.com/"",""https://blackstone.com/insights/article/behind-the-deal-airtrunk"",""https://blackstone.com/investing-in-ai"",""https://ir.blackstone.com/sec-filings/sec-filings-details/default.aspx?FilingId=19199346""]",4,"[""qualified_core_identity""]",false,[],2026-08-30,Qualified-core identity; individual claims still require editorial review.
dsc-6ce586b5ba04,Blend,"[""Blend"",""Blend — Exited (NYSE: BLND)""]","[""organization""]","[""org-blend-f9b1cd1""]",qualified_core,false,"[""built_environment_ecosystem_discovery_index"",""qualified_core""]",2,"[""blend.com""]","[""https://blend.com/""]","[""https://fifthwall.com/portfolio""]",[],[],[],"[""Fifth Wall""]",1,"[""eco-src-ca1f487768a4""]",1,"[""Exited/acquired (as displayed)""]","[""Digital mortgage lending""]","[""L3""]","[""A""]",[],"[""United States""]",[],[],"[""Blend makes the process of getting a loan simpler, faster, and safer. With its digital lending platform, Blend helps financial institutions including Wells Fargo and U.S. Bank increase productivity and deliver exceptional customer experiences. The company regularly processes nearly $2 billion in mortgages and consumer loans daily, helping millions of consumers get into homes and gain access to the capital they need to lead better lives.""]","[""https://blend.com/"",""https://fifthwall.com/portfolio""]",2,"[""qualified_core_identity"",""status_annotation_stripped_exact_name""]",false,[],2026-08-30,Qualified-core identity; individual claims still require editorial review.
dsc-c68d916afb3b,Blue Frontier,"[""Blue Frontier""]",[],[],discovery_only,true,"[""built_environment_ecosystem_discovery_index""]",1,[],[],"[""https://2150.vc/investments/blue-frontier""]",[],[],[],"[""2150""]",1,"[""eco-src-108ed1741e1e""]",1,"[""Investment displayed; current status not inferred""]",[],[],[],"[""United States""]",[],[],[],"[""Blue Frontier Blue Frontier's smart HVAC system cuts cooling energy use by up to 90%, using integrated energy storage to deliver comfort and healthier indoor air.""]","[""https://2150.vc/investments/blue-frontier""]",1,"[""source_native_ecosystem_identity""]",false,[],2026-08-30,"Discovery presence is not operating, traction, outcome, security or JCX-fit evidence."
dsc-224f89b92f7f,Blueprint Power,"[""Blueprint Power""]",[],[],discovery_only,true,"[""built_environment_ecosystem_discovery_index""]",1,"[""bp.com""]","[""https://bp.com/""]","[""https://metaprop.com/portfolio""]",[],[],[],"[""MetaProp""]",1,"[""eco-src-f052a34f27bf""]",1,"[""Exited/marked exited""]",[],[],[],[],[],[],[],[],"[""https://bp.com/"",""https://metaprop.com/portfolio""]",2,"[""source_native_ecosystem_identity""]",false,[],2026-08-30,"Discovery presence is not operating, traction, outcome, security or JCX-fit evidence."
dsc-2a61c8c90d7c,"Blueprint Power — Exited, Acquired by BP (NYSE: BP)","[""Blueprint Power — Exited, Acquired by BP (NYSE: BP)""]",[],[],discovery_only,true,"[""built_environment_ecosystem_discovery_index""]",1,"[""blueprintpower.com""]","[""https://blueprintpower.com/""]","[""https://fifthwall.com/portfolio""]",[],[],[],"[""Fifth Wall""]",1,"[""eco-src-4c9052eacd04""]",1,"[""Exited/acquired (as displayed)""]",[],[],[],[],[],[],[],"[""Blueprint Power unlocks new revenue for real-estate owners by transforming their buildings into power plants and connecting them to new energy markets and customers. Blueprint Power’s suite of data-driven, machine-learning tools automate the management, aggregation, orchestration, and market transactions of energy assets across our clients' entire portfolios.""]","[""https://blueprintpower.com/"",""https://fifthwall.com/portfolio""]",2,"[""source_native_ecosystem_identity""]",false,[],2026-08-30,"Discovery presence is not operating, traction, outcome, security or JCX-fit evidence."
dsc-adc849cbe5d6,Bolster,"[""Bolster""]",[],[],discovery_only,true,"[""yc_real_estate_construction_2026-08-30""]",1,[],[],"[""https://ycombinator.com/companies/bolster"",""https://ycombinator.com/companies/industry/real-estate-and-construction""]","[""24543""]","[""S2021""]","[""Active""]",[],0,[],0,[],"[""ConTech / construction operations""]","[""L5 Construction; L7 Occupancy/tenant; L12 Data/intelligence""]","[""A""]",[],"[""CA""]","[""Calgary, AB, Canada""]","[""25""]","[""The platform for buying, selling and managing residential construction"",""We are building the Amazon for construction where contractors can give their customers an interactive shopping experience, turning the estimate into a point-of-sale, for the first time. It is a marketplace for general contractors, subcontractors, retailers and consumers, powered by a database of over 114,000 real items.""]","[""https://ycombinator.com/companies/bolster"",""https://ycombinator.com/companies/industry/real-estate-and-construction""]",2,"[""source_native_yc_identity""]",false,[],2026-08-30,"Discovery presence is not operating, traction, outcome, security or JCX-fit evidence."
dsc-944183e3ab6b,Boom & Bucket,"[""Boom & Bucket""]",[],[],discovery_only,true,"[""built_environment_ecosystem_discovery_index""]",1,"[""boomandbucket.com""]","[""https://boomandbucket.com/""]","[""https://brickmortar.vc/portfolio""]",[],[],[],"[""Brick & Mortar Ventures""]",1,"[""eco-src-487e8df1b73e""]",1,"[""Active investment / Ambiguous: appears in active investments and exits""]",[],[],[],[],[],[],[],[],"[""https://boomandbucket.com/"",""https://brickmortar.vc/portfolio""]",2,"[""source_native_ecosystem_identity""]",false,[],2026-08-30,"Discovery presence is not operating, traction, outcome, security or JCX-fit evidence."
dsc-2eee1dc30007,Bouygues Construction,"[""Bouygues Construction""]","[""organization""]","[""org-bouygues-construction-da06c6d""]",qualified_core,false,"[""qualified_core""]",1,"[""bouygues-construction.com""]","[""https://bouygues-construction.com/""]",[],[],[],[],[],0,[],0,[],[],"[""L10"",""L4"",""L5""]","[""A""]",[],"[""France""]",[],[],[],"[""https://bouygues-construction.com/"",""https://bouygues-construction.com/sites/default/files/bycn_financier_gb_2024_0.pdf"",""https://bouygues.com/integrated-report-2024/doc/article/29""]",3,"[""qualified_core_identity""]",false,[],2026-08-30,Qualified-core identity; individual claims still require editorial review.
dsc-b4b2cf212439,Boweryvaluation,"[""Boweryvaluation""]",[],[],discovery_only,true,"[""built_environment_ecosystem_discovery_index""]",1,"[""boweryvaluation.com""]","[""https://boweryvaluation.com/""]","[""https://metaprop.com/portfolio""]",[],[],[],"[""MetaProp""]",1,"[""eco-src-e33cf28c3117""]",1,"[""Active/portfolio""]",[],[],[],[],[],[],[],[],"[""https://boweryvaluation.com/"",""https://metaprop.com/portfolio""]",2,"[""source_native_ecosystem_identity""]",false,[],2026-08-30,"Discovery presence is not operating, traction, outcome, security or JCX-fit evidence."
dsc-1a8b42a45ea5,BPC,"[""BPC""]","[""organization""]","[""org-bpc-2d7019e""]",qualified_core,false,"[""qualified_core""]",1,[],[],[],[],[],[],[],0,[],0,[],"[""unresolved""]",[],"[""C""]",[],"[""Bangladesh""]",[],[],[],"[""https://wikipedia.org/wiki/BPC""]",1,"[""qualified_core_identity""]",false,[],2026-08-30,Qualified-core identity; individual claims still require editorial review.
dsc-3f5f0a6fbb48,Bproperty,"[""Bproperty""]","[""organization""]","[""org-bproperty-79a37ab""]",qualified_core,false,"[""qualified_core""]",1,"[""bproperty.com""]","[""https://bproperty.com/""]",[],[],[],[],[],0,[],0,[],"[""Marketplace valuation mortgage"",""property-marketplace""]","[""L3"",""L6""]",[],[],"[""Bangladesh""]",[],[],[],"[""https://bproperty.com/"",""https://bproperty.com/about-us"",""https://bproperty.com/terms-of-use"",""https://bssnews.net/business/107809""]",4,"[""qualified_core_identity""]",false,[],2026-08-30,Qualified-core identity; individual claims still require editorial review.
dsc-04651d58f332,Br,"[""Br""]",[],[],discovery_only,true,"[""built_environment_ecosystem_discovery_index""]",1,"[""br.iq""]","[""https://br.iq/""]","[""https://metaprop.com/portfolio""]",[],[],[],"[""MetaProp""]",1,"[""eco-src-1c036fa67ba4""]",1,"[""Active/portfolio""]",[],[],[],[],[],[],[],[],"[""https://br.iq/"",""https://metaprop.com/portfolio""]",2,"[""source_native_ecosystem_identity""]",false,[],2026-08-30,"Discovery presence is not operating, traction, outcome, security or JCX-fit evidence."
dsc-47105a2c52dd,BrainBox AI,"[""BrainBox AI""]","[""organization""]","[""org-brainbox-ai-f5deb8d""]",qualified_core,false,"[""qualified_core""]",1,"[""brainboxai.com""]","[""https://brainboxai.com/""]",[],[],[],[],[],0,[],0,[],"[""HVAC energy optimization""]","[""L10"",""L8""]","[""A""]",[],"[""Canada""]",[],[],[],"[""https://brainboxai.com/""]",1,"[""qualified_core_identity""]",false,[],2026-08-30,Qualified-core identity; individual claims still require editorial review.
dsc-162803e6a54c,Branch Technology,"[""Branch Technology""]",[],[],discovery_only,true,"[""built_environment_ecosystem_discovery_index""]",1,"[""branch.technology""]","[""https://branch.technology/""]","[""https://brickmortar.vc/portfolio""]",[],[],[],"[""Brick & Mortar Ventures""]",1,"[""eco-src-8dda2d1d05c5""]",1,"[""Active investment""]",[],[],[],[],[],[],[],[],"[""https://branch.technology/"",""https://brickmortar.vc/portfolio""]",2,"[""source_native_ecosystem_identity""]",false,[],2026-08-30,"Discovery presence is not operating, traction, outcome, security or JCX-fit evidence."
dsc-8e0e96bc6ee5,Branchtechnology,"[""Branchtechnology""]",[],[],discovery_only,true,"[""built_environment_ecosystem_discovery_index""]",1,"[""branchtechnology.com""]","[""https://branchtechnology.com/""]","[""https://metaprop.com/portfolio""]",[],[],[],"[""MetaProp""]",1,"[""eco-src-b822f09284b0""]",1,"[""Active/portfolio""]",[],[],[],[],[],[],[],[],"[""https://branchtechnology.com/"",""https://metaprop.com/portfolio""]",2,"[""source_native_ecosystem_identity""]",false,[],2026-08-30,"Discovery presence is not operating, traction, outcome, security or JCX-fit evidence."
dsc-f79d62549c88,Break Sports,"[""Break Sports""]",[],[],discovery_only,true,"[""built_environment_ecosystem_discovery_index""]",1,"[""breaksports.com""]","[""https://breaksports.com/""]","[""https://moderneventures.com/portfolio/break-sports""]",[],[],[],"[""Moderne Ventures / Passport""]",1,"[""eco-src-dd48d981e479""]",1,"[""Portfolio/Passport listing displayed""]","[""Passport""]",[],[],[],[],[],[],"[""Increase revenue from your amenities — Booking platform to maximize the usage of recreational sports, fitness and wellness amenities — Passport""]","[""https://breaksports.com/"",""https://moderneventures.com/portfolio/break-sports""]",2,"[""source_native_ecosystem_identity""]",false,[],2026-08-30,"Discovery presence is not operating, traction, outcome, security or JCX-fit evidence."
dsc-d3a978e7d778,Breezy,"[""Breezy""]",[],[],discovery_only,true,"[""built_environment_ecosystem_discovery_index""]",1,"[""breezy.com""]","[""https://breezy.com/""]","[""https://fifthwall.com/portfolio""]",[],[],[],"[""Fifth Wall""]",1,"[""eco-src-75ca39c9f821""]",1,"[""Active/portfolio""]",[],[],[],[],[],[],[],"[""Breezy is the AI workspace built specifically for real estate agents, designed to run the operational side of their business in one intelligent system. Today’s agents are expected to do the work of an entire team—strategist, marketer, negotiator, analyst, administrator, and relationship manager—often while running their business from a car. For years, the industry’s solution has been to pile on more software: another CRM, another dashboard, another workflow to manage. The result is a fragmented system that slows agents down and buries critical information across tools. Breezy resets that system by replacing fragmented workflows with a single connected platform that works the way agents actually do—between meetings, on the move, and in real time. By combining deep industry expertise with modern AI infrastructure, Breezy is redefining how real estate gets done—giving agents the time, clarity, and competitive edge the industry never built for them. Founded by top-producing agent James Harris alongside Afterpay co-founder Nick Molnar, Breezy automatically captures conversations, organizes notes and follow-ups, generates client-ready comps in minutes, keeps pipelines updated in real time, and surfaces insights like hidden development and build potential that most agents would never uncover on their own. Early users report Breezy reduces administrative work by up to 80%, saving agents 15–25 hours per week while helping them move faster, advise clients with greater authority, and close more business.""]","[""https://breezy.com/"",""https://fifthwall.com/portfolio""]",2,"[""source_native_ecosystem_identity""]",false,[],2026-08-30,"Discovery presence is not operating, traction, outcome, security or JCX-fit evidence."
dsc-40d5b20b3ce8,Brick & Bolt,"[""Brick & Bolt""]","[""organization""]","[""org-brick-and-bolt-4809c48""]",qualified_core,false,"[""qualified_core""]",1,"[""bricknbolt.com""]","[""https://bricknbolt.com/""]",[],[],[],[],[],0,[],0,[],"[""tech-enabled end-to-end home and commercial construction delivery""]","[""L11"",""L4"",""L5"",""L6""]","[""A""]",[],"[""India""]",[],[],[],"[""https://bricknbolt.com/"",""https://bricknbolt.com/commercial-construction-company"",""https://foundamental.com/portfolio""]",3,"[""qualified_core_identity""]",false,[],2026-08-30,Qualified-core identity; individual claims still require editorial review.
dsc-a6626e0d8bde,Brick & Mortar Ventures portfolio,"[""Brick & Mortar Ventures portfolio""]","[""program_ecosystem""]","[""org-brick-and-mortar-ventures-portfolio-8dcb652""]",qualified_core,false,"[""qualified_core""]",1,"[""brickmortar.vc""]","[""https://brickmortar.vc/portfolio""]",[],[],[],[],[],0,[],0,[],"[""AEC/FM VC ecosystem index""]","[""L5"",""L8""]","[""C""]",[],"[""United States""]",[],[],[],"[""https://brickmortar.vc/portfolio""]",1,"[""qualified_core_identity""]",false,[],2026-08-30,Qualified-core identity; individual claims still require editorial review.
dsc-1ec733810a52,BRICKS FUND TOKYO,"[""BRICKS FUND TOKYO""]","[""program_ecosystem""]","[""org-bricks-fund-tokyo-f018f4a""]",qualified_core,false,"[""qualified_core""]",1,"[""bricks-fundtokyo.com""]","[""https://bricks-fundtokyo.com/""]",[],[],[],[],[],0,[],0,[],[],"[""L1"",""L6"",""L7"",""L8""]","[""B""]",[],"[""Japan""]",[],[],[],"[""https://bricks-fundtokyo.com/"",""https://mec.co.jp/ir/library/2023/1Q/irpresentation2023_2.pdf""]",2,"[""qualified_core_identity""]",false,[],2026-08-30,Qualified-core identity; individual claims still require editorial review.
dsc-6a76e40464dd,Brickwise,"[""Brickwise""]",[],[],discovery_only,true,"[""yc_real_estate_construction_2026-08-30""]",1,[],[],"[""https://ycombinator.com/companies/brickwise"",""https://ycombinator.com/companies/industry/real-estate-and-construction""]","[""30847""]","[""F2025""]","[""Active""]",[],0,[],0,[],"[""ConTech / construction operations""]","[""L5 Construction; L6 Marketing/sales; L7 Occupancy/tenant; L8 FM/maintenance; L12 Data/intelligence""]","[""A""]",[],"[""GB""]","[""London""]","[""2""]","[""AI property manager for landlords and estate agents"",""We've built an AI property manager that automates maintenance requests, handling tenant calls and messages 24/7, following up by chasing contractors and resolving issues. We're based in London, but have over 10 customers throughout the world, from San Francisco to Dubai. We have a reliable sales pipeline, including a >$1m cARR enterprise contract. Since our formation 6 months ago, we have raised over $3M in...""]","[""https://ycombinator.com/companies/brickwise"",""https://ycombinator.com/companies/industry/real-estate-and-construction""]",2,"[""source_native_yc_identity""]",false,[],2026-08-30,"Discovery presence is not operating, traction, outcome, security or JCX-fit evidence."
dsc-0779f0b48f34,brightplace,"[""brightplace""]",[],[],discovery_only,true,"[""built_environment_ecosystem_discovery_index""]",1,"[""brightplace.ai""]","[""https://brightplace.ai/""]","[""https://ret.vc/portfolio""]",[],[],[],"[""RET Ventures AI Accelerator""]",1,"[""eco-src-2eb6ab5ba37c""]",1,"[""AI accelerator company""]",[],[],[],[],[],[],[],"[""brightplace Brightplace is building foundational data and discovery infrastructure for a rental ecosystem increasingly shaped by AI-mediated search. Year of investment Real Estate Focus Multifamily View WEbsite""]","[""https://brightplace.ai/"",""https://ret.vc/portfolio""]",2,"[""source_native_ecosystem_identity""]",false,[],2026-08-30,"Discovery presence is not operating, traction, outcome, security or JCX-fit evidence."
dsc-5ecf4a2ae7a3,Brimstone,"[""Brimstone""]","[""organization""]","[""org-brimstone-75851e3""]",qualified_core,false,"[""built_environment_ecosystem_discovery_index"",""qualified_core""]",2,"[""brimstone.com"",""brimstoneenergy.com""]","[""https://brimstone.com/"",""https://brimstoneenergy.com/""]","[""https://fifthwall.com/portfolio""]",[],[],[],"[""Fifth Wall""]",1,"[""eco-src-9f7edcdb742e""]",1,"[""Active/portfolio""]","[""Low-carbon cement""]","[""L10"",""L5""]","[""A""]",[],"[""United States""]",[],[],"[""Brimstone uses proprietary technology to produce the world’s only carbon-negative Portland Cement and supplementary cementitious materials. While at Caltech, Co-Founders Cody Finke and Hugo Leandri conceived of the vision to decarbonize cement production by inventing better technology to work within the existing cement industry.""]","[""https://brimstone.com/"",""https://brimstoneenergy.com/"",""https://fifthwall.com/portfolio""]",3,"[""exact_normalized_name_with_domain_corroboration"",""qualified_core_identity""]",false,[],2026-08-30,Qualified-core identity; individual claims still require editorial review.
dsc-97de0a383f14,BRKZ,"[""BRKZ""]","[""organization""]","[""org-brkz-3da166c""]",qualified_core,false,"[""qualified_core""]",1,"[""brkz.com""]","[""https://brkz.com/en""]",[],[],[],[],[],0,[],0,[],"[""managed-B2B-contech""]","[""L3"",""L5""]","[""A""]",[],"[""Saudi Arabia""]",[],[],[],"[""https://brkz.com/en"",""https://globenewswire.com/news-release/2025/02/10/3023492/0/en/BRKZ-closes-17M-Series-A-to-transform-construction-procurement-as-Saudi-Arabia-s-3T-project-pipeline-accelerates.html"",""https://wamda.com/en/2024/03/brkz-secures-8-million-series-round""]",3,"[""qualified_core_identity""]",false,[],2026-08-30,Qualified-core identity; individual claims still require editorial review.
dsc-47a10249f230,BrokerBot,"[""Broker Bot"",""BrokerBot""]","[""organization""]","[""org-brokerbot-ae596f6""]",qualified_core,false,"[""built_environment_ecosystem_discovery_index"",""qualified_core""]",2,"[""brokerbot.ai""]","[""https://brokerbot.ai/""]","[""https://moderneventures.com/portfolio/broker-bot"",""https://nar-reach.com/latam"",""https://nar-reach.com/second-century-ventures-announces-6-technology-companies-for-2026-reach-scale-up-program"",""https://nar-reach.com/us-residential""]",[],[],[],"[""Moderne Ventures / Passport"",""NAR REACH Latin America"",""NAR REACH US Residential""]",3,"[""eco-src-c37778474744"",""eco-src-d1548babfe97"",""eco-src-e202bec592bc""]",3,"[""2026 cohort (or current page cohort)"",""Portfolio/Passport listing displayed""]","[""AI brokerage teammates"",""Passport""]","[""L6"",""L8""]","[""B""]","[""Latin America"",""United States""]","[""United States""]",[],[],"[""Omnichannel AI-powered assistant automating admin and compliance — Remove friction and free your team to focus on growth through custom AI assistants — Passport"",""The AI teammate for real estate - a secure, enterprise-grade platform that understands a brokerage’s business rules, integrates with their existing tools, and performs meaningful daily tasks so agents and brokers can grow the business and create exceptional client experiences.""]","[""https://brokerbot.ai/"",""https://moderneventures.com/portfolio/broker-bot"",""https://nar-reach.com/latam"",""https://nar-reach.com/second-century-ventures-announces-6-technology-companies-for-2026-reach-scale-up-program"",""https://nar-reach.com/us-residential""]",5,"[""exact_normalized_name_with_domain_corroboration"",""qualified_core_identity"",""reviewed_name_alias_with_domain_corroboration""]",false,[],2026-08-30,Qualified-core identity; individual claims still require editorial review.
dsc-c84698559dce,Brookfield,"[""Brookfield""]","[""organization""]","[""org-brookfield-5b2c313""]",qualified_core,false,"[""qualified_core""]",1,"[""brookfield.com""]","[""https://brookfield.com/""]",[],[],[],[],[],0,[],0,[],[],"[""L10"",""L3"",""L8""]","[""B""]",[],"[""Canada""]",[],[],[],"[""https://brookfield.com/"",""https://brookfield.com/2025-brookfield-corporation-annual-report""]",2,"[""qualified_core_identity""]",false,[],2026-08-30,Qualified-core identity; individual claims still require editorial review.
dsc-b0c63c53dfca,Buildcheck,"[""Buildcheck""]",[],[],discovery_only,true,"[""built_environment_ecosystem_discovery_index""]",1,[],[],"[""https://cemexventures.com/top-50""]",[],[],[],"[""CEMEX Ventures Top 50 ConTech 2026""]",1,"[""eco-src-b85305416b2f""]",1,"[""Selected for 2026 Top 50""]","[""Enhanced productivity""]",[],[],[],[],[],[],"[""Enhanced productivity""]","[""https://cemexventures.com/top-50""]",1,"[""source_native_ecosystem_identity""]",false,[],2026-08-30,"Discovery presence is not operating, traction, outcome, security or JCX-fit evidence."
dsc-415ddf3a66d7,Building Transparency,"[""Building Transparency""]","[""organization""]","[""org-building-transparency-be3d8ba""]",qualified_core,false,"[""qualified_core""]",1,"[""buildingtransparency.org""]","[""https://buildingtransparency.org/""]",[],[],[],[],[],0,[],0,[],"[""EC3 open embodied-carbon data EPD comparison and procurement infrastructure""]","[""L10"",""L12"",""L4"",""L5""]","[""A""]",[],"[""United States""]",[],[],[],"[""https://buildingtransparency.org/"",""https://buildingtransparency.org/tools/ec3"",""https://docs.buildingtransparency.org/""]",3,"[""qualified_core_identity""]",false,[],2026-08-30,Qualified-core identity; individual claims still require editorial review.
dsc-484cc02fcdbf,BuildingConnected,"[""BuildingConnected""]","[""organization""]","[""org-buildingconnected-001c81a""]",qualified_core,false,"[""built_environment_ecosystem_discovery_index"",""qualified_core""]",2,"[""construction.autodesk.com""]","[""https://construction.autodesk.com/products/buildingconnected""]","[""https://metaprop.com/portfolio""]",[],[],[],"[""MetaProp""]",1,"[""eco-src-990cd5aacfa4""]",1,"[""Exited/marked exited""]","[""Construction bidding""]","[""L5""]","[""C""]",[],"[""United States""]",[],[],[],"[""https://brickmortar.vc/portfolio"",""https://construction.autodesk.com/products/buildingconnected"",""https://metaprop.com/portfolio""]",3,"[""exact_normalized_name_with_domain_corroboration"",""qualified_core_identity""]",false,[],2026-08-30,Qualified-core identity; individual claims still require editorial review.
dsc-2ea4512495ee,Buildingengines,"[""Buildingengines""]",[],[],discovery_only,true,"[""built_environment_ecosystem_discovery_index""]",1,"[""buildingengines.com""]","[""https://buildingengines.com/company/ravti""]","[""https://metaprop.com/portfolio""]",[],[],[],"[""MetaProp""]",1,"[""eco-src-78f33c92931e""]",1,"[""Exited/marked exited""]",[],[],[],[],[],[],[],[],"[""https://buildingengines.com/company/ravti"",""https://metaprop.com/portfolio""]",2,"[""source_native_ecosystem_identity""]",false,[],2026-08-30,"Discovery presence is not operating, traction, outcome, security or JCX-fit evidence."
dsc-7ee9605b48e0,BuildMart,"[""BuildMart""]","[""organization""]","[""org-buildmart-a61bcf7""]",qualified_core,false,"[""qualified_core""]",1,"[""buildmart.com.bd""]","[""https://buildmart.com.bd/""]",[],[],[],[],[],0,[],0,[],"[""construction-marketplace""]","[""L5""]","[""B""]",[],"[""Bangladesh""]",[],[],[],"[""https://buildmart.com.bd/"",""https://buildmart.com.bd/pages/about-us""]",2,"[""qualified_core_identity""]",false,[],2026-08-30,Qualified-core identity; individual claims still require editorial review.
dsc-3f2be68cd16b,Buildops,"[""Buildops""]",[],[],discovery_only,true,"[""built_environment_ecosystem_discovery_index""]",1,"[""buildops.com""]","[""https://buildops.com/about""]","[""https://metaprop.com/portfolio""]",[],[],[],"[""MetaProp""]",1,"[""eco-src-8560f9d8c9db""]",1,"[""Active/portfolio""]",[],[],[],[],[],[],[],[],"[""https://buildops.com/about"",""https://metaprop.com/portfolio""]",2,"[""source_native_ecosystem_identity""]",false,[],2026-08-30,"Discovery presence is not operating, traction, outcome, security or JCX-fit evidence."
dsc-5575d382ea44,Buildots,"[""Buildots""]","[""organization""]","[""org-buildots-abeb197""]",qualified_core,false,"[""qualified_core""]",1,"[""buildots.com""]","[""https://buildots.com/""]",[],[],[],[],[],0,[],0,[],"[""AI progress verification""]","[""L4"",""L5""]","[""A""]",[],"[""Israel""]",[],[],[],"[""https://buildots.com/"",""https://buildots.com/case-studies/ncc-partners-with-buildots""]",2,"[""qualified_core_identity""]",false,[],2026-08-30,Qualified-core identity; individual claims still require editorial review.
dsc-72f8c4e7cf3b,Buildpeer,"[""Buildpeer""]",[],[],discovery_only,true,"[""built_environment_ecosystem_discovery_index""]",1,"[""buildpeer.com""]","[""https://buildpeer.com/en""]","[""https://brickmortar.vc/portfolio""]",[],[],[],"[""Brick & Mortar Ventures""]",1,"[""eco-src-7e4dbb0735a8""]",1,"[""Active investment""]",[],[],[],[],[],[],[],[],"[""https://brickmortar.vc/portfolio"",""https://buildpeer.com/en""]",2,"[""source_native_ecosystem_identity""]",false,[],2026-08-30,"Discovery presence is not operating, traction, outcome, security or JCX-fit evidence."
dsc-0ae124b01655,BuildScience,"[""BuildScience""]",[],[],discovery_only,true,"[""yc_real_estate_construction_2026-08-30""]",1,[],[],"[""https://ycombinator.com/companies/buildscience"",""https://ycombinator.com/companies/industry/real-estate-and-construction""]","[""781""]","[""W2015""]","[""Active""]",[],0,[],0,[],"[""Property operations / housing""]","[""L7 Occupancy/tenant; L10 ESG/climate; L12 Data/intelligence""]","[""A""]",[],"[""US""]","[""Niagara Falls, NY, USA""]","[""1""]","[""Revolutionizing building management. Our platform allows building owners to deliver better customer service via custom software. We have deployed this in a 1M sq.ft. Class A office building, where we were able to lower operational expenses while improving tenant satisfaction."",""The operating system for commercial buildings.""]","[""https://ycombinator.com/companies/buildscience"",""https://ycombinator.com/companies/industry/real-estate-and-construction""]",2,"[""source_native_yc_identity""]",false,[],2026-08-30,"Discovery presence is not operating, traction, outcome, security or JCX-fit evidence."
dsc-fc9834c6e343,BuildZoom,"[""BuildZoom""]",[],[],discovery_only,true,"[""built_environment_ecosystem_discovery_index""]",1,"[""buildzoom.com""]","[""https://buildzoom.com/""]","[""https://brickmortar.vc/portfolio""]",[],[],[],"[""Brick & Mortar Ventures""]",1,"[""eco-src-8436f987a244""]",1,"[""Exit""]",[],[],[],[],[],[],[],[],"[""https://brickmortar.vc/portfolio"",""https://buildzoom.com/""]",2,"[""source_native_ecosystem_identity""]",false,[],2026-08-30,"Discovery presence is not operating, traction, outcome, security or JCX-fit evidence."
dsc-6e2bb2e18ede,Built Robotics,"[""Built Robotics""]","[""organization""]","[""org-built-robotics-e09ff21""]",qualified_core,false,"[""qualified_core""]",1,"[""builtrobotics.com""]","[""https://builtrobotics.com/""]",[],[],[],[],[],0,[],0,[],"[""autonomous construction equipment and excavation systems""]","[""L1"",""L5""]","[""B""]",[],"[""United States""]",[],[],[],"[""https://builtrobotics.com/""]",1,"[""qualified_core_identity""]",false,[],2026-08-30,Qualified-core identity; individual claims still require editorial review.
dsc-3601a8a65f3d,Built Technologies,"[""Built Technologies""]","[""organization""]","[""org-built-technologies-83f4505""]",qualified_core,false,"[""built_environment_ecosystem_discovery_index"",""qualified_core""]",2,"[""getbuilt.com""]","[""https://getbuilt.com/""]","[""https://fifthwall.com/portfolio""]",[],[],[],"[""Fifth Wall""]",1,"[""eco-src-634783ebeefd""]",1,"[""Active/portfolio""]","[""Construction lending/payments""]","[""L3"",""L5""]","[""A""]",[],"[""United States""]",[],[],"[""Built is the leading provider of secure, cloud-based construction loan administration software and the only platform to be endorsed by the American Bankers Association. Built's collaborative platform brings the draw management process online, helping to reduce construction loan risk, increase loan profitability, transform the borrower experience, simplify compliance, and provide lenders with data never accessed before.""]","[""https://fifthwall.com/portfolio"",""https://getbuilt.com/""]",2,"[""exact_normalized_name_with_domain_corroboration"",""qualified_core_identity""]",false,[],2026-08-30,Qualified-core identity; individual claims still require editorial review.
dsc-621d22aff132,Bulldozair,"[""Bulldozair""]",[],[],discovery_only,true,"[""yc_real_estate_construction_2026-08-30""]",1,[],[],"[""https://ycombinator.com/companies/bulldozair"",""https://ycombinator.com/companies/industry/real-estate-and-construction""]","[""1265""]","[""S2016""]","[""Acquired""]",[],0,[],0,[],"[""ConTech / construction operations""]","[""L5 Construction; L10 ESG/climate; L12 Data/intelligence""]","[""A""]",[],"[""FR""]","[""Paris, France""]","[""8""]","[""Bulldozair is a technology company backed by Y Combinator (US), Station F (EU) and Kima Ventures (EU). We provide a collaborative web and mobile platform that helps companies that own real estate or industrial assets to deliver their construction projects on time and on budget. Bulldozair digitally integrates all the construction process, compliance and checklists and deliver them to contractors and engineering..."",""Construction management platform""]","[""https://ycombinator.com/companies/bulldozair"",""https://ycombinator.com/companies/industry/real-estate-and-construction""]",2,"[""source_native_yc_identity""]",false,[],2026-08-30,"Discovery presence is not operating, traction, outcome, security or JCX-fit evidence."
dsc-596591e96204,Butler Plus,"[""Butler Plus""]",[],[],discovery_only,true,"[""built_environment_ecosystem_discovery_index""]",1,"[""butlerplus.com""]","[""http://butlerplus.com/""]","[""https://moderneventures.com/portfolio/butler-plus""]",[],[],[],"[""Moderne Ventures / Passport""]",1,"[""eco-src-e068e91e7210""]",1,"[""Portfolio/Passport listing displayed""]","[""Passport""]",[],[],[],[],[],[],"[""Doorstep valet trash + recycling pickup — Sustainable trash, recycling and package management + multifamily building amenity — Passport""]","[""http://butlerplus.com/"",""https://moderneventures.com/portfolio/butler-plus""]",2,"[""source_native_ecosystem_identity""]",false,[],2026-08-30,"Discovery presence is not operating, traction, outcome, security or JCX-fit evidence."
dsc-0c7f827c1eb5,ButterflyMX,"[""ButterflyMX""]","[""organization""]","[""org-butterflymx-e90e3bb""]",qualified_core,false,"[""built_environment_ecosystem_discovery_index"",""qualified_core""]",2,"[""butterflymx.com""]","[""https://butterflymx.com/""]","[""https://fifthwall.com/portfolio""]",[],[],[],"[""Fifth Wall""]",1,"[""eco-src-e8139a00a3a9""]",1,"[""Active/portfolio""]","[""Access control/intercom""]","[""L8""]","[""A""]",[],"[""United States""]",[],[],"[""In 2014, our founder and executive chairman, Cyrus Claffey embarked on a mission to revolutionize the traditional apartment intercom system. Recognizing the power and convenience of smartphones, Claffey teamed up with Mathew Knoff, Kunal Shah, and Ivan Mihalj to create the first-ever smartphone-powered intercom and unleashed it into the world in 2015. Since its inception, ButterflyMX has evolved into more than just an intercom. Today, ButterflyMX is a complete property access solution, providing a secure, convenient, and affordable way to manage and grant access on the go. From your building’s entryway throughout your entire property, ButterflyMX has a solution for all your access needs. ButterflyMX empowers residents and building staff to open doors, gates, and elevators with a smartphone — ensuring they never miss a visitor or delivery. Enjoy easy installation and cut costs by eliminating building wiring and in-unit hardware, and save time by integrating with popular access control and property management systems. Join the 15,000+ multifamily, commercial, gated community, and student housing properties that have made access simple with ButterflyMX.""]","[""https://butterflymx.com/"",""https://fifthwall.com/portfolio""]",2,"[""exact_normalized_name_with_domain_corroboration"",""qualified_core_identity""]",false,[],2026-08-30,Qualified-core identity; individual claims still require editorial review.
dsc-7bba5bbea30d,ByteGain,"[""ByteGain""]",[],[],discovery_only,true,"[""built_environment_ecosystem_discovery_index""]",1,"[""bytegain.com""]","[""https://bytegain.com/""]","[""https://moderneventures.com/portfolio/bytegain""]",[],[],[],"[""Moderne Ventures / Passport""]",1,"[""eco-src-79a8ed7711da""]",1,"[""Exited (displayed)""]","[""Passport""]",[],[],[],[],[],[],"[""AI writing tools for SEO — Empowering professionals to scale and elevate marketing content creation — Passport""]","[""https://bytegain.com/"",""https://moderneventures.com/portfolio/bytegain""]",2,"[""source_native_ecosystem_identity""]",false,[],2026-08-30,"Discovery presence is not operating, traction, outcome, security or JCX-fit evidence."
dsc-62725665746e,Cadastral,"[""Cadastral""]",[],[],discovery_only,true,"[""built_environment_ecosystem_discovery_index""]",1,"[""cadastral.ai""]","[""https://cadastral.ai/""]","[""https://spark.jllt.com/portfolio""]",[],[],[],"[""JLL Spark""]",1,"[""eco-src-26159c6214ed""]",1,"[""Exited""]",[],[],[],[],[],[],[],"[""Exited to Legora AI that completes complex workflows for CRE, end to end – from due diligence to drafting contracts View website""]","[""https://cadastral.ai/"",""https://spark.jllt.com/portfolio""]",2,"[""source_native_ecosystem_identity""]",false,[],2026-08-30,"Discovery presence is not operating, traction, outcome, security or JCX-fit evidence."
dsc-75459d96fae7,Caltana,"[""Caltana""]",[],[],discovery_only,true,"[""built_environment_ecosystem_discovery_index""]",1,"[""caltana.com""]","[""https://caltana.com/""]","[""https://spark.jllt.com/portfolio""]",[],[],[],"[""JLL Spark""]",1,"[""eco-src-1c114335d3a3""]",1,"[""Active/portfolio""]",[],[],[],[],[],[],[],"[""Helping buyers and suppliers of CRE services reduce costs and improve the quality of price quotes. View website""]","[""https://caltana.com/"",""https://spark.jllt.com/portfolio""]",2,"[""source_native_ecosystem_identity""]",false,[],2026-08-30,"Discovery presence is not operating, traction, outcome, security or JCX-fit evidence."
dsc-827236b05bf5,Calumino,"[""Calumino""]",[],[],discovery_only,true,"[""built_environment_ecosystem_discovery_index""]",1,[],[],"[""https://tarongagroup.com/wp-content/uploads/2025/07/RealTechX-Asset-Impact-Booklet-2025-1.pdf""]",[],[],[],"[""Taronga RealTechX / Asset Impact""]",1,"[""eco-src-e88784221132""]",1,"[""Alumni/support history displayed""]",[],[],[],[],[],[],[],[],"[""https://tarongagroup.com/wp-content/uploads/2025/07/RealTechX-Asset-Impact-Booklet-2025-1.pdf""]",1,"[""source_native_ecosystem_identity""]",false,[],2026-08-30,"Discovery presence is not operating, traction, outcome, security or JCX-fit evidence."
dsc-bed16781e198,Cambio,"[""Cambio""]","[""organization""]","[""org-cambio-93cf094""]",qualified_core,false,"[""qualified_core"",""yc_real_estate_construction_2026-08-30""]",2,[],[],"[""https://ycombinator.com/companies/cambio-2"",""https://ycombinator.com/companies/industry/real-estate-and-construction""]","[""27248""]","[""S2022""]","[""Active""]",[],0,[],0,[],"[""CRE operations/retrofit intelligence"",""Design / visualization""]","[""L10"",""L2 Feasibility; L4 Design/BIM; L9 Portfolio/asset; L12 Data/intelligence"",""L3"",""L8""]","[""A""]",[],"[""US"",""United States""]","[""San Francisco""]","[""60""]","[""AI-native commercial real estate operations"",""Cambio is the AI-native commercial real estate operations platform, built by investors for investors. Our suite of products automatically collects building data to empower mission critical workflows like capital planning and compliance. Cambio uses LLMs and agentic AI to reason across thousands of pages of unstructured data, run multi-stepanalyses, and continuously adapt as regulations, assets and market...""]","[""https://ycombinator.com/companies/cambio-2"",""https://ycombinator.com/companies/industry/real-estate-and-construction""]",2,"[""exact_normalized_name"",""qualified_core_identity""]",false,[],2026-08-30,Qualified-core identity; individual claims still require editorial review.
dsc-2c1e5b8d55be,Canary,"[""Canary""]",[],[],discovery_only,true,"[""built_environment_ecosystem_discovery_index""]",1,"[""canary.is""]","[""https://canary.is/""]","[""https://metaprop.com/portfolio""]",[],[],[],"[""MetaProp""]",1,"[""eco-src-452836f1aa71""]",1,"[""Active/portfolio""]",[],[],[],[],[],[],[],[],"[""https://canary.is/"",""https://metaprop.com/portfolio""]",2,"[""source_native_ecosystem_identity""]",false,[],2026-08-30,"Discovery presence is not operating, traction, outcome, security or JCX-fit evidence."
dsc-119ea830ea92,Canvas,"[""Canvas""]",[],[],discovery_only,true,"[""built_environment_ecosystem_discovery_index""]",1,"[""jlg.com""]","[""https://jlg.com/en/canvas""]","[""https://brickmortar.vc/portfolio""]",[],[],[],"[""Brick & Mortar Ventures""]",1,"[""eco-src-28ffb9a76230""]",1,"[""Exit""]",[],[],[],[],[],[],[],[],"[""https://brickmortar.vc/portfolio"",""https://jlg.com/en/canvas""]",2,"[""source_native_ecosystem_identity""]",false,[],2026-08-30,"Discovery presence is not operating, traction, outcome, security or JCX-fit evidence."
dsc-851661ea350a,CapitaLand Investment,"[""CapitaLand Investment""]","[""organization""]","[""org-capitaland-investment-6aab108""]",qualified_core,false,"[""qualified_core""]",1,"[""capitaland.com""]","[""https://capitaland.com/""]",[],[],[],[],[],0,[],0,[],[],"[""L1"",""L10"",""L6"",""L7"",""L8""]","[""A""]",[],"[""Singapore""]",[],[],[],"[""https://capitaland.com/"",""https://ir.capitalandinvest.com/"",""https://ir.capitalandinvest.com/misc/ar2024/toc""]",3,"[""qualified_core_identity""]",false,[],2026-08-30,Qualified-core identity; individual claims still require editorial review.
dsc-25ad7d539faa,"Carbon To Stone, Inc.","[""Carbon To Stone, Inc.""]",[],[],discovery_only,true,"[""built_environment_ecosystem_discovery_index""]",1,[],[],"[""https://cemexventures.com/top-50""]",[],[],[],"[""CEMEX Ventures Top 50 ConTech 2026""]",1,"[""eco-src-91aebf80b5b7""]",1,"[""Selected for 2026 Top 50""]","[""Green construction""]",[],[],[],[],[],[],"[""Green construction""]","[""https://cemexventures.com/top-50""]",1,"[""source_native_ecosystem_identity""]",false,[],2026-08-30,"Discovery presence is not operating, traction, outcome, security or JCX-fit evidence."
dsc-373233033a33,CarbonCure,"[""CarbonCure""]","[""organization""]","[""org-carboncure-3c06351""]",qualified_core,false,"[""built_environment_ecosystem_discovery_index"",""qualified_core""]",2,"[""carboncure.com""]","[""https://carboncure.com/""]","[""https://2150.vc/investments/carboncure"",""https://tarongagroup.com/wp-content/uploads/2025/07/RealTechX-Asset-Impact-Booklet-2025-1.pdf""]",[],[],[],"[""2150"",""Taronga RealTechX / Asset Impact""]",2,"[""eco-src-989037baed56"",""eco-src-d176c1880f42""]",2,"[""Alumni/support history displayed"",""Investment displayed; current status not inferred""]","[""Low-carbon concrete""]","[""L10"",""L5""]","[""A""]","[""Canada""]","[""Canada""]",[],[],"[""CarbonCure CarbonCure's retrofit technology lets concrete producers cut their carbon footprint by injecting captured CO₂ into mixers, where it mineralizes permanently.""]","[""https://2150.vc/investments/carboncure"",""https://carboncure.com/"",""https://tarongagroup.com/realtechx"",""https://tarongagroup.com/wp-content/uploads/2025/07/RealTechX-Asset-Impact-Booklet-2025-1.pdf""]",4,"[""exact_normalized_name"",""qualified_core_identity""]",false,[],2026-08-30,Qualified-core identity; individual claims still require editorial review.
dsc-c48f0eb4bb8a,Caribou,"[""Caribou""]",[],[],discovery_only,true,"[""built_environment_ecosystem_discovery_index""]",1,"[""caribou.com""]","[""https://caribou.com/""]","[""https://moderneventures.com/portfolio/caribou""]",[],[],[],"[""Moderne Ventures / Passport""]",1,"[""eco-src-7fecdd7cfc1b""]",1,"[""Portfolio/Passport listing displayed""]","[""Investment""]",[],[],[],[],[],[],"[""Driving financial freedom with smart automobile refinancing — Caribou empowers enterprises to provide their customers with seamless auto refinancing solutions, enabling them to enhance customer loyalty, drive financial savings, and unlock consumers' purchasing power by decreasing their personal costs — Investment""]","[""https://caribou.com/"",""https://moderneventures.com/portfolio/caribou""]",2,"[""source_native_ecosystem_identity""]",false,[],2026-08-30,"Discovery presence is not operating, traction, outcome, security or JCX-fit evidence."
dsc-139fb2d2e768,Cash Flow Portal,"[""Cash Flow Portal""]",[],[],discovery_only,true,"[""yc_real_estate_construction_2026-08-30""]",1,[],[],"[""https://ycombinator.com/companies/cash-flow-portal"",""https://ycombinator.com/companies/industry/real-estate-and-construction""]","[""25754""]","[""W2022""]","[""Active""]",[],0,[],0,[],"[""Real-estate finance / insurtech""]","[""L2 Feasibility; L12 Data/intelligence""]","[""B""]",[],"[""US""]","[""Seattle""]","[""19""]","[""Cash Flow Portal is an investment management platform for real estate. We launched 5 months ago, and we have 6-figure ARR, growing 50% month over month, with 300 syndicators and 3,000 investors. We’ve grown quickly because I am a syndicator myself. Having raised $20MM for my own deals, I know how painful it is to manually prepare Docusigns, send wire instructions and wrangle investors. I also happen to be friends..."",""Investment management platform for real estate""]","[""https://ycombinator.com/companies/cash-flow-portal"",""https://ycombinator.com/companies/industry/real-estate-and-construction""]",2,"[""source_native_yc_identity""]",false,[],2026-08-30,"Discovery presence is not operating, traction, outcome, security or JCX-fit evidence."
dsc-d487cfa193c5,CBRE,"[""CBRE""]","[""organization""]","[""org-cbre-42561ee""]",qualified_core,false,"[""qualified_core""]",1,"[""cbre.com""]","[""https://cbre.com/""]",[],[],[],[],[],0,[],0,[],[],"[""L10"",""L3"",""L6"",""L8""]","[""B""]",[],"[""United States""]",[],[],[],"[""https://cbre.com/"",""https://ir.cbre.com/financial-reports/sec-filings/content/0001193125-26-141311/2025_ars_filing_4-3-26.pdf""]",2,"[""qualified_core_identity""]",false,[],2026-08-30,Qualified-core identity; individual claims still require editorial review.
dsc-9f28941c6dca,Cedar,"[""Cedar""]",[],[],discovery_only,true,"[""built_environment_ecosystem_discovery_index""]",1,"[""getcedar.com""]","[""https://getcedar.com/ca-en""]","[""https://nar-reach.com/canada""]",[],[],[],"[""NAR REACH Canada""]",1,"[""eco-src-f81478ca1d8c""]",1,"[""2026 cohort (or current page cohort)""]",[],[],[],"[""Canada""]",[],[],[],"[""A housing affordability solution that lowers the financial barriers to homeownership by separating the cost of the land from the home itself.""]","[""https://getcedar.com/ca-en"",""https://nar-reach.com/canada""]",2,"[""source_native_ecosystem_identity""]",false,[],2026-08-30,"Discovery presence is not operating, traction, outcome, security or JCX-fit evidence."
dsc-2a1aedb493df,CenterCheck,"[""CenterCheck""]",[],[],discovery_only,true,"[""built_environment_ecosystem_discovery_index""]",1,"[""centercheck.com""]","[""https://centercheck.com/""]","[""https://nar-reach.com/us-commercial""]",[],[],[],"[""NAR REACH US Commercial""]",1,"[""eco-src-e0803f1de0cd""]",1,"[""2026 cohort (or current page cohort)""]",[],[],[],"[""United States""]",[],[],[],"[""Store-level sales monitoring that gives retailers and shopping centers accurate sales reporting, shopper demographics, and transaction journey insights for their physical locations.""]","[""https://centercheck.com/"",""https://nar-reach.com/us-commercial""]",2,"[""source_native_ecosystem_identity""]",false,[],2026-08-30,"Discovery presence is not operating, traction, outcome, security or JCX-fit evidence."
dsc-71907d2b97c7,CentralComs,"[""CentralComs""]",[],[],discovery_only,true,"[""yc_real_estate_construction_2026-08-30""]",1,[],[],"[""https://ycombinator.com/companies/centralcoms"",""https://ycombinator.com/companies/industry/real-estate-and-construction""]","[""31543""]","[""P2026""]","[""Active""]",[],0,[],0,[],"[""Real-estate software / adjacent""]","[""L8 FM/maintenance; L12 Data/intelligence""]","[""B""]",[],"[""US""]","[""San Francisco""]","[""2""]","[""AI agent platform for home services companies."",""Home services companies lose money on missed calls and idle techs. When the phone rings during a job and nobody picks up, that lead goes to a competitor and the trucks already on the road sit half-booked because dispatch can't keep the schedule tight. CentralComs fixes this with AI agents that answer every call, route each job to the right technician, and keep the calendar full. They handle intake, dispatch, and...""]","[""https://ycombinator.com/companies/centralcoms"",""https://ycombinator.com/companies/industry/real-estate-and-construction""]",2,"[""source_native_yc_identity""]",false,[],2026-08-30,"Discovery presence is not operating, traction, outcome, security or JCX-fit evidence."
dsc-2167c58518b0,Cerclos,"[""Cerclos""]",[],[],discovery_only,true,"[""built_environment_ecosystem_discovery_index""]",1,[],[],"[""https://tarongagroup.com/wp-content/uploads/2025/07/RealTechX-Asset-Impact-Booklet-2025-1.pdf""]",[],[],[],"[""Taronga RealTechX / Asset Impact""]",1,"[""eco-src-db0b73374657""]",1,"[""Alumni/support history displayed""]",[],[],[],[],[],[],[],[],"[""https://tarongagroup.com/wp-content/uploads/2025/07/RealTechX-Asset-Impact-Booklet-2025-1.pdf""]",1,"[""source_native_ecosystem_identity""]",false,[],2026-08-30,"Discovery presence is not operating, traction, outcome, security or JCX-fit evidence."
dsc-f840f876cf2b,Chateauz,"[""Chateauz""]",[],[],discovery_only,true,"[""built_environment_ecosystem_discovery_index""]",1,"[""chateauz.io""]","[""https://chateauz.io/""]","[""https://moderneventures.com/portfolio/chateauz""]",[],[],[],"[""Moderne Ventures / Passport""]",1,"[""eco-src-e26c6a067aaa""]",1,"[""Portfolio/Passport listing displayed""]","[""Passport""]",[],[],[],[],[],[],"[""5D Cognitive Simulation Infrastructure — Simulation infrastructure for decision-critical environments, determining outcomes before deployment — Passport""]","[""https://chateauz.io/"",""https://moderneventures.com/portfolio/chateauz""]",2,"[""source_native_ecosystem_identity""]",false,[],2026-08-30,"Discovery presence is not operating, traction, outcome, security or JCX-fit evidence."
dsc-6a5e1cc2c8bf,Checkpoint ID,"[""Checkpoint ID""]",[],[],discovery_only,true,"[""built_environment_ecosystem_discovery_index""]",1,"[""mrisoftware.checkpointid.com""]","[""https://mrisoftware.checkpointid.com/""]","[""https://ret.vc/portfolio""]",[],[],[],"[""RET Ventures Portfolio""]",1,"[""eco-src-158ce4e14413""]",1,"[""Portfolio company displayed""]",[],[],[],[],[],[],[],"[""Checkpoint ID Checkpoint ID is the multifamily industry's leading ID verification service. The service allows instant verification of any government issued ID and all passports throughout the world. The service begins at the point of a tour, saving time and allowing for an additional layer of safety for leasing professionals. Year of investment 2018 Stage at Investment All Seed Real Estate Focus All Multifamily View WEbsite""]","[""https://mrisoftware.checkpointid.com/"",""https://ret.vc/portfolio""]",2,"[""source_native_ecosystem_identity""]",false,[],2026-08-30,"Discovery presence is not operating, traction, outcome, security or JCX-fit evidence."
dsc-851fb4f02e0c,Cherre,"[""Cherre""]","[""organization""]","[""org-cherre-167c4aa""]",qualified_core,false,"[""qualified_core""]",1,"[""cherre.com""]","[""https://cherre.com/""]",[],[],[],[],[],0,[],0,[],"[""Property data graph""]","[""L12"",""L8""]","[""A""]",[],"[""United States""]",[],[],[],"[""https://cherre.com/""]",1,"[""qualified_core_identity""]",false,[],2026-08-30,Qualified-core identity; individual claims still require editorial review.
dsc-f42acd99a65c,Chestnut,"[""Chestnut""]","[""organization""]","[""org-chestnut-7e1617e""]",qualified_core,false,"[""qualified_core""]",1,[],[],"[""https://ycombinator.com/companies/chestnut""]",[],[],[],[],0,[],0,[],"[""AI mortgage lender""]","[""L3""]","[""B""]",[],"[""United States""]",[],[],[],"[""https://ycombinator.com/companies/chestnut""]",1,"[""qualified_core_identity""]",false,[],2026-08-30,Qualified-core identity; individual claims still require editorial review.
dsc-53e6125019ad,Civils.ai,"[""Civils.ai""]","[""organization""]","[""org-civils-ai-9dff211""]",qualified_core,false,"[""qualified_core""]",1,"[""civils.ai""]","[""https://civils.ai/""]",[],[],[],[],[],0,[],0,[],"[""AI takeoffs and civil-engineering document review""]","[""L4"",""L5""]","[""A""]",[],"[""Singapore""]",[],[],[],"[""https://cemexventures.com/startup-competition-2026-apac-finalists"",""https://civils.ai/"",""https://civils.ai/about""]",3,"[""qualified_core_identity""]",false,[],2026-08-30,Qualified-core identity; individual claims still require editorial review.
dsc-c87b0224f7f8,Clad,"[""Clad""]",[],[],discovery_only,true,"[""yc_real_estate_construction_2026-08-30""]",1,[],[],"[""https://ycombinator.com/companies/clad"",""https://ycombinator.com/companies/industry/real-estate-and-construction""]","[""28070""]","[""W2023""]","[""Active""]",[],0,[],0,[],"[""ConTech / construction operations""]","[""L1 Land/site; L3 Capital/finance; L5 Construction; L12 Data/intelligence""]","[""A""]",[],"[""US""]","[""New York City""]","[""7""]","[""Clad is project management and billing software for infrastructure. The world is rebuilding its internet and power networks. The utilities, internet companies, and contractors tasked with this work face immense pressure to deliver. But their tools haven’t caught up. Contractors struggle to grow, constrained by cashflow. Operators fly blind, lacking real time visibility into issues. Clad unifies project operations..."",""Project management software for building infrastructure.""]","[""https://ycombinator.com/companies/clad"",""https://ycombinator.com/companies/industry/real-estate-and-construction""]",2,"[""source_native_yc_identity""]",false,[],2026-08-30,"Discovery presence is not operating, traction, outcome, security or JCX-fit evidence."
dsc-f4dd15883feb,ClassPass — Acquired by Mindbody,"[""ClassPass — Acquired by Mindbody""]",[],[],discovery_only,true,"[""built_environment_ecosystem_discovery_index""]",1,"[""classpass.com""]","[""https://classpass.com/""]","[""https://fifthwall.com/portfolio""]",[],[],[],"[""Fifth Wall""]",1,"[""eco-src-1188f8ec6da7""]",1,"[""Exited/acquired (as displayed)""]",[],[],[],[],[],[],[],"[""ClassPass offers its customers a one-stop-shop membership to the world’s largest network of fitness and wellness services. With over 22,000 partners in 2500 cities worldwide, ClassPass connects members to a huge variety of experiences, including yoga, cycling, running, Pilates, HIIT, boxing, barre, strength training, dance, gyms, massages, spa services, cryotherapy, sports, videos and more. Recognized as one of Forbes’s Next Billion Dollar Startups, ClassPass leverages proprietary technology to dynamically merchandise and surface over 5 million fitness and wellness classes for a seamless, affordable booking experience.""]","[""https://classpass.com/"",""https://fifthwall.com/portfolio""]",2,"[""source_native_ecosystem_identity""]",false,[],2026-08-30,"Discovery presence is not operating, traction, outcome, security or JCX-fit evidence."
dsc-28f36ef9ed14,Clau,"[""Clau""]","[""organization""]","[""org-clau-d85bf61""]",qualified_core,false,"[""qualified_core"",""yc_real_estate_construction_2026-08-30""]",2,[],[],"[""https://ycombinator.com/companies/clau"",""https://ycombinator.com/companies/industry/real-estate-and-construction""]","[""22294""]","[""S2020""]","[""Active""]",[],0,[],0,[],"[""Property operations / housing"",""real-estate super-app marketplace CRM mortgage and data""]","[""L3"",""L3 Capital/finance; L6 Marketing/sales; L7 Occupancy/tenant; L12 Data/intelligence"",""L6"",""L9""]","[""A"",""B""]",[],"[""MX"",""Mexico""]","[""Mexico City, CDMX, Mexico""]","[""90""]","[""The real estate superapp for Mexico"",""We are the real estate super app for Mexico combining a marketplace with over 20,000 properties, a crm for brokers, financial services including a mortgage brokerage, renovations and the leading data layer for residential real estate in the country.""]","[""https://ycombinator.com/companies/clau"",""https://ycombinator.com/companies/industry/real-estate-and-construction""]",2,"[""exact_normalized_name"",""qualified_core_identity""]",false,[],2026-08-30,Qualified-core identity; individual claims still require editorial review.
dsc-0b406856eb98,Clikalia,"[""Clikalia""]",[],[],discovery_only,true,"[""built_environment_ecosystem_discovery_index""]",1,"[""clikalia.com""]","[""https://clikalia.com/""]","[""https://fifthwall.com/portfolio""]",[],[],[],"[""Fifth Wall""]",1,"[""eco-src-44960cbb384c""]",1,"[""Active/portfolio""]",[],[],[],[],[],[],[],"[""Founded in 2018 by Alister Moreno and Pablo Fernandez, Clikalia is transforming the home buying and selling experience by turning complex, uncertain and slow processes into fast, simple and transparent transactions bringing immediate liquidity. The proptech company guarantees sellers an offer on their property as quickly as within 24 hours and if accepted, a sale within 7 days. Clikalia uses technology to create a fully digital experience, allowing them to offer their value proposition to a larger number of customers than traditional brokerage services. Clikalia has grown to +600 employees in 2021, and has been recognised recently by the European Business Awards, Euronext, E-nnovation Award, Top 100 SouthSummi and Cepyme.""]","[""https://clikalia.com/"",""https://fifthwall.com/portfolio""]",2,"[""source_native_ecosystem_identity""]",false,[],2026-08-30,"Discovery presence is not operating, traction, outcome, security or JCX-fit evidence."
dsc-cfa6c25a0af2,Climate X,"[""Climate X""]","[""organization""]","[""org-climate-x-d8b546c""]",qualified_core,false,"[""qualified_core""]",1,"[""climate-x.com""]","[""https://climate-x.com/""]",[],[],[],[],[],0,[],0,[],"[""physical climate risk financial-loss and adaptation CapEx analytics""]","[""L1"",""L10"",""L2"",""L3"",""L9""]","[""A""]",[],"[""United Kingdom""]",[],[],[],"[""https://climate-x.com/"",""https://climate-x.com/faqs"",""https://climate-x.com/industries""]",3,"[""qualified_core_identity""]",false,[],2026-08-30,Qualified-core identity; individual claims still require editorial review.
dsc-a8cc54f8a2a4,Closing Theory,"[""Closing Theory""]",[],[],discovery_only,true,"[""built_environment_ecosystem_discovery_index""]",1,"[""closingtheory.com""]","[""http://closingtheory.com/""]","[""https://moderneventures.com/portfolio/closing-theory""]",[],[],[],"[""Moderne Ventures / Passport""]",1,"[""eco-src-29adbc5d72f6""]",1,"[""Portfolio/Passport listing displayed""]","[""Investment""]",[],[],[],[],[],[],"[""Build leads and monetization for real estate listings through the $200B video gaming market — Increase traffic to your listings and build your brand through a real estate mobile gaming experience created with real home listings — Investment""]","[""http://closingtheory.com/"",""https://moderneventures.com/portfolio/closing-theory""]",2,"[""source_native_ecosystem_identity""]",false,[],2026-08-30,"Discovery presence is not operating, traction, outcome, security or JCX-fit evidence."
dsc-96fc012498a2,Cobblestone,"[""Cobblestone""]","[""organization""]","[""org-cobblestone-e6f3985""]",qualified_core,false,"[""qualified_core"",""yc_real_estate_construction_2026-08-30""]",2,[],[],"[""https://ycombinator.com/companies/cobblestone"",""https://ycombinator.com/companies/industry/real-estate-and-construction""]","[""27853""]","[""W2023""]","[""Acquired""]",[],0,[],0,[],"[""Landlord fraud/delinquency"",""Property operations / housing""]","[""L3"",""L8"",""L8 FM/maintenance; L12 Data/intelligence""]","[""A"",""C""]",[],"[""US"",""United States""]","[""New York City""]","[""3""]","[""Delinquency reduction and automation software for institutional…"",""We're building software to help institutional landlords reduce delinquency starting with fraud reduction.""]","[""https://ycombinator.com/companies/cobblestone"",""https://ycombinator.com/companies/industry/real-estate-and-construction""]",2,"[""exact_normalized_name"",""qualified_core_identity""]",false,[],2026-08-30,Qualified-core identity; individual claims still require editorial review.
dsc-18627c573d1a,Cocodelivery,"[""Cocodelivery""]",[],[],discovery_only,true,"[""built_environment_ecosystem_discovery_index""]",1,"[""cocodelivery.com""]","[""https://cocodelivery.com/""]","[""https://metaprop.com/portfolio""]",[],[],[],"[""MetaProp""]",1,"[""eco-src-5daebcb8c676""]",1,"[""Exited/marked exited""]",[],[],[],[],[],[],[],[],"[""https://cocodelivery.com/"",""https://metaprop.com/portfolio""]",2,"[""source_native_ecosystem_identity""]",false,[],2026-08-30,"Discovery presence is not operating, traction, outcome, security or JCX-fit evidence."
dsc-cb87897f807e,Cocoon,"[""Cocoon"",""Cocoon Carbon""]","[""organization""]","[""org-cocoon-ff50211""]",qualified_core,false,"[""built_environment_ecosystem_discovery_index"",""qualified_core""]",2,"[""cocooncarbon.com""]","[""https://cocooncarbon.com/""]","[""https://2150.vc/investments/cocoon"",""https://brickmortar.vc/portfolio""]",[],[],[],"[""2150"",""Brick & Mortar Ventures""]",2,"[""eco-src-67cfc6446804"",""eco-src-79ec38c10e6a""]",2,"[""Active investment"",""Investment displayed; current status not inferred""]","[""steel-slag cement replacement and materials decarbonization""]","[""L10"",""L5""]","[""A""]","[""United Kingdom""]","[""United Kingdom""]",[],[],"[""Cocoon Cocoon turns waste steel slag into a low-cost, low-carbon, high-performance cement replacement, easing global shortages of cementitious materials.""]","[""https://2150.vc/investments/cocoon"",""https://brickmortar.vc/portfolio"",""https://cocooncarbon.com/"",""https://cocooncarbon.com/about""]",4,"[""exact_normalized_name"",""qualified_core_identity"",""reviewed_name_alias_with_domain_corroboration""]",false,[],2026-08-30,Qualified-core identity; individual claims still require editorial review.
dsc-cb3025163b0b,CoCrafter,"[""CoCrafter""]",[],[],discovery_only,true,"[""yc_real_estate_construction_2026-08-30""]",1,[],[],"[""https://ycombinator.com/companies/cocrafter"",""https://ycombinator.com/companies/industry/real-estate-and-construction""]","[""29481""]","[""W2024""]","[""Active""]",[],0,[],0,[],"[""ConTech / construction operations""]","[""L5 Construction""]","[""A""]",[],"[""DE""]","[""Munich, Germany""]","[""9""]","[""B2B construction marketplace to match contractors and subcontractors."",""CoCrafter is a construction marketplace to match contractors and subcontractors. Already used by over 3000 companies in the strong German SMB sector, CoCrafter helps contractors to find and manage local as well as foreign subcontractors.""]","[""https://ycombinator.com/companies/cocrafter"",""https://ycombinator.com/companies/industry/real-estate-and-construction""]",2,"[""source_native_yc_identity""]",false,[],2026-08-30,"Discovery presence is not operating, traction, outcome, security or JCX-fit evidence."
dsc-8cd86c72c17a,Cofilending,"[""Cofilending""]",[],[],discovery_only,true,"[""built_environment_ecosystem_discovery_index""]",1,"[""cofilending.com""]","[""https://cofilending.com/""]","[""https://metaprop.com/portfolio""]",[],[],[],"[""MetaProp""]",1,"[""eco-src-cf9760bfca43""]",1,"[""Active/portfolio""]",[],[],[],[],[],[],[],[],"[""https://cofilending.com/"",""https://metaprop.com/portfolio""]",2,"[""source_native_ecosystem_identity""]",false,[],2026-08-30,"Discovery presence is not operating, traction, outcome, security or JCX-fit evidence."
dsc-cb930e14ac28,cognian technologies,"[""cognian technologies""]",[],[],discovery_only,true,"[""built_environment_ecosystem_discovery_index""]",1,[],[],"[""https://tarongagroup.com/wp-content/uploads/2025/07/RealTechX-Asset-Impact-Booklet-2025-1.pdf""]",[],[],[],"[""Taronga RealTechX / Asset Impact""]",1,"[""eco-src-24b2db7f9c73""]",1,"[""Alumni/support history displayed""]",[],[],[],[],[],[],[],[],"[""https://tarongagroup.com/wp-content/uploads/2025/07/RealTechX-Asset-Impact-Booklet-2025-1.pdf""]",1,"[""source_native_ecosystem_identity""]",false,[],2026-08-30,"Discovery presence is not operating, traction, outcome, security or JCX-fit evidence."
dsc-5f20c4afeb09,Companion Protect,"[""Companion Protect""]",[],[],discovery_only,true,"[""built_environment_ecosystem_discovery_index""]",1,"[""poweredbycompanionprotect.com""]","[""https://poweredbycompanionprotect.com/""]","[""https://moderneventures.com/portfolio/companion-protect""]",[],[],[],"[""Moderne Ventures / Passport""]",1,"[""eco-src-27d15b06b9a5""]",1,"[""Portfolio/Passport listing displayed""]","[""Passport""]",[],[],[],[],[],[],"[""Premium, affordable pet insurance and wellness administration — Pet insurance and wellness plan administration trusted by property and casualty insurers, employee benefits providers, retail, residential real estate managers and animal shelter channel partners — Passport""]","[""https://moderneventures.com/portfolio/companion-protect"",""https://poweredbycompanionprotect.com/""]",2,"[""source_native_ecosystem_identity""]",false,[],2026-08-30,"Discovery presence is not operating, traction, outcome, security or JCX-fit evidence."
dsc-a85fe84a94f1,companion.energy,"[""companion.energy""]",[],[],discovery_only,true,"[""built_environment_ecosystem_discovery_index""]",1,"[""companion.energy""]","[""https://companion.energy/""]","[""https://pilabs.vc/portfolio""]",[],[],[],"[""Pi Labs""]",1,"[""eco-src-99bed3601e6b""]",1,"[""Active/portfolio""]",[],[],[],[],[],[],[],"[""Smarter energy management for complex environments. Est. 2022. Ghent. Belgium. Founded by Thomas Vyncke and Jonas Verstraeten. Last Funding Round: Seed.""]","[""https://companion.energy/"",""https://pilabs.vc/portfolio""]",2,"[""source_native_ecosystem_identity""]",false,[],2026-08-30,"Discovery presence is not operating, traction, outcome, security or JCX-fit evidence."
dsc-322e762bff22,complimind,"[""complimind""]",[],[],discovery_only,true,"[""built_environment_ecosystem_discovery_index""]",1,"[""complimind.co.uk""]","[""https://complimind.co.uk/""]","[""https://pilabs.vc/portfolio""]",[],[],[],"[""Pi Labs""]",1,"[""eco-src-cb17ef124b65""]",1,"[""Active/portfolio""]",[],[],[],[],[],[],[],"[""Compliance management for healthcare estates and facilities Est. 2023. London. United Kingdom. Founded by Dr. Carl-Magnus v. Behr and Dr. Jan H. Blümel. Last Funding Round: Pre-Seed""]","[""https://complimind.co.uk/"",""https://pilabs.vc/portfolio""]",2,"[""source_native_ecosystem_identity""]",false,[],2026-08-30,"Discovery presence is not operating, traction, outcome, security or JCX-fit evidence."
dsc-392c5cf30678,Compstak,"[""Compstak""]",[],[],discovery_only,true,"[""built_environment_ecosystem_discovery_index""]",1,"[""compstak.com""]","[""https://compstak.com/""]","[""https://metaprop.com/portfolio""]",[],[],[],"[""MetaProp""]",1,"[""eco-src-975668f7e47d""]",1,"[""Active/portfolio""]",[],[],[],[],[],[],[],[],"[""https://compstak.com/"",""https://metaprop.com/portfolio""]",2,"[""source_native_ecosystem_identity""]",false,[],2026-08-30,"Discovery presence is not operating, traction, outcome, security or JCX-fit evidence."
dsc-34f904e2c4c0,ConCntric,"[""ConCntric""]",[],[],discovery_only,true,"[""built_environment_ecosystem_discovery_index""]",1,[],[],"[""https://cemexventures.com/top-50""]",[],[],[],"[""CEMEX Ventures Top 50 ConTech 2026""]",1,"[""eco-src-3da37f5def1d""]",1,"[""Selected for 2026 Top 50""]","[""Enhanced productivity""]",[],[],[],[],[],[],"[""Enhanced productivity""]","[""https://cemexventures.com/top-50""]",1,"[""source_native_ecosystem_identity""]",false,[],2026-08-30,"Discovery presence is not operating, traction, outcome, security or JCX-fit evidence."
dsc-765c511b7d6a,Concord Materials,"[""Concord Materials""]",[],[],discovery_only,true,"[""yc_real_estate_construction_2026-08-30""]",1,[],[],"[""https://ycombinator.com/companies/concord-materials"",""https://ycombinator.com/companies/industry/real-estate-and-construction""]","[""23971""]","[""S2021""]","[""Active""]",[],0,[],0,[],"[""ConTech / construction operations""]","[""L3 Capital/finance; L5 Construction; L12 Data/intelligence""]","[""A""]",[],"[""US""]","[""New York City""]","[""7""]","[""Automating procurement and finance for construction companies"",""SaaS automation tools, financing and marketplace for bulk construction materials""]","[""https://ycombinator.com/companies/concord-materials"",""https://ycombinator.com/companies/industry/real-estate-and-construction""]",2,"[""source_native_yc_identity""]",false,[],2026-08-30,"Discovery presence is not operating, traction, outcome, security or JCX-fit evidence."
dsc-c1154029ceca,ConcreteAI,"[""ConcreteAI""]","[""organization""]","[""org-concreteai-886747c""]",qualified_core,false,"[""qualified_core""]",1,"[""concreteai.io""]","[""https://concreteai.io/""]",[],[],[],[],[],0,[],0,[],"[""concrete strength temperature and quality monitoring""]","[""L10"",""L5""]","[""A""]",[],"[""Singapore""]",[],[],[],"[""https://cemexventures.com/startup-competition-2026-apac-finalists"",""https://concreteai.io/"",""https://concreteai.io/about_us""]",3,"[""qualified_core_identity""]",false,[],2026-08-30,Qualified-core identity; individual claims still require editorial review.
dsc-d4a6758468fe,Conduit,"[""Conduit""]",[],[],discovery_only,true,"[""built_environment_ecosystem_discovery_index""]",1,"[""conduit.app""]","[""https://conduit.app/""]","[""https://pilabs.vc/portfolio""]",[],[],[],"[""Pi Labs""]",1,"[""eco-src-25f50b2a557d""]",1,"[""Active/portfolio""]",[],[],[],[],[],[],[],"[""AI Agents for Customer Service Est. 2023. United States. <br> Founded by Cole Rubin and Punn Kam . <br> Last Funding Round: Seed.""]","[""https://conduit.app/"",""https://pilabs.vc/portfolio""]",2,"[""source_native_ecosystem_identity""]",false,[],2026-08-30,"Discovery presence is not operating, traction, outcome, security or JCX-fit evidence."
dsc-1a12b9d993b3,ConeLabs Inc.,"[""ConeLabs Inc.""]",[],[],discovery_only,true,"[""built_environment_ecosystem_discovery_index""]",1,[],[],"[""https://cemexventures.com/top-50""]",[],[],[],"[""CEMEX Ventures Top 50 ConTech 2026""]",1,"[""eco-src-e76061912499""]",1,"[""Selected for 2026 Top 50""]","[""Enhanced productivity""]",[],[],[],[],[],[],"[""Enhanced productivity""]","[""https://cemexventures.com/top-50""]",1,"[""source_native_ecosystem_identity""]",false,[],2026-08-30,"Discovery presence is not operating, traction, outcome, security or JCX-fit evidence."
dsc-566c5468db9d,Connect Homes,"[""Connect Homes""]",[],[],discovery_only,true,"[""built_environment_ecosystem_discovery_index""]",1,"[""connect-homes.com""]","[""http://connect-homes.com/""]","[""https://metaprop.com/portfolio""]",[],[],[],"[""MetaProp""]",1,"[""eco-src-8656eb4834ec""]",1,"[""Exited/marked exited""]",[],[],[],[],[],[],[],[],"[""http://connect-homes.com/"",""https://metaprop.com/portfolio""]",2,"[""source_native_ecosystem_identity""]",false,[],2026-08-30,"Discovery presence is not operating, traction, outcome, security or JCX-fit evidence."
dsc-799122c0d510,CONQA,"[""CONQA""]",[],[],discovery_only,true,"[""built_environment_ecosystem_discovery_index""]",1,[],[],"[""https://tarongagroup.com/wp-content/uploads/2025/07/RealTechX-Asset-Impact-Booklet-2025-1.pdf""]",[],[],[],"[""Taronga RealTechX / Asset Impact""]",1,"[""eco-src-e2cba437d2ae""]",1,"[""Alumni/support history displayed""]",[],[],[],[],[],[],[],[],"[""https://tarongagroup.com/wp-content/uploads/2025/07/RealTechX-Asset-Impact-Booklet-2025-1.pdf""]",1,"[""source_native_ecosystem_identity""]",false,[],2026-08-30,"Discovery presence is not operating, traction, outcome, security or JCX-fit evidence."
dsc-ca4ba233e92a,Conservation Labs,"[""Conservation Labs""]",[],[],discovery_only,true,"[""built_environment_ecosystem_discovery_index""]",1,"[""conservationlabs.com""]","[""https://conservationlabs.com/""]","[""https://ret.vc/portfolio""]",[],[],[],"[""RET Ventures Portfolio""]",1,"[""eco-src-16e22864bf91""]",1,"[""Portfolio company displayed""]",[],[],[],[],[],[],[],"[""Conservation Labs Conservation Labs' mission is to enable cost effective and sustainable water utilizing a non-invasive monitor. The device tracks water and mechanical use via sound in order to identify usage and mitigate liability by detecting leaks. Year of investment 2020 Stage at Investment All Seed Real Estate Focus All Multifamily Single-Family Commercial Retail Other View WEbsite""]","[""https://conservationlabs.com/"",""https://ret.vc/portfolio""]",2,"[""source_native_ecosystem_identity""]",false,[],2026-08-30,"Discovery presence is not operating, traction, outcome, security or JCX-fit evidence."
dsc-52437eafe143,Constructable,"[""Constructable""]",[],[],discovery_only,true,"[""yc_real_estate_construction_2026-08-30""]",1,[],[],"[""https://ycombinator.com/companies/constructable"",""https://ycombinator.com/companies/industry/real-estate-and-construction""]","[""29121""]","[""S2023""]","[""Active""]",[],0,[],0,[],"[""ConTech / construction operations""]","[""L5 Construction; L12 Data/intelligence""]","[""A""]",[],"[""US""]","[""Santa Barbara, CA, USA""]","[""6""]","[""Building the next Procore"",""Constructable is the modern alternative to Procore, Autodesk, and Fieldwire. We help mid-size general contractors manage the entire lifecycle of a commercial project from bidding to closeout. With Constructable, teams can accelerate field, project, and financial management in one intuitive system. RFIs, submittals, drawings, daily logs, punch lists, change orders—everything lives in one place, with AI-powered...""]","[""https://ycombinator.com/companies/constructable"",""https://ycombinator.com/companies/industry/real-estate-and-construction""]",2,"[""source_native_yc_identity""]",false,[],2026-08-30,"Discovery presence is not operating, traction, outcome, security or JCX-fit evidence."
dsc-7aa364ad11e0,Coraly,"[""Coraly""]",[],[],discovery_only,true,"[""built_environment_ecosystem_discovery_index""]",1,[],[],"[""https://nar-reach.com/dubai-land-department-second-century-ventures-celebrate-start-of-reach-middle-east""]",[],[],[],"[""NAR REACH Middle East""]",1,"[""eco-src-20eedbdb8649""]",1,"[""2026 cohort""]",[],[],[],"[""Middle East""]",[],[],[],"[""AI-powered growth platform for real estate agencies.""]","[""https://nar-reach.com/dubai-land-department-second-century-ventures-celebrate-start-of-reach-middle-east""]",1,"[""source_native_ecosystem_identity""]",false,[],2026-08-30,"Discovery presence is not operating, traction, outcome, security or JCX-fit evidence."
dsc-88eaf040c68f,CoStar,"[""CoStar""]","[""organization""]","[""org-costar-1ac20e9""]",qualified_core,false,"[""qualified_core""]",1,"[""costar.com""]","[""https://costar.com/""]",[],[],[],[],[],0,[],0,[],"[""Property marketplace analytics""]","[""L1"",""L12"",""L3"",""L6""]",[],[],"[""United States""]",[],[],[],"[""https://costar.com/"",""https://costargroup.com/""]",2,"[""qualified_core_identity""]",false,[],2026-08-30,Qualified-core identity; individual claims still require editorial review.
dsc-51cfe2abebe6,Courbanize,"[""Courbanize""]",[],[],discovery_only,true,"[""built_environment_ecosystem_discovery_index""]",1,"[""courbanize.com""]","[""http://courbanize.com/""]","[""https://metaprop.com/portfolio""]",[],[],[],"[""MetaProp""]",1,"[""eco-src-6e6978e33e4e""]",1,"[""Active/portfolio""]",[],[],[],[],[],[],[],[],"[""http://courbanize.com/"",""https://metaprop.com/portfolio""]",2,"[""source_native_ecosystem_identity""]",false,[],2026-08-30,"Discovery presence is not operating, traction, outcome, security or JCX-fit evidence."
dsc-95b80065a713,Covered,"[""Covered""]",[],[],discovery_only,true,"[""built_environment_ecosystem_discovery_index""]",1,"[""itscovered.com""]","[""https://itscovered.com/""]","[""https://moderneventures.com/portfolio/covered""]",[],[],[],"[""Moderne Ventures / Passport""]",1,"[""eco-src-59cacc25adf6""]",1,"[""Exited (displayed)""]","[""Passport""]",[],[],[],[],[],[],"[""Embedded insurance marketplace and concierge service — Streamlining the insurance process by integrating and automating purchases directly into buying, leasing, and lending transaction — Passport""]","[""https://itscovered.com/"",""https://moderneventures.com/portfolio/covered""]",2,"[""source_native_ecosystem_identity""]",false,[],2026-08-30,"Discovery presence is not operating, traction, outcome, security or JCX-fit evidence."
dsc-74ae986b53e5,Craftwork,"[""Craftwork""]",[],[],discovery_only,true,"[""yc_real_estate_construction_2026-08-30""]",1,[],[],"[""https://ycombinator.com/companies/craftwork"",""https://ycombinator.com/companies/industry/real-estate-and-construction""]","[""28823""]","[""S2023""]","[""Active""]",[],0,[],0,[],"[""Real-estate software / adjacent""]","[""L12 Data/intelligence""]","[""C""]",[],"[""US""]","[""Charlotte, NC, USA""]","[""50""]","[""Craftwork is a full-service home painting company that uses software to dramatically improve the homeowner and operator experience."",""Digital-native home painting franchise""]","[""https://ycombinator.com/companies/craftwork"",""https://ycombinator.com/companies/industry/real-estate-and-construction""]",2,"[""source_native_yc_identity""]",false,[],2026-08-30,"Discovery presence is not operating, traction, outcome, security or JCX-fit evidence."
dsc-bcf0382edffd,Crafty,"[""Crafty""]",[],[],discovery_only,true,"[""built_environment_ecosystem_discovery_index""]",1,"[""craftydelivers.com""]","[""https://craftydelivers.com/""]","[""https://spark.jllt.com/portfolio""]",[],[],[],"[""JLL Spark""]",1,"[""eco-src-ed186cff14c0""]",1,"[""Active/portfolio""]",[],[],[],[],[],[],[],"[""Food & beverage solutions for leading workplaces. View website""]","[""https://craftydelivers.com/"",""https://spark.jllt.com/portfolio""]",2,"[""source_native_ecosystem_identity""]",false,[],2026-08-30,"Discovery presence is not operating, traction, outcome, security or JCX-fit evidence."
dsc-4f7f2b6f4a1b,Crayons CRM,"[""Crayons CRM""]",[],[],discovery_only,true,"[""built_environment_ecosystem_discovery_index""]",1,"[""crayonscrm.com.au""]","[""http://crayonscrm.com.au/""]","[""https://nar-reach.com/australia-and-newzealand""]",[],[],[],"[""NAR REACH Australia & New Zealand""]",1,"[""eco-src-0fc0007fae65""]",1,"[""2026 cohort (or current page cohort)""]",[],[],[],"[""Australia/New Zealand""]",[],[],[],"[""A modern CRM platform designed specifically for real estate professionals, helping agencies manage relationships, automate workflows, and drive performance with data-driven insights.""]","[""http://crayonscrm.com.au/"",""https://nar-reach.com/australia-and-newzealand""]",2,"[""source_native_ecosystem_identity""]",false,[],2026-08-30,"Discovery presence is not operating, traction, outcome, security or JCX-fit evidence."
dsc-71ce60a0c2ee,Credivera,"[""Credivera""]",[],[],discovery_only,true,"[""built_environment_ecosystem_discovery_index""]",1,"[""credivera.com""]","[""https://credivera.com/""]","[""https://nar-reach.com/canada""]",[],[],[],"[""NAR REACH Canada""]",1,"[""eco-src-71faefcfa033""]",1,"[""2026 cohort (or current page cohort)""]",[],[],[],"[""Canada""]",[],[],[],"[""A secure digital identity platform that allows accredited professionals and their clients to instantly verify credentials and identities, fostering unprecedented trust and security in every transaction.""]","[""https://credivera.com/"",""https://nar-reach.com/canada""]",2,"[""source_native_ecosystem_identity""]",false,[],2026-08-30,"Discovery presence is not operating, traction, outcome, security or JCX-fit evidence."
dsc-7886fb21186c,Crew,"[""Crew""]",[],[],discovery_only,true,"[""built_environment_ecosystem_discovery_index""]",1,[],[],"[""https://ret.vc/portfolio""]",[],[],[],"[""RET Ventures Portfolio""]",1,"[""eco-src-397779146424""]",1,"[""Portfolio company displayed""]",[],[],[],[],[],[],[],"[""Crew Year of investment Stage at Investment All Seed Real Estate Focus All Single-Family Mixed Use Other View WEbsite""]","[""https://ret.vc/portfolio""]",1,"[""source_native_ecosystem_identity""]",false,[],2026-08-30,"Discovery presence is not operating, traction, outcome, security or JCX-fit evidence."
dsc-71bcc2f65fb0,Crexi,"[""Crexi""]",[],[],discovery_only,true,"[""built_environment_ecosystem_discovery_index""]",1,"[""crexi.com""]","[""https://crexi.com/""]","[""https://metaprop.com/portfolio""]",[],[],[],"[""MetaProp""]",1,"[""eco-src-e28c659f12de""]",1,"[""Active/portfolio""]",[],[],[],[],[],[],[],[],"[""https://crexi.com/"",""https://metaprop.com/portfolio""]",2,"[""source_native_ecosystem_identity""]",false,[],2026-08-30,"Discovery presence is not operating, traction, outcome, security or JCX-fit evidence."
dsc-a711c0f368ad,Cubicasa,"[""Cubicasa""]",[],[],discovery_only,true,"[""built_environment_ecosystem_discovery_index""]",1,"[""cubi.casa""]","[""https://cubi.casa/""]","[""https://moderneventures.com/portfolio/cubicasa""]",[],[],[],"[""Moderne Ventures / Passport""]",1,"[""eco-src-76aace3ff41d""]",1,"[""Exited (displayed)""]","[""Passport""]",[],[],[],[],[],[],"[""Suite of AI-driven products to help sell more homes — Proprietary deep tech enabling 2D floor plans, 3D models, and GLA and property data for real estate professionals — Passport""]","[""https://cubi.casa/"",""https://moderneventures.com/portfolio/cubicasa""]",2,"[""source_native_ecosystem_identity""]",false,[],2026-08-30,"Discovery presence is not operating, traction, outcome, security or JCX-fit evidence."
dsc-9b347d4cb952,Culdesac,"[""Culdesac""]",[],[],discovery_only,true,"[""yc_real_estate_construction_2026-08-30""]",1,[],[],"[""https://ycombinator.com/companies/culdesac"",""https://ycombinator.com/companies/industry/real-estate-and-construction""]","[""2030""]","[""S2018""]","[""Active""]",[],0,[],0,[],"[""Property operations / housing""]","[""L4 Design/BIM; L7 Occupancy/tenant; L8 FM/maintenance; L10 ESG/climate; L12 Data/intelligence""]","[""A""]",[],"[""US""]","[""San Francisco""]","[""100""]","[""Culdesac designs, builds, and manages walkable communities. Culdesac is a real estate developer and property manager. We build neighborhoods that embrace community, open space, and mobility. We offer residential units at a variety of price points integrated with local retail, commercial uses, and open space for nature and public plazas. Our communities prioritize biking, walking, and transit over cars and..."",""We build cities for people, not cars.""]","[""https://ycombinator.com/companies/culdesac"",""https://ycombinator.com/companies/industry/real-estate-and-construction""]",2,"[""source_native_yc_identity""]",false,[],2026-08-30,"Discovery presence is not operating, traction, outcome, security or JCX-fit evidence."
dsc-03913f809f79,Cumulus,"[""Cumulus""]",[],[],discovery_only,true,"[""built_environment_ecosystem_discovery_index""]",1,"[""cumulusds.com""]","[""https://cumulusds.com/""]","[""https://brickmortar.vc/portfolio""]",[],[],[],"[""Brick & Mortar Ventures""]",1,"[""eco-src-699f5f20aec4""]",1,"[""Active investment""]",[],[],[],[],[],[],[],[],"[""https://brickmortar.vc/portfolio"",""https://cumulusds.com/""]",2,"[""source_native_ecosystem_identity""]",false,[],2026-08-30,"Discovery presence is not operating, traction, outcome, security or JCX-fit evidence."
dsc-df340c86999e,Cupix,"[""Cupix""]","[""organization""]","[""org-cupix-384c862""]",qualified_core,false,"[""qualified_core""]",1,"[""cupix.com""]","[""https://cupix.com/""]",[],[],[],[],[],0,[],0,[],"[""4D digital twins from 360 video laser drone and BIM""]","[""L4"",""L5""]","[""A""]",[],"[""South Korea""]",[],[],[],"[""https://builtworlds.com/insights/2025-building-tech-top-50-list"",""https://cupix.com/""]",2,"[""qualified_core_identity""]",false,[],2026-08-30,Qualified-core identity; individual claims still require editorial review.
dsc-587bed56452d,Curbio,"[""Curbio""]",[],[],discovery_only,true,"[""built_environment_ecosystem_discovery_index""]",1,"[""curbio.com""]","[""https://curbio.com/""]","[""https://brickmortar.vc/portfolio"",""https://nar-reach.com/""]",[],[],[],"[""Brick & Mortar Ventures"",""NAR REACH / Second Century Ventures""]",2,"[""eco-src-2b36c92f8b4b"",""eco-src-d70126427528""]",2,"[""Active investment"",""Portfolio example""]",[],[],[],[],[],[],[],[],"[""https://brickmortar.vc/portfolio"",""https://curbio.com/"",""https://nar-reach.com/""]",3,"[""exact_normalized_name"",""source_native_ecosystem_identity""]",false,[],2026-08-30,"Discovery presence is not operating, traction, outcome, security or JCX-fit evidence."
dsc-e3ed268c9c5f,Curri,"[""Curri""]",[],[],discovery_only,true,"[""built_environment_ecosystem_discovery_index"",""yc_real_estate_construction_2026-08-30""]",2,"[""curri.com""]","[""http://curri.com/""]","[""https://brickmortar.vc/portfolio"",""https://ycombinator.com/companies/curri"",""https://ycombinator.com/companies/industry/real-estate-and-construction""]","[""12850""]","[""S2019""]","[""Active""]","[""Brick & Mortar Ventures""]",1,"[""eco-src-e51305fb72bb""]",1,"[""Active investment""]","[""ConTech / construction operations""]","[""L5 Construction; L12 Data/intelligence""]","[""A""]",[],"[""US""]","[""Los Angeles""]","[""104""]","[""Construction & industrial logistics platform."",""Curri provides on-demand, last-mile logistics for construction and adjacent industries with our nationwide fleet of cars, trucks, and flatbeds.""]","[""http://curri.com/"",""https://brickmortar.vc/portfolio"",""https://ycombinator.com/companies/curri"",""https://ycombinator.com/companies/industry/real-estate-and-construction""]",4,"[""exact_normalized_name"",""source_native_yc_identity""]",false,[],2026-08-30,"Discovery presence is not operating, traction, outcome, security or JCX-fit evidence."
dsc-e2c7d52322e2,Cyb3r Operations,"[""Cyb3r Operations""]",[],[],discovery_only,true,"[""built_environment_ecosystem_discovery_index""]",1,"[""cyb3roperations.com""]","[""https://cyb3roperations.com/""]","[""https://pilabs.vc/portfolio""]",[],[],[],"[""Pi Labs""]",1,"[""eco-src-fe22e03683db""]",1,"[""Active/portfolio""]",[],[],[],[],[],[],[],"[""UNCOVERING & DISMANTLING HIDDEN CYBER THREATS ACROSS THE WEB Est. 2021. United Kingdom. <br> Founded by Vincent Cook. <br> Last Funding Round: Seed""]","[""https://cyb3roperations.com/"",""https://pilabs.vc/portfolio""]",2,"[""source_native_ecosystem_identity""]",false,[],2026-08-30,"Discovery presence is not operating, traction, outcome, security or JCX-fit evidence."
dsc-9d0257e4f20b,"Cyvl, Inc.","[""Cyvl, Inc.""]",[],[],discovery_only,true,"[""built_environment_ecosystem_discovery_index""]",1,[],[],"[""https://cemexventures.com/top-50""]",[],[],[],"[""CEMEX Ventures Top 50 ConTech 2026""]",1,"[""eco-src-a7bdb37bd2c0""]",1,"[""Selected for 2026 Top 50""]","[""Enhanced productivity""]",[],[],[],[],[],[],"[""Enhanced productivity""]","[""https://cemexventures.com/top-50""]",1,"[""source_native_ecosystem_identity""]",false,[],2026-08-30,"Discovery presence is not operating, traction, outcome, security or JCX-fit evidence."
dsc-15d17e2cb1b4,D.R. Horton,"[""D.R. Horton""]","[""organization""]","[""org-d-r-horton-df5d6bc""]",qualified_core,false,"[""qualified_core""]",1,"[""investor.drhorton.com""]","[""https://investor.drhorton.com/""]",[],[],[],[],[],0,[],0,[],"[""high-volume homebuilder and captive-finance operator""]","[""L1"",""L3"",""L4"",""L5"",""L6"",""L7""]","[""A""]",[],"[""United States""]",[],[],[],"[""https://investor.drhorton.com/"",""https://investor.drhorton.com/financial-information/financial-reports/annual-reports"",""https://investor.drhorton.com/~/media/Files/D/D-R-Horton-IR/documents/quarterly-reports/2025-dhi-annual-report.pdf""]",3,"[""qualified_core_identity""]",false,[],2026-08-30,Qualified-core identity; individual claims still require editorial review.
dsc-3008598aa125,Daiwa House,"[""Daiwa House""]","[""organization""]","[""org-daiwa-house-867bffd""]",qualified_core,false,"[""qualified_core""]",1,"[""daiwahouse.com""]","[""https://daiwahouse.com/English""]",[],[],[],[],[],0,[],0,[],[],"[""L10"",""L4"",""L5"",""L7"",""L8""]","[""B""]",[],"[""Japan""]",[],[],[],"[""https://daiwahouse.com/English""]",1,"[""qualified_core_identity""]",false,[],2026-08-30,Qualified-core identity; individual claims still require editorial review.
dsc-cbd693f17987,Darabase,"[""Darabase""]",[],[],discovery_only,true,"[""built_environment_ecosystem_discovery_index""]",1,"[""darabase.com""]","[""https://darabase.com/""]","[""https://moderneventures.com/portfolio/darabase""]",[],[],[],"[""Moderne Ventures / Passport""]",1,"[""eco-src-be6a5ebdcfd9""]",1,"[""Portfolio/Passport listing displayed""]","[""Passport""]",[],[],[],[],[],[],"[""Prepare your portfolio for the future of Augmented Reality — A registry for property owners to easily seize their Digital Property Rights — Passport""]","[""https://darabase.com/"",""https://moderneventures.com/portfolio/darabase""]",2,"[""source_native_ecosystem_identity""]",false,[],2026-08-30,"Discovery presence is not operating, traction, outcome, security or JCX-fit evidence."
dsc-9abc33b6392d,DARBBASE,"[""DARBBASE""]",[],[],discovery_only,true,"[""built_environment_ecosystem_discovery_index""]",1,[],[],"[""https://tarongagroup.com/wp-content/uploads/2025/07/RealTechX-Asset-Impact-Booklet-2025-1.pdf""]",[],[],[],"[""Taronga RealTechX / Asset Impact""]",1,"[""eco-src-ae5b1862caaf""]",1,"[""Alumni/support history displayed""]",[],[],[],[],[],[],[],[],"[""https://tarongagroup.com/wp-content/uploads/2025/07/RealTechX-Asset-Impact-Booklet-2025-1.pdf""]",1,"[""source_native_ecosystem_identity""]",false,[],2026-08-30,"Discovery presence is not operating, traction, outcome, security or JCX-fit evidence."
dsc-944cba1d8bf3,Darcy Solutions,"[""Darcy Solutions""]",[],[],discovery_only,true,"[""built_environment_ecosystem_discovery_index""]",1,"[""darcysolutions.com""]","[""https://darcysolutions.com/""]","[""https://moderneventures.com/portfolio/darcy-solutions""]",[],[],[],"[""Moderne Ventures / Passport""]",1,"[""eco-src-c57118db8b7e""]",1,"[""Portfolio/Passport listing displayed""]","[""Passport""]",[],[],[],[],[],[],"[""Next Generation Geothermal Energy — Transforms groundwater into a low cost and high-performance thermal energy system — Passport""]","[""https://darcysolutions.com/"",""https://moderneventures.com/portfolio/darcy-solutions""]",2,"[""source_native_ecosystem_identity""]",false,[],2026-08-30,"Discovery presence is not operating, traction, outcome, security or JCX-fit evidence."
dsc-68c0a7d269e3,Datagrid,"[""Datagrid""]",[],[],discovery_only,true,"[""built_environment_ecosystem_discovery_index""]",1,[],[],"[""https://cemexventures.com/top-50""]",[],[],[],"[""CEMEX Ventures Top 50 ConTech 2026""]",1,"[""eco-src-b77858683ee7""]",1,"[""Selected for 2026 Top 50""]","[""Enhanced productivity""]",[],[],[],[],[],[],"[""Enhanced productivity""]","[""https://cemexventures.com/top-50""]",1,"[""source_native_ecosystem_identity""]",false,[],2026-08-30,"Discovery presence is not operating, traction, outcome, security or JCX-fit evidence."
dsc-7d7d96b29d0d,Dealpath,"[""Dealpath""]","[""organization""]","[""org-dealpath-d87900f""]",qualified_core,false,"[""built_environment_ecosystem_discovery_index"",""qualified_core""]",2,"[""dealpath.com""]","[""https://dealpath.com/""]","[""https://metaprop.com/portfolio"",""https://spark.jllt.com/portfolio""]",[],[],[],"[""JLL Spark"",""MetaProp""]",2,"[""eco-src-09d0cf3a7a2c"",""eco-src-626b43b8fc46""]",2,"[""Active/portfolio""]","[""CRE investment pipeline underwriting CRM deal execution and portfolio intelligence""]","[""L2"",""L3"",""L9""]","[""A""]",[],"[""United States""]",[],[],"[""Cloud-based deal management platform to manage and evaluate real estate transactions. View website""]","[""https://dealpath.com/"",""https://dealpath.com/company"",""https://dealpath.com/platform"",""https://metaprop.com/portfolio"",""https://spark.jllt.com/portfolio""]",5,"[""exact_normalized_name_with_domain_corroboration"",""qualified_core_identity""]",false,[],2026-08-30,Qualified-core identity; individual claims still require editorial review.
dsc-1359b66885b8,Deepki,"[""Deepki""]","[""organization""]","[""org-deepki-90fc92a""]",qualified_core,false,"[""qualified_core""]",1,"[""deepki.com""]","[""https://deepki.com/platform""]",[],[],[],[],[],0,[],0,[],"[""real-estate sustainability data climate risk and CapEx planning""]","[""L10"",""L8"",""L9""]","[""A""]",[],"[""France""]",[],[],[],"[""https://deepki.com/"",""https://deepki.com/platform""]",2,"[""qualified_core_identity""]",false,[],2026-08-30,Qualified-core identity; individual claims still require editorial review.
dsc-108efd157874,Desana,"[""Desana""]",[],[],discovery_only,true,"[""built_environment_ecosystem_discovery_index""]",1,"[""desana.io""]","[""https://desana.io/""]","[""https://spark.jllt.com/portfolio""]",[],[],[],"[""JLL Spark""]",1,"[""eco-src-d92dbbd45a10""]",1,"[""Active/portfolio""]",[],[],[],[],[],[],[],"[""On-demand workspace for your people. Anywhere. View website""]","[""https://desana.io/"",""https://spark.jllt.com/portfolio""]",2,"[""source_native_ecosystem_identity""]",false,[],2026-08-30,"Discovery presence is not operating, traction, outcome, security or JCX-fit evidence."
dsc-738d54b44296,DigiBuild,"[""DigiBuild""]",[],[],discovery_only,true,"[""yc_real_estate_construction_2026-08-30""]",1,[],[],"[""https://ycombinator.com/companies/digibuild"",""https://ycombinator.com/companies/industry/real-estate-and-construction""]","[""24291""]","[""S2021""]","[""Active""]",[],0,[],0,[],"[""ConTech / construction operations""]","[""L5 Construction; L12 Data/intelligence""]","[""A""]",[],"[""US""]","[""Miami, FL, USA""]","[""15""]","[""Our platform fixes construction's broken supply chain. 70% of construction projects finish late or over budget; procuring and managing building materials is the number 1 reason why. We use LLMs to buy and manage building materials for large construction companies. With DigiBuild, construction contractors can find, order, track and manage their materials from the supplier to the job site. We help customers save..."",""We buy & track building materials for construction companies.""]","[""https://ycombinator.com/companies/digibuild"",""https://ycombinator.com/companies/industry/real-estate-and-construction""]",2,"[""source_native_yc_identity""]",false,[],2026-08-30,"Discovery presence is not operating, traction, outcome, security or JCX-fit evidence."
dsc-c61a77df6c3b,Digital Realty,"[""Digital Realty""]","[""organization""]","[""org-digital-realty-5bd2bb5""]",qualified_core,false,"[""qualified_core""]",1,"[""digitalrealty.com""]","[""https://digitalrealty.com/""]",[],[],[],[],[],0,[],0,[],"[""global data-centre owner/operator and interconnection platform""]","[""L1"",""L10"",""L4"",""L5"",""L8""]","[""A""]",[],"[""United States""]",[],[],[],"[""https://digitalrealty.com/"",""https://digitalrealty.com/platform-digital"",""https://investor.digitalrealty.com/financials/annual-reports"",""https://sec.gov/Archives/edgar/data/1297996/000110465926015365/dlr-20251231x10k.htm""]",4,"[""qualified_core_identity""]",false,[],2026-08-30,Qualified-core identity; individual claims still require editorial review.
dsc-e257c2db36f4,Dili,"[""Dili""]",[],[],discovery_only,true,"[""built_environment_ecosystem_discovery_index""]",1,"[""dili.com""]","[""https://dili.com/""]","[""https://brickmortar.vc/portfolio""]",[],[],[],"[""Brick & Mortar Ventures""]",1,"[""eco-src-3442842098ab""]",1,"[""Active investment""]",[],[],[],[],[],[],[],[],"[""https://brickmortar.vc/portfolio"",""https://dili.com/""]",2,"[""source_native_ecosystem_identity""]",false,[],2026-08-30,"Discovery presence is not operating, traction, outcome, security or JCX-fit evidence."
dsc-7522014af630,Dimension,"[""Dimension""]",[],[],discovery_only,true,"[""built_environment_ecosystem_discovery_index""]",1,"[""getdimension.com""]","[""https://getdimension.com/""]","[""https://moderneventures.com/portfolio/dimension""]",[],[],[],"[""Moderne Ventures / Passport""]",1,"[""eco-src-ee99b942c885""]",1,"[""Portfolio/Passport listing displayed""]","[""Passport""]",[],[],[],[],[],[],"[""Waste management on demand — Improve sustainability scores with a fully digital platform that enables and tracks waste and recycling management — Passport""]","[""https://getdimension.com/"",""https://moderneventures.com/portfolio/dimension""]",2,"[""source_native_ecosystem_identity""]",false,[],2026-08-30,"Discovery presence is not operating, traction, outcome, security or JCX-fit evidence."
dsc-e9a445303f73,disclosures.io,"[""disclosures.io""]",[],[],discovery_only,true,"[""yc_real_estate_construction_2026-08-30""]",1,[],[],"[""https://ycombinator.com/companies/disclosures-io"",""https://ycombinator.com/companies/industry/real-estate-and-construction""]","[""1695""]","[""S2017""]","[""Acquired""]",[],0,[],0,[],"[""Property operations / housing""]","[""L6 Marketing/sales; L7 Occupancy/tenant; L12 Data/intelligence""]","[""B""]",[],"[""US""]","[""San Francisco""]","[""10""]","[""Every year $1.2 trillion in residential home sales are exchanged, however buying and selling a house is still a huge, painful process. Maybe that’s because Real Estate is the least digital industry, behind only agriculture 🐮 . Disclosures.io is on a mission to make the real estate process more transparent and efficient for everyone involved. Our product helps sellers get their home to market faster and enables..."",""The Complete Listing Toolkit for the New Era of Real Estate""]","[""https://ycombinator.com/companies/disclosures-io"",""https://ycombinator.com/companies/industry/real-estate-and-construction""]",2,"[""source_native_yc_identity""]",false,[],2026-08-30,"Discovery presence is not operating, traction, outcome, security or JCX-fit evidence."
dsc-2a4b498d3266,Disperse,"[""Disperse""]",[],[],discovery_only,true,"[""built_environment_ecosystem_discovery_index""]",1,[],[],"[""https://2150.vc/investments/disperse""]",[],[],[],"[""2150""]",1,"[""eco-src-20dc0b9189fe""]",1,"[""Investment displayed; current status not inferred""]",[],[],[],"[""United Kingdom""]",[],[],[],"[""Disperse Exited Disperse uses 360° imaging and data capture to give teams a real-time view of site progress, cutting re-work and keeping projects on time.""]","[""https://2150.vc/investments/disperse""]",1,"[""source_native_ecosystem_identity""]",false,[],2026-08-30,"Discovery presence is not operating, traction, outcome, security or JCX-fit evidence."
dsc-65a59fa7e1bc,DLF / DCCDL,"[""DLF / DCCDL""]","[""organization""]","[""org-dlf-dccdl-26bceb7""]",qualified_core,false,"[""qualified_core""]",1,"[""dlf.in""]","[""https://dlf.in/""]",[],[],[],[],[],0,[],0,[],[],"[""L10"",""L7"",""L8""]","[""B""]",[],"[""India""]",[],[],[],"[""https://dlf.in/"",""https://dlf.in/dccdl/annual-docket/DCCDL_Annual_Report_FY_2024_25.pdf""]",2,"[""qualified_core_identity""]",false,[],2026-08-30,Qualified-core identity; individual claims still require editorial review.
dsc-8b6551a81268,Dnk,"[""Dnk""]",[],[],discovery_only,true,"[""built_environment_ecosystem_discovery_index""]",1,"[""dnk.co""]","[""https://dnk.co/en""]","[""https://metaprop.com/portfolio""]",[],[],[],"[""MetaProp""]",1,"[""eco-src-dbdf619bb2f8""]",1,"[""Active/portfolio""]",[],[],[],[],[],[],[],[],"[""https://dnk.co/en"",""https://metaprop.com/portfolio""]",2,"[""source_native_ecosystem_identity""]",false,[],2026-08-30,"Discovery presence is not operating, traction, outcome, security or JCX-fit evidence."
dsc-eaa1e471c1f4,Document Crunch,"[""Document Crunch""]",[],[],discovery_only,true,"[""built_environment_ecosystem_discovery_index""]",1,"[""documentcrunch.com""]","[""https://documentcrunch.com/""]","[""https://fifthwall.com/portfolio""]",[],[],[],"[""Fifth Wall""]",1,"[""eco-src-18459f975050""]",1,"[""Active/portfolio""]",[],[],[],[],[],[],[],"[""Document Crunch is a contract intelligence platform–leveraging proprietary AI and machine learning–that simplifies construction contracts, quickly identifying critical risk provisions and providing guidance so teams can make great decisions throughout the entire project lifecycle. The company is on a mission to empower everyone in the construction industry to understand what’s in their contracts. To learn more, visit www.documentcrunch.com .""]","[""https://documentcrunch.com/"",""https://fifthwall.com/portfolio""]",2,"[""source_native_ecosystem_identity""]",false,[],2026-08-30,"Discovery presence is not operating, traction, outcome, security or JCX-fit evidence."
dsc-edc5504aa0d7,DocuSign,"[""DocuSign""]",[],[],discovery_only,true,"[""built_environment_ecosystem_discovery_index""]",1,"[""docusign.com""]","[""https://docusign.com/""]","[""https://moderneventures.com/portfolio/docusign"",""https://nar-reach.com/""]",[],[],[],"[""Moderne Ventures / Passport"",""NAR REACH / Second Century Ventures""]",2,"[""eco-src-13b99149adb2"",""eco-src-9b993e18a17e""]",2,"[""Exited (displayed)"",""Portfolio example""]","[""Investment""]",[],[],[],[],[],[],"[""Pioneering electronic signatures — Pioneering e-signatures and charting the future of Intelligent Agreement Management (IAM). IPO-NASDAQ: DOCU — Investment""]","[""https://docusign.com/"",""https://moderneventures.com/portfolio/docusign"",""https://nar-reach.com/""]",3,"[""exact_normalized_name"",""source_native_ecosystem_identity""]",false,[],2026-08-30,"Discovery presence is not operating, traction, outcome, security or JCX-fit evidence."
dsc-e33bdac07945,Doma Home,"[""Doma Home""]",[],[],discovery_only,true,"[""built_environment_ecosystem_discovery_index""]",1,"[""domahome.com""]","[""https://domahome.com/""]","[""https://moderneventures.com/portfolio/doma""]",[],[],[],"[""Moderne Ventures / Passport""]",1,"[""eco-src-1f884341c86a""]",1,"[""Portfolio/Passport listing displayed""]","[""Investment""]",[],[],[],[],[],[],"[""Reimagining IOT — Cutting-edge IoT solutions, enabling seamless smart home integrations that enhance customer satisfaction, drive energy efficiency, and unlock new revenue opportunities through scalable, customizable technology platforms — Investment""]","[""https://domahome.com/"",""https://moderneventures.com/portfolio/doma""]",2,"[""source_native_ecosystem_identity""]",false,[],2026-08-30,"Discovery presence is not operating, traction, outcome, security or JCX-fit evidence."
dsc-9baa5d51f8b1,Doma — Exited: (NYSE: DOMA),"[""Doma — Exited: (NYSE: DOMA)""]",[],[],discovery_only,true,"[""built_environment_ecosystem_discovery_index""]",1,"[""doma.com""]","[""https://doma.com/""]","[""https://fifthwall.com/portfolio""]",[],[],[],"[""Fifth Wall""]",1,"[""eco-src-b5d00ad9bfd5""]",1,"[""Exited/acquired (as displayed)""]",[],[],[],[],[],[],[],"[""Doma, formerly known as States Title, uses predictive analytics and cutting-edge technology to deliver a modern title and escrow platform. As part of the digital transformation occurring in the mortgage industry, Doma believes that all underwriting, settlement and closing will be quickly and efficiently administered using technology that is built with the lender, agent and customer's experience in mind.""]","[""https://doma.com/"",""https://fifthwall.com/portfolio""]",2,"[""source_native_ecosystem_identity""]",false,[],2026-08-30,"Discovery presence is not operating, traction, outcome, security or JCX-fit evidence."
dsc-b4348d7bd8da,Domatic,"[""Domatic""]",[],[],discovery_only,true,"[""built_environment_ecosystem_discovery_index""]",1,"[""domatic.io""]","[""https://domatic.io/""]","[""https://brickmortar.vc/portfolio""]",[],[],[],"[""Brick & Mortar Ventures""]",1,"[""eco-src-f06fdb44869c""]",1,"[""Active investment""]",[],[],[],[],[],[],[],[],"[""https://brickmortar.vc/portfolio"",""https://domatic.io/""]",2,"[""source_native_ecosystem_identity""]",false,[],2026-08-30,"Discovery presence is not operating, traction, outcome, security or JCX-fit evidence."
dsc-1ce4d6823fbf,Door,"[""Door""]",[],[],discovery_only,true,"[""built_environment_ecosystem_discovery_index""]",1,"[""door.com""]","[""https://door.com/""]","[""https://metaprop.com/portfolio""]",[],[],[],"[""MetaProp""]",1,"[""eco-src-3e405265a20a""]",1,"[""Exited/marked exited""]",[],[],[],[],[],[],[],[],"[""https://door.com/"",""https://metaprop.com/portfolio""]",2,"[""source_native_ecosystem_identity""]",false,[],2026-08-30,"Discovery presence is not operating, traction, outcome, security or JCX-fit evidence."
dsc-28fb75ad0815,Doorport,"[""Doorport""]",[],[],discovery_only,true,"[""yc_real_estate_construction_2026-08-30""]",1,[],[],"[""https://ycombinator.com/companies/doorport"",""https://ycombinator.com/companies/industry/real-estate-and-construction""]","[""12038""]","[""W2019""]","[""Acquired""]",[],0,[],0,[],"[""Real-estate software / adjacent""]","[""L12 Data/intelligence""]","[""D""]",[],"[""US""]","[""San Francisco""]","[""3""]","[""Acquired by Alarm.com - We make existing apartment access smart.""]","[""https://ycombinator.com/companies/doorport"",""https://ycombinator.com/companies/industry/real-estate-and-construction""]",2,"[""source_native_yc_identity""]",false,[],2026-08-30,"Discovery presence is not operating, traction, outcome, security or JCX-fit evidence."
dsc-47b9b9010ed3,Doorstead,"[""Doorstead""]",[],[],discovery_only,true,"[""built_environment_ecosystem_discovery_index""]",1,"[""doorstead.com""]","[""https://doorstead.com/""]","[""https://metaprop.com/portfolio""]",[],[],[],"[""MetaProp""]",1,"[""eco-src-a305b3e98dbd""]",1,"[""Active/portfolio""]",[],[],[],[],[],[],[],[],"[""https://doorstead.com/"",""https://metaprop.com/portfolio""]",2,"[""source_native_ecosystem_identity""]",false,[],2026-08-30,"Discovery presence is not operating, traction, outcome, security or JCX-fit evidence."
dsc-aaf62e2d63e7,Downstream,"[""Downstream""]",[],[],discovery_only,true,"[""built_environment_ecosystem_discovery_index""]",1,"[""trydownstream.com""]","[""https://trydownstream.com/""]","[""https://brickmortar.vc/portfolio""]",[],[],[],"[""Brick & Mortar Ventures""]",1,"[""eco-src-348c02a44723""]",1,"[""Active investment""]",[],[],[],[],[],[],[],[],"[""https://brickmortar.vc/portfolio"",""https://trydownstream.com/""]",2,"[""source_native_ecosystem_identity""]",false,[],2026-08-30,"Discovery presence is not operating, traction, outcome, security or JCX-fit evidence."
dsc-37b115179edf,Downtobid,"[""Downtobid""]",[],[],discovery_only,true,"[""yc_real_estate_construction_2026-08-30""]",1,[],[],"[""https://ycombinator.com/companies/downtobid"",""https://ycombinator.com/companies/industry/real-estate-and-construction""]","[""12646""]","[""S2019""]","[""Acquired""]",[],0,[],0,[],"[""ConTech / construction operations""]","[""L5 Construction; L12 Data/intelligence""]","[""A""]",[],"[""US""]","[""Los Angeles""]","[""5""]","[""Our product helps GCs automatically identify scopes of work, find qualified local subcontractors, and send personalized bid invites."",""Using AI to understand construction plans faster.""]","[""https://ycombinator.com/companies/downtobid"",""https://ycombinator.com/companies/industry/real-estate-and-construction""]",2,"[""source_native_yc_identity""]",false,[],2026-08-30,"Discovery presence is not operating, traction, outcome, security or JCX-fit evidence."
dsc-f212dd2f9bf8,Drawer.ai,"[""Drawer.ai""]",[],[],discovery_only,true,"[""built_environment_ecosystem_discovery_index""]",1,"[""drawer.ai""]","[""https://drawer.ai/""]","[""https://brickmortar.vc/portfolio""]",[],[],[],"[""Brick & Mortar Ventures""]",1,"[""eco-src-92238bca89c3""]",1,"[""Active investment""]",[],[],[],[],[],[],[],[],"[""https://brickmortar.vc/portfolio"",""https://drawer.ai/""]",2,"[""source_native_ecosystem_identity""]",false,[],2026-08-30,"Discovery presence is not operating, traction, outcome, security or JCX-fit evidence."
dsc-9d902c3ed5ac,DroneDeploy,"[""DroneDeploy""]","[""organization""]","[""org-dronedeploy-51fed53""]",qualified_core,false,"[""qualified_core""]",1,"[""dronedeploy.com""]","[""https://dronedeploy.com/""]",[],[],[],[],[],0,[],0,[],"[""visual AI drone and reality capture for construction""]","[""L5"",""L9""]","[""A""]",[],"[""United States""]",[],[],[],"[""https://builtworlds.com/insights/2025-building-tech-top-50-list"",""https://dronedeploy.com/""]",2,"[""qualified_core_identity""]",false,[],2026-08-30,Qualified-core identity; individual claims still require editorial review.
dsc-c8edf3d65310,Dubizzle Group / Bayut,"[""Dubizzle Group / Bayut""]","[""organization""]","[""org-dubizzle-group-bayut-936a17a""]",qualified_core,false,"[""qualified_core""]",1,"[""dubizzlegroup.com""]","[""https://dubizzlegroup.com/our-brands""]",[],[],[],[],[],0,[],0,[],"[""property classifieds market intelligence and agent workflow""]","[""L3"",""L6"",""L9""]","[""A""]",[],"[""United Arab Emirates""]",[],[],[],"[""https://dubizzlegroup.com/"",""https://dubizzlegroup.com/our-brands""]",2,"[""qualified_core_identity""]",false,[],2026-08-30,Qualified-core identity; individual claims still require editorial review.
dsc-8a0bcf2b9c03,Duranta,"[""Duranta""]",[],[],discovery_only,true,"[""built_environment_ecosystem_discovery_index""]",1,"[""getduranta.com""]","[""https://getduranta.com/""]","[""https://fifthwall.com/portfolio""]",[],[],[],"[""Fifth Wall""]",1,"[""eco-src-7fa1d732e4e3""]",1,"[""Active/portfolio""]",[],[],[],[],[],[],[],"[""Duranta is a software platform purpose built for landscapers and lawn care professionals. By combining AI-powered property measurement, intuitive design tools, CRM and invoicing, Duranta helps outdoor service businesses win more customers and deliver high-quality work with less hassle. Duranta is based in Seattle, WA.""]","[""https://fifthwall.com/portfolio"",""https://getduranta.com/""]",2,"[""source_native_ecosystem_identity""]",false,[],2026-08-30,"Discovery presence is not operating, traction, outcome, security or JCX-fit evidence."
dsc-b5c4a8cc0262,Dusty Robotics,"[""Dusty Robotics""]","[""organization""]","[""org-dusty-robotics-c2631b0""]",qualified_core,false,"[""qualified_core""]",1,"[""dustyrobotics.com""]","[""https://dustyrobotics.com/""]",[],[],[],[],[],0,[],0,[],"[""autonomous BIM-driven construction layout robot""]","[""L4"",""L5""]","[""A""]",[],"[""United States""]",[],[],[],"[""https://dustyrobotics.com/"",""https://dustyrobotics.com/customer-stories/skanska-case-study"",""https://dustyrobotics.com/customers""]",3,"[""qualified_core_identity""]",false,[],2026-08-30,Qualified-core identity; individual claims still require editorial review.
dsc-27a64353bdc8,Dynasty,"[""Dynasty""]",[],[],discovery_only,true,"[""built_environment_ecosystem_discovery_index""]",1,"[""dynasty.com""]","[""https://dynasty.com/""]","[""https://metaprop.com/portfolio""]",[],[],[],"[""MetaProp""]",1,"[""eco-src-0154cdf1b4db""]",1,"[""Exited/marked exited""]",[],[],[],[],[],[],[],[],"[""https://dynasty.com/"",""https://metaprop.com/portfolio""]",2,"[""source_native_ecosystem_identity""]",false,[],2026-08-30,"Discovery presence is not operating, traction, outcome, security or JCX-fit evidence."
dsc-f911143cdd61,E-Hishabi,"[""E-Hishabi""]","[""organization""]","[""org-e-hishabi-b51c1b7""]",qualified_core,false,"[""qualified_core""]",1,"[""ehishabi.com""]","[""https://ehishabi.com/""]",[],[],[],[],[],0,[],0,[],"[""Developer ERP/booking"",""real-estate-ERP""]","[""L1"",""L3"",""L5"",""L6"",""L8""]","[""B""]",[],"[""Bangladesh""]",[],[],[],"[""https://ehishabi.com/""]",1,"[""qualified_core_identity""]",false,[],2026-08-30,Qualified-core identity; individual claims still require editorial review.
dsc-33544abcd6b1,EarthTrack,"[""EarthTrack""]",[],[],discovery_only,true,"[""built_environment_ecosystem_discovery_index""]",1,[],[],"[""https://cemexventures.com/top-50""]",[],[],[],"[""CEMEX Ventures Top 50 ConTech 2026""]",1,"[""eco-src-004228a848cb""]",1,"[""Selected for 2026 Top 50""]","[""Supply Chain""]",[],[],[],[],[],[],"[""Supply Chain""]","[""https://cemexventures.com/top-50""]",1,"[""source_native_ecosystem_identity""]",false,[],2026-08-30,"Discovery presence is not operating, traction, outcome, security or JCX-fit evidence."
dsc-3b3613a876c9,EasyKnock,"[""EasyKnock""]","[""organization""]","[""org-easyknock-980472f""]",qualified_core,false,"[""qualified_core""]",1,"[""easyknock.com""]","[""https://easyknock.com/""]",[],[],[],[],[],0,[],0,[],"[""Sale-leaseback proptech""]","[""L3"",""L6""]","[""C""]",[],"[""United States""]",[],[],[],"[""https://easyknock.com/"",""https://therealdeal.com/national/2024/12/09/easyknock-suddenly-shuts-down""]",2,"[""qualified_core_identity""]",false,[],2026-08-30,Qualified-core identity; individual claims still require editorial review.
dsc-0cd366009b22,Ecoclaim,"[""Ecoclaim""]",[],[],discovery_only,true,"[""built_environment_ecosystem_discovery_index""]",1,"[""ecoclaim.ca""]","[""https://ecoclaim.ca/""]","[""https://metaprop.com/portfolio""]",[],[],[],"[""MetaProp""]",1,"[""eco-src-1c3bfab19ace""]",1,"[""Active/portfolio""]",[],[],[],[],[],[],[],[],"[""https://ecoclaim.ca/"",""https://metaprop.com/portfolio""]",2,"[""source_native_ecosystem_identity""]",false,[],2026-08-30,"Discovery presence is not operating, traction, outcome, security or JCX-fit evidence."
dsc-ea0faa7b74ed,Ecolibrium,"[""Ecolibrium""]",[],[],discovery_only,true,"[""built_environment_ecosystem_discovery_index""]",1,"[""ecolibriumenergy.com""]","[""https://ecolibriumenergy.com/""]","[""https://spark.jllt.com/portfolio""]",[],[],[],"[""JLL Spark""]",1,"[""eco-src-e511e0f3dd48""]",1,"[""Active/portfolio""]",[],[],[],[],[],[],[],"[""Digitally accelerating your journey to a sustainable future. View website""]","[""https://ecolibriumenergy.com/"",""https://spark.jllt.com/portfolio""]",2,"[""source_native_ecosystem_identity""]",false,[],2026-08-30,"Discovery presence is not operating, traction, outcome, security or JCX-fit evidence."
dsc-7b415b73d2a4,EconSonic Ltd.,"[""EconSonic Ltd.""]",[],[],discovery_only,true,"[""built_environment_ecosystem_discovery_index""]",1,[],[],"[""https://cemexventures.com/top-50""]",[],[],[],"[""CEMEX Ventures Top 50 ConTech 2026""]",1,"[""eco-src-13444a2b927e""]",1,"[""Selected for 2026 Top 50""]","[""Enhanced productivity""]",[],[],[],[],[],[],"[""Enhanced productivity""]","[""https://cemexventures.com/top-50""]",1,"[""source_native_ecosystem_identity""]",false,[],2026-08-30,"Discovery presence is not operating, traction, outcome, security or JCX-fit evidence."
dsc-57c7edba71f6,Ecoworks,"[""Ecoworks""]",[],[],discovery_only,true,"[""built_environment_ecosystem_discovery_index""]",1,"[""ecoworks.tech""]","[""https://ecoworks.tech/""]","[""https://spark.jllt.com/portfolio""]",[],[],[],"[""JLL Spark""]",1,"[""eco-src-1615ce5d064b""]",1,"[""Active/portfolio""]",[],[],[],[],[],[],[],"[""Digitizing and industrializing the renovation process. View website""]","[""https://ecoworks.tech/"",""https://spark.jllt.com/portfolio""]",2,"[""source_native_ecosystem_identity""]",false,[],2026-08-30,"Discovery presence is not operating, traction, outcome, security or JCX-fit evidence."
dsc-ef49a33356e4,Ekotekt,"[""Ekotekt""]",[],[],discovery_only,true,"[""built_environment_ecosystem_discovery_index""]",1,[],[],"[""https://cemexventures.com/top-50""]",[],[],[],"[""CEMEX Ventures Top 50 ConTech 2026""]",1,"[""eco-src-9893c276cf0d""]",1,"[""Selected for 2026 Top 50""]","[""Future of construction""]",[],[],[],[],[],[],"[""Future of construction""]","[""https://cemexventures.com/top-50""]",1,"[""source_native_ecosystem_identity""]",false,[],2026-08-30,"Discovery presence is not operating, traction, outcome, security or JCX-fit evidence."
dsc-08d6b5918e20,Electric Air,"[""Electric Air""]",[],[],discovery_only,true,"[""yc_real_estate_construction_2026-08-30""]",1,[],[],"[""https://ycombinator.com/companies/electric-air-2"",""https://ycombinator.com/companies/industry/real-estate-and-construction""]","[""28822""]","[""S2023""]","[""Active""]",[],0,[],0,[],"[""ConTech / construction operations""]","[""L5 Construction; L10 ESG/climate; L12 Data/intelligence""]","[""A""]",[],"[""US""]","[""San Francisco""]","[""18""]","[""Electric Air is a tech-enabled contractor for heat pump installations that cuts costs by 60%. Heat pumps are the most efficient way to heat American homes with a $53B annual market opportunity."",""Tech-enabled heat pump contractor that cuts costs by 60%""]","[""https://ycombinator.com/companies/electric-air-2"",""https://ycombinator.com/companies/industry/real-estate-and-construction""]",2,"[""source_native_yc_identity""]",false,[],2026-08-30,"Discovery presence is not operating, traction, outcome, security or JCX-fit evidence."
dsc-2e53458d52d4,Electric Hydrogren,"[""Electric Hydrogren""]",[],[],discovery_only,true,"[""built_environment_ecosystem_discovery_index""]",1,"[""eh2.com""]","[""https://eh2.com/""]","[""https://fifthwall.com/portfolio?2bddaefa_page=2""]",[],[],[],"[""Fifth Wall""]",1,"[""eco-src-65b9049b0834""]",1,"[""Active/portfolio""]",[],[],[],[],[],[],[],"[""Electric Hydrogen (EH2) is a deep decarbonization company pioneering new technology for low-cost, high-efficiency, fossil-free hydrogen systems. Focusing on industrial applications of hydrogen in steel, ammonia and freight transport, EH2’s goal is to help eliminate more than 30% of global GHG emissions from hard-to-electrify industries.""]","[""https://eh2.com/"",""https://fifthwall.com/portfolio?2bddaefa_page=2""]",2,"[""source_native_ecosystem_identity""]",false,[],2026-08-30,"Discovery presence is not operating, traction, outcome, security or JCX-fit evidence."
dsc-7aa0f4e2514a,ElectroTempo,"[""ElectroTempo""]",[],[],discovery_only,true,"[""built_environment_ecosystem_discovery_index""]",1,"[""electrotempo.com""]","[""https://electrotempo.com/""]","[""https://moderneventures.com/portfolio/electrotempo""]",[],[],[],"[""Moderne Ventures / Passport""]",1,"[""eco-src-54fa3e6f50ed""]",1,"[""Portfolio/Passport listing displayed""]","[""Passport""]",[],[],[],[],[],[],"[""AI geospatial intelligence and optimization platform turning investment risk into ROI — Expert-driven analytics for smarter EV infrastructure decisions — Passport""]","[""https://electrotempo.com/"",""https://moderneventures.com/portfolio/electrotempo""]",2,"[""source_native_ecosystem_identity""]",false,[],2026-08-30,"Discovery presence is not operating, traction, outcome, security or JCX-fit evidence."
dsc-83d4a9df745c,EliseAI,"[""EliseAI""]","[""organization""]","[""org-eliseai-312bd83""]",qualified_core,false,"[""built_environment_ecosystem_discovery_index"",""qualified_core""]",2,"[""eliseai.com""]","[""https://eliseai.com/""]","[""https://spark.jllt.com/portfolio""]",[],[],[],"[""JLL Spark""]",1,"[""eco-src-1b9e1d77fc91""]",1,"[""Active/portfolio""]","[""AI leasing resident communications CRM and property-operations workflow""]","[""L6"",""L7"",""L8""]","[""A""]",[],"[""United States""]",[],[],"[""An AI-powered leasing assistant that nurtures prospective residents 24/7 and drives more leads, schedules tours, and maximizes closings. View website""]","[""https://eliseai.com/"",""https://eliseai.com/about-us"",""https://eliseai.com/platform-overview"",""https://info.eliseai.com/hubfs/One-Pager-Product-Resident-EliseCRM-PMC-Final.pdf"",""https://spark.jllt.com/portfolio""]",5,"[""exact_normalized_name_with_domain_corroboration"",""qualified_core_identity""]",false,[],2026-08-30,Qualified-core identity; individual claims still require editorial review.
dsc-e838be1d71b5,Elyos AI,"[""Elyos ai"",""Elyos AI""]","[""organization""]","[""org-elyos-ai-90065ff""]",qualified_core,false,"[""built_environment_ecosystem_discovery_index"",""qualified_core""]",2,"[""elyos.ai""]","[""https://elyos.ai/""]","[""https://pilabs.vc/portfolio""]",[],[],[],"[""Pi Labs""]",1,"[""eco-src-9a01dca10acd""]",1,"[""Active/portfolio""]","[""autonomous AI agents for trades and field services""]","[""L5"",""L8""]","[""B""]",[],"[""United Kingdom""]",[],[],"[""AI Agents for Field Services Est. 2023. London. United Kingdom. Founded by Philippa Brown, Adrian Johnston, and Panos Stravopodis. Last Funding Round: Series A.""]","[""https://elyos.ai/"",""https://pilabs.vc/portfolio"",""https://pilabs.vc/portfolio?sort=date_desc""]",3,"[""exact_normalized_name_with_domain_corroboration"",""qualified_core_identity""]",false,[],2026-08-30,Qualified-core identity; individual claims still require editorial review.
dsc-920af9893615,Emaar Development,"[""Emaar Development""]","[""organization""]","[""org-emaar-development-402d000""]",qualified_core,false,"[""qualified_core""]",1,"[""properties.emaar.com""]","[""https://properties.emaar.com/""]",[],[],[],[],[],0,[],0,[],[],"[""L1"",""L10"",""L4"",""L6"",""L7"",""L8""]","[""A""]",[],"[""United Arab Emirates""]",[],[],[],"[""https://properties.emaar.com/"",""https://properties.emaar.com/wp-content/uploads/2025/03/Emaar-Development_Integrated-Report-for-the-Year-2024_EN.pdf""]",2,"[""qualified_core_identity""]",false,[],2026-08-30,Qualified-core identity; individual claims still require editorial review.
dsc-79ebbd6089a0,Ember,"[""Ember""]",[],[],discovery_only,true,"[""built_environment_ecosystem_discovery_index""]",1,[],[],"[""https://2150.vc/investments/ember""]",[],[],[],"[""2150""]",1,"[""eco-src-2aed71d30abe""]",1,"[""Investment displayed; current status not inferred""]",[],[],[],"[""United Kingdom""]",[],[],[],"[""Ember Ember drives a modal shift away from single-occupancy cars while electrifying the highest-mileage vehicles on the road: intercity buses.""]","[""https://2150.vc/investments/ember""]",1,"[""source_native_ecosystem_identity""]",false,[],2026-08-30,"Discovery presence is not operating, traction, outcome, security or JCX-fit evidence."
dsc-32b3d2b870c0,Embue,"[""Embue""]",[],[],discovery_only,true,"[""built_environment_ecosystem_discovery_index""]",1,"[""embue.com""]","[""https://embue.com/""]","[""https://nar-reach.com/us-commercial""]",[],[],[],"[""NAR REACH US Commercial""]",1,"[""eco-src-572720dbfb2e""]",1,"[""2026 cohort (or current page cohort)""]",[],[],[],"[""United States""]",[],[],[],"[""AI-powered control and sensing that cuts apartment buildings’ utility costs by 25% within the first hour of use, giving owners immediate, measurable savings without any hardware overhaul.""]","[""https://embue.com/"",""https://nar-reach.com/us-commercial""]",2,"[""source_native_ecosystem_identity""]",false,[],2026-08-30,"Discovery presence is not operating, traction, outcome, security or JCX-fit evidence."
dsc-e88542519f78,En,"[""En""]",[],[],discovery_only,true,"[""built_environment_ecosystem_discovery_index""]",1,"[""en.wikipedia.org""]","[""https://en.wikipedia.org/wiki/Common_%28company%29""]","[""https://metaprop.com/portfolio""]",[],[],[],"[""MetaProp""]",1,"[""eco-src-f35fa93a8613""]",1,"[""Active/portfolio""]",[],[],[],[],[],[],[],[],"[""https://en.wikipedia.org/wiki/Common_%28company%29"",""https://metaprop.com/portfolio""]",2,"[""source_native_ecosystem_identity""]",false,[],2026-08-30,"Discovery presence is not operating, traction, outcome, security or JCX-fit evidence."
dsc-ca8ae534cd30,Enertiv,"[""Enertiv""]",[],[],discovery_only,true,"[""built_environment_ecosystem_discovery_index""]",1,"[""enertiv.com""]","[""https://enertiv.com/""]","[""https://metaprop.com/portfolio""]",[],[],[],"[""MetaProp""]",1,"[""eco-src-53d6bf58f0f5""]",1,"[""Active/portfolio""]",[],[],[],[],[],[],[],[],"[""https://enertiv.com/"",""https://metaprop.com/portfolio""]",2,"[""source_native_ecosystem_identity""]",false,[],2026-08-30,"Discovery presence is not operating, traction, outcome, security or JCX-fit evidence."
dsc-a3ad92ff88ec,Engrain,"[""Engrain""]",[],[],discovery_only,true,"[""built_environment_ecosystem_discovery_index""]",1,"[""engrain.com""]","[""https://engrain.com/""]","[""https://ret.vc/portfolio""]",[],[],[],"[""RET Ventures Portfolio""]",1,"[""eco-src-b29286b89ac0""]",1,"[""Portfolio company displayed""]",[],[],[],[],[],[],[],"[""Engrain Engrain’s mission is to fundamentally transform the way people find, lease and manage property. A recognized leader in next-generation touring technology and map-based data visualization software, Engrain’s advanced integrations and technical flexibility offer solutions for any real-estate technology stack. Year of investment 2020 Stage at Investment All Early Real Estate Focus All Multifamily Storage View WEbsite""]","[""https://engrain.com/"",""https://ret.vc/portfolio""]",2,"[""source_native_ecosystem_identity""]",false,[],2026-08-30,"Discovery presence is not operating, traction, outcome, security or JCX-fit evidence."
dsc-82d093a51870,Enlaye,"[""Enlaye""]",[],[],discovery_only,true,"[""built_environment_ecosystem_discovery_index""]",1,[],[],"[""https://cemexventures.com/top-50""]",[],[],[],"[""CEMEX Ventures Top 50 ConTech 2026""]",1,"[""eco-src-769a2963bbe0""]",1,"[""Selected for 2026 Top 50""]","[""Enhanced productivity""]",[],[],[],[],[],[],"[""Enhanced productivity""]","[""https://cemexventures.com/top-50""]",1,"[""source_native_ecosystem_identity""]",false,[],2026-08-30,"Discovery presence is not operating, traction, outcome, security or JCX-fit evidence."
dsc-00b3ae7c4fc9,entelligent,"[""entelligent""]",[],[],discovery_only,true,"[""built_environment_ecosystem_discovery_index""]",1,[],[],"[""https://tarongagroup.com/wp-content/uploads/2025/07/RealTechX-Asset-Impact-Booklet-2025-1.pdf""]",[],[],[],"[""Taronga RealTechX / Asset Impact""]",1,"[""eco-src-d80bf885144f""]",1,"[""Alumni/support history displayed""]",[],[],[],[],[],[],[],[],"[""https://tarongagroup.com/wp-content/uploads/2025/07/RealTechX-Asset-Impact-Booklet-2025-1.pdf""]",1,"[""source_native_ecosystem_identity""]",false,[],2026-08-30,"Discovery presence is not operating, traction, outcome, security or JCX-fit evidence."
dsc-2a02ab5e7f9e,Entrata,"[""Entrata""]","[""organization""]","[""org-entrata-25f43fe""]",qualified_core,false,"[""qualified_core""]",1,"[""entrata.com""]","[""https://entrata.com/""]",[],[],[],[],[],0,[],0,[],"[""Multifamily operations""]","[""L3"",""L6"",""L7"",""L8""]",[],[],"[""United States""]",[],[],[],"[""https://entrata.com/""]",1,"[""qualified_core_identity""]",false,[],2026-08-30,Qualified-core identity; individual claims still require editorial review.
dsc-4c094d680932,Envoy,"[""Envoy""]",[],[],discovery_only,true,"[""built_environment_ecosystem_discovery_index""]",1,"[""envoythere.com""]","[""https://envoythere.com/""]","[""https://moderneventures.com/portfolio/envoy""]",[],[],[],"[""Moderne Ventures / Passport""]",1,"[""eco-src-649104975626""]",1,"[""Exited (displayed)""]","[""Passport""]",[],[],[],[],[],[],"[""Mobility as an amenity — Electric car sharing service, platform and exclusive amenity for apartments, hotels and workplaces. Acquired by Blink. — Passport""]","[""https://envoythere.com/"",""https://moderneventures.com/portfolio/envoy""]",2,"[""source_native_ecosystem_identity""]",false,[],2026-08-30,"Discovery presence is not operating, traction, outcome, security or JCX-fit evidence."
dsc-eb34f4271cba,EODev,"[""EODev""]",[],[],discovery_only,true,"[""built_environment_ecosystem_discovery_index""]",1,[],[],"[""https://tarongagroup.com/wp-content/uploads/2025/07/RealTechX-Asset-Impact-Booklet-2025-1.pdf""]",[],[],[],"[""Taronga RealTechX / Asset Impact""]",1,"[""eco-src-104fc8bc8563""]",1,"[""Alumni/support history displayed""]",[],[],[],[],[],[],[],[],"[""https://tarongagroup.com/wp-content/uploads/2025/07/RealTechX-Asset-Impact-Booklet-2025-1.pdf""]",1,"[""source_native_ecosystem_identity""]",false,[],2026-08-30,"Discovery presence is not operating, traction, outcome, security or JCX-fit evidence."
dsc-0aaada047dfc,Equinix,"[""Equinix""]","[""organization""]","[""org-equinix-db3cddd""]",qualified_core,false,"[""qualified_core""]",1,"[""equinix.com""]","[""https://equinix.com/""]",[],[],[],[],[],0,[],0,[],"[""global data-centre, colocation and interconnection operator""]","[""L1"",""L10"",""L4"",""L5"",""L8""]","[""A""]",[],"[""United States""]",[],[],[],"[""https://equinix.com/"",""https://investor.equinix.com/about-equinix/annual-reports-proxy"",""https://investor.equinix.com/sec-filings/all-sec-filings/content/0001101239-26-000032/eqix-20251231.htm""]",3,"[""qualified_core_identity""]",false,[],2026-08-30,Qualified-core identity; individual claims still require editorial review.
dsc-c05769e7193e,EquipmentShare,"[""EquipmentShare""]","[""organization""]","[""org-equipmentshare-b7b2fd1""]",qualified_core,false,"[""qualified_core"",""yc_real_estate_construction_2026-08-30""]",2,"[""equipmentshare.com""]","[""https://equipmentshare.com/""]","[""https://ycombinator.com/companies/equipmentshare"",""https://ycombinator.com/companies/industry/real-estate-and-construction""]","[""809""]","[""W2015""]","[""Public""]",[],0,[],0,[],"[""ConTech / construction operations""]","[""L3"",""L5"",""L5 Construction; L7 Occupancy/tenant; L12 Data/intelligence"",""L8""]","[""A"",""C""]",[],"[""US"",""United States""]","[""Columbia, MO, USA""]","[""5400""]","[""Cloud solutions for the construction industry."",""EquipmentShare delivers cloud solutions for the construction industry. We provide a better equipment rental experience, fleet tracking software and hardware security solutions to help contractors work smarter.""]","[""https://equipmentshare.com/"",""https://ycombinator.com/companies/equipmentshare"",""https://ycombinator.com/companies/industry/real-estate-and-construction""]",3,"[""exact_normalized_name"",""qualified_core_identity""]",false,[],2026-08-30,Qualified-core identity; individual claims still require editorial review.
dsc-ee76cd9bf30c,Equity Residential,"[""Equity Residential""]","[""organization""]","[""org-equity-residential-15dcba6""]",qualified_core,false,"[""qualified_core""]",1,"[""equityapartments.com""]","[""https://equityapartments.com/""]",[],[],[],[],[],0,[],0,[],[],"[""L10"",""L6"",""L7"",""L8""]","[""B""]",[],"[""United States""]",[],[],[],"[""https://equityapartments.com/""]",1,"[""qualified_core_identity""]",false,[],2026-08-30,Qualified-core identity; individual claims still require editorial review.
dsc-011e34a99ced,Ergeon,"[""Ergeon""]",[],[],discovery_only,true,"[""built_environment_ecosystem_discovery_index""]",1,"[""ergeon.com""]","[""https://ergeon.com/""]","[""https://metaprop.com/portfolio""]",[],[],[],"[""MetaProp""]",1,"[""eco-src-9c0232506255""]",1,"[""Active/portfolio""]",[],[],[],[],[],[],[],[],"[""https://ergeon.com/"",""https://metaprop.com/portfolio""]",2,"[""source_native_ecosystem_identity""]",false,[],2026-08-30,"Discovery presence is not operating, traction, outcome, security or JCX-fit evidence."
dsc-86ff43c997a6,Ernest,"[""Ernest""]",[],[],discovery_only,true,"[""built_environment_ecosystem_discovery_index""]",1,"[""joinernest.com""]","[""https://joinernest.com/""]","[""https://brickmortar.vc/portfolio""]",[],[],[],"[""Brick & Mortar Ventures""]",1,"[""eco-src-f25d4c1ea298""]",1,"[""Active investment""]",[],[],[],[],[],[],[],[],"[""https://brickmortar.vc/portfolio"",""https://joinernest.com/""]",2,"[""source_native_ecosystem_identity""]",false,[],2026-08-30,"Discovery presence is not operating, traction, outcome, security or JCX-fit evidence."
dsc-e4f5859af8e2,ESR Group,"[""ESR Group""]","[""organization""]","[""org-esr-group-5cc4f98""]",qualified_core,false,"[""qualified_core""]",1,"[""esr.com""]","[""https://esr.com/""]",[],[],[],[],[],0,[],0,[],"[""APAC logistics, data-centre and infrastructure real-asset owner/manager""]","[""L1"",""L10"",""L4"",""L5"",""L8""]","[""A""]",[],"[""Singapore""]",[],[],[],"[""https://esr.com/"",""https://esr.com/investor-relations"",""https://esr.com/news/esr-completes-privatisation-strengthens-leadership-team"",""https://esr.com/news/esr-group-reports-fy2024-results-demonstrates-business-resilience-as-its-clear-core-focus-on-logistics-real-estate-data-centres-and-infrastructure-drives-next-phase-of-growth""]",4,"[""qualified_core_identity""]",false,[],2026-08-30,Qualified-core identity; individual claims still require editorial review.
dsc-9a356a982802,Estate Intel,"[""Estate Intel"",""Estateintel""]","[""organization""]","[""org-estate-intel-539a151""]",qualified_core,false,"[""built_environment_ecosystem_discovery_index"",""qualified_core""]",2,"[""estateintel.com""]","[""https://estateintel.com/""]","[""https://metaprop.com/portfolio""]",[],[],[],"[""MetaProp""]",1,"[""eco-src-bd4860b41e54""]",1,"[""Active/portfolio""]","[""real-estate market intelligence and project data""]","[""L1"",""L3"",""L9""]","[""B""]",[],"[""Nigeria""]",[],[],[],"[""https://estateintel.com/"",""https://estateintel.com/insights/this-is-ei-pro-more-affordable-access-to-real-estate-data"",""https://metaprop.com/portfolio""]",3,"[""qualified_core_identity"",""reviewed_name_alias_with_domain_corroboration""]",false,[],2026-08-30,Qualified-core identity; individual claims still require editorial review.
dsc-18a694bd93e1,Everbody,"[""Everbody""]",[],[],discovery_only,true,"[""built_environment_ecosystem_discovery_index""]",1,"[""everbody.com""]","[""https://everbody.com/""]","[""https://metaprop.com/portfolio""]",[],[],[],"[""MetaProp""]",1,"[""eco-src-40efa49a66f8""]",1,"[""Active/portfolio""]",[],[],[],[],[],[],[],[],"[""https://everbody.com/"",""https://metaprop.com/portfolio""]",2,"[""source_native_ecosystem_identity""]",false,[],2026-08-30,"Discovery presence is not operating, traction, outcome, security or JCX-fit evidence."
dsc-93143ddbbc4d,Everlance,"[""Everlance""]",[],[],discovery_only,true,"[""built_environment_ecosystem_discovery_index""]",1,"[""everlance.com""]","[""https://everlance.com/""]","[""https://moderneventures.com/portfolio/everlance""]",[],[],[],"[""Moderne Ventures / Passport""]",1,"[""eco-src-d6d4a547e9f3""]",1,"[""Exited (displayed)""]","[""Passport""]",[],[],[],[],[],[],"[""Effortless mileage and expense management — Everlance makes tracking mileage, expenses, and taxes effortless for self-employed professionals and small business owners. Acquired by Motus. — Passport""]","[""https://everlance.com/"",""https://moderneventures.com/portfolio/everlance""]",2,"[""source_native_ecosystem_identity""]",false,[],2026-08-30,"Discovery presence is not operating, traction, outcome, security or JCX-fit evidence."
dsc-fd24d9c4fcbc,EVERTY,"[""EVERTY""]",[],[],discovery_only,true,"[""built_environment_ecosystem_discovery_index""]",1,[],[],"[""https://tarongagroup.com/wp-content/uploads/2025/07/RealTechX-Asset-Impact-Booklet-2025-1.pdf""]",[],[],[],"[""Taronga RealTechX / Asset Impact""]",1,"[""eco-src-4bd8f8da99dd""]",1,"[""Alumni/support history displayed""]",[],[],[],[],[],[],[],[],"[""https://tarongagroup.com/wp-content/uploads/2025/07/RealTechX-Asset-Impact-Booklet-2025-1.pdf""]",1,"[""source_native_ecosystem_identity""]",false,[],2026-08-30,"Discovery presence is not operating, traction, outcome, security or JCX-fit evidence."
dsc-dc6a679df94c,Expediagroup,"[""Expediagroup""]",[],[],discovery_only,true,"[""built_environment_ecosystem_discovery_index""]",1,"[""expediagroup.com""]","[""https://expediagroup.com/""]","[""https://metaprop.com/portfolio""]",[],[],[],"[""MetaProp""]",1,"[""eco-src-a9756c349f95""]",1,"[""Exited/marked exited""]",[],[],[],[],[],[],[],[],"[""https://expediagroup.com/"",""https://metaprop.com/portfolio""]",2,"[""source_native_ecosystem_identity""]",false,[],2026-08-30,"Discovery presence is not operating, traction, outcome, security or JCX-fit evidence."
dsc-b86572ef3c75,Express Building,"[""Express Building""]","[""organization""]","[""org-express-building-add003f""]",qualified_core,false,"[""qualified_core"",""yc_real_estate_construction_2026-08-30""]",2,[],[],"[""https://ycombinator.com/companies/express-building"",""https://ycombinator.com/companies/industry/real-estate-and-construction""]","[""27175""]","[""S2022""]","[""Active""]",[],0,[],0,[],"[""Affordable housing developer finance"",""Property operations / housing""]","[""L1"",""L3"",""L3 Capital/finance; L7 Occupancy/tenant""]","[""B""]",[],"[""SG"",""Singapore""]","[""Singapore""]","[""14""]","[""Express Building (EB) helps small and medium sized residential developers scale their pre-sold affordable housing development pipeline. Current markets: Indonesia & Philippines"",""Financing Southeast Asia's ~$1 trillion housing backlog""]","[""https://ycombinator.com/companies/express-building"",""https://ycombinator.com/companies/industry/real-estate-and-construction""]",2,"[""exact_normalized_name"",""qualified_core_identity""]",false,[],2026-08-30,Qualified-core identity; individual claims still require editorial review.
dsc-2a2faa2c052e,Facilio,"[""Facilio""]","[""organization""]","[""org-facilio-ee1952a""]",qualified_core,false,"[""qualified_core""]",1,"[""facilio.in""]","[""https://facilio.in/""]",[],[],[],[],[],0,[],0,[],"[""Connected FM/BMS"",""connected-CMMS-building-SaaS""]","[""L10"",""L7"",""L8""]","[""A""]",[],"[""India""]",[],[],[],"[""https://facilio.com/"",""https://facilio.com/case-study/al-fajer"",""https://facilio.com/newsroom/series-a"",""https://facilio.com/newsroom/series-b"",""https://facilio.in/"",""https://facilio.in/about"",""https://tarongagroup.com/realtechx""]",7,"[""qualified_core_identity""]",false,[],2026-08-30,Qualified-core identity; individual claims still require editorial review.
dsc-d3863f8d1828,Falkbuilt,"[""Falkbuilt""]",[],[],discovery_only,true,"[""built_environment_ecosystem_discovery_index""]",1,"[""falkbuilt.com""]","[""https://falkbuilt.com/""]","[""https://ret.vc/portfolio""]",[],[],[],"[""RET Ventures Portfolio""]",1,"[""eco-src-0a7c5a123e17""]",1,"[""Portfolio company displayed""]",[],[],[],[],[],[],[],"[""Falkbuilt Falkbuilt is digitizing conventional construction with Digital Component Construction; a new process that improves an old idea. We use powerful technology to emulate proven stick build construction components, manufacturing super studs, digital horizontals and cladding and delivering these digital components onsite for fast, efficient and clean installations. Year of investment 2020 Stage at Investment All Late Real Estate Focus All Commercial Retail View WEbsite""]","[""https://falkbuilt.com/"",""https://ret.vc/portfolio""]",2,"[""source_native_ecosystem_identity""]",false,[],2026-08-30,"Discovery presence is not operating, traction, outcome, security or JCX-fit evidence."
dsc-8bae7439af8e,Faura,"[""Faura""]",[],[],discovery_only,true,"[""built_environment_ecosystem_discovery_index""]",1,"[""faura.us""]","[""https://faura.us/""]","[""https://metaprop.com/portfolio""]",[],[],[],"[""MetaProp""]",1,"[""eco-src-eb50293b82eb""]",1,"[""Active/portfolio""]",[],[],[],[],[],[],[],[],"[""https://faura.us/"",""https://metaprop.com/portfolio""]",2,"[""source_native_ecosystem_identity""]",false,[],2026-08-30,"Discovery presence is not operating, traction, outcome, security or JCX-fit evidence."
dsc-e66b87f3d92e,FBR / Hadrian X,"[""FBR / Hadrian X""]","[""organization""]","[""org-fbr-hadrian-x-b896b3f""]",qualified_core,false,"[""qualified_core""]",1,"[""fbr.com.au""]","[""https://fbr.com.au/""]",[],[],[],[],[],0,[],0,[],"[""autonomous bricklaying and construction robotics""]","[""L10"",""L5""]","[""B""]",[],"[""Australia""]",[],[],[],"[""https://fbr.com.au/"",""https://fbr.com.au/view/hadrian""]",2,"[""qualified_core_identity""]",false,[],2026-08-30,Qualified-core identity; individual claims still require editorial review.
dsc-180b53c17ed2,Fernish,"[""Fernish""]",[],[],discovery_only,true,"[""built_environment_ecosystem_discovery_index""]",1,"[""fernish.com""]","[""https://fernish.com/""]","[""https://ret.vc/portfolio""]",[],[],[],"[""RET Ventures Portfolio""]",1,"[""eco-src-1e7f226a81be""]",1,"[""Portfolio company displayed""]",[],[],[],[],[],[],[],"[""Fernish Fernish reinvents furniture rental with a premium a-la-carte subscription service featuring stylish furniture from Crate&Barrel, CB2, Floyd and more. Offering customers white-glove delivery, assembly, swapping and pick up. Multifamily partners receive a substantial revenue share, enabling them to monetize furniture transactions made by the 98% of residents who don't use fully-furnished living options. Year of investment 2018 Stage at Investment All Seed Real Estate Focus All Multifamily Single-Family View WEbsite""]","[""https://fernish.com/"",""https://ret.vc/portfolio""]",2,"[""source_native_ecosystem_identity""]",false,[],2026-08-30,"Discovery presence is not operating, traction, outcome, security or JCX-fit evidence."
dsc-dd253fdd366e,Field Materials,"[""Field Materials""]","[""organization""]","[""org-field-materials-05352ab""]",qualified_core,false,"[""qualified_core""]",1,"[""fieldmaterials.com""]","[""https://fieldmaterials.com/""]",[],[],[],[],[],0,[],0,[],"[""construction procurement AP and inventory software""]","[""L3"",""L5""]","[""A""]",[],"[""United States""]",[],[],[],"[""https://fieldmaterials.com/"",""https://fieldmaterials.com/about"",""https://zacuaventures.com/portfolio""]",3,"[""qualified_core_identity""]",false,[],2026-08-30,Qualified-core identity; individual claims still require editorial review.
dsc-e263f8624901,Fieldwire,"[""Fieldwire""]","[""organization""]","[""org-fieldwire-4bfc09b""]",qualified_core,false,"[""qualified_core""]",1,"[""fieldwire.com""]","[""https://fieldwire.com/""]",[],[],[],[],[],0,[],0,[],"[""Field construction management""]","[""L5"",""L8""]","[""C""]",[],"[""United States""]",[],[],[],"[""https://brickmortar.vc/portfolio"",""https://fieldwire.com/""]",2,"[""qualified_core_identity""]",false,[],2026-08-30,Qualified-core identity; individual claims still require editorial review.
dsc-3901c470dec2,Fifth Wall portfolio,"[""Fifth Wall portfolio""]","[""program_ecosystem""]","[""org-fifth-wall-portfolio-17b20c3""]",qualified_core,false,"[""qualified_core""]",1,"[""fifthwall.com""]","[""https://fifthwall.com/portfolio""]",[],[],[],[],[],0,[],0,[],"[""Built-world VC ecosystem index""]","[""L10"",""L12""]","[""C""]",[],"[""United States""]",[],[],[],"[""https://fifthwall.com/portfolio""]",1,"[""qualified_core_identity""]",false,[],2026-08-30,Qualified-core identity; individual claims still require editorial review.
dsc-961eea495906,firmus,"[""firmus""]",[],[],discovery_only,true,"[""built_environment_ecosystem_discovery_index""]",1,"[""firmus.ai""]","[""https://firmus.ai/""]","[""https://pilabs.vc/portfolio""]",[],[],[],"[""Pi Labs""]",1,"[""eco-src-f5e18eb0a7cc""]",1,"[""Exited""]",[],[],[],[],[],[],[],"[""MITIGATING RISKS IN DESIGN STAGE USING AI Est. 2019. Israel. <br> Founded by Shir Abecasis. <br> Exited.""]","[""https://firmus.ai/"",""https://pilabs.vc/portfolio""]",2,"[""source_native_ecosystem_identity""]",false,[],2026-08-30,"Discovery presence is not operating, traction, outcome, security or JCX-fit evidence."
dsc-f4f7d7f8caf5,First Street Foundation / First Street,"[""First Street Foundation / First Street""]","[""organization""]","[""org-first-street-foundation-first-street-ff7010b""]",qualified_core,false,"[""qualified_core""]",1,"[""firststreet.org""]","[""https://firststreet.org/""]",[],[],[],[],[],0,[],0,[],"[""public-data building-level physical climate risk platform and API""]","[""L1"",""L10"",""L2"",""L3""]","[""B""]",[],"[""United States""]",[],[],[],"[""https://docs.firststreet.org/api"",""https://docs.firststreet.org/api/climate-risk-api/getting-started"",""https://firststreet.org/"",""https://help.firststreet.org/hc/en-us/articles/9680350042903-First-Street-FAQ""]",4,"[""qualified_core_identity""]",false,[],2026-08-30,Qualified-core identity; individual claims still require editorial review.
dsc-c5c58f380495,Fitwel,"[""Fitwel""]",[],[],discovery_only,true,"[""built_environment_ecosystem_discovery_index""]",1,"[""fitwel.org""]","[""https://fitwel.org/""]","[""https://ret.vc/portfolio""]",[],[],[],"[""RET Ventures Portfolio""]",1,"[""eco-src-5cc2d674d239""]",1,"[""Portfolio company displayed""]",[],[],[],[],[],[],[],"[""Fitwel Fitwel is setting, and driving, the global standard for optimizing occupant health in the built world. Built on it’s pioneering evidence-based benchmarking, certification, and strategic data-insights platform, Fitwel presents healthy building strategies that boost tenant wellbeing and are leveraged by real estate owners, operators and investors to positively impact human capital and financial bottom lines across portfolios of assets. Year of investment 2022 Stage at Investment All Early Real Estate Focus All Multifamily Commercial Retail View WEbsite""]","[""https://fitwel.org/"",""https://ret.vc/portfolio""]",2,"[""source_native_ecosystem_identity""]",false,[],2026-08-30,"Discovery presence is not operating, traction, outcome, security or JCX-fit evidence."
dsc-10e322ff35df,Fixit,"[""Fixit""]",[],[],discovery_only,true,"[""built_environment_ecosystem_discovery_index""]",1,[],[],"[""https://nar-reach.com/dubai-land-department-second-century-ventures-celebrate-start-of-reach-middle-east""]",[],[],[],"[""NAR REACH Middle East""]",1,"[""eco-src-481faa394013""]",1,"[""2026 cohort""]",[],[],[],"[""Middle East""]",[],[],[],"[""AI employee solution for real estate sales.""]","[""https://nar-reach.com/dubai-land-department-second-century-ventures-celebrate-start-of-reach-middle-east""]",1,"[""source_native_ecosystem_identity""]",false,[],2026-08-30,"Discovery presence is not operating, traction, outcome, security or JCX-fit evidence."
dsc-1686a894ac44,FlatX,"[""FlatX""]","[""organization""]","[""org-flatx-046b6ca""]",qualified_core,false,"[""qualified_core"",""yc_real_estate_construction_2026-08-30""]",2,[],[],"[""https://ycombinator.com/companies/flatx"",""https://ycombinator.com/companies/industry/real-estate-and-construction""]","[""27219""]","[""S2022""]","[""Active""]",[],0,[],0,[],"[""Property operations / housing"",""Rental/flatmate marketplace""]","[""L6"",""L6 Marketing/sales; L7 Occupancy/tenant; L12 Data/intelligence"",""L7"",""L8""]","[""B""]",[],"[""IN"",""India""]","[""Bengaluru""]","[""2""]","[""AI-Powered Rental Platform for Urban Renters"",""FlatX is the first AI-powered rental platform in India focused on Young Renters. It helps them find the right flat and the right flatmate faster, and makes it effortless to rent in any city without brokers, scams, or the usual chaos.""]","[""https://ycombinator.com/companies/flatx"",""https://ycombinator.com/companies/industry/real-estate-and-construction""]",2,"[""exact_normalized_name"",""qualified_core_identity""]",false,[],2026-08-30,Qualified-core identity; individual claims still require editorial review.
dsc-8c15da0aa56c,FlexDesk,"[""FlexDesk""]","[""organization""]","[""org-flexdesk-024af53""]",qualified_core,false,"[""qualified_core""]",1,[],[],"[""https://ycombinator.com/companies/flexdesk""]",[],[],[],[],0,[],0,[],"[""AI corporate real-estate portfolio workflow""]","[""L7"",""L9""]","[""B""]",[],"[""United States""]",[],[],[],"[""https://ycombinator.com/companies/flexdesk""]",1,"[""qualified_core_identity""]",false,[],2026-08-30,Qualified-core identity; individual claims still require editorial review.
dsc-e89b17941696,Floorfy,"[""Floorfy""]",[],[],discovery_only,true,"[""built_environment_ecosystem_discovery_index""]",1,"[""floorfy.com""]","[""https://floorfy.com/""]","[""https://metaprop.com/portfolio""]",[],[],[],"[""MetaProp""]",1,"[""eco-src-744c0f041920""]",1,"[""Active/portfolio""]",[],[],[],[],[],[],[],[],"[""https://floorfy.com/"",""https://metaprop.com/portfolio""]",2,"[""source_native_ecosystem_identity""]",false,[],2026-08-30,"Discovery presence is not operating, traction, outcome, security or JCX-fit evidence."
dsc-0c87c5f65324,FlowManual,"[""FlowManual""]",[],[],discovery_only,true,"[""yc_real_estate_construction_2026-08-30""]",1,[],[],"[""https://ycombinator.com/companies/flowmanual"",""https://ycombinator.com/companies/industry/real-estate-and-construction""]","[""32525""]","[""S2026""]","[""Active""]",[],0,[],0,[],"[""ConTech / construction operations""]","[""L5 Construction; L12 Data/intelligence""]","[""A""]",[],"[""US""]","[""San Francisco""]","[""2""]","[""AI for Construction's Back Office"",""FlowManual is the all-in-one AI estimating, bidding, and purchasing platform for both general and MEP construction contractors. Built by two engineers and Harvard dropouts, FlowManual automates the buying process during pre-construction. With FlowManual, specialty contractors win more work while general contractors deliver at higher standards.""]","[""https://ycombinator.com/companies/flowmanual"",""https://ycombinator.com/companies/industry/real-estate-and-construction""]",2,"[""source_native_yc_identity""]",false,[],2026-08-30,"Discovery presence is not operating, traction, outcome, security or JCX-fit evidence."
dsc-77e22add4915,FlowSpace,"[""FlowSpace""]",[],[],discovery_only,true,"[""built_environment_ecosystem_discovery_index""]",1,"[""flowspace.co""]","[""https://flowspace.co/""]","[""https://nar-reach.com/uk""]",[],[],[],"[""NAR REACH UK""]",1,"[""eco-src-45d6522f7d18""]",1,"[""2026 cohort (or current page cohort)""]",[],[],[],"[""United Kingdom""]",[],[],[],"[""FlowSpace helps landlords and operators with revenue management — turning underutilised and void office space into bottom-line revenue by matching it with flexible demand, and converting those occupiers into long-term tenants""]","[""https://flowspace.co/"",""https://nar-reach.com/uk""]",2,"[""source_native_ecosystem_identity""]",false,[],2026-08-30,"Discovery presence is not operating, traction, outcome, security or JCX-fit evidence."
dsc-11a042f6ce27,FluidLytix,"[""FluidLytix""]",[],[],discovery_only,true,"[""built_environment_ecosystem_discovery_index""]",1,"[""fluidlytix.com""]","[""https://fluidlytix.com/""]","[""https://moderneventures.com/portfolio/fluidlytix""]",[],[],[],"[""Moderne Ventures / Passport""]",1,"[""eco-src-6343d5e4ece4""]",1,"[""Portfolio/Passport listing displayed""]","[""Passport""]",[],[],[],[],[],[],"[""Cost-saving, intelligent water management — Patented valve technology regulates air and water pressure and reduces water bills by 15% to 30% — Passport""]","[""https://fluidlytix.com/"",""https://moderneventures.com/portfolio/fluidlytix""]",2,"[""source_native_ecosystem_identity""]",false,[],2026-08-30,"Discovery presence is not operating, traction, outcome, security or JCX-fit evidence."
dsc-f3d0d6bb9967,Fohlio,"[""Fohlio""]",[],[],discovery_only,true,"[""built_environment_ecosystem_discovery_index""]",1,"[""fohlio.com""]","[""https://fohlio.com/""]","[""https://brickmortar.vc/portfolio""]",[],[],[],"[""Brick & Mortar Ventures""]",1,"[""eco-src-d488a97659ed""]",1,"[""Active investment""]",[],[],[],[],[],[],[],[],"[""https://brickmortar.vc/portfolio"",""https://fohlio.com/""]",2,"[""source_native_ecosystem_identity""]",false,[],2026-08-30,"Discovery presence is not operating, traction, outcome, security or JCX-fit evidence."
dsc-035ce8122d47,Foreman,"[""Foreman""]",[],[],discovery_only,true,"[""yc_real_estate_construction_2026-08-30""]",1,[],[],"[""https://ycombinator.com/companies/foreman"",""https://ycombinator.com/companies/industry/real-estate-and-construction""]","[""31243""]","[""W2026""]","[""Active""]",[],0,[],0,[],"[""ConTech / construction operations""]","[""L1 Land/site; L4 Design/BIM; L5 Construction; L12 Data/intelligence""]","[""A""]",[],"[""US""]","[""San Francisco""]","[""2""]","[""Foreman is the all-in-one AI-powered project management platform built for construction contractors and the trade industry. Today, contractors run complex businesses on a patchwork of tools that were never designed for construction — estimates in spreadsheets, plans in email, proposals copy-pasted from old Word docs, photos scattered across phones. Nothing talks to anything else, and the admin work never stops...."",""Keeping contractors on the job site, not behind a desk.""]","[""https://ycombinator.com/companies/foreman"",""https://ycombinator.com/companies/industry/real-estate-and-construction""]",2,"[""source_native_yc_identity""]",false,[],2026-08-30,"Discovery presence is not operating, traction, outcome, security or JCX-fit evidence."
dsc-c3a340295b89,Foresight,"[""Foresight""]",[],[],discovery_only,true,"[""built_environment_ecosystem_discovery_index""]",1,"[""getforesight.com""]","[""https://getforesight.com/""]","[""https://brickmortar.vc/portfolio""]",[],[],[],"[""Brick & Mortar Ventures""]",1,"[""eco-src-d9523fe08cf8""]",1,"[""Active investment""]",[],[],[],[],[],[],[],[],"[""https://brickmortar.vc/portfolio"",""https://getforesight.com/""]",2,"[""source_native_ecosystem_identity""]",false,[],2026-08-30,"Discovery presence is not operating, traction, outcome, security or JCX-fit evidence."
dsc-5902319020fc,Foundation,"[""Foundation""]","[""organization""]","[""org-foundation-ec9624c""]",qualified_core,false,"[""qualified_core"",""yc_real_estate_construction_2026-08-30""]",2,[],[],"[""https://ycombinator.com/companies/foundation-2"",""https://ycombinator.com/companies/industry/real-estate-and-construction""]","[""29112""]","[""S2023""]","[""Active""]",[],0,[],0,[],"[""New-home buyer experience"",""Real-estate software / adjacent""]","[""L12 Data/intelligence"",""L6"",""L7"",""L8""]","[""C""]",[],"[""US"",""United States""]","[""Boulder, CO, USA""]","[""4""]","[""Foundation is the buyer experience platform for homebuilders. By bringing the new home shopping, purchase, and ownership experience online, Foundation helps homebuilders sell more homes, more profitably, to happier customers."",""Shopify for Homebuilders""]","[""https://ycombinator.com/companies/foundation-2"",""https://ycombinator.com/companies/industry/real-estate-and-construction""]",2,"[""exact_normalized_name"",""qualified_core_identity""]",false,[],2026-08-30,Qualified-core identity; individual claims still require editorial review.
dsc-6cc9dc5f43c2,Frasers Property,"[""Frasers Property""]","[""organization""]","[""org-frasers-property-a09bfaa""]",qualified_core,false,"[""qualified_core""]",1,"[""frasersproperty.com""]","[""https://frasersproperty.com/""]",[],[],[],[],[],0,[],0,[],[],"[""L1"",""L10"",""L6"",""L7"",""L8""]","[""B""]",[],"[""Singapore""]",[],[],[],"[""https://frasersproperty.com/""]",1,"[""qualified_core_identity""]",false,[],2026-08-30,Qualified-core identity; individual claims still require editorial review.
dsc-85d251ffbe0e,Freeda,"[""Freeda""]",[],[],discovery_only,true,"[""built_environment_ecosystem_discovery_index""]",1,"[""freedaai.com""]","[""https://freedaai.com/""]","[""https://brickmortar.vc/portfolio"",""https://cemexventures.com/top-50""]",[],[],[],"[""Brick & Mortar Ventures"",""CEMEX Ventures Top 50 ConTech 2026""]",2,"[""eco-src-159d1b6b4468"",""eco-src-2e236745b031""]",2,"[""Active investment"",""Selected for 2026 Top 50""]","[""Enhanced productivity""]",[],[],[],[],[],[],"[""Enhanced productivity""]","[""https://brickmortar.vc/portfolio"",""https://cemexventures.com/top-50"",""https://freedaai.com/""]",3,"[""exact_normalized_name"",""source_native_ecosystem_identity""]",false,[],2026-08-30,"Discovery presence is not operating, traction, outcome, security or JCX-fit evidence."
dsc-af94b0f65d28,Freemodel,"[""Freemodel""]",[],[],discovery_only,true,"[""built_environment_ecosystem_discovery_index""]",1,"[""freemodel.com""]","[""https://freemodel.com/""]","[""https://moderneventures.com/portfolio/freemodel""]",[],[],[],"[""Moderne Ventures / Passport""]",1,"[""eco-src-0fa3a44632d6""]",1,"[""Portfolio/Passport listing displayed""]","[""Passport""]",[],[],[],[],[],[],"[""Managed pre-sale renovations for maximum sale price — Experts offer end-to-end project management of pre-sale renovations tailored to regional trends and preferences — Passport""]","[""https://freemodel.com/"",""https://moderneventures.com/portfolio/freemodel""]",2,"[""source_native_ecosystem_identity""]",false,[],2026-08-30,"Discovery presence is not operating, traction, outcome, security or JCX-fit evidence."
dsc-81c31a18541d,Fresco,"[""Fresco""]","[""organization""]","[""org-fresco-c724191""]",qualified_core,false,"[""qualified_core"",""yc_real_estate_construction_2026-08-30""]",2,[],[],"[""https://ycombinator.com/companies/fresco"",""https://ycombinator.com/companies/industry/real-estate-and-construction""]","[""30089""]","[""F2024""]","[""Active""]",[],0,[],0,[],"[""ConTech / construction operations""]","[""L5 Construction; L12 Data/intelligence""]","[""A"",""C""]",[],"[""US"",""United States""]","[""San Francisco""]","[""2""]","[""AI copilot for construction estimators"",""Fresco is an AI-powered takeoff and estimating for Division 8 construction (doors, frames, and hardware). Estimating Division 8 has always been brutally manual: flipping through hundreds of pages of specs, cross-referencing hardware sets, and building out schedules by hand. A single missed door or misread hardware group can kill a bid's margin. Fresco automates the entire takeoff process with 99% accuracy,...""]","[""https://ycombinator.com/companies/fresco"",""https://ycombinator.com/companies/industry/real-estate-and-construction""]",2,"[""exact_normalized_name"",""qualified_core_identity""]",false,[],2026-08-30,Qualified-core identity; individual claims still require editorial review.
dsc-cdfacc57dedd,Funnel Leasing,"[""Funnel Leasing""]","[""organization""]","[""org-funnel-leasing-6474af3""]",qualified_core,false,"[""built_environment_ecosystem_discovery_index"",""qualified_core""]",2,"[""funnelleasing.com""]","[""https://funnelleasing.com/""]","[""https://ret.vc/portfolio""]",[],[],[],"[""RET Ventures Portfolio""]",1,"[""eco-src-973fb30def7c""]",1,"[""Portfolio company displayed""]","[""multifamily renter-management and leasing CRM""]","[""L6"",""L8""]","[""A""]",[],"[""United States""]",[],[],"[""Funnel Leasing Funnel is the industry-leading AI-powered Renter Management Software (RMS); a complete leasing and communication management tool that takes care of renters from inquiry through renewals from one single, secure CRM platform. Operators can then satisfy increased customer expectations while reducing talent turnover and costs in addition to cross-selling their portfolio properties and driving maximum productivity for leasing teams. Year of investment 2019 Stage at Investment All Early Real Estate Focus All Multifamily View WEbsite""]","[""https://funnelleasing.com/"",""https://funnelleasing.com/about"",""https://ret.vc/portfolio""]",3,"[""exact_normalized_name_with_domain_corroboration"",""qualified_core_identity""]",false,[],2026-08-30,Qualified-core identity; individual claims still require editorial review.
dsc-aca5600744e4,Furnishr,"[""Furnishr""]",[],[],discovery_only,true,"[""built_environment_ecosystem_discovery_index""]",1,"[""furnishr.com""]","[""https://furnishr.com/""]","[""https://metaprop.com/portfolio""]",[],[],[],"[""MetaProp""]",1,"[""eco-src-50dfc59c1a2e""]",1,"[""Active/portfolio""]",[],[],[],[],[],[],[],[],"[""https://furnishr.com/"",""https://metaprop.com/portfolio""]",2,"[""source_native_ecosystem_identity""]",false,[],2026-08-30,"Discovery presence is not operating, traction, outcome, security or JCX-fit evidence."
dsc-1b142935bb78,Fyxt,"[""Fyxt""]",[],[],discovery_only,true,"[""built_environment_ecosystem_discovery_index""]",1,"[""fyxt.com""]","[""https://fyxt.com/""]","[""https://ret.vc/portfolio""]",[],[],[],"[""RET Ventures Portfolio""]",1,"[""eco-src-d69a50071542""]",1,"[""Portfolio company displayed""]",[],[],[],[],[],[],[],"[""Fyxt Fyxt is a cloud-based mobile first operations platform that streamlines the management of NNN and other commercial real estate properties. The company provides property owners, asset managers, property management teams, tenants, and service providers with a powerful tool to work collaboratively on maintenance and property operations, increasing owners’ transparency into their portfolio and simplifying the process for tenants. Year of investment 2022 Stage at Investment All Seed Real Estate Focus All Commercial Mixed Use View WEbsite""]","[""https://fyxt.com/"",""https://ret.vc/portfolio""]",2,"[""source_native_ecosystem_identity""]",false,[],2026-08-30,"Discovery presence is not operating, traction, outcome, security or JCX-fit evidence."
dsc-2fb29e210a0a,GA-Technologies-RENOSY,"[""GA-Technologies-RENOSY""]","[""organization""]","[""org-ga-technologies-renosy-af2b82d""]",qualified_core,false,"[""qualified_core""]",1,"[""ga-tech.co.jp""]","[""https://ga-tech.co.jp/en""]",[],[],[],[],[],0,[],0,[],"[""integrated-real-estate-tech""]","[""L3""]","[""A""]",[],"[""Japan""]",[],[],[],"[""https://edinetdb.jp/company/E34177/text?fy=2024"",""https://ga-tech.co.jp/en"",""https://ga-tech.co.jp/en/company/history""]",3,"[""qualified_core_identity""]",false,[],2026-08-30,Qualified-core identity; individual claims still require editorial review.
dsc-1de97669ad59,Gearflow,"[""Gearflow""]",[],[],discovery_only,true,"[""built_environment_ecosystem_discovery_index""]",1,"[""gearflow.com""]","[""https://gearflow.com/""]","[""https://brickmortar.vc/portfolio""]",[],[],[],"[""Brick & Mortar Ventures""]",1,"[""eco-src-57153cb125ed""]",1,"[""Active investment""]",[],[],[],[],[],[],[],[],"[""https://brickmortar.vc/portfolio"",""https://gearflow.com/""]",2,"[""source_native_ecosystem_identity""]",false,[],2026-08-30,"Discovery presence is not operating, traction, outcome, security or JCX-fit evidence."
dsc-f8fff3b9f1b3,GENIA,"[""GENIA""]",[],[],discovery_only,true,"[""built_environment_ecosystem_discovery_index""]",1,"[""genia.design""]","[""https://genia.design/""]","[""https://pilabs.vc/portfolio""]",[],[],[],"[""Pi Labs""]",1,"[""eco-src-59ba245d23bd""]",1,"[""Active/portfolio""]",[],[],[],[],[],[],[],"[""REVOLUTIONISING CONSTRUCTION WITH GENERATIVE DESIGN Est. 2022. United Kingdom. <br> Founded by Zhihao Zhao and Robin Li. <br> Last Funding Round: Pre-Seed""]","[""https://genia.design/"",""https://pilabs.vc/portfolio""]",2,"[""source_native_ecosystem_identity""]",false,[],2026-08-30,"Discovery presence is not operating, traction, outcome, security or JCX-fit evidence."
dsc-d001ab6a4913,Gentian,"[""Gentian""]",[],[],discovery_only,true,"[""built_environment_ecosystem_discovery_index""]",1,[],[],"[""https://cemexventures.com/top-50""]",[],[],[],"[""CEMEX Ventures Top 50 ConTech 2026""]",1,"[""eco-src-0132e93c0dc6""]",1,"[""Selected for 2026 Top 50""]","[""Green construction""]",[],[],[],[],[],[],"[""Green construction""]","[""https://cemexventures.com/top-50""]",1,"[""source_native_ecosystem_identity""]",false,[],2026-08-30,"Discovery presence is not operating, traction, outcome, security or JCX-fit evidence."
dsc-ba9b1119fe3b,Geolava,"[""Geolava""]",[],[],discovery_only,true,"[""built_environment_ecosystem_discovery_index""]",1,"[""geolava.com""]","[""https://geolava.com/""]","[""https://moderneventures.com/portfolio/geolava""]",[],[],[],"[""Moderne Ventures / Passport""]",1,"[""eco-src-74bb450aeb3d""]",1,"[""Portfolio/Passport listing displayed""]","[""Passport""]",[],[],[],[],[],[],"[""Predictive Value with Spatial AI — Models the evolving physical world, continuously translating spatial features into competitive advantage — Passport""]","[""https://geolava.com/"",""https://moderneventures.com/portfolio/geolava""]",2,"[""source_native_ecosystem_identity""]",false,[],2026-08-30,"Discovery presence is not operating, traction, outcome, security or JCX-fit evidence."
dsc-e7784324a76f,GetCovered,"[""GetCovered""]",[],[],discovery_only,true,"[""built_environment_ecosystem_discovery_index""]",1,"[""getcovered.io""]","[""https://getcovered.io/""]","[""https://ret.vc/portfolio""]",[],[],[],"[""RET Ventures Portfolio""]",1,"[""eco-src-5e42d22c7ec1""]",1,"[""Portfolio company displayed""]",[],[],[],[],[],[],[],"[""GetCovered Get Covered is re-inventing the way renter's insurance is purchased and tracked. Get Covered offers Renters Insurance, Master Policy, and a suite of other renter-facing products with white-labeled software that features compliance tracking, guaranteeing portfolios 100% compliance while creating operational efficiency for both centralized and onsite professionals. Year of investment 2021 Stage at Investment All Seed Real Estate Focus All Multifamily Single-Family View WEbsite""]","[""https://getcovered.io/"",""https://ret.vc/portfolio""]",2,"[""source_native_ecosystem_identity""]",false,[],2026-08-30,"Discovery presence is not operating, traction, outcome, security or JCX-fit evidence."
dsc-ee421e2d6caf,Geteeva,"[""Geteeva""]",[],[],discovery_only,true,"[""built_environment_ecosystem_discovery_index""]",1,"[""geteeva.com""]","[""https://geteeva.com/""]","[""https://metaprop.com/portfolio""]",[],[],[],"[""MetaProp""]",1,"[""eco-src-13226ac78700""]",1,"[""Active/portfolio""]",[],[],[],[],[],[],[],[],"[""https://geteeva.com/"",""https://metaprop.com/portfolio""]",2,"[""source_native_ecosystem_identity""]",false,[],2026-08-30,"Discovery presence is not operating, traction, outcome, security or JCX-fit evidence."
dsc-db149dd814ec,Getmobil,"[""Getmobil""]",[],[],discovery_only,true,"[""built_environment_ecosystem_discovery_index""]",1,[],[],"[""https://2150.vc/investments/getmobil""]",[],[],[],"[""2150""]",1,"[""eco-src-1ae829bd27fd""]",1,"[""Investment displayed; current status not inferred""]",[],[],[],"[""Turkey""]",[],[],[],"[""Getmobil Getmobil cuts e-waste by bringing circularity to consumer electronics in Turkey, connecting consumers, merchants, and trade-in partners for refurbished devices.""]","[""https://2150.vc/investments/getmobil""]",1,"[""source_native_ecosystem_identity""]",false,[],2026-08-30,"Discovery presence is not operating, traction, outcome, security or JCX-fit evidence."
dsc-6d9e493b7da0,Gettongo,"[""Gettongo""]",[],[],discovery_only,true,"[""built_environment_ecosystem_discovery_index""]",1,"[""gettongo.com""]","[""https://gettongo.com/""]","[""https://metaprop.com/portfolio""]",[],[],[],"[""MetaProp""]",1,"[""eco-src-39d3121b4da1""]",1,"[""Active/portfolio""]",[],[],[],[],[],[],[],[],"[""https://gettongo.com/"",""https://metaprop.com/portfolio""]",2,"[""source_native_ecosystem_identity""]",false,[],2026-08-30,"Discovery presence is not operating, traction, outcome, security or JCX-fit evidence."
dsc-cd090150a0be,Getuniti,"[""Getuniti""]",[],[],discovery_only,true,"[""built_environment_ecosystem_discovery_index""]",1,"[""getuniti.com""]","[""https://getuniti.com/""]","[""https://metaprop.com/portfolio""]",[],[],[],"[""MetaProp""]",1,"[""eco-src-de9ce080b636""]",1,"[""Active/portfolio""]",[],[],[],[],[],[],[],[],"[""https://getuniti.com/"",""https://metaprop.com/portfolio""]",2,"[""source_native_ecosystem_identity""]",false,[],2026-08-30,"Discovery presence is not operating, traction, outcome, security or JCX-fit evidence."
dsc-d80edc8b4c9e,GIC,"[""GIC""]","[""organization""]","[""org-gic-09508e5""]",qualified_core,false,"[""qualified_core""]",1,"[""gic.com.sg""]","[""https://gic.com.sg/""]",[],[],[],[],[],0,[],0,[],[],"[""L10"",""L3""]","[""B""]",[],"[""Singapore""]",[],[],[],"[""https://gic.com.sg/""]",1,"[""qualified_core_identity""]",false,[],2026-08-30,Qualified-core identity; individual claims still require editorial review.
dsc-461839fa9e31,Gigaton,"[""Gigaton""]","[""organization""]","[""org-gigaton-140a05c""]",qualified_core,false,"[""built_environment_ecosystem_discovery_index"",""qualified_core""]",2,"[""gigaton.co""]","[""https://gigaton.co/""]","[""https://2150.vc/investments/gigaton""]",[],[],[],"[""2150""]",1,"[""eco-src-2fd6c299b881""]",1,"[""Investment displayed; current status not inferred""]","[""AI control and decarbonization of cement plants""]","[""L10"",""L5""]","[""A""]","[""United Kingdom""]","[""United Kingdom""]",[],[],"[""Gigaton Gigaton uses AI to autonomously control and decarbonize energy-intensive plants, starting with cement, replacing legacy systems to cut emissions and costs.""]","[""https://2150.vc/investments/gigaton"",""https://gigaton.co/"",""https://gigaton.co/product""]",3,"[""exact_normalized_name"",""qualified_core_identity""]",false,[],2026-08-30,Qualified-core identity; individual claims still require editorial review.
dsc-a1d5b6410fd0,GiGstreem,"[""GiGstreem""]",[],[],discovery_only,true,"[""built_environment_ecosystem_discovery_index""]",1,"[""gigstreem.com""]","[""https://gigstreem.com/""]","[""https://ret.vc/portfolio""]",[],[],[],"[""RET Ventures Portfolio""]",1,"[""eco-src-f0033da3aa96""]",1,"[""Portfolio company displayed""]",[],[],[],[],[],[],[],"[""GiGstreem Your network. Our responsibility. Internet shouldn’t be a compromise. Gigstreem delivers fast, dependable Managed WiFi built for multifamily property owners and residents. Together, we’re shaping the future of connected living. Year of investment 2019 Stage at Investment All Early Real Estate Focus All Multifamily Commercial Retail Other View WEbsite""]","[""https://gigstreem.com/"",""https://ret.vc/portfolio""]",2,"[""source_native_ecosystem_identity""]",false,[],2026-08-30,"Discovery presence is not operating, traction, outcome, security or JCX-fit evidence."
dsc-c0b9d9b2a2f3,Globechain,"[""Globechain""]",[],[],discovery_only,true,"[""built_environment_ecosystem_discovery_index""]",1,[],[],"[""https://tarongagroup.com/wp-content/uploads/2025/07/RealTechX-Asset-Impact-Booklet-2025-1.pdf""]",[],[],[],"[""Taronga RealTechX / Asset Impact""]",1,"[""eco-src-6b1560b7d972""]",1,"[""Alumni/support history displayed""]",[],[],[],[],[],[],[],[],"[""https://tarongagroup.com/wp-content/uploads/2025/07/RealTechX-Asset-Impact-Booklet-2025-1.pdf""]",1,"[""source_native_ecosystem_identity""]",false,[],2026-08-30,"Discovery presence is not operating, traction, outcome, security or JCX-fit evidence."
dsc-fc35842eba3a,Godrej Properties,"[""Godrej Properties""]","[""organization""]","[""org-godrej-properties-b4130e4""]",qualified_core,false,"[""qualified_core""]",1,"[""godrejproperties.com""]","[""https://godrejproperties.com/""]",[],[],[],[],[],0,[],0,[],[],"[""L10"",""L4"",""L6"",""L7"",""L8""]","[""A""]",[],"[""India""]",[],[],[],"[""https://godrejindustries.com/public/uploads/subsidiaries_accounts/gpl-integrated-report-2024-25-jWKrCcH3RaISAacZufU.pdf"",""https://godrejproperties.com/"",""https://godrejproperties.com/investors/investor-information""]",3,"[""qualified_core_identity""]",false,[],2026-08-30,Qualified-core identity; individual claims still require editorial review.
dsc-66c96f227db7,GoHaus,"[""GoHaus""]",[],[],discovery_only,true,"[""built_environment_ecosystem_discovery_index""]",1,"[""gohaus.ai""]","[""https://gohaus.ai/en""]","[""https://nar-reach.com/latam""]",[],[],[],"[""NAR REACH Latin America""]",1,"[""eco-src-8e0759351460""]",1,"[""2026 cohort (or current page cohort)""]",[],[],[],"[""Latin America""]",[],[],[],"[""AI-powered home design and renovation, seamlessly integrated with e-commerce for a personalized experience.""]","[""https://gohaus.ai/en"",""https://nar-reach.com/latam""]",2,"[""source_native_ecosystem_identity""]",false,[],2026-08-30,"Discovery presence is not operating, traction, outcome, security or JCX-fit evidence."
dsc-17392bb8a25a,GoJom,"[""GoJom""]","[""organization""]","[""org-gojom-1727459""]",qualified_core,false,"[""qualified_core"",""yc_real_estate_construction_2026-08-30""]",2,[],[],"[""https://ycombinator.com/companies/gojom"",""https://ycombinator.com/companies/industry/real-estate-and-construction""]","[""25976""]","[""W2022""]","[""Active""]",[],0,[],0,[],"[""Real-estate software / adjacent"",""one-stop real-estate marketplace and transaction services""]","[""L3"",""L6"",""L7"",""L7 Occupancy/tenant""]","[""B"",""D""]",[],"[""PE"",""Peru""]","[""Lima, Peru""]","[""140""]","[""GoJom is a One Stop Shop for Real Estate Solutions. It’s technology creates a faster and easier way to buy, sell and rent properties in LaTam."",""One-stop-shop for Real Estate Solutions.""]","[""https://ycombinator.com/companies/gojom"",""https://ycombinator.com/companies/industry/real-estate-and-construction""]",2,"[""exact_normalized_name"",""qualified_core_identity""]",false,[],2026-08-30,Qualified-core identity; individual claims still require editorial review.
dsc-596129b2be3b,Goldbridge,"[""Goldbridge""]","[""organization""]","[""org-goldbridge-afb37b0""]",qualified_core,false,"[""qualified_core"",""yc_real_estate_construction_2026-08-30""]",2,[],[],"[""https://ycombinator.com/companies/goldbridge"",""https://ycombinator.com/companies/industry/real-estate-and-construction""]","[""29161""]","[""F2025""]","[""Active""]",[],0,[],0,[],"[""Owner banking AI"",""Property operations / housing""]","[""L3"",""L3 Capital/finance; L7 Occupancy/tenant; L8 FM/maintenance; L9 Portfolio/asset; L12 Data/intelligence"",""L8""]","[""A"",""B""]",[],"[""United States""]",[],"[""3""]","[""Goldbridge is building the financial operating system for the largest asset class in the world – real estate. More than $1T in rent flows through landlord bank accounts annually, with roughly a quarter locked in idle reserves and security deposits – and billions more leaking from unnecessary property expenses. And with $2.5T in real estate loans about to mature in 2027/28, property owners are desperate to boost..."",""Ramp for Real Estate""]","[""https://ycombinator.com/companies/goldbridge"",""https://ycombinator.com/companies/industry/real-estate-and-construction""]",2,"[""exact_normalized_name"",""qualified_core_identity""]",false,[],2026-08-30,Qualified-core identity; individual claims still require editorial review.
dsc-ec81a2788341,Goodman,"[""Goodman""]","[""organization""]","[""org-goodman-56241ae""]",qualified_core,false,"[""qualified_core""]",1,"[""goodman.com""]","[""https://goodman.com/""]",[],[],[],[],[],0,[],0,[],[],"[""L1"",""L10"",""L8""]","[""B""]",[],"[""Australia""]",[],[],[],"[""https://goodman.com/""]",1,"[""qualified_core_identity""]",false,[],2026-08-30,Qualified-core identity; individual claims still require editorial review.
dsc-405d771d6e55,Gotrestle,"[""Gotrestle""]",[],[],discovery_only,true,"[""built_environment_ecosystem_discovery_index""]",1,"[""gotrestle.com""]","[""https://gotrestle.com/""]","[""https://metaprop.com/portfolio""]",[],[],[],"[""MetaProp""]",1,"[""eco-src-401a61bcd7fd""]",1,"[""Active/portfolio""]",[],[],[],[],[],[],[],[],"[""https://gotrestle.com/"",""https://metaprop.com/portfolio""]",2,"[""source_native_ecosystem_identity""]",false,[],2026-08-30,"Discovery presence is not operating, traction, outcome, security or JCX-fit evidence."
dsc-b29dfd7bd813,Gravis Robotics,"[""Gravis Robotics""]","[""organization""]","[""org-gravis-robotics-e4d6d83""]",qualified_core,false,"[""qualified_core""]",1,"[""gravisrobotics.com""]","[""https://gravisrobotics.com/""]",[],[],[],[],[],0,[],0,[],"[""robotic retrofit for earthmoving equipment""]","[""L10"",""L5""]","[""A""]",[],"[""Switzerland""]",[],[],[],"[""https://cemexventures.com/top-50-2025"",""https://gravisrobotics.com/"",""https://zacuaventures.com/portfolio""]",3,"[""qualified_core_identity""]",false,[],2026-08-30,Qualified-core identity; individual claims still require editorial review.
dsc-50d4b80bd699,Green Canopy NODE,"[""Green Canopy NODE""]",[],[],discovery_only,true,"[""yc_real_estate_construction_2026-08-30""]",1,[],[],"[""https://ycombinator.com/companies/green-canopy-node"",""https://ycombinator.com/companies/industry/real-estate-and-construction""]","[""12641""]","[""S2019""]","[""Active""]",[],0,[],0,[],"[""ConTech / construction operations""]","[""L5 Construction; L7 Occupancy/tenant; L10 ESG/climate; L12 Data/intelligence""]","[""A""]",[],"[""US""]","[""Seattle""]","[""31""]","[""Construction costs are climbing out of control, there is a declining construction workforce that gets smaller with every recession. Meanwhile, we’ve got a housing crisis in our major cities. Green Canopy NODE is the combination of NODE - construction technology start up that develops a house assembly kits that we manufacture in our factory in Seattle, and then ship flat-pack - like Ikea, and Green Canopy a..."",""Green Canopy NODE builds sustainable homes fast.""]","[""https://ycombinator.com/companies/green-canopy-node"",""https://ycombinator.com/companies/industry/real-estate-and-construction""]",2,"[""source_native_yc_identity""]",false,[],2026-08-30,"Discovery presence is not operating, traction, outcome, security or JCX-fit evidence."
dsc-42569dfaca3b,Greystar,"[""Greystar""]","[""organization""]","[""org-greystar-19b2aa9""]",qualified_core,false,"[""qualified_core""]",1,"[""greystar.com""]","[""https://greystar.com/""]",[],[],[],[],[],0,[],0,[],[],"[""L3"",""L6"",""L7"",""L8""]","[""B""]",[],"[""United States""]",[],[],[],"[""https://greystar.com/""]",1,"[""qualified_core_identity""]",false,[],2026-08-30,Qualified-core identity; individual claims still require editorial review.
dsc-4020833592ae,Groundfloor,"[""Groundfloor""]",[],[],discovery_only,true,"[""built_environment_ecosystem_discovery_index""]",1,[],[],"[""https://tarongagroup.com/wp-content/uploads/2025/07/RealTechX-Asset-Impact-Booklet-2025-1.pdf""]",[],[],[],"[""Taronga RealTechX / Asset Impact""]",1,"[""eco-src-2f7c431ef054""]",1,"[""Alumni/support history displayed""]",[],[],[],[],[],[],[],[],"[""https://tarongagroup.com/wp-content/uploads/2025/07/RealTechX-Asset-Impact-Booklet-2025-1.pdf""]",1,"[""source_native_ecosystem_identity""]",false,[],2026-08-30,"Discovery presence is not operating, traction, outcome, security or JCX-fit evidence."
dsc-26b7d0de6b1c,Growthpoint Properties,"[""Growthpoint Properties""]","[""organization""]","[""org-growthpoint-properties-2bd3863""]",qualified_core,false,"[""qualified_core""]",1,"[""growthpoint.co.za""]","[""https://growthpoint.co.za/""]",[],[],[],[],[],0,[],0,[],"[""African diversified REIT and asset manager""]","[""L1"",""L10"",""L6"",""L7"",""L8""]","[""B""]",[],"[""South Africa""]",[],[],[],"[""https://growthpoint.co.za/"",""https://growthpoint.co.za/pressoffice/growth-trajectory"",""https://growthpoint.co.za/wp-content/uploads/2025/10/2025-Environmental-Social-and-Governance-Report.pdf"",""https://sharedata.co.za/v2/Scripts/Glossies.aspx?c=GRT""]",4,"[""qualified_core_identity""]",false,[],2026-08-30,Qualified-core identity; individual claims still require editorial review.
dsc-7d1eca366ba2,Guesty,"[""Guesty""]",[],[],discovery_only,true,"[""yc_real_estate_construction_2026-08-30""]",1,[],[],"[""https://ycombinator.com/companies/guesty"",""https://ycombinator.com/companies/industry/real-estate-and-construction""]","[""626""]","[""W2014""]","[""Active""]",[],0,[],0,[],"[""Property operations / housing""]","[""L3 Capital/finance; L6 Marketing/sales; L7 Occupancy/tenant; L8 FM/maintenance; L12 Data/intelligence""]","[""A""]",[],"[""US""]","[""New York City""]","[""700""]","[""Guesty’s property management software provides property managers and management companies with an end-to-end solution to simplify the complex operational needs of short term rentals. With Guesty, users can manage listings from multiple online travel agencies including Airbnb, Booking.com, Agoda and TripAdvisor, and utilize the company’s guest-centric tools including: Unified Inbox, Automation Tools, 24/7 Guest..."",""The management platform for the short term rental industry.""]","[""https://ycombinator.com/companies/guesty"",""https://ycombinator.com/companies/industry/real-estate-and-construction""]",2,"[""source_native_yc_identity""]",false,[],2026-08-30,"Discovery presence is not operating, traction, outcome, security or JCX-fit evidence."
dsc-8b56f962fdfb,H2corporation,"[""H2corporation""]",[],[],discovery_only,true,"[""built_environment_ecosystem_discovery_index""]",1,"[""h2corporation.co.jp""]","[""https://h2corporation.co.jp/""]","[""https://metaprop.com/portfolio""]",[],[],[],"[""MetaProp""]",1,"[""eco-src-49a7172bea6e""]",1,"[""Active/portfolio""]",[],[],[],[],[],[],[],[],"[""https://h2corporation.co.jp/"",""https://metaprop.com/portfolio""]",2,"[""source_native_ecosystem_identity""]",false,[],2026-08-30,"Discovery presence is not operating, traction, outcome, security or JCX-fit evidence."
dsc-660f9152b32f,Habi,"[""Habi""]","[""organization""]","[""org-habi-716bf6f""]",qualified_core,false,"[""qualified_core""]",1,"[""habi.co""]","[""https://habi.co/inicio""]",[],[],[],[],[],0,[],0,[],"[""instant home-buying and data-enabled resale platform""]","[""L3"",""L6"",""L9""]","[""A""]",[],"[""Colombia""]",[],[],[],"[""https://centro-ayuda.habi.co/hc/es-419/articles/20481671498011--Qu%C3%A9-es-Habi"",""https://habi.co/inicio""]",2,"[""qualified_core_identity""]",false,[],2026-08-30,Qualified-core identity; individual claims still require editorial review.
dsc-a8d278a89ea2,handdii,"[""handdii""]",[],[],discovery_only,true,"[""built_environment_ecosystem_discovery_index""]",1,"[""handdii.com""]","[""https://handdii.com/""]","[""https://brickmortar.vc/portfolio""]",[],[],[],"[""Brick & Mortar Ventures""]",1,"[""eco-src-730e5fda6cc3""]",1,"[""Active investment""]",[],[],[],[],[],[],[],[],"[""https://brickmortar.vc/portfolio"",""https://handdii.com/""]",2,"[""source_native_ecosystem_identity""]",false,[],2026-08-30,"Discovery presence is not operating, traction, outcome, security or JCX-fit evidence."
dsc-d1506d5d9671,Handle,"[""Handle""]",[],[],discovery_only,true,"[""yc_real_estate_construction_2026-08-30""]",1,[],[],"[""https://ycombinator.com/companies/handle"",""https://ycombinator.com/companies/industry/real-estate-and-construction""]","[""12043""]","[""W2019""]","[""Active""]",[],0,[],0,[],"[""ConTech / construction operations""]","[""L3 Capital/finance; L5 Construction; L12 Data/intelligence""]","[""A""]",[],"[""US""]","[""San Francisco""]","[""55""]","[""Handle builds software that helps simplify construction financial management by automating manual and repetitive tasks throughout the life cycle of construction payments."",""Simplifying Payments and Compliance for Construction Suppliers""]","[""https://ycombinator.com/companies/handle"",""https://ycombinator.com/companies/industry/real-estate-and-construction""]",2,"[""source_native_yc_identity""]",false,[],2026-08-30,"Discovery presence is not operating, traction, outcome, security or JCX-fit evidence."
dsc-7357664b0bde,Handoff,"[""Handoff""]",[],[],discovery_only,true,"[""built_environment_ecosystem_discovery_index"",""yc_real_estate_construction_2026-08-30""]",2,"[""handoff.ai""]","[""https://handoff.ai/""]","[""https://metaprop.com/portfolio"",""https://ycombinator.com/companies/handoff"",""https://ycombinator.com/companies/industry/real-estate-and-construction""]","[""13121""]","[""W2020""]","[""Active""]","[""MetaProp""]",1,"[""eco-src-677def0fd0d0""]",1,"[""Active/portfolio""]","[""ConTech / construction operations""]","[""L5 Construction; L12 Data/intelligence""]","[""A""]",[],"[""US""]","[""Austin, TX, USA""]","[""20""]","[""AI estimator & agent for remodelers."",""Handoff creates instant construction estimates and automates business operations for contractors with AI. Using generative AI technology and access to localized construction costs, Handoff provides remodelers with a fast, accurate, and intuitive way to create construction cost estimates in minutes.""]","[""https://handoff.ai/"",""https://metaprop.com/portfolio"",""https://ycombinator.com/companies/handoff"",""https://ycombinator.com/companies/industry/real-estate-and-construction""]",4,"[""exact_normalized_name"",""source_native_yc_identity""]",false,[],2026-08-30,"Discovery presence is not operating, traction, outcome, security or JCX-fit evidence."
dsc-8953a331a6a5,Haven,"[""Haven""]","[""organization""]","[""org-haven-property-operations-42e9d8a""]",qualified_core,false,"[""qualified_core""]",1,[],[],"[""https://ycombinator.com/companies/haven-2""]",[],[],[],[],0,[],0,[],"[""AI property management""]","[""L8""]","[""B""]",[],"[""United States""]",[],[],[],"[""https://ycombinator.com/companies/haven-2""]",1,"[""qualified_core_identity""]",false,[],2026-08-30,Qualified-core identity; individual claims still require editorial review.
dsc-1a3c8b8b3b9f,Havenly,"[""Havenly""]",[],[],discovery_only,true,"[""built_environment_ecosystem_discovery_index""]",1,"[""havenly.com""]","[""https://havenly.com/""]","[""https://moderneventures.com/portfolio/havenly""]",[],[],[],"[""Moderne Ventures / Passport""]",1,"[""eco-src-04d5da2c2f32""]",1,"[""Portfolio/Passport listing displayed""]","[""Passport""]",[],[],[],[],[],[],"[""Stunning interior design made affordable and accessible — Digital platform combines professional designers, data science, visualization tools and 600+ vendors — Passport""]","[""https://havenly.com/"",""https://moderneventures.com/portfolio/havenly""]",2,"[""source_native_ecosystem_identity""]",false,[],2026-08-30,"Discovery presence is not operating, traction, outcome, security or JCX-fit evidence."
dsc-4ef4061741e0,Healthy Homes Checklist,"[""Healthy Homes Checklist""]",[],[],discovery_only,true,"[""built_environment_ecosystem_discovery_index""]",1,"[""healthyhomeschecklist.co.uk""]","[""https://healthyhomeschecklist.co.uk/""]","[""https://nar-reach.com/uk""]",[],[],[],"[""NAR REACH UK""]",1,"[""eco-src-49135b076325""]",1,"[""2026 cohort (or current page cohort)""]",[],[],[],"[""United Kingdom""]",[],[],[],"[""Helping developers design, deliver and demonstrate healthier homes by making health in housing as clear and measurable as energy, through an independent disclosure tool.""]","[""https://healthyhomeschecklist.co.uk/"",""https://nar-reach.com/uk""]",2,"[""source_native_ecosystem_identity""]",false,[],2026-08-30,"Discovery presence is not operating, traction, outcome, security or JCX-fit evidence."
dsc-f7b6d6c1cb5d,HELIX,"[""HELIX""]",[],[],discovery_only,true,"[""built_environment_ecosystem_discovery_index""]",1,[],[],"[""https://brickmortar.vc/portfolio""]",[],[],[],"[""Brick & Mortar Ventures""]",1,"[""eco-src-58ba1ecffaab""]",1,"[""Exit""]",[],[],[],[],[],[],[],[],"[""https://brickmortar.vc/portfolio""]",1,"[""source_native_ecosystem_identity""]",false,[],2026-08-30,"Discovery presence is not operating, traction, outcome, security or JCX-fit evidence."
dsc-bb0a39b14e06,Hello Tech,"[""Hello Tech""]",[],[],discovery_only,true,"[""built_environment_ecosystem_discovery_index""]",1,"[""hellotech.com""]","[""https://hellotech.com/""]","[""https://moderneventures.com/portfolio/hello-tech""]",[],[],[],"[""Moderne Ventures / Passport""]",1,"[""eco-src-4e76d93dbd05""]",1,"[""Exited (displayed)""]","[""Passport""]",[],[],[],[],[],[],"[""On-demand IT — Fast, reliable & 100% guaranteed expert technology support and services — Passport""]","[""https://hellotech.com/"",""https://moderneventures.com/portfolio/hello-tech""]",2,"[""source_native_ecosystem_identity""]",false,[],2026-08-30,"Discovery presence is not operating, traction, outcome, security or JCX-fit evidence."
dsc-949da0a041e0,Helloalfred,"[""Helloalfred""]",[],[],discovery_only,true,"[""built_environment_ecosystem_discovery_index""]",1,"[""helloalfred.com""]","[""https://helloalfred.com/""]","[""https://metaprop.com/portfolio""]",[],[],[],"[""MetaProp""]",1,"[""eco-src-d1e0ae417ac0""]",1,"[""Exited/marked exited""]",[],[],[],[],[],[],[],[],"[""https://helloalfred.com/"",""https://metaprop.com/portfolio""]",2,"[""source_native_ecosystem_identity""]",true,"[""Domain helloalfred.com is also used by ecosystem candidate 'Alfred'; identities were deliberately kept separate."",""Domain helloalfred.com is also used by ecosystem candidate 'HOM'; identities were deliberately kept separate.""]",2026-08-30,"Discovery presence is not operating, traction, outcome, security or JCX-fit evidence."
dsc-6686866a4a6e,HelloDivorce,"[""HelloDivorce""]",[],[],discovery_only,true,"[""built_environment_ecosystem_discovery_index""]",1,"[""hellodivorce.com""]","[""https://hellodivorce.com/""]","[""https://moderneventures.com/portfolio/hellodivorce""]",[],[],[],"[""Moderne Ventures / Passport""]",1,"[""eco-src-d8cb2d1af06d""]",1,"[""Portfolio/Passport listing displayed""]","[""Passport""]",[],[],[],[],[],[],"[""Divorce made easier — Advanced technology meets expert support to deliver step-by-step legal, financial and practical guidance for equitable outcomes — Passport""]","[""https://hellodivorce.com/"",""https://moderneventures.com/portfolio/hellodivorce""]",2,"[""source_native_ecosystem_identity""]",false,[],2026-08-30,"Discovery presence is not operating, traction, outcome, security or JCX-fit evidence."
dsc-9b7d870f5ff1,HelloPackage,"[""HelloPackage""]",[],[],discovery_only,true,"[""built_environment_ecosystem_discovery_index""]",1,"[""hellopackage.com""]","[""https://hellopackage.com/""]","[""https://nar-reach.com/us-commercial""]",[],[],[],"[""NAR REACH US Commercial""]",1,"[""eco-src-a5fc6d2238e8""]",1,"[""2026 cohort (or current page cohort)""]",[],[],[],"[""United States""]",[],[],[],"[""AI-powered package management system for multifamily and student-housing communities —computer vision, driver coordination, and hands-on service—so leasing teams stay focused on leasing, not packages.""]","[""https://hellopackage.com/"",""https://nar-reach.com/us-commercial""]",2,"[""source_native_ecosystem_identity""]",false,[],2026-08-30,"Discovery presence is not operating, traction, outcome, security or JCX-fit evidence."
dsc-706930176786,Helonic,"[""Helonic""]",[],[],discovery_only,true,"[""yc_real_estate_construction_2026-08-30""]",1,[],[],"[""https://ycombinator.com/companies/helonic"",""https://ycombinator.com/companies/industry/real-estate-and-construction""]","[""30911""]","[""F2025""]","[""Active""]",[],0,[],0,[],"[""ConTech / construction operations""]","[""L4 Design/BIM; L5 Construction; L12 Data/intelligence""]","[""A""]",[],"[""US""]","[""San Francisco""]","[""2""]","[""Automatic Construction Drawing Clash Detection"",""We help construction teams eliminate rework, delays, and drawing confusion before construction starts. We analyze PDF plans, detect clashes and inconsistencies across disciplines, and create draft RFIs so teams can resolve issues early. This saves construction companies hundreds of hours and millions of dollars. What we do: - Automatically detect clashes, missing information, and drawing mismatches - Align...""]","[""https://ycombinator.com/companies/helonic"",""https://ycombinator.com/companies/industry/real-estate-and-construction""]",2,"[""source_native_yc_identity""]",false,[],2026-08-30,"Discovery presence is not operating, traction, outcome, security or JCX-fit evidence."
dsc-a5bb512610c7,Henry,"[""Henry""]","[""organization""]","[""org-henry-3eca10f""]",qualified_core,false,"[""qualified_core"",""yc_real_estate_construction_2026-08-30""]",2,[],[],"[""https://ycombinator.com/companies/henry-2"",""https://ycombinator.com/companies/industry/real-estate-and-construction""]","[""29954""]","[""S2024""]","[""Active""]",[],0,[],0,[],"[""CRE broker AI"",""Real-estate finance / insurtech""]","[""L12"",""L6"",""L6 Marketing/sales; L9 Portfolio/asset; L12 Data/intelligence""]","[""A"",""B""]",[],"[""US"",""United States""]","[""New York City""]","[""20""]","[""Automating Deal Decks for Commercial Real Estate Brokers"",""Henry is an AI copilot for commercial real estate (CRE) brokers that seamlessly integrates a brokerage’s internal data set with external sources to generate custom presentations and financial modeling for deals. Our mission is to help CRE brokers close more deals faster, earning more while doing less repetitive work. We’re initially focusing on enabling brokers to generate deal decks in seconds—a task that...""]","[""https://ycombinator.com/companies/henry-2"",""https://ycombinator.com/companies/industry/real-estate-and-construction""]",2,"[""exact_normalized_name"",""qualified_core_identity""]",false,[],2026-08-30,Qualified-core identity; individual claims still require editorial review.
dsc-1f626afb49aa,Hent,"[""Hent""]",[],[],discovery_only,true,"[""yc_real_estate_construction_2026-08-30""]",1,[],[],"[""https://ycombinator.com/companies/hent"",""https://ycombinator.com/companies/industry/real-estate-and-construction""]","[""13484""]","[""W2020""]","[""Acquired""]",[],0,[],0,[],"[""Real-estate software / adjacent""]","[""L6 Marketing/sales""]","[""D""]",[],"[""BR""]","[""Recife - Paratibe, Recife - State of Pernambuco, Brazil""]","[""22""]","[""Hent is helping land lot developers to better manage their sales receivables and streamline their processes by securing access to capital and connecting all the stakeholders involved."",""Hent is helping land lot developers to better manage their sales…""]","[""https://ycombinator.com/companies/hent"",""https://ycombinator.com/companies/industry/real-estate-and-construction""]",2,"[""source_native_yc_identity""]",false,[],2026-08-30,"Discovery presence is not operating, traction, outcome, security or JCX-fit evidence."
dsc-7ff6b70f17a3,Hexagon,"[""Hexagon""]","[""organization""]","[""org-hexagon-11725d3""]",qualified_core,false,"[""qualified_core""]",1,"[""hexagon.com""]","[""https://hexagon.com/company/divisions/geosystems""]",[],[],[],[],[],0,[],0,[],"[""reality capture geospatial cadastral and construction QA""]","[""L1"",""L4"",""L5"",""L9""]","[""A""]",[],"[""Sweden""]",[],[],[],"[""https://hexagon.com/company/divisions/geosystems"",""https://hexagon.com/solutions/digital-realities""]",2,"[""qualified_core_identity""]",false,[],2026-08-30,Qualified-core identity; individual claims still require editorial review.
dsc-1837918bad54,Higharc,"[""Higharc""]",[],[],discovery_only,true,"[""built_environment_ecosystem_discovery_index""]",1,"[""higharc.com""]","[""https://higharc.com/""]","[""https://fifthwall.com/portfolio?2bddaefa_page=2"",""https://metaprop.com/portfolio""]",[],[],[],"[""Fifth Wall"",""MetaProp""]",2,"[""eco-src-5540f6ca625d"",""eco-src-747e8cecd3f0""]",2,"[""Active/portfolio""]",[],[],[],[],[],[],[],"[""Higharc is the homebuilding AI company for design through construction. By generating homes as 3D spatial data, Higharc enables builders and suppliers to design, estimate, sell and build homes better. Higharc works with leading homebuilders and supply chain partners. The company’s rapid rise has earned national recognition, ranking in the top 50 of the Deloitte Technology Fast 500 and Fast Company’s Most Innovative Companies of 2026.""]","[""https://fifthwall.com/portfolio?2bddaefa_page=2"",""https://higharc.com/"",""https://metaprop.com/portfolio""]",3,"[""exact_normalized_name_with_domain_corroboration"",""source_native_ecosystem_identity""]",false,[],2026-08-30,"Discovery presence is not operating, traction, outcome, security or JCX-fit evidence."
dsc-bb7e65aabfa1,Hilton,"[""Hilton""]","[""organization""]","[""org-hilton-49f73fa""]",qualified_core,false,"[""qualified_core""]",1,"[""hilton.com""]","[""https://hilton.com/""]",[],[],[],[],[],0,[],0,[],"[""global hospitality platform and operator/franchisor""]","[""L3"",""L6"",""L7"",""L8""]","[""A""]",[],"[""United States""]",[],[],[],"[""https://hilton.com/"",""https://ir.hilton.com/financial-reporting/annual-reports"",""https://sec.gov/Archives/edgar/data/1585689/000158568926000025/a2025annualreportprint.pdf"",""https://stories.hilton.com/2025-annual-report""]",4,"[""qualified_core_identity""]",false,[],2026-08-30,Qualified-core identity; individual claims still require editorial review.
dsc-fb848a95da41,Hines,"[""Hines""]","[""organization""]","[""org-hines-5178409""]",qualified_core,false,"[""qualified_core""]",1,"[""hines.com""]","[""https://hines.com/""]",[],[],[],[],[],0,[],0,[],[],"[""L1"",""L10"",""L4"",""L5"",""L8""]","[""B""]",[],"[""United States""]",[],[],[],"[""https://hines-assets.s3.amazonaws.com/documents/Hines-2018-Sustainability-Report.-FINAL_190925_181950.pdf"",""https://hines.com/"",""https://hines.com/2024-sustainability-report-full-report"",""https://hines.com/globalventures""]",4,"[""qualified_core_identity""]",false,[],2026-08-30,Qualified-core identity; individual claims still require editorial review.
dsc-57c18b40be9f,Hippo,"[""Hippo"",""Hippo — Exited (NYSE: HIPO)""]","[""organization""]","[""org-hippo-663710b""]",qualified_core,false,"[""built_environment_ecosystem_discovery_index"",""qualified_core""]",2,"[""hippo.com"",""myhippo.com""]","[""https://hippo.com/"",""https://myhippo.com/""]","[""https://fifthwall.com/portfolio?2bddaefa_page=2"",""https://moderneventures.com/portfolio/hippo""]",[],[],[],"[""Fifth Wall"",""Moderne Ventures / Passport""]",2,"[""eco-src-77c4a5dbeeff"",""eco-src-99d81baf61a1""]",2,"[""Exited (displayed)"",""Exited/acquired (as displayed)""]","[""Investment"",""Property insurance""]","[""L10"",""L3""]","[""A""]",[],"[""United States""]",[],[],"[""Data driven insurance — Personalized insurance in 60 seconds, leveraging a customer's unique data to deliver competitive rates. IPO - NYSE: HIPO — Investment"",""Hippo is on a mission to transform home insurance for the modern household. Among its many innovations, Hippo allows homeowners to get a quote and purchase home insurance online in 60 seconds or less, save up to 25 percent compared with traditional insurers, and obtain smarter coverage for modern households. This includes protection for possessions like appliances, consumer electronics and home offices.""]","[""https://fifthwall.com/portfolio"",""https://fifthwall.com/portfolio?2bddaefa_page=2"",""https://hippo.com/"",""https://moderneventures.com/portfolio/hippo"",""https://myhippo.com/""]",5,"[""exact_normalized_name_with_domain_corroboration"",""qualified_core_identity"",""status_annotation_stripped_exact_name""]",false,[],2026-08-30,Qualified-core identity; individual claims still require editorial review.
dsc-7a4c12362ae9,HippoBuild,"[""HippoBuild""]",[],[],discovery_only,true,"[""yc_real_estate_construction_2026-08-30""]",1,[],[],"[""https://ycombinator.com/companies/hippobuild"",""https://ycombinator.com/companies/industry/real-estate-and-construction""]","[""26190""]","[""W2022""]","[""Active""]",[],0,[],0,[],"[""ConTech / construction operations""]","[""L5 Construction; L12 Data/intelligence""]","[""A""]",[],"[""CO""]","[""Bogotá, Bogota, Colombia""]","[""5""]","[""Hippo Build is building the Operating System for the Construction industry. We automate and optimize back office functions and the supply chain of Small and Medium Construction Companies. We save our customers hours everyday, and 1000’s of dollars every month on better sourced materials. And it takes only minutes for them to onboard We charge a small SaaS fee, + 1% transaction fee for the materials sourced. We..."",""The Operating System of the construction industry""]","[""https://ycombinator.com/companies/hippobuild"",""https://ycombinator.com/companies/industry/real-estate-and-construction""]",2,"[""source_native_yc_identity""]",false,[],2026-08-30,"Discovery presence is not operating, traction, outcome, security or JCX-fit evidence."
dsc-a8de90fd2949,Hologram Media Network,"[""Hologram Media Network""]",[],[],discovery_only,true,"[""built_environment_ecosystem_discovery_index""]",1,"[""hologrammedia.net""]","[""https://hologrammedia.net/""]","[""https://moderneventures.com/portfolio/hologram-media-network""]",[],[],[],"[""Moderne Ventures / Passport""]",1,"[""eco-src-1dbed22886f8""]",1,"[""Portfolio/Passport listing displayed""]","[""Passport""]",[],[],[],[],[],[],"[""The World's First Holographic Ad Network — Redefining in-person media through life-size holograms, intelligent infrastructure, and human-centered engagement — Passport""]","[""https://hologrammedia.net/"",""https://moderneventures.com/portfolio/hologram-media-network""]",2,"[""source_native_ecosystem_identity""]",true,"[""Domain hologrammedia.net is also used by ecosystem candidate 'On3.ai'; identities were deliberately kept separate.""]",2026-08-30,"Discovery presence is not operating, traction, outcome, security or JCX-fit evidence."
dsc-a5e0607ec218,HoloX,"[""HoloX""]","[""organization""]","[""org-holox-0928a35""]",qualified_core,false,"[""built_environment_ecosystem_discovery_index"",""qualified_core""]",2,[],[],"[""https://nar-reach.com/dubai-land-department-second-century-ventures-celebrate-start-of-reach-middle-east"",""https://nar-reach.com/news""]",[],[],[],"[""NAR REACH Middle East""]",1,"[""eco-src-57ce56539d99""]",1,"[""2026 cohort""]","[""Digital twins for off-plan sales""]","[""L4"",""L6""]","[""B""]","[""Middle East""]","[""United Arab Emirates""]",[],[],"[""Digital twins for off-plan real estate sales.""]","[""https://nar-reach.com/dubai-land-department-second-century-ventures-celebrate-start-of-reach-middle-east"",""https://nar-reach.com/news""]",2,"[""exact_normalized_name"",""qualified_core_identity""]",false,[],2026-08-30,Qualified-core identity; individual claims still require editorial review.
dsc-2d07264921a5,HOM,"[""HOM""]",[],[],discovery_only,true,"[""built_environment_ecosystem_discovery_index""]",1,"[""helloalfred.com""]","[""https://helloalfred.com/""]","[""https://moderneventures.com/portfolio/hom""]",[],[],[],"[""Moderne Ventures / Passport""]",1,"[""eco-src-2f7e6af2aa48""]",1,"[""Exited (displayed)""]","[""Passport""]",[],[],[],[],[],[],"[""Fitness, wellness and entertainment services — Transforms underused amenity and retail spaces into a retention platform. Acquired by another Moderne portfolio company, Alfred. — Passport""]","[""https://helloalfred.com/"",""https://moderneventures.com/portfolio/hom""]",2,"[""source_native_ecosystem_identity""]",true,"[""Domain helloalfred.com is also used by Alfred, Helloalfred; shared-domain relationship requires review.""]",2026-08-30,"Discovery presence is not operating, traction, outcome, security or JCX-fit evidence."
dsc-abb73cbab5ac,Home,"[""Home""]",[],[],discovery_only,true,"[""built_environment_ecosystem_discovery_index""]",1,"[""home.hippo.com""]","[""https://home.hippo.com/""]","[""https://metaprop.com/portfolio""]",[],[],[],"[""MetaProp""]",1,"[""eco-src-e00835dfe5b8""]",1,"[""Exited/marked exited""]",[],[],[],[],[],[],[],[],"[""https://home.hippo.com/"",""https://metaprop.com/portfolio""]",2,"[""source_native_ecosystem_identity""]",false,[],2026-08-30,"Discovery presence is not operating, traction, outcome, security or JCX-fit evidence."
dsc-a9e6579bfe6a,Homebase,"[""Homebase"",""Homebase-SEA""]","[""organization""]","[""org-homebase-sea-finance-75bb47f""]",qualified_core,false,"[""qualified_core"",""yc_real_estate_construction_2026-08-30""]",2,"[""homebase.ai""]","[""https://homebase.ai/""]","[""https://ycombinator.com/companies/homebase"",""https://ycombinator.com/companies/industry/real-estate-and-construction""]","[""22983""]","[""W2021""]","[""Active""]",[],0,[],0,[],"[""Real-estate finance / insurtech"",""Rent-to-own housing finance"",""housing-finance""]","[""L3"",""L3 Capital/finance; L7 Occupancy/tenant"",""L6""]","[""A""]",[],"[""VN""]","[""Ho Chi Minh City, Vietnam""]","[""20""]","[""Homebase provides Rent-To-Own real estate financing for buyers in Southeast Asia - the only alternative to inflexible/high-interest rate (12%+) mortgages in the region. We strive to provide more innovative, compelling, and empathetic solutions for those who aspire to own a home. Homebase was founded in 2019 in Singapore and is backed by Y Combinator, VinaCapital Ventures, Class 5 Global, Pegasus Technology..."",""Personalized rent-to-own real estate financing using technology in SEA""]","[""https://homebase.ai/"",""https://ycombinator.com/companies/homebase"",""https://ycombinator.com/companies/industry/real-estate-and-construction""]",3,"[""exact_normalized_name"",""qualified_core_identity""]",false,[],2026-08-30,Qualified-core identity; individual claims still require editorial review.
dsc-f077662eac9d,Homebot,"[""Homebot""]",[],[],discovery_only,true,"[""built_environment_ecosystem_discovery_index""]",1,"[""homebot.ai""]","[""https://homebot.ai/""]","[""https://moderneventures.com/portfolio/homebot""]",[],[],[],"[""Moderne Ventures / Passport""]",1,"[""eco-src-5a4d28663f1b""]",1,"[""Exited (displayed)""]","[""Passport""]",[],[],[],[],[],[],"[""Transforming agents + brokers into wealth advisors — Agents + brokers maximize repeat and referral business with a dynamic financial dashboard — Passport""]","[""https://homebot.ai/"",""https://moderneventures.com/portfolio/homebot""]",2,"[""source_native_ecosystem_identity""]",false,[],2026-08-30,"Discovery presence is not operating, traction, outcome, security or JCX-fit evidence."
dsc-a9a3e9b02921,Homebound,"[""Homebound""]",[],[],discovery_only,true,"[""built_environment_ecosystem_discovery_index""]",1,"[""homebound.com""]","[""https://homebound.com/""]","[""https://fifthwall.com/portfolio?2bddaefa_page=2""]",[],[],[],"[""Fifth Wall""]",1,"[""eco-src-d2896fc605cc""]",1,"[""Active/portfolio""]",[],[],[],[],[],[],[],"[""Homebound is a custom homebuilder that makes building the perfect home simple, transparent and human. Born out of the 2017 California wildfires that destroyed 6,000 homes, Homebound was created by a local team of construction, real estate and technology experts who set out to create a better homebuilding solution for friends, family and neighbors affected. Homebound is the first homebuilder to manage the entire building process for homeowners and support them every step of the way — from insurance negotiation and permitting all the way to architecture, construction and move-in. Through easy-to-use technology and a network of vetted building experts, Homebound is simplifying the rebuilding process and alleviating the stress, complexity and uncertainty homeowners face after a natural disaster.""]","[""https://fifthwall.com/portfolio?2bddaefa_page=2"",""https://homebound.com/""]",2,"[""source_native_ecosystem_identity""]",false,[],2026-08-30,"Discovery presence is not operating, traction, outcome, security or JCX-fit evidence."
dsc-581c44d8c467,Homelight,"[""Homelight""]",[],[],discovery_only,true,"[""built_environment_ecosystem_discovery_index""]",1,"[""homelight.com""]","[""https://homelight.com/""]","[""https://metaprop.com/portfolio""]",[],[],[],"[""MetaProp""]",1,"[""eco-src-d6c1508abb32""]",1,"[""Exited/marked exited""]",[],[],[],[],[],[],[],[],"[""https://homelight.com/"",""https://metaprop.com/portfolio""]",2,"[""source_native_ecosystem_identity""]",false,[],2026-08-30,"Discovery presence is not operating, traction, outcome, security or JCX-fit evidence."
dsc-fcd4403ede5b,Homelister,"[""Homelister""]",[],[],discovery_only,true,"[""built_environment_ecosystem_discovery_index""]",1,"[""homelister.com""]","[""https://homelister.com/""]","[""https://metaprop.com/portfolio""]",[],[],[],"[""MetaProp""]",1,"[""eco-src-65589727216c""]",1,"[""Active/portfolio""]",[],[],[],[],[],[],[],[],"[""https://homelister.com/"",""https://metaprop.com/portfolio""]",2,"[""source_native_ecosystem_identity""]",false,[],2026-08-30,"Discovery presence is not operating, traction, outcome, security or JCX-fit evidence."
dsc-841ef0109546,HomePay,"[""HomePay""]",[],[],discovery_only,true,"[""built_environment_ecosystem_discovery_index""]",1,"[""homepay.co.il""]","[""https://homepay.co.il/index-en.html""]","[""https://nar-reach.com/israel""]",[],[],[],"[""NAR REACH Israel""]",1,"[""eco-src-a3bf5eea24ff""]",1,"[""2026 cohort (or current page cohort)""]",[],[],[],"[""Israel""]",[],[],[],"[""An innovative financial management system for real estate projects, artificial intelligence and bank-level security.""]","[""https://homepay.co.il/index-en.html"",""https://nar-reach.com/israel""]",2,"[""source_native_ecosystem_identity""]",false,[],2026-08-30,"Discovery presence is not operating, traction, outcome, security or JCX-fit evidence."
dsc-d879911b357b,HomeRoom,"[""HomeRoom""]",[],[],discovery_only,true,"[""yc_real_estate_construction_2026-08-30""]",1,[],[],"[""https://ycombinator.com/companies/homeroom"",""https://ycombinator.com/companies/industry/real-estate-and-construction""]","[""25396""]","[""W2022""]","[""Acquired""]",[],0,[],0,[],"[""ConTech / construction operations""]","[""L5 Construction; L7 Occupancy/tenant; L12 Data/intelligence""]","[""A""]",[],"[""US""]","[""San Francisco""]","[""25""]","[""Homeroom helps investors provide affordable housing while making a 22% ROI. We do this by sourcing properties, arranging capital, managing construction, vetting tenants and collecting rent by the room. To date, Homeroom has brought on 85 property investors, growing 6X annually, are bringing in 420K in annualized net-revenue How it works: We help investors buy homes in cities that are attractive to young people,..."",""We Rent Your Property by the Room. You earn 50% more Rent.""]","[""https://ycombinator.com/companies/homeroom"",""https://ycombinator.com/companies/industry/real-estate-and-construction""]",2,"[""source_native_yc_identity""]",false,[],2026-08-30,"Discovery presence is not operating, traction, outcome, security or JCX-fit evidence."
dsc-995f28b53534,Homesnap,"[""Homesnap""]",[],[],discovery_only,true,"[""built_environment_ecosystem_discovery_index""]",1,"[""homes.com""]","[""https://homes.com/""]","[""https://moderneventures.com/portfolio/homesnap""]",[],[],[],"[""Moderne Ventures / Passport""]",1,"[""eco-src-bf0876a899a7""]",1,"[""Exited (displayed)""]","[""Investment""]",[],[],[],[],[],[],"[""Empowering + streamlining communication for the real estate industry — Homebuying and client management platform for buyers and agents. Acquired by CoStar and now Homes.com. — Investment""]","[""https://homes.com/"",""https://moderneventures.com/portfolio/homesnap""]",2,"[""source_native_ecosystem_identity""]",false,[],2026-08-30,"Discovery presence is not operating, traction, outcome, security or JCX-fit evidence."
dsc-f509475dfde3,Hometree,"[""Hometree""]",[],[],discovery_only,true,"[""built_environment_ecosystem_discovery_index""]",1,[],[],"[""https://2150.vc/investments/hometree""]",[],[],[],"[""2150""]",1,"[""eco-src-a99b6a3deea3""]",1,"[""Investment displayed; current status not inferred""]",[],[],[],"[""United Kingdom""]",[],[],[],"[""Hometree Exited Hometree is a home energy services company decarbonising 100k+ homes through heat pump and renewables installation, maintenance, and affordable insurance.""]","[""https://2150.vc/investments/hometree""]",1,"[""source_native_ecosystem_identity""]",false,[],2026-08-30,"Discovery presence is not operating, traction, outcome, security or JCX-fit evidence."
dsc-c52f024acb35,HomeX,"[""HomeX""]",[],[],discovery_only,true,"[""built_environment_ecosystem_discovery_index""]",1,"[""homexservices.com""]","[""https://homexservices.com/""]","[""https://moderneventures.com/portfolio/homex""]",[],[],[],"[""Moderne Ventures / Passport""]",1,"[""eco-src-7ca161dc1ddf""]",1,"[""Exited (displayed)""]","[""Passport""]",[],[],[],[],[],[],"[""Remote building systems maintenance — Remote diagnostic software and live services to efficiently address home maintenance issues — Passport""]","[""https://homexservices.com/"",""https://moderneventures.com/portfolio/homex""]",2,"[""source_native_ecosystem_identity""]",false,[],2026-08-30,"Discovery presence is not operating, traction, outcome, security or JCX-fit evidence."
dsc-ffed8ff14f87,HOMLI,"[""HOMLI""]",[],[],discovery_only,true,"[""yc_real_estate_construction_2026-08-30""]",1,[],[],"[""https://ycombinator.com/companies/homli"",""https://ycombinator.com/companies/industry/real-estate-and-construction""]","[""27109""]","[""S2022""]","[""Active""]",[],0,[],0,[],"[""Real-estate marketplace / sales""]","[""L6 Marketing/sales; L12 Data/intelligence""]","[""B""]",[],"[""US""]","[""New York City""]","[""20""]","[""HOMLI is building the first fully autonomous real estate broker, enabling homeowners to sell without agents."",""Sell your home without brokers""]","[""https://ycombinator.com/companies/homli"",""https://ycombinator.com/companies/industry/real-estate-and-construction""]",2,"[""source_native_yc_identity""]",false,[],2026-08-30,"Discovery presence is not operating, traction, outcome, security or JCX-fit evidence."
dsc-47c07625cdc0,Honest Buildings,"[""Honest Buildings""]",[],[],discovery_only,true,"[""built_environment_ecosystem_discovery_index""]",1,"[""procore.com""]","[""https://procore.com/owners""]","[""https://spark.jllt.com/portfolio""]",[],[],[],"[""JLL Spark""]",1,"[""eco-src-04d32cdeb584""]",1,"[""Exited""]",[],[],[],[],[],[],[],"[""Exited to Procore Honest Buildings, a Procore company, is a project management platform built for owners and managers to ensure capital and construction projects are on time and on budget. View website""]","[""https://procore.com/owners"",""https://spark.jllt.com/portfolio""]",2,"[""source_native_ecosystem_identity""]",true,"[""Domain procore.com is also used by Procore; shared-domain relationship requires review.""]",2026-08-30,"Discovery presence is not operating, traction, outcome, security or JCX-fit evidence."
dsc-ae9a18d4f695,Honeywell Forge for Buildings,"[""Honeywell Forge for Buildings""]","[""product_offering""]","[""org-honeywell-forge-for-buildings-900b78b""]",qualified_core,false,"[""qualified_core""]",1,"[""honeywell.com""]","[""https://honeywell.com/us/en/honeywell-forge""]",[],[],[],[],[],0,[],0,[],"[""connected building performance remote operations sustainability and asset-health platform""]","[""L10"",""L8"",""L9""]","[""A""]",[],"[""United States""]",[],[],[],"[""https://buildings.honeywell.com/us/en/solutions/automation-solutions/sustainability/connected-solutions"",""https://buildings.honeywell.com/us/en/solutions/buildings"",""https://honeywell.com/us/en/honeywell-forge""]",3,"[""qualified_core_identity""]",false,[],2026-08-30,Qualified-core identity; individual claims still require editorial review.
dsc-f9a4d41309af,Hongkong Land,"[""Hongkong Land""]","[""organization""]","[""org-hongkong-land-9ed857e""]",qualified_core,false,"[""qualified_core""]",1,"[""hkland.com""]","[""https://hkland.com/""]",[],[],[],[],[],0,[],0,[],[],"[""L10"",""L7"",""L8""]","[""B""]",[],"[""Hong Kong""]",[],[],[],"[""https://hkland.com/""]",1,"[""qualified_core_identity""]",false,[],2026-08-30,Qualified-core identity; individual claims still require editorial review.
dsc-c21f4dc6875a,Hosta Labs,"[""Hosta Labs""]",[],[],discovery_only,true,"[""built_environment_ecosystem_discovery_index""]",1,"[""hosta.ai""]","[""https://hosta.ai/""]","[""https://brickmortar.vc/portfolio""]",[],[],[],"[""Brick & Mortar Ventures""]",1,"[""eco-src-2e7328f562e4""]",1,"[""Active investment""]",[],[],[],[],[],[],[],[],"[""https://brickmortar.vc/portfolio"",""https://hosta.ai/""]",2,"[""source_native_ecosystem_identity""]",false,[],2026-08-30,"Discovery presence is not operating, traction, outcome, security or JCX-fit evidence."
dsc-12ea5c97ce1e,Houm,"[""Houm""]","[""organization""]","[""org-houm-8d7c85c""]",qualified_core,false,"[""qualified_core"",""yc_real_estate_construction_2026-08-30""]",2,"[""houm.com""]","[""https://houm.com/co/quienes-somos""]","[""https://ycombinator.com/companies/houm"",""https://ycombinator.com/companies/industry/real-estate-and-construction""]","[""23266""]","[""W2021""]","[""Active""]",[],0,[],0,[],"[""Property operations / housing"",""all-in-one residential marketplace and management""]","[""L6"",""L7"",""L7 Occupancy/tenant; L8 FM/maintenance"",""L8""]","[""A""]",[],"[""CL"",""Chile""]","[""Santiago, Santiago Metropolitan Region, Chile""]","[""400""]","[""All-in-one real estate marketplace for Latin America"",""Houm is an all-in-one real estate marketplace that helps landlords find tenants, collect rent, and manage their properties in Latam.""]","[""https://houm.com/co/quienes-somos"",""https://ycombinator.com/companies/houm"",""https://ycombinator.com/companies/industry/real-estate-and-construction""]",3,"[""exact_normalized_name"",""qualified_core_identity""]",false,[],2026-08-30,Qualified-core identity; individual claims still require editorial review.
dsc-5b0b9b5872ce,Houseaccount,"[""Houseaccount""]",[],[],discovery_only,true,"[""built_environment_ecosystem_discovery_index""]",1,"[""houseaccount.com""]","[""https://houseaccount.com/""]","[""https://metaprop.com/portfolio""]",[],[],[],"[""MetaProp""]",1,"[""eco-src-0d6cc7fc9bd3""]",1,"[""Active/portfolio""]",[],[],[],[],[],[],[],[],"[""https://houseaccount.com/"",""https://metaprop.com/portfolio""]",2,"[""source_native_ecosystem_identity""]",false,[],2026-08-30,"Discovery presence is not operating, traction, outcome, security or JCX-fit evidence."
dsc-d531933cca96,HouseAfrica,"[""HouseAfrica""]","[""organization""]","[""org-houseafrica-4dd17a3""]",qualified_core,false,"[""qualified_core""]",1,"[""houseafrica.io""]","[""https://houseafrica.io/""]",[],[],[],[],[],0,[],0,[],"[""land verification digital title and fractional property platform""]","[""L1"",""L3"",""L6""]","[""B""]",[],"[""Nigeria""]",[],[],[],"[""https://houseafrica.io/"",""https://project.houseafrica.io/terms""]",2,"[""qualified_core_identity""]",false,[],2026-08-30,Qualified-core identity; individual claims still require editorial review.
dsc-f19aaf1501b2,HouseCanary,"[""HouseCanary""]","[""organization""]","[""org-housecanary-8bb8018""]",qualified_core,false,"[""qualified_core""]",1,"[""housecanary.com""]","[""https://housecanary.com/""]",[],[],[],[],[],0,[],0,[],"[""Valuation analytics""]","[""L1"",""L3""]","[""A""]",[],"[""United States""]",[],[],[],"[""https://housecanary.com/""]",1,"[""qualified_core_identity""]",false,[],2026-08-30,Qualified-core identity; individual claims still require editorial review.
dsc-7ca3b6daff8e,Housmart-PropoCloud,"[""Housmart-PropoCloud""]","[""organization""]","[""org-housmart-propocloud-a0ab301""]",qualified_core,false,"[""qualified_core""]",1,"[""j-vgi.co.jp""]","[""https://j-vgi.co.jp/en/news/housmart211008""]",[],[],[],[],[],0,[],0,[],"[""real-estate-sales-SaaS""]","[""L6""]","[""C""]",[],"[""Japan""]",[],[],[],"[""https://edinetdb.jp/company/E34177/text?fy=2024"",""https://j-vgi.co.jp/en/news/housmart211008""]",2,"[""qualified_core_identity""]",false,[],2026-08-30,Qualified-core identity; individual claims still require editorial review.
dsc-df8e762bbb17,howie ai,"[""howie ai""]",[],[],discovery_only,true,"[""built_environment_ecosystem_discovery_index""]",1,"[""trubrics.com""]","[""https://trubrics.com/""]","[""https://pilabs.vc/portfolio""]",[],[],[],"[""Pi Labs""]",1,"[""eco-src-bc490c836b08""]",1,"[""Active/portfolio""]",[],[],[],[],[],[],[],"[""AI-powered knowledge platform for the AEC industry Est. 2024. Vienna. Austria. Founded by Ewa Lenart. Last Funding Round: Pre-Seed""]","[""https://pilabs.vc/portfolio"",""https://trubrics.com/""]",2,"[""source_native_ecosystem_identity""]",true,"[""Domain trubrics.com is also used by ecosystem candidate 'trubrics'; identities were deliberately kept separate.""]",2026-08-30,"Discovery presence is not operating, traction, outcome, security or JCX-fit evidence."
dsc-e6d134c9ce0f,HqO,"[""HqO"",""Hqo""]",[],[],discovery_only,true,"[""built_environment_ecosystem_discovery_index""]",1,"[""hqo.com""]","[""https://hqo.com/""]","[""https://metaprop.com/portfolio"",""https://spark.jllt.com/portfolio""]",[],[],[],"[""JLL Spark"",""MetaProp""]",2,"[""eco-src-224a73d58321"",""eco-src-e9dd0336e2bf""]",2,"[""Active/portfolio""]",[],[],[],[],[],[],[],"[""A tenant experience platform for commercial office and retail buildings that provides tenants with an app to access building amenities. View website""]","[""https://hqo.com/"",""https://metaprop.com/portfolio"",""https://spark.jllt.com/portfolio""]",3,"[""exact_normalized_name_with_domain_corroboration"",""source_native_ecosystem_identity""]",false,[],2026-08-30,"Discovery presence is not operating, traction, outcome, security or JCX-fit evidence."
dsc-73feb4e00e71,Hubble,"[""Hubble""]",[],[],discovery_only,true,"[""built_environment_ecosystem_discovery_index""]",1,"[""hubblehq.com""]","[""https://hubblehq.com/""]","[""https://spark.jllt.com/portfolio"",""https://tarongagroup.com/wp-content/uploads/2025/07/RealTechX-Asset-Impact-Booklet-2025-1.pdf""]",[],[],[],"[""JLL Spark"",""Taronga RealTechX / Asset Impact""]",2,"[""eco-src-5936105a3274"",""eco-src-df28f1463485""]",2,"[""Alumni/support history displayed"",""Exited""]",[],[],[],[],[],[],[],"[""Exited to Yardi We help businesses find the right balance of office and remote working, so their teams can work better. View website""]","[""https://hubblehq.com/"",""https://spark.jllt.com/portfolio"",""https://tarongagroup.com/wp-content/uploads/2025/07/RealTechX-Asset-Impact-Booklet-2025-1.pdf""]",3,"[""exact_normalized_name"",""source_native_ecosystem_identity""]",false,[],2026-08-30,"Discovery presence is not operating, traction, outcome, security or JCX-fit evidence."
dsc-05f80f1655a0,Humance,"[""Humance""]",[],[],discovery_only,true,"[""yc_real_estate_construction_2026-08-30""]",1,[],[],"[""https://ycombinator.com/companies/humance"",""https://ycombinator.com/companies/industry/real-estate-and-construction""]","[""23636""]","[""W2021""]","[""Active""]",[],0,[],0,[],"[""ConTech / construction operations""]","[""L4 Design/BIM; L5 Construction; L12 Data/intelligence""]","[""A""]",[],[],[],"[""3""]","[""AI that keeps complex construction projects on schedule."",""Humance is building an AI-powered project management tool for the construction industry, where work is highly coordinated and delays are costly. Large projects involve dozens of interdependent workstreams where a single setback can cascade unpredictably through the entire timeline. Today, most project managers track this manually — tracing dependencies by hand, updating schedules, and notifying stakeholders one...""]","[""https://ycombinator.com/companies/humance"",""https://ycombinator.com/companies/industry/real-estate-and-construction""]",2,"[""source_native_yc_identity""]",false,[],2026-08-30,"Discovery presence is not operating, traction, outcome, security or JCX-fit evidence."
dsc-e4f50a1bfa4a,Huspy,"[""Huspy""]","[""organization""]","[""org-huspy-288c347""]",qualified_core,false,"[""built_environment_ecosystem_discovery_index"",""qualified_core""]",2,"[""huspy.com""]","[""https://huspy.com/"",""https://huspy.com/ae""]","[""https://fifthwall.com/portfolio?2bddaefa_page=2""]",[],[],[],"[""Fifth Wall""]",1,"[""eco-src-769f519efcb9""]",1,"[""Active/portfolio""]","[""brokerage-mortgage-platform""]","[""L3"",""L6""]","[""B""]",[],"[""United Arab Emirates""]",[],[],"[""Huspy simplifies home financing. Find the home finance that matches your needs, get pre-approved online, and they'll help you close in just weeks.""]","[""https://fifthwall.com/portfolio?2bddaefa_page=2"",""https://huspy.com/"",""https://huspy.com/ae"",""https://huspy.com/ae/blog/balderton-huspy"",""https://huspy.com/blog/huspy-series-a""]",5,"[""exact_normalized_name_with_domain_corroboration"",""qualified_core_identity""]",false,[],2026-08-30,Qualified-core identity; individual claims still require editorial review.
dsc-461936154ef8,HydroLeap,"[""HydroLeap""]",[],[],discovery_only,true,"[""built_environment_ecosystem_discovery_index""]",1,[],[],"[""https://tarongagroup.com/wp-content/uploads/2025/07/RealTechX-Asset-Impact-Booklet-2025-1.pdf""]",[],[],[],"[""Taronga RealTechX / Asset Impact""]",1,"[""eco-src-9c6616005183""]",1,"[""Alumni/support history displayed""]",[],[],[],[],[],[],[],[],"[""https://tarongagroup.com/wp-content/uploads/2025/07/RealTechX-Asset-Impact-Booklet-2025-1.pdf""]",1,"[""source_native_ecosystem_identity""]",false,[],2026-08-30,"Discovery presence is not operating, traction, outcome, security or JCX-fit evidence."
dsc-231252cd8fa0,Hypar,"[""Hypar""]",[],[],discovery_only,true,"[""built_environment_ecosystem_discovery_index""]",1,"[""hypar.io""]","[""https://hypar.io/""]","[""https://brickmortar.vc/portfolio""]",[],[],[],"[""Brick & Mortar Ventures""]",1,"[""eco-src-1d900a542ee1""]",1,"[""Active investment""]",[],[],[],[],[],[],[],[],"[""https://brickmortar.vc/portfolio"",""https://hypar.io/""]",2,"[""source_native_ecosystem_identity""]",false,[],2026-08-30,"Discovery presence is not operating, traction, outcome, security or JCX-fit evidence."
dsc-262f34547fab,hypcloud,"[""hypcloud""]",[],[],discovery_only,true,"[""yc_real_estate_construction_2026-08-30""]",1,[],[],"[""https://ycombinator.com/companies/hypcloud"",""https://ycombinator.com/companies/industry/real-estate-and-construction""]","[""1975""]","[""S2018""]","[""Acquired""]",[],0,[],0,[],"[""Real-estate finance / insurtech""]","[""L3 Capital/finance; L6 Marketing/sales""]","[""A""]",[],"[""DE""]","[""Berlin, Germany""]","[""14""]","[""A tech-enabled commercial mortgage broker. hypcloud allows property…""]","[""https://ycombinator.com/companies/hypcloud"",""https://ycombinator.com/companies/industry/real-estate-and-construction""]",2,"[""source_native_yc_identity""]",false,[],2026-08-30,"Discovery presence is not operating, traction, outcome, security or JCX-fit evidence."
dsc-cc9b0c651582,Hyperion Robotics,"[""Hyperion Robotics""]",[],[],discovery_only,true,"[""built_environment_ecosystem_discovery_index""]",1,[],[],"[""https://cemexventures.com/top-50""]",[],[],[],"[""CEMEX Ventures Top 50 ConTech 2026""]",1,"[""eco-src-772530dec779""]",1,"[""Selected for 2026 Top 50""]","[""Future of construction""]",[],[],[],[],[],[],"[""Future of construction""]","[""https://cemexventures.com/top-50""]",1,"[""source_native_ecosystem_identity""]",false,[],2026-08-30,"Discovery presence is not operating, traction, outcome, security or JCX-fit evidence."
dsc-22cf45f5148a,HyScore,"[""HyScore""]",[],[],discovery_only,true,"[""built_environment_ecosystem_discovery_index""]",1,"[""hyscore.co""]","[""https://hyscore.co/""]","[""https://nar-reach.com/uk""]",[],[],[],"[""NAR REACH UK""]",1,"[""eco-src-26b9f4aa98ce""]",1,"[""2026 cohort (or current page cohort)""]",[],[],[],"[""United Kingdom""]",[],[],[],"[""Transforming energy consumption insights into actionable insights and tangible savings""]","[""https://hyscore.co/"",""https://nar-reach.com/uk""]",2,"[""source_native_ecosystem_identity""]",false,[],2026-08-30,"Discovery presence is not operating, traction, outcome, security or JCX-fit evidence."
dsc-57a88cf7a8bf,i-City / i-Berhad,"[""i-City / i-Berhad""]","[""organization""]","[""org-i-city-i-berhad-05f7e81""]",qualified_core,false,"[""qualified_core""]",1,"[""i-bhd.com""]","[""https://i-bhd.com/about""]",[],[],[],[],[],0,[],0,[],[],"[""L1"",""L10"",""L8""]","[""B""]",[],"[""Malaysia""]",[],[],[],"[""https://i-bhd.com/about""]",1,"[""qualified_core_identity""]",false,[],2026-08-30,Qualified-core identity; individual claims still require editorial review.
dsc-3cdf2e7d1c63,ICON,"[""ICON""]","[""organization""]","[""org-icon-f8995ba""]",qualified_core,false,"[""built_environment_ecosystem_discovery_index"",""qualified_core""]",2,"[""iconbuild.com""]","[""https://iconbuild.com/"",""https://iconbuild.com/technology""]","[""https://moderneventures.com/portfolio/icon""]",[],[],[],"[""Moderne Ventures / Passport""]",1,"[""eco-src-de52e381c4bf""]",1,"[""Portfolio/Passport listing displayed""]","[""Investment"",""robotic 3D-printed construction and BuildOS""]","[""L10"",""L2"",""L5""]","[""B""]",[],"[""United States""]",[],[],"[""Advancing humanity with 3D printing robotics, AI driven software and advanced materials — ICON revolutionizes construction with cutting-edge 3D printing technology enabling developers to craft sustainable, stunning, and scalable spaces for Earth and beyond — Investment""]","[""https://iconbuild.com/"",""https://iconbuild.com/newsroom/icon-announces-first-commercial-rollout-of-its-3d-printing-construction-technology-for-builders"",""https://iconbuild.com/technology"",""https://moderneventures.com/portfolio/icon""]",4,"[""exact_normalized_name_with_domain_corroboration"",""qualified_core_identity""]",false,[],2026-08-30,Qualified-core identity; individual claims still require editorial review.
dsc-439c44aab3a5,Illumagear,"[""Illumagear""]",[],[],discovery_only,true,"[""built_environment_ecosystem_discovery_index""]",1,"[""illumagear.com""]","[""https://illumagear.com/""]","[""https://brickmortar.vc/portfolio""]",[],[],[],"[""Brick & Mortar Ventures""]",1,"[""eco-src-f703028e0743""]",1,"[""Active investment""]",[],[],[],[],[],[],[],[],"[""https://brickmortar.vc/portfolio"",""https://illumagear.com/""]",2,"[""source_native_ecosystem_identity""]",false,[],2026-08-30,"Discovery presence is not operating, traction, outcome, security or JCX-fit evidence."
dsc-d53aec7acf0c,inBuild,"[""inBuild""]","[""organization""]","[""org-inbuild-0282ee3""]",qualified_core,false,"[""qualified_core""]",1,[],[],"[""https://ycombinator.com/companies/inbuild""]",[],[],[],[],0,[],0,[],"[""AI invoice approval payment and budget control for homebuilders""]","[""L3"",""L5""]","[""B""]",[],"[""United States""]",[],[],[],"[""https://ycombinator.com/companies/inbuild""]",1,"[""qualified_core_identity""]",false,[],2026-08-30,Qualified-core identity; individual claims still require editorial review.
dsc-57a44dcc85a6,Incentifind,"[""Incentifind""]",[],[],discovery_only,true,"[""built_environment_ecosystem_discovery_index""]",1,"[""incentifind.com""]","[""https://incentifind.com/""]","[""https://moderneventures.com/portfolio/incentifind""]",[],[],[],"[""Moderne Ventures / Passport""]",1,"[""eco-src-8e695d101796""]",1,"[""Portfolio/Passport listing displayed""]","[""Passport""]",[],[],[],[],[],[],"[""Unlocking over $70B in available incentives — Helping developers, property owners, and tenants find money for their real estate and home improvement projects — Passport""]","[""https://incentifind.com/"",""https://moderneventures.com/portfolio/incentifind""]",2,"[""source_native_ecosystem_identity""]",false,[],2026-08-30,"Discovery presence is not operating, traction, outcome, security or JCX-fit evidence."
dsc-7c9dbcf1ba53,Industrious - Acquired by CBRE (NYSE: CBRE),"[""Industrious - Acquired by CBRE (NYSE: CBRE)""]",[],[],discovery_only,true,"[""built_environment_ecosystem_discovery_index""]",1,"[""industriousoffice.com""]","[""https://industriousoffice.com/""]","[""https://fifthwall.com/portfolio?2bddaefa_page=2""]",[],[],[],"[""Fifth Wall""]",1,"[""eco-src-343f7a57f3c3""]",1,"[""Exited/acquired (as displayed)""]",[],[],[],[],[],[],[],"[""Industrious is the largest premium flexible workspace provider in the U.S. with over 75 locations in more than 40 U.S. cities. Its Workplace Experience platform, which pairs thoughtfully-designed spaces with hospitality-driven services and amenities, has reshaped the concept of coworking into a scalable solution for companies of all sizes and stages. Since its founding in 2013, Industrious has helped thousands of companies scale their businesses while maintaining the highest NPS scores in the industry.""]","[""https://fifthwall.com/portfolio?2bddaefa_page=2"",""https://industriousoffice.com/""]",2,"[""source_native_ecosystem_identity""]",false,[],2026-08-30,"Discovery presence is not operating, traction, outcome, security or JCX-fit evidence."
dsc-2428dc42cb27,Infra-Market,"[""Infra-Market""]","[""organization""]","[""org-infra-market-b3a2104""]",qualified_core,false,"[""qualified_core""]",1,"[""infra.market""]","[""https://infra.market/""]",[],[],[],[],[],0,[],0,[],"[""construction-materials-platform""]","[""L5""]","[""B""]",[],"[""India""]",[],[],[],"[""https://infra-prod.gumlet.io/ivas/PROD/06-05-2025/1746534342377_IVAS_DezineMandapam.pdf"",""https://infra.market/"",""https://infra.market/about-us""]",3,"[""qualified_core_identity""]",false,[],2026-08-30,Qualified-core identity; individual claims still require editorial review.
dsc-c1e1f6d0facb,INGENIOUS.BUILD,"[""INGENIOUS.BUILD""]",[],[],discovery_only,true,"[""built_environment_ecosystem_discovery_index""]",1,"[""ingenious.build""]","[""http://ingenious.build/""]","[""https://spark.jllt.com/portfolio""]",[],[],[],"[""JLL Spark""]",1,"[""eco-src-920ff394faa9""]",1,"[""Active/portfolio""]",[],[],[],[],[],[],[],"[""INGENIOUS.BUILD’s data-driven platform enhances the entire construction project lifecycle by elevating efficiency and reducing your tech spend. View website""]","[""http://ingenious.build/"",""https://spark.jllt.com/portfolio""]",2,"[""source_native_ecosystem_identity""]",false,[],2026-08-30,"Discovery presence is not operating, traction, outcome, security or JCX-fit evidence."
dsc-a71a9e4aaf17,Innov8,"[""Innov8""]",[],[],discovery_only,true,"[""yc_real_estate_construction_2026-08-30""]",1,[],[],"[""https://ycombinator.com/companies/industry/real-estate-and-construction"",""https://ycombinator.com/companies/innov8""]","[""1341""]","[""S2016""]","[""Acquired""]",[],0,[],0,[],"[""Real-estate software / adjacent""]","[""L7 Occupancy/tenant; L12 Data/intelligence""]","[""C""]",[],"[""IN""]","[""New Delhi, Delhi, India""]","[""100""]","[""Innov8 Coworking is a Y- Combinator backed workspaces and community startup based in India. We provide Premium workspaces (Managed Private Offices and Coworking Spaces). Innov8 Coworking is the first of its kind Thought space in India. We encourage community engagement of like-minded individuals from any space, whether they are founders, investors, freelancers, creators or just want to work in a highly productive..."",""We provide co-working offices to startups, freelancers and SMEs in…""]","[""https://ycombinator.com/companies/industry/real-estate-and-construction"",""https://ycombinator.com/companies/innov8""]",2,"[""source_native_yc_identity""]",false,[],2026-08-30,"Discovery presence is not operating, traction, outcome, security or JCX-fit evidence."
dsc-07c5fd0a19ec,InsideMaps,"[""InsideMaps""]",[],[],discovery_only,true,"[""built_environment_ecosystem_discovery_index""]",1,"[""insidemaps.com""]","[""https://insidemaps.com/""]","[""https://ret.vc/portfolio""]",[],[],[],"[""RET Ventures Portfolio""]",1,"[""eco-src-ab835f6b80c1""]",1,"[""Portfolio company displayed""]",[],[],[],[],[],[],[],"[""InsideMaps InsideMaps is a software platform that generates floorplans and high-definition 3D renderings of internal spaces from iPhone cameras. A powerful marketing/tours/renovation scoping tool, InsideMaps provides real estate professionals with a market-leading 3D rendering product at the most attractive price point in the market. Year of investment 2022 Stage at Investment All Early Real Estate Focus All Multifamily Single-Family Other View WEbsite""]","[""https://insidemaps.com/"",""https://ret.vc/portfolio""]",2,"[""source_native_ecosystem_identity""]",false,[],2026-08-30,"Discovery presence is not operating, traction, outcome, security or JCX-fit evidence."
dsc-80b780e81be4,Inspace,"[""Inspace""]","[""organization""]","[""org-inspace-a027d14""]",qualified_core,false,"[""built_environment_ecosystem_discovery_index"",""qualified_core""]",2,"[""inspace.io""]","[""https://inspace.io/""]","[""https://tarongagroup.com/wp-content/uploads/2025/07/RealTechX-Asset-Impact-Booklet-2025-1.pdf""]",[],[],[],"[""Taronga RealTechX / Asset Impact""]",1,"[""eco-src-2f8904ef94d3""]",1,"[""Alumni/support history displayed""]","[""3D visualization""]","[""L4"",""L6""]","[""C""]",[],"[""Australia""]",[],[],[],"[""https://inspace.io/"",""https://tarongagroup.com/realtechx"",""https://tarongagroup.com/wp-content/uploads/2025/07/RealTechX-Asset-Impact-Booklet-2025-1.pdf""]",3,"[""exact_normalized_name"",""qualified_core_identity""]",false,[],2026-08-30,Qualified-core identity; individual claims still require editorial review.
dsc-8fbf2ebec23e,Inspectify,"[""Inspectify""]",[],[],discovery_only,true,"[""yc_real_estate_construction_2026-08-30""]",1,[],[],"[""https://ycombinator.com/companies/industry/real-estate-and-construction"",""https://ycombinator.com/companies/inspectify""]","[""22257""]","[""S2020""]","[""Active""]",[],0,[],0,[],"[""Real-estate software / adjacent""]","[""L5 Construction; L12 Data/intelligence""]","[""B""]",[],"[""US""]","[""Seattle""]","[""75""]","[""Home Inspections, Simplified"",""We founded Inspectify with the goal to make a platform that helps inspectors, real estate professionals and home buyers alike. We see a tremendous opportunity to apply the latest technology to make inspectors more proficient and effective and make home inspections more engaging and value add to home buyers. We are just getting started, but are excited to provide much needed disruption in the space!""]","[""https://ycombinator.com/companies/industry/real-estate-and-construction"",""https://ycombinator.com/companies/inspectify""]",2,"[""source_native_yc_identity""]",false,[],2026-08-30,"Discovery presence is not operating, traction, outcome, security or JCX-fit evidence."
dsc-8f8be747dc6e,InspectMind AI,"[""InspectMind AI""]","[""organization""]","[""org-inspectmind-ai-e96a36c""]",qualified_core,false,"[""qualified_core"",""yc_real_estate_construction_2026-08-30""]",2,[],[],"[""https://ycombinator.com/companies/industry/real-estate-and-construction"",""https://ycombinator.com/companies/inspectmind-ai""]","[""29511""]","[""W2024""]","[""Active""]",[],0,[],0,[],"[""AI drawing QA"",""ConTech / construction operations""]","[""L4"",""L5"",""L5 Construction; L12 Data/intelligence""]","[""A"",""B""]",[],"[""US"",""United States""]","[""San Francisco""]","[""2""]","[""AI agent for construction drawings review"",""An AI agent that catches issues in construction drawings before they become costly rework and project delays""]","[""https://ycombinator.com/companies/industry/real-estate-and-construction"",""https://ycombinator.com/companies/inspectmind-ai""]",2,"[""exact_normalized_name"",""qualified_core_identity""]",false,[],2026-08-30,Qualified-core identity; individual claims still require editorial review.
dsc-dd4fef257bff,Intengle Climate Risk Solutions,"[""Intengle Climate Risk Solutions""]",[],[],discovery_only,true,"[""built_environment_ecosystem_discovery_index""]",1,[],[],"[""https://tarongagroup.com/wp-content/uploads/2025/07/RealTechX-Asset-Impact-Booklet-2025-1.pdf""]",[],[],[],"[""Taronga RealTechX / Asset Impact""]",1,"[""eco-src-3015e4a49d94""]",1,"[""Alumni/support history displayed""]",[],[],[],[],[],[],[],[],"[""https://tarongagroup.com/wp-content/uploads/2025/07/RealTechX-Asset-Impact-Booklet-2025-1.pdf""]",1,"[""source_native_ecosystem_identity""]",false,[],2026-08-30,"Discovery presence is not operating, traction, outcome, security or JCX-fit evidence."
dsc-e10df2a75411,Invitation Homes,"[""Invitation Homes""]","[""organization""]","[""org-invitation-homes-84857f4""]",qualified_core,false,"[""qualified_core""]",1,"[""invitationhomes.com""]","[""https://invitationhomes.com/""]",[],[],[],[],[],0,[],0,[],[],"[""L6"",""L7"",""L8""]","[""B""]",[],"[""United States""]",[],[],[],"[""https://invitationhomes.com/""]",1,"[""qualified_core_identity""]",false,[],2026-08-30,Qualified-core identity; individual claims still require editorial review.
dsc-f0f81f080b51,IronLedger.ai,"[""IronLedger.ai""]",[],[],discovery_only,true,"[""yc_real_estate_construction_2026-08-30""]",1,[],[],"[""https://ycombinator.com/companies/industry/real-estate-and-construction"",""https://ycombinator.com/companies/ironledger-ai""]","[""30685""]","[""S2025""]","[""Active""]",[],0,[],0,[],"[""ConTech / construction operations""]","[""L5 Construction; L8 FM/maintenance; L12 Data/intelligence""]","[""A""]",[],"[""US""]","[""New York City""]",[],"[""AI-enabled Corporate Cards and Invoice Processing for Real Estate"",""IronLedger automates property accounting for property managers, developers and contractors, starting with accounts payable. We eliminate more than $70K of accounting costs annually for over 50K multifamily units. https://www.ironledger.ai/""]","[""https://ycombinator.com/companies/industry/real-estate-and-construction"",""https://ycombinator.com/companies/ironledger-ai""]",2,"[""source_native_yc_identity""]",false,[],2026-08-30,"Discovery presence is not operating, traction, outcome, security or JCX-fit evidence."
dsc-e9feea1ada6a,Itron,"[""Itron""]",[],[],discovery_only,true,"[""built_environment_ecosystem_discovery_index""]",1,"[""itron.com""]","[""https://itron.com/""]","[""https://metaprop.com/portfolio""]",[],[],[],"[""MetaProp""]",1,"[""eco-src-7d98070f5670""]",1,"[""Active/portfolio""]",[],[],[],[],[],[],[],[],"[""https://itron.com/"",""https://metaprop.com/portfolio""]",2,"[""source_native_ecosystem_identity""]",false,[],2026-08-30,"Discovery presence is not operating, traction, outcome, security or JCX-fit evidence."
dsc-cf0f269df2ca,Ivanhoé Cambridge,"[""Ivanhoé Cambridge""]","[""organization""]","[""org-ivanhoe-cambridge-8c510ab""]",qualified_core,false,"[""qualified_core""]",1,"[""ivanhoecambridge.com""]","[""https://ivanhoecambridge.com/""]",[],[],[],[],[],0,[],0,[],[],"[""L10"",""L3"",""L8""]","[""B""]",[],"[""Canada""]",[],[],[],"[""https://ivanhoecambridge.com/""]",1,"[""qualified_core_identity""]",false,[],2026-08-30,Qualified-core identity; individual claims still require editorial review.
dsc-7d17f66a8fbc,Ivy Energy,"[""Ivy Energy""]",[],[],discovery_only,true,"[""built_environment_ecosystem_discovery_index""]",1,"[""ivy-energy.com""]","[""https://ivy-energy.com/""]","[""https://moderneventures.com/portfolio/ivy-energy""]",[],[],[],"[""Moderne Ventures / Passport""]",1,"[""eco-src-8200bcebe7c7""]",1,"[""Portfolio/Passport listing displayed""]","[""Passport""]",[],[],[],[],[],[],"[""Clean energy data platform — Optimizes renewable energy billing operations and unlocks new revenue streams for multi-tentant properties — Passport""]","[""https://ivy-energy.com/"",""https://moderneventures.com/portfolio/ivy-energy""]",2,"[""source_native_ecosystem_identity""]",false,[],2026-08-30,"Discovery presence is not operating, traction, outcome, security or JCX-fit evidence."
dsc-600d59670ccb,Ivy Homes,"[""Ivy Homes""]",[],[],discovery_only,true,"[""yc_real_estate_construction_2026-08-30""]",1,[],[],"[""https://ycombinator.com/companies/industry/real-estate-and-construction"",""https://ycombinator.com/companies/ivy-homes""]","[""24164""]","[""S2021""]","[""Active""]",[],0,[],0,[],"[""Real-estate software / adjacent""]","[""L12 Data/intelligence""]","[""C""]",[],"[""IN""]","[""Bengaluru""]","[""80""]","[""Selling a home is a super stressful affair due to the uncertainties involved. We help smoothen that process by guaranteeing a fair price and offering that value upfront for the seller. We’ve built up an information system that captures the details of all real estate transactions. We’ve further developed a pricing model on top of it that helps determine the value of a home. We use this to offer liquidity to the..."",""We make instant offers to buy homes in India""]","[""https://ycombinator.com/companies/industry/real-estate-and-construction"",""https://ycombinator.com/companies/ivy-homes""]",2,"[""source_native_yc_identity""]",false,[],2026-08-30,"Discovery presence is not operating, traction, outcome, security or JCX-fit evidence."
dsc-feb60186a1c4,Jabbrrbox,"[""Jabbrrbox""]",[],[],discovery_only,true,"[""built_environment_ecosystem_discovery_index""]",1,"[""jabbrrbox.com""]","[""https://jabbrrbox.com/""]","[""https://metaprop.com/portfolio""]",[],[],[],"[""MetaProp""]",1,"[""eco-src-0f94678dbb66""]",1,"[""Exited/marked exited""]",[],[],[],[],[],[],[],[],"[""https://jabbrrbox.com/"",""https://metaprop.com/portfolio""]",2,"[""source_native_ecosystem_identity""]",false,[],2026-08-30,"Discovery presence is not operating, traction, outcome, security or JCX-fit evidence."
dsc-ee282ec60e0a,Jeeva AI,"[""Jeeva AI""]",[],[],discovery_only,true,"[""built_environment_ecosystem_discovery_index""]",1,"[""jeeva.ai""]","[""https://jeeva.ai/""]","[""https://spark.jllt.com/portfolio""]",[],[],[],"[""JLL Spark""]",1,"[""eco-src-f246be94cd56""]",1,"[""Exited""]",[],[],[],[],[],[],[],"[""Exited to Okta Agentic AI for anyone who sells, autonomously discovering and enriching high intent leads, crafting hyper personalized outreach, managing smart follow-ups, and handling objections so your reps focus on what they do best: closing deals. View website""]","[""https://jeeva.ai/"",""https://spark.jllt.com/portfolio""]",2,"[""source_native_ecosystem_identity""]",false,[],2026-08-30,"Discovery presence is not operating, traction, outcome, security or JCX-fit evidence."
dsc-cd0b5f4ee739,Jetty,"[""Jetty""]",[],[],discovery_only,true,"[""built_environment_ecosystem_discovery_index""]",1,"[""jetty.com""]","[""https://jetty.com/""]","[""https://metaprop.com/portfolio""]",[],[],[],"[""MetaProp""]",1,"[""eco-src-c332be050a77""]",1,"[""Exited/marked exited""]",[],[],[],[],[],[],[],[],"[""https://jetty.com/"",""https://metaprop.com/portfolio""]",2,"[""source_native_ecosystem_identity""]",false,[],2026-08-30,"Discovery presence is not operating, traction, outcome, security or JCX-fit evidence."
dsc-3018b478efca,JLL,"[""JLL""]","[""organization""]","[""org-jll-799c538""]",qualified_core,false,"[""qualified_core""]",1,"[""jll.com""]","[""https://jll.com/""]",[],[],[],[],[],0,[],0,[],[],"[""L10"",""L3"",""L6"",""L7"",""L8""]","[""A""]",[],"[""United States""]",[],[],[],"[""https://jll.com/"",""https://s202.q4cdn.com/536608393/files/doc_financials/2025/ar/JLL_Annual-Report_2026_FINAL.pdf"",""https://sec.gov/Archives/edgar/data/1037976/000103797626000037/jll-20251231.htm"",""https://spark.jllt.com/""]",4,"[""qualified_core_identity""]",false,[],2026-08-30,Qualified-core identity; individual claims still require editorial review.
dsc-d90f04b5a676,JLL Spark,"[""JLL Spark""]","[""program_ecosystem""]","[""org-jll-spark-b674956""]",qualified_core,false,"[""qualified_core""]",1,"[""spark.jllt.com""]","[""https://spark.jllt.com/""]",[],[],[],[],[],0,[],0,[],[],"[""L10"",""L3"",""L6"",""L8""]","[""A""]",[],"[""United States""]",[],[],[],"[""https://spark.jllt.com/""]",1,"[""qualified_core_identity""]",false,[],2026-08-30,Qualified-core identity; individual claims still require editorial review.
dsc-856d088d7661,Johnson Controls OpenBlue,"[""Johnson Controls OpenBlue""]","[""product_offering""]","[""org-johnson-controls-openblue-d609fb9""]",qualified_core,false,"[""qualified_core""]",1,"[""openblue.johnsoncontrols.com""]","[""https://openblue.johnsoncontrols.com/""]",[],[],[],[],[],0,[],0,[],"[""AI-native BMS-agnostic building performance energy comfort and cybersecurity platform""]","[""L10"",""L8"",""L9""]","[""A""]",[],"[""Ireland""]",[],[],[],"[""https://johnsoncontrols.com/media-center/news/press-releases/2026/08/04/johnson-controls-unveils-ai-powered-openblue-platform-expansions"",""https://openblue.johnsoncontrols.com/"",""https://openblue.johnsoncontrols.com/openblue-intelligence""]",3,"[""qualified_core_identity""]",false,[],2026-08-30,Qualified-core identity; individual claims still require editorial review.
dsc-ec696df7d3dc,Join,"[""Join""]",[],[],discovery_only,true,"[""built_environment_ecosystem_discovery_index""]",1,"[""join.build""]","[""https://join.build/""]","[""https://metaprop.com/portfolio""]",[],[],[],"[""MetaProp""]",1,"[""eco-src-d0ee611265df""]",1,"[""Active/portfolio""]",[],[],[],[],[],[],[],[],"[""https://join.build/"",""https://metaprop.com/portfolio""]",2,"[""source_native_ecosystem_identity""]",false,[],2026-08-30,"Discovery presence is not operating, traction, outcome, security or JCX-fit evidence."
dsc-ddac22b406c3,Jomee-Jomaa,"[""Jomee-Jomaa""]","[""organization""]","[""org-jomee-jomaa-d8b40e9""]",qualified_core,false,"[""qualified_core""]",1,"[""jomeejomaa.com""]","[""https://jomeejomaa.com/""]",[],[],[],[],[],0,[],0,[],"[""fractional-land-platform""]","[""L1""]","[""B""]",[],"[""Bangladesh""]",[],[],[],"[""https://jomeejomaa.com/"",""https://jomeejomaa.com/terms"",""https://thedailystar.net/tech-startup/news/fractional-land-investment-platform-jomee-jomaa-launched-3444451""]",3,"[""qualified_core_identity""]",false,[],2026-08-30,Qualified-core identity; individual claims still require editorial review.
dsc-b5ad8ceda528,Jones,"[""Getjones"",""Jones""]",[],[],discovery_only,true,"[""built_environment_ecosystem_discovery_index""]",1,"[""getjones.com""]","[""https://getjones.com/""]","[""https://metaprop.com/portfolio"",""https://spark.jllt.com/portfolio""]",[],[],[],"[""JLL Spark"",""MetaProp""]",2,"[""eco-src-282fee34d3ea"",""eco-src-a0ae5b16cfa5""]",2,"[""Active/portfolio""]",[],[],[],[],[],[],[],"[""Jones automates and de-risks COI management for property and facility managers by providing the simplest liability solution for commercial real estate. View website""]","[""https://getjones.com/"",""https://metaprop.com/portfolio"",""https://spark.jllt.com/portfolio""]",3,"[""reviewed_name_alias_with_domain_corroboration"",""source_native_ecosystem_identity""]",false,[],2026-08-30,"Discovery presence is not operating, traction, outcome, security or JCX-fit evidence."
dsc-e7e61f82e797,Jubileehomes,"[""Jubileehomes""]",[],[],discovery_only,true,"[""built_environment_ecosystem_discovery_index""]",1,"[""jubileehomes.com""]","[""https://jubileehomes.com/""]","[""https://metaprop.com/portfolio""]",[],[],[],"[""MetaProp""]",1,"[""eco-src-5a16639361a3""]",1,"[""Active/portfolio""]",[],[],[],[],[],[],[],[],"[""https://jubileehomes.com/"",""https://metaprop.com/portfolio""]",2,"[""source_native_ecosystem_identity""]",false,[],2026-08-30,"Discovery presence is not operating, traction, outcome, security or JCX-fit evidence."
dsc-1301cf36802a,Juniper Square,"[""Juniper Square""]","[""organization""]","[""org-juniper-square-860ebe0""]",qualified_core,false,"[""built_environment_ecosystem_discovery_index"",""qualified_core""]",2,"[""junipersquare.com""]","[""https://junipersquare.com/""]","[""https://fifthwall.com/portfolio?2bddaefa_page=2""]",[],[],[],"[""Fifth Wall""]",1,"[""eco-src-f8d4d498e199""]",1,"[""Active/portfolio""]","[""private-markets real-estate fund operating system""]","[""L3"",""L7"",""L9""]","[""A""]",[],"[""United States""]",[],[],"[""Unlock the potential of every investment partnership. Juniper Square provides a unified solution across the investment lifecycle—from fundraising and investor operations to fund administration. Partnership Enablement empowers GPs and LPs to connect and communicate seamlessly across every interaction. Free your firm from the disjointed and siloed systems, operations, and processes keeping your organization from realizing the full potential of your partnerships. Purpose-built for the private markets, Juniper Square supports commercial real estate, private equity, and venture capital firms of all sizes, regardless of the number of investors or investment structure.""]","[""https://fifthwall.com/portfolio?2bddaefa_page=2"",""https://junipersquare.com/"",""https://junipersquare.com/company/press""]",3,"[""exact_normalized_name_with_domain_corroboration"",""qualified_core_identity""]",false,[],2026-08-30,Qualified-core identity; individual claims still require editorial review.
dsc-4cb49583ba85,Juno,"[""Juno""]",[],[],discovery_only,true,"[""built_environment_ecosystem_discovery_index""]",1,"[""juno.co""]","[""https://juno.co/""]","[""https://metaprop.com/portfolio"",""https://ret.vc/portfolio""]",[],[],[],"[""MetaProp"",""RET Ventures Portfolio""]",2,"[""eco-src-67c9d3199bd3"",""eco-src-f188fc3682c2""]",2,"[""Active/portfolio"",""Portfolio company displayed""]",[],[],[],[],[],[],[],"[""Juno Juno is an integrated design company that works with developers to build sustainable apartment buildings. Juno is working to launch their newest product, an AI-powered owner's representative geared towards smaller developers focused on building urban infill housing. Juno integrates core design, delivery, and development activities to more efficiently develop a building at increased quality and speed, enhancing the resident experience and owner returns. Year of investment 2021 Stage at Investment All Early Real Estate Focus All Multifamily View WEbsite""]","[""https://juno.co/"",""https://metaprop.com/portfolio"",""https://ret.vc/portfolio""]",3,"[""exact_normalized_name_with_domain_corroboration"",""source_native_ecosystem_identity""]",false,[],2026-08-30,"Discovery presence is not operating, traction, outcome, security or JCX-fit evidence."
dsc-536c95593be8,Kabam Robotics,"[""Kabam Robotics""]",[],[],discovery_only,true,"[""built_environment_ecosystem_discovery_index""]",1,[],[],"[""https://tarongagroup.com/wp-content/uploads/2025/07/RealTechX-Asset-Impact-Booklet-2025-1.pdf""]",[],[],[],"[""Taronga RealTechX / Asset Impact""]",1,"[""eco-src-06937d88490c""]",1,"[""Alumni/support history displayed""]",[],[],[],[],[],[],[],[],"[""https://tarongagroup.com/wp-content/uploads/2025/07/RealTechX-Asset-Impact-Booklet-2025-1.pdf""]",1,"[""source_native_ecosystem_identity""]",false,[],2026-08-30,"Discovery presence is not operating, traction, outcome, security or JCX-fit evidence."
dsc-8195bdb6382e,Kairos,"[""Kairos""]",[],[],discovery_only,true,"[""built_environment_ecosystem_discovery_index""]",1,"[""kairoswater.io""]","[""https://kairoswater.io/""]","[""https://moderneventures.com/portfolio/kairos""]",[],[],[],"[""Moderne Ventures / Passport""]",1,"[""eco-src-c82a869cc589""]",1,"[""Portfolio/Passport listing displayed""]","[""Passport""]",[],[],[],[],[],[],"[""Water leak detection and control systems — Preventing costly water damage with a cutting-edge digital water technology system — Passport""]","[""https://kairoswater.io/"",""https://moderneventures.com/portfolio/kairos""]",2,"[""source_native_ecosystem_identity""]",false,[],2026-08-30,"Discovery presence is not operating, traction, outcome, security or JCX-fit evidence."
dsc-3e21c22ff3aa,Kajima,"[""Kajima""]","[""organization""]","[""org-kajima-c9b2937""]",qualified_core,false,"[""qualified_core""]",1,"[""kajima.co.jp""]","[""https://kajima.co.jp/english""]",[],[],[],[],[],0,[],0,[],[],"[""L5"",""L8""]","[""A""]",[],"[""Japan""]",[],[],[],"[""https://kajima.co.jp/english"",""https://kajima.co.jp/english/sustainability/report/2025/pdf/ir_e_all.pdf""]",2,"[""qualified_core_identity""]",false,[],2026-08-30,Qualified-core identity; individual claims still require editorial review.
dsc-9f21be350d11,Kapture,"[""Kapture""]",[],[],discovery_only,true,"[""built_environment_ecosystem_discovery_index""]",1,[],[],"[""https://cemexventures.com/top-50""]",[],[],[],"[""CEMEX Ventures Top 50 ConTech 2026""]",1,"[""eco-src-247168ceee4d""]",1,"[""Selected for 2026 Top 50""]","[""Green construction""]",[],[],[],[],[],[],"[""Green construction""]","[""https://cemexventures.com/top-50""]",1,"[""source_native_ecosystem_identity""]",false,[],2026-08-30,"Discovery presence is not operating, traction, outcome, security or JCX-fit evidence."
dsc-850839b1ba6f,Karmen,"[""Karmen""]","[""organization""]","[""org-karmen-a81d410""]",qualified_core,false,"[""qualified_core"",""yc_real_estate_construction_2026-08-30""]",2,[],[],"[""https://ycombinator.com/companies/industry/real-estate-and-construction"",""https://ycombinator.com/companies/karmen""]","[""30062""]","[""F2024""]","[""Active""]",[],0,[],0,[],"[""ConTech / construction operations""]","[""L5 Construction; L12 Data/intelligence""]","[""A"",""C""]",[],"[""US""]","[""San Francisco""]","[""2""]","[""Karmen is an AI scheduling assistant for construction. Karmen builds your baseline schedules from project documents, and updates them as your project evolves, saving you time and potential delays."",""Your AI scheduling assistant for construction""]","[""https://ycombinator.com/companies/industry/real-estate-and-construction"",""https://ycombinator.com/companies/karmen""]",2,"[""exact_normalized_name"",""qualified_core_identity""]",false,[],2026-08-30,Qualified-core identity; individual claims still require editorial review.
dsc-01fc39236904,Kasa,"[""Kasa""]",[],[],discovery_only,true,"[""built_environment_ecosystem_discovery_index""]",1,"[""kasa.com""]","[""https://kasa.com/""]","[""https://ret.vc/portfolio""]",[],[],[],"[""RET Ventures Portfolio""]",1,"[""eco-src-c4b2560d038d""]",1,"[""Portfolio company displayed""]",[],[],[],[],[],[],[],"[""Kasa Kasa manages short-term rentals at properties nationwide, using its unique blend of proprietary technology and in-house real estate expertise. The brand delivers higher occupancy rates and increased operating income to property owners, while offering professionally-managed, stylishly-designed accommodations to guests at a sensible price. Year of investment 2020 Stage at Investment All Early Real Estate Focus All Multifamily Hospitality View WEbsite""]","[""https://kasa.com/"",""https://ret.vc/portfolio""]",2,"[""source_native_ecosystem_identity""]",false,[],2026-08-30,"Discovery presence is not operating, traction, outcome, security or JCX-fit evidence."
dsc-9918514858b4,Katerra,"[""Katerra""]","[""organization""]","[""org-katerra-0503c58""]",qualified_core,false,"[""qualified_core""]",1,"[""katerra.com""]","[""https://katerra.com/""]",[],[],[],[],[],0,[],0,[],"[""Offsite construction/design-build""]","[""L4"",""L5""]",[],[],"[""United States""]",[],[],[],"[""https://constructiondive.com/news/katerra-files-for-chapter-11/601439"",""https://katerra.com/"",""https://reuters.com/"",""https://sec.gov/"",""https://techcrunch.com/2021/06/01/softbank-backed-construction-giant-katerra-said-to-be-shutting-down-after-raising-billions""]",5,"[""qualified_core_identity""]",false,[],2026-08-30,Qualified-core identity; individual claims still require editorial review.
dsc-2b5470d2cebb,KE Holdings / Beike,"[""KE Holdings / Beike""]","[""organization""]","[""org-ke-holdings-beike-860ac7b""]",qualified_core,false,"[""qualified_core""]",1,"[""investors.ke.com""]","[""https://investors.ke.com/""]",[],[],[],[],[],0,[],0,[],"[""integrated online and offline housing transactions brokerage home renovation and housing services""]","[""L12"",""L3"",""L6"",""L7"",""L8""]","[""A""]",[],"[""China""]",[],[],[],"[""https://investors.ke.com/"",""https://investors.ke.com/static-files/1fa581d1-e84c-4840-b898-0bfcd593000d"",""https://investors.ke.com/zh-hans/annual-reports""]",3,"[""qualified_core_identity""]",false,[],2026-08-30,Qualified-core identity; individual claims still require editorial review.
dsc-68fa0e7b2790,Keenhome,"[""Keenhome""]",[],[],discovery_only,true,"[""built_environment_ecosystem_discovery_index""]",1,"[""keenhome.io""]","[""https://keenhome.io/press""]","[""https://metaprop.com/portfolio""]",[],[],[],"[""MetaProp""]",1,"[""eco-src-20ac4e3cb8f8""]",1,"[""Exited/marked exited""]",[],[],[],[],[],[],[],[],"[""https://keenhome.io/press"",""https://metaprop.com/portfolio""]",2,"[""source_native_ecosystem_identity""]",false,[],2026-08-30,"Discovery presence is not operating, traction, outcome, security or JCX-fit evidence."
dsc-cbc57479182f,Kel,"[""Kel""]",[],[],discovery_only,true,"[""built_environment_ecosystem_discovery_index""]",1,"[""kel.vin""]","[""https://kel.vin/""]","[""https://metaprop.com/portfolio""]",[],[],[],"[""MetaProp""]",1,"[""eco-src-7a882b939c4b""]",1,"[""Active/portfolio""]",[],[],[],[],[],[],[],[],"[""https://kel.vin/"",""https://metaprop.com/portfolio""]",2,"[""source_native_ecosystem_identity""]",false,[],2026-08-30,"Discovery presence is not operating, traction, outcome, security or JCX-fit evidence."
dsc-836c833bfba6,Kelvin Systems,"[""Kelvin Systems""]",[],[],discovery_only,true,"[""built_environment_ecosystem_discovery_index""]",1,[],[],"[""https://2150.vc/investments/kelvin-systems""]",[],[],[],"[""2150""]",1,"[""eco-src-21f94f488f82""]",1,"[""Investment displayed; current status not inferred""]",[],[],[],"[""United States""]",[],[],[],"[""Kelvin Systems Kelvin cuts energy waste in legacy buildings with retrofittable insulated radiator covers, heat pumps, and smart controls that lower heating costs.""]","[""https://2150.vc/investments/kelvin-systems""]",1,"[""source_native_ecosystem_identity""]",false,[],2026-08-30,"Discovery presence is not operating, traction, outcome, security or JCX-fit evidence."
dsc-604ea05bcd8d,Keppel,"[""Keppel""]","[""organization""]","[""org-keppel-5873745""]",qualified_core,false,"[""qualified_core""]",1,"[""keppel.com""]","[""https://keppel.com/""]",[],[],[],[],[],0,[],0,[],[],"[""L10"",""L3"",""L8""]","[""A""]",[],"[""Singapore""]",[],[],[],"[""https://keppel.com/"",""https://keppel.com/annualreport2024"",""https://keppel.com/annualreport2024/theme/default/pdf/keppel-ltd-ar2024.pdf""]",3,"[""qualified_core_identity""]",false,[],2026-08-30,Qualified-core identity; individual claims still require editorial review.
dsc-de55c29f29c2,kertos,"[""kertos""]",[],[],discovery_only,true,"[""built_environment_ecosystem_discovery_index""]",1,"[""kertos.io""]","[""https://kertos.io/""]","[""https://pilabs.vc/portfolio""]",[],[],[],"[""Pi Labs""]",1,"[""eco-src-c86bbea85362""]",1,"[""Active/portfolio""]",[],[],[],[],[],[],[],"[""FULLY AUTOMATED PRIVACY COMPLIANCE PLATFORM Est. 2021. Germany. <br> Founded by Dr. Killian Schmidt, Alexander Prams and Johannes Hussak. <br> Last Funding Round: Series A""]","[""https://kertos.io/"",""https://pilabs.vc/portfolio""]",2,"[""source_native_ecosystem_identity""]",false,[],2026-08-30,"Discovery presence is not operating, traction, outcome, security or JCX-fit evidence."
dsc-62c207018687,Kestrix,"[""Kestrix""]","[""organization""]","[""org-kestrix-45a7de9""]",qualified_core,false,"[""built_environment_ecosystem_discovery_index"",""qualified_core""]",2,"[""kestrix.io""]","[""https://kestrix.io/""]","[""https://pilabs.vc/portfolio""]",[],[],[],"[""Pi Labs""]",1,"[""eco-src-dc0b3fd06c97""]",1,"[""Active/portfolio""]","[""machine-learning energy surveying and building intelligence""]","[""L10"",""L8"",""L9""]","[""B""]",[],"[""United Kingdom""]",[],[],"[""MACHINE-LEARNING ENERGY SURVEYANCE Est. 2022. United Kingdom. <br> Founded by Matt Goodridge & Lucy Lyons. <br> Last Funding Round: Seed""]","[""https://kestrix.io/"",""https://pilabs.vc/portfolio"",""https://pilabs.vc/portfolio?sort=date_desc""]",3,"[""exact_normalized_name_with_domain_corroboration"",""qualified_core_identity""]",false,[],2026-08-30,Qualified-core identity; individual claims still require editorial review.
dsc-81ed4f54f139,Key,"[""Key""]",[],[],discovery_only,true,"[""built_environment_ecosystem_discovery_index""]",1,"[""key.me""]","[""https://key.me/""]","[""https://metaprop.com/portfolio""]",[],[],[],"[""MetaProp""]",1,"[""eco-src-a5a046b192b5""]",1,"[""Active/portfolio""]",[],[],[],[],[],[],[],[],"[""https://key.me/"",""https://metaprop.com/portfolio""]",2,"[""source_native_ecosystem_identity""]",false,[],2026-08-30,"Discovery presence is not operating, traction, outcome, security or JCX-fit evidence."
dsc-0b3659bad7ff,Keyway,"[""Keyway""]",[],[],discovery_only,true,"[""built_environment_ecosystem_discovery_index""]",1,"[""keyway.ai""]","[""https://keyway.ai/""]","[""https://moderneventures.com/portfolio/keyway""]",[],[],[],"[""Moderne Ventures / Passport""]",1,"[""eco-src-f4c074155198""]",1,"[""Portfolio/Passport listing displayed""]","[""Passport""]",[],[],[],[],[],[],"[""Sophisticated, domain-specific AI for multifamily market intelligence, revenue management, and document workflow automation — Unlocking hidden opportunities and streamlining real estate Investments with smart analytics — Passport""]","[""https://keyway.ai/"",""https://moderneventures.com/portfolio/keyway""]",2,"[""source_native_ecosystem_identity""]",false,[],2026-08-30,"Discovery presence is not operating, traction, outcome, security or JCX-fit evidence."
dsc-637ac99eab91,Klutch AI,"[""Klutch AI""]",[],[],discovery_only,true,"[""built_environment_ecosystem_discovery_index""]",1,"[""klutch.ai""]","[""https://klutch.ai/""]","[""https://brickmortar.vc/portfolio""]",[],[],[],"[""Brick & Mortar Ventures""]",1,"[""eco-src-bbb503054c15""]",1,"[""Active investment""]",[],[],[],[],[],[],[],[],"[""https://brickmortar.vc/portfolio"",""https://klutch.ai/""]",2,"[""source_native_ecosystem_identity""]",false,[],2026-08-30,"Discovery presence is not operating, traction, outcome, security or JCX-fit evidence."
dsc-7eed1806e813,Knock,"[""Knock""]",[],[],discovery_only,true,"[""built_environment_ecosystem_discovery_index""]",1,[],[],"[""https://nar-reach.com/""]",[],[],[],"[""NAR REACH / Second Century Ventures""]",1,"[""eco-src-cdd7334bbc72""]",1,"[""Portfolio example""]",[],[],[],[],[],[],[],[],"[""https://nar-reach.com/""]",1,"[""source_native_ecosystem_identity""]",false,[],2026-08-30,"Discovery presence is not operating, traction, outcome, security or JCX-fit evidence."
dsc-c142a3d239c9,"Knock — Exited, Acquired by RealPage (NASDAQ: RP)","[""Knock — Exited, Acquired by RealPage (NASDAQ: RP)""]",[],[],discovery_only,true,"[""built_environment_ecosystem_discovery_index""]",1,"[""knockcrm.com""]","[""https://knockcrm.com/""]","[""https://fifthwall.com/portfolio?2bddaefa_page=2""]",[],[],[],"[""Fifth Wall""]",1,"[""eco-src-5eb134edfb17""]",1,"[""Exited/acquired (as displayed)""]",[],[],[],[],[],[],[],"[""Knock is an award-winning CRM and performance management SaaS platform for residential property management companies. Hundreds of the leading apartment managers and owners across North America rely on Knock’s automation, integration and data transparency tools to improve occupancy and renewal rates. Knock is based in Seattle and was founded in 2014.""]","[""https://fifthwall.com/portfolio?2bddaefa_page=2"",""https://knockcrm.com/""]",2,"[""source_native_ecosystem_identity""]",false,[],2026-08-30,"Discovery presence is not operating, traction, outcome, security or JCX-fit evidence."
dsc-6e9acfc64367,Kraaft,"[""Kraaft""]",[],[],discovery_only,true,"[""built_environment_ecosystem_discovery_index""]",1,"[""kraaft.com""]","[""https://kraaft.com/en""]","[""https://brickmortar.vc/portfolio""]",[],[],[],"[""Brick & Mortar Ventures""]",1,"[""eco-src-8fe8b5d91230""]",1,"[""Active investment""]",[],[],[],[],[],[],[],[],"[""https://brickmortar.vc/portfolio"",""https://kraaft.com/en""]",2,"[""source_native_ecosystem_identity""]",false,[],2026-08-30,"Discovery presence is not operating, traction, outcome, security or JCX-fit evidence."
dsc-49b7ed19ad9d,Kwant,"[""Kwant""]",[],[],discovery_only,true,"[""built_environment_ecosystem_discovery_index""]",1,"[""kwant.ai""]","[""https://kwant.ai/""]","[""https://metaprop.com/portfolio""]",[],[],[],"[""MetaProp""]",1,"[""eco-src-523d3e15e77a""]",1,"[""Active/portfolio""]",[],[],[],[],[],[],[],[],"[""https://kwant.ai/"",""https://metaprop.com/portfolio""]",2,"[""source_native_ecosystem_identity""]",false,[],2026-08-30,"Discovery presence is not operating, traction, outcome, security or JCX-fit evidence."
dsc-832c3e4491ba,La Haus,"[""La Haus""]","[""organization""]","[""org-la-haus-46fe911""]",qualified_core,false,"[""qualified_core""]",1,"[""lahaus.com""]","[""https://lahaus.com/quienes-somos""]",[],[],[],[],[],0,[],0,[],"[""new-home marketplace and developer transaction platform""]","[""L1"",""L3"",""L6""]","[""A""]",[],"[""Colombia""]",[],[],[],"[""https://lahaus.com/quienes-somos""]",1,"[""qualified_core_identity""]",false,[],2026-08-30,Qualified-core identity; individual claims still require editorial review.
dsc-5f41762a10ad,Ladder,"[""Ladder""]",[],[],discovery_only,true,"[""yc_real_estate_construction_2026-08-30""]",1,[],[],"[""https://ycombinator.com/companies/industry/real-estate-and-construction"",""https://ycombinator.com/companies/ladder""]","[""13090""]","[""S2020""]","[""Acquired""]",[],0,[],0,[],"[""ConTech / construction operations""]","[""L5 Construction; L12 Data/intelligence""]","[""A""]",[],"[""US""]","[""Atlanta, GA, USA""]","[""1""]","[""Labor Marketplace for Construction"",""Ladder is a recruiting platform for the construction trades.""]","[""https://ycombinator.com/companies/industry/real-estate-and-construction"",""https://ycombinator.com/companies/ladder""]",2,"[""source_native_yc_identity""]",false,[],2026-08-30,"Discovery presence is not operating, traction, outcome, security or JCX-fit evidence."
dsc-285e65087668,Ladder AI,"[""Ladder AI""]",[],[],discovery_only,true,"[""built_environment_ecosystem_discovery_index""]",1,"[""getladder.ai""]","[""https://getladder.ai/""]","[""https://nar-reach.com/israel""]",[],[],[],"[""NAR REACH Israel""]",1,"[""eco-src-69477856a392""]",1,"[""2026 cohort (or current page cohort)""]",[],[],[],"[""Israel""]",[],[],[],"[""Excel-native AI copilot that turns preconstruction into a competitive advantage""]","[""https://getladder.ai/"",""https://nar-reach.com/israel""]",2,"[""source_native_ecosystem_identity""]",false,[],2026-08-30,"Discovery presence is not operating, traction, outcome, security or JCX-fit evidence."
dsc-ec999a69b87d,Landeed,"[""Landeed""]","[""organization""]","[""org-landeed-505b2d4""]",qualified_core,false,"[""qualified_core""]",1,"[""landeed.com""]","[""https://landeed.com/""]",[],[],[],[],[],0,[],0,[],"[""property-records-platform""]","[""L1"",""L12"",""L3""]","[""B""]",[],"[""India""]",[],[],[],"[""https://landeed.com/"",""https://landeed.com/about""]",2,"[""qualified_core_identity""]",false,[],2026-08-30,Qualified-core identity; individual claims still require editorial review.
dsc-96696bdcd3af,LandTech,"[""LandTech""]","[""organization""]","[""org-landtech-82e0a84""]",qualified_core,false,"[""built_environment_ecosystem_discovery_index"",""qualified_core""]",2,"[""land.tech""]","[""https://land.tech/""]","[""https://spark.jllt.com/portfolio""]",[],[],[],"[""JLL Spark""]",1,"[""eco-src-0516e77afb8d""]",1,"[""Active/portfolio""]","[""Land sourcing planning""]","[""L1"",""L12""]","[""A""]",[],"[""United Kingdom""]",[],[],"[""LandTech offers a software ecosystem for property professionals in the UK, helping to build the right homes, in the right places – faster. View website""]","[""https://land.tech/"",""https://pilabs.vc/portfolio?sort=date_desc"",""https://spark.jllt.com/portfolio""]",3,"[""exact_normalized_name_with_domain_corroboration"",""qualified_core_identity""]",false,[],2026-08-30,Qualified-core identity; individual claims still require editorial review.
dsc-03b465b17af7,Latchel,"[""Latchel""]",[],[],discovery_only,true,"[""built_environment_ecosystem_discovery_index""]",1,"[""latchel.com""]","[""https://latchel.com/""]","[""https://metaprop.com/portfolio""]",[],[],[],"[""MetaProp""]",1,"[""eco-src-23418d6e0e31""]",1,"[""Active/portfolio""]",[],[],[],[],[],[],[],[],"[""https://latchel.com/"",""https://metaprop.com/portfolio""]",2,"[""source_native_ecosystem_identity""]",false,[],2026-08-30,"Discovery presence is not operating, traction, outcome, security or JCX-fit evidence."
dsc-6513221b3bf9,Laurelandwolf,"[""Laurelandwolf""]",[],[],discovery_only,true,"[""built_environment_ecosystem_discovery_index""]",1,"[""laurelandwolf.com""]","[""https://laurelandwolf.com/""]","[""https://metaprop.com/portfolio""]",[],[],[],"[""MetaProp""]",1,"[""eco-src-dcbcf4362eea""]",1,"[""Active/portfolio""]",[],[],[],[],[],[],[],[],"[""https://laurelandwolf.com/"",""https://metaprop.com/portfolio""]",2,"[""source_native_ecosystem_identity""]",false,[],2026-08-30,"Discovery presence is not operating, traction, outcome, security or JCX-fit evidence."
dsc-e0072b1c8c32,Lawnstarter,"[""Lawnstarter""]",[],[],discovery_only,true,"[""built_environment_ecosystem_discovery_index""]",1,"[""lawnstarter.com""]","[""https://lawnstarter.com/""]","[""https://metaprop.com/portfolio""]",[],[],[],"[""MetaProp""]",1,"[""eco-src-832fa954e785""]",1,"[""Active/portfolio""]",[],[],[],[],[],[],[],[],"[""https://lawnstarter.com/"",""https://metaprop.com/portfolio""]",2,"[""source_native_ecosystem_identity""]",false,[],2026-08-30,"Discovery presence is not operating, traction, outcome, security or JCX-fit evidence."
dsc-041a6bdcb62f,LeaseLock,"[""LeaseLock""]",[],[],discovery_only,true,"[""built_environment_ecosystem_discovery_index""]",1,"[""leaselock.com""]","[""https://leaselock.com/""]","[""https://moderneventures.com/portfolio/leaselock""]",[],[],[],"[""Moderne Ventures / Passport""]",1,"[""eco-src-b2be588a2b6e""]",1,"[""Exited (displayed)""]","[""Investment""]",[],[],[],[],[],[],"[""Accelerate leasing with a frictionless, deposit-free experience — Insurance technology that eliminates security deposits and integrates with property management systems — Investment""]","[""https://leaselock.com/"",""https://moderneventures.com/portfolio/leaselock""]",2,"[""source_native_ecosystem_identity""]",false,[],2026-08-30,"Discovery presence is not operating, traction, outcome, security or JCX-fit evidence."
dsc-e656d1eb6804,LeasingAI,"[""LeasingAI""]",[],[],discovery_only,true,"[""built_environment_ecosystem_discovery_index""]",1,"[""leasing.ai""]","[""https://leasing.ai/""]","[""https://ret.vc/portfolio""]",[],[],[],"[""RET Ventures AI Accelerator""]",1,"[""eco-src-e7d670633dc1""]",1,"[""AI accelerator company""]",[],[],[],[],[],[],[],"[""LeasingAI LeasingAI is a first-of-its-kind AI optimization tool designed to maximize a property’s visibility across leading generative AI platforms. Through its comprehensive, data-intensive platform, LeasingAI enables multifamily property owners and operators to significantly increase visibility, improve identifiability, and optimize for Generative Engine Optimization platforms. Compatible with major generative AI platforms, including ChatGPT, Gemini, Grok, Claude, Perplexity and Copilot, LeasingAI effectively reshapes the narrative of a property, boosting its visibility and helping drive occupancy within AI search. Year of investment Real Estate Focus Multifamily View WEbsite""]","[""https://leasing.ai/"",""https://ret.vc/portfolio""]",2,"[""source_native_ecosystem_identity""]",false,[],2026-08-30,"Discovery presence is not operating, traction, outcome, security or JCX-fit evidence."
dsc-6767f4f078e8,Leko Labs,"[""Leko Labs""]",[],[],discovery_only,true,"[""built_environment_ecosystem_discovery_index""]",1,[],[],"[""https://2150.vc/investments/leko-labs""]",[],[],[],"[""2150""]",1,"[""eco-src-286d52f453cc""]",1,"[""Investment displayed; current status not inferred""]",[],[],[],"[""Luxembourg""]",[],[],[],"[""Leko Labs Exited Leko Labs pairs patented wood lattice structures with advanced robotics to build at any scale with wood, replacing steel and concrete and cutting CO2 per home.""]","[""https://2150.vc/investments/leko-labs""]",1,"[""source_native_ecosystem_identity""]",false,[],2026-08-30,"Discovery presence is not operating, traction, outcome, security or JCX-fit evidence."
dsc-4993ae501fc7,Lendlease,"[""Lendlease""]","[""organization""]","[""org-lendlease-4cdee7b""]",qualified_core,false,"[""qualified_core""]",1,"[""lendlease.com""]","[""https://lendlease.com/""]",[],[],[],[],[],0,[],0,[],[],"[""L1"",""L10"",""L4"",""L5"",""L8""]","[""A""]",[],"[""Australia""]",[],[],[],"[""https://lendlease.com/"",""https://lendlease.com/siteassets/lendlease/shared/investor-centre/announcements/reports/2021/2021-lendlease-annual-report-pdf.pdf"",""https://lendlease.com/siteassets/lendlease/shared/investor-centre/announcements/results/2020/fy20---2020-annual-report.pdf""]",3,"[""qualified_core_identity""]",false,[],2026-08-30,Qualified-core identity; individual claims still require editorial review.
dsc-c88c78b05f95,Leni,"[""Leni""]",[],[],discovery_only,true,"[""built_environment_ecosystem_discovery_index""]",1,"[""leni.co""]","[""https://leni.co/""]","[""https://moderneventures.com/portfolio/leni""]",[],[],[],"[""Moderne Ventures / Passport""]",1,"[""eco-src-677daa1a7c0f""]",1,"[""Portfolio/Passport listing displayed""]","[""Passport""]",[],[],[],[],[],[],"[""AI-powered asset management — Data aggregation + insights platform enabling fast and accurate decision making — Passport""]","[""https://leni.co/"",""https://moderneventures.com/portfolio/leni""]",2,"[""source_native_ecosystem_identity""]",false,[],2026-08-30,"Discovery presence is not operating, traction, outcome, security or JCX-fit evidence."
dsc-f7c6099095b4,Lennar,"[""Lennar""]","[""organization""]","[""org-lennar-fec1a05""]",qualified_core,false,"[""qualified_core""]",1,"[""lennar.com""]","[""https://lennar.com/""]",[],[],[],[],[],0,[],0,[],"[""high-volume homebuilder, mortgage/title and innovation platform""]","[""L1"",""L10"",""L3"",""L4"",""L5"",""L6"",""L7"",""L8""]","[""A""]",[],"[""United States""]",[],[],[],"[""https://investors.lennar.com/"",""https://investors.lennar.com/press-releases/2026/03-30-2026"",""https://investors.lennar.com/~/media/Files/L/Lennar-IR-V3/documents/annual-reports/annual-report-2025.pdf"",""https://lennar.com/""]",4,"[""qualified_core_identity""]",false,[],2026-08-30,Qualified-core identity; individual claims still require editorial review.
dsc-fcf2b86408ab,Lessen,"[""Lessen""]",[],[],discovery_only,true,"[""built_environment_ecosystem_discovery_index""]",1,"[""lessen.com""]","[""https://lessen.com/""]","[""https://fifthwall.com/portfolio?2bddaefa_page=2""]",[],[],[],"[""Fifth Wall""]",1,"[""eco-src-6ee0314f4bf0""]",1,"[""Active/portfolio""]",[],[],[],[],[],[],[],"[""Lessen is the marketplace platform that unites property owners and service professionals to deliver property services better, faster and cheaper than ever before. The Lessen platform provides complete job workflow and outsourcing of property service projects, automating the management of the entire property services lifecycle. It seamlessly connects property owners to a nationwide network of vetted professionals for renovation, maintenance, cleaning, and turn services, efficiently delivering property services at scale. Lessen is a venture-backed, privately held company based in Scottsdale, Arizona. To learn more, please visit lessen.com .""]","[""https://fifthwall.com/portfolio?2bddaefa_page=2"",""https://lessen.com/""]",2,"[""source_native_ecosystem_identity""]",false,[],2026-08-30,"Discovery presence is not operating, traction, outcome, security or JCX-fit evidence."
dsc-df035cab7630,Lev,"[""Lev""]",[],[],discovery_only,true,"[""built_environment_ecosystem_discovery_index""]",1,"[""lev.com""]","[""https://lev.com/""]","[""https://spark.jllt.com/portfolio""]",[],[],[],"[""JLL Spark""]",1,"[""eco-src-b87ea86e3e78""]",1,"[""Active/portfolio""]",[],[],[],[],[],[],[],"[""The software platform CRE professionals use to become superhuman View website""]","[""https://lev.com/"",""https://spark.jllt.com/portfolio""]",2,"[""source_native_ecosystem_identity""]",false,[],2026-08-30,"Discovery presence is not operating, traction, outcome, security or JCX-fit evidence."
dsc-9f5e34cb5c44,Levelset,"[""Levelset""]",[],[],discovery_only,true,"[""built_environment_ecosystem_discovery_index""]",1,"[""levelset.com""]","[""https://levelset.com/""]","[""https://brickmortar.vc/portfolio""]",[],[],[],"[""Brick & Mortar Ventures""]",1,"[""eco-src-6ed0bc7b1798""]",1,"[""Exit""]",[],[],[],[],[],[],[],[],"[""https://brickmortar.vc/portfolio"",""https://levelset.com/""]",2,"[""source_native_ecosystem_identity""]",false,[],2026-08-30,"Discovery presence is not operating, traction, outcome, security or JCX-fit evidence."
dsc-2313c67c3212,Lexicon Travel Technologies,"[""Lexicon Travel Technologies""]",[],[],discovery_only,true,"[""built_environment_ecosystem_discovery_index""]",1,"[""lexicontravel.com""]","[""https://lexicontravel.com/""]","[""https://ret.vc/portfolio""]",[],[],[],"[""RET Ventures Portfolio""]",1,"[""eco-src-985d9099e3b5""]",1,"[""Portfolio company displayed""]",[],[],[],[],[],[],[],"[""Lexicon Travel Technologies Lexicon Travel Technologies offers personalized assistance to vacation rental property owners, with tools for content distribution and optimizations, revenue management, marketing, and merchandise strategies maximizing return on investment for online channel distribution. Year of investment 2017 Stage at Investment All Early Real Estate Focus All Other View WEbsite""]","[""https://lexicontravel.com/"",""https://ret.vc/portfolio""]",2,"[""source_native_ecosystem_identity""]",false,[],2026-08-30,"Discovery presence is not operating, traction, outcome, security or JCX-fit evidence."
dsc-6436d964c55d,Licify,"[""Licify""]",[],[],discovery_only,true,"[""built_environment_ecosystem_discovery_index""]",1,"[""licify.co""]","[""https://licify.co/""]","[""https://brickmortar.vc/portfolio""]",[],[],[],"[""Brick & Mortar Ventures""]",1,"[""eco-src-e93fb4fb7bd0""]",1,"[""Active investment""]",[],[],[],[],[],[],[],[],"[""https://brickmortar.vc/portfolio"",""https://licify.co/""]",2,"[""source_native_ecosystem_identity""]",false,[],2026-08-30,"Discovery presence is not operating, traction, outcome, security or JCX-fit evidence."
dsc-a658789543ed,Liftango,"[""Liftango""]",[],[],discovery_only,true,"[""built_environment_ecosystem_discovery_index""]",1,[],[],"[""https://tarongagroup.com/wp-content/uploads/2025/07/RealTechX-Asset-Impact-Booklet-2025-1.pdf""]",[],[],[],"[""Taronga RealTechX / Asset Impact""]",1,"[""eco-src-99934bd13276""]",1,"[""Alumni/support history displayed""]",[],[],[],[],[],[],[],[],"[""https://tarongagroup.com/wp-content/uploads/2025/07/RealTechX-Asset-Impact-Booklet-2025-1.pdf""]",1,"[""source_native_ecosystem_identity""]",false,[],2026-08-30,"Discovery presence is not operating, traction, outcome, security or JCX-fit evidence."
dsc-202a4d79afd5,LiftUp,"[""LiftUp""]",[],[],discovery_only,true,"[""built_environment_ecosystem_discovery_index""]",1,"[""liftupchicago.org""]","[""https://liftupchicago.org/""]","[""https://moderneventures.com/portfolio/liftup""]",[],[],[],"[""Moderne Ventures / Passport""]",1,"[""eco-src-3c5e8040e3ca""]",1,"[""Portfolio/Passport listing displayed""]","[""Passport""]",[],[],[],[],[],[],"[""A for profit social enterprise that creates, grows and scales profitable entities — Harnessing the talent of the underemployed and providing pathways to stable employment — Passport""]","[""https://liftupchicago.org/"",""https://moderneventures.com/portfolio/liftup""]",2,"[""source_native_ecosystem_identity""]",false,[],2026-08-30,"Discovery presence is not operating, traction, outcome, security or JCX-fit evidence."
dsc-f7984108ea4e,Lightrfp,"[""Lightrfp""]",[],[],discovery_only,true,"[""built_environment_ecosystem_discovery_index""]",1,"[""lightrfp.com""]","[""https://lightrfp.com/""]","[""https://metaprop.com/portfolio""]",[],[],[],"[""MetaProp""]",1,"[""eco-src-89b3a12f2a0e""]",1,"[""Active/portfolio""]",[],[],[],[],[],[],[],[],"[""https://lightrfp.com/"",""https://metaprop.com/portfolio""]",2,"[""source_native_ecosystem_identity""]",false,[],2026-08-30,"Discovery presence is not operating, traction, outcome, security or JCX-fit evidence."
dsc-fec70e89ee46,Lighttable,"[""Lighttable""]",[],[],discovery_only,true,"[""built_environment_ecosystem_discovery_index""]",1,"[""lighttable.ai""]","[""https://lighttable.ai/""]","[""https://metaprop.com/portfolio""]",[],[],[],"[""MetaProp""]",1,"[""eco-src-800dbe4129a7""]",1,"[""Active/portfolio""]",[],[],[],[],[],[],[],[],"[""https://lighttable.ai/"",""https://metaprop.com/portfolio""]",2,"[""source_native_ecosystem_identity""]",false,[],2026-08-30,"Discovery presence is not operating, traction, outcome, security or JCX-fit evidence."
dsc-871d379c18cc,Lime,"[""Lime""]",[],[],discovery_only,true,"[""built_environment_ecosystem_discovery_index""]",1,"[""limebike.com""]","[""https://limebike.com/""]","[""https://fifthwall.com/portfolio?2bddaefa_page=2""]",[],[],[],"[""Fifth Wall""]",1,"[""eco-src-306f08282b50""]",1,"[""Active/portfolio""]",[],[],[],[],[],[],[],"[""Lime is revolutionizing mobility in cities and campuses by empowering residents with a greener, more efficient, and affordable transportation option that also improves urban sustainability. By partnering with local key stakeholders and systematically deploying a fleet of smart-bikes that are enabled with GPS, wireless technology, and self-activating locks, Lime will dramatically improve urban mobility by making the first and last mile faster, cheaper, and healthier for riders. Since launching in June 2017, the company has expanded internationally to Europe, and deployed electric scooters, electric-assist bikes, and multiple models of their standard pedal bike.""]","[""https://fifthwall.com/portfolio?2bddaefa_page=2"",""https://limebike.com/""]",2,"[""source_native_ecosystem_identity""]",false,[],2026-08-30,"Discovery presence is not operating, traction, outcome, security or JCX-fit evidence."
dsc-f8023b0817d3,Link REIT,"[""Link REIT""]","[""organization""]","[""org-link-reit-3ef24b7""]",qualified_core,false,"[""qualified_core""]",1,"[""linkreit.com""]","[""https://linkreit.com/en""]",[],[],[],[],[],0,[],0,[],"[""APAC internally managed REIT and community operator""]","[""L1"",""L10"",""L6"",""L7"",""L8""]","[""B""]",[],"[""Hong Kong""]",[],[],[],"[""https://linkreit.com/en"",""https://linkreit.com/en/investor-relations"",""https://linkreit.com/en/investor-relations/financial-reports"",""https://linkreit.com/en/sustainability""]",4,"[""qualified_core_identity""]",false,[],2026-08-30,Qualified-core identity; individual claims still require editorial review.
dsc-d6188b2c22de,LITEHAUS,"[""LITEHAUS""]",[],[],discovery_only,true,"[""built_environment_ecosystem_discovery_index""]",1,[],[],"[""https://cemexventures.com/top-50""]",[],[],[],"[""CEMEX Ventures Top 50 ConTech 2026""]",1,"[""eco-src-53c708e7406d""]",1,"[""Selected for 2026 Top 50""]","[""Future of construction""]",[],[],[],[],[],[],"[""Future of construction""]","[""https://cemexventures.com/top-50""]",1,"[""source_native_ecosystem_identity""]",false,[],2026-08-30,"Discovery presence is not operating, traction, outcome, security or JCX-fit evidence."
dsc-9ef8b9122ea4,Liveby,"[""Liveby""]",[],[],discovery_only,true,"[""built_environment_ecosystem_discovery_index""]",1,"[""liveby.com""]","[""https://liveby.com/""]","[""https://metaprop.com/portfolio""]",[],[],[],"[""MetaProp""]",1,"[""eco-src-eba4479610cf""]",1,"[""Exited/marked exited""]",[],[],[],[],[],[],[],[],"[""https://liveby.com/"",""https://metaprop.com/portfolio""]",2,"[""source_native_ecosystem_identity""]",false,[],2026-08-30,"Discovery presence is not operating, traction, outcome, security or JCX-fit evidence."
dsc-642c075e4980,LiveEasy,"[""LiveEasy""]",[],[],discovery_only,true,"[""built_environment_ecosystem_discovery_index""]",1,"[""appfolio.com""]","[""https://appfolio.com/""]","[""https://moderneventures.com/portfolio/liveeasy""]",[],[],[],"[""Moderne Ventures / Passport""]",1,"[""eco-src-47b4422c4076""]",1,"[""Exited (displayed)""]","[""Investment""]",[],[],[],[],[],[],"[""Lifetime concierge platform — Turnkey concierge platform offering a true end-to-end lifetime service experience. Acquired by Appfolio. — Investment""]","[""https://appfolio.com/"",""https://moderneventures.com/portfolio/liveeasy""]",2,"[""source_native_ecosystem_identity""]",true,"[""Domain appfolio.com is also used by AppFolio; shared-domain relationship requires review.""]",2026-08-30,"Discovery presence is not operating, traction, outcome, security or JCX-fit evidence."
dsc-4f0f4a20e6cf,Livly,"[""Livly""]",[],[],discovery_only,true,"[""built_environment_ecosystem_discovery_index""]",1,"[""livly.io""]","[""https://livly.io/""]","[""https://spark.jllt.com/portfolio""]",[],[],[],"[""JLL Spark""]",1,"[""eco-src-dbec89a29eb9""]",1,"[""Active/portfolio""]",[],[],[],[],[],[],[],"[""Livly’s technology removes the friction of using multiple time-consuming tools to manage multifamily apartments. View website""]","[""https://livly.io/"",""https://spark.jllt.com/portfolio""]",2,"[""source_native_ecosystem_identity""]",false,[],2026-08-30,"Discovery presence is not operating, traction, outcome, security or JCX-fit evidence."
dsc-813910495bfa,Livspace,"[""Livspace""]","[""organization""]","[""org-livspace-8e2af3d""]",qualified_core,false,"[""qualified_core""]",1,"[""livspace.com""]","[""https://livspace.com/in""]",[],[],[],[],[],0,[],0,[],"[""tech-enabled end-to-end interiors and renovation""]","[""L11"",""L4"",""L5""]","[""B""]",[],"[""India""]",[],[],[],"[""https://livspace.com/in"",""https://livspace.com/in/about-us""]",2,"[""qualified_core_identity""]",false,[],2026-08-30,Qualified-core identity; individual claims still require editorial review.
dsc-ba1721039e4e,Local Measure,"[""Local Measure""]",[],[],discovery_only,true,"[""built_environment_ecosystem_discovery_index""]",1,[],[],"[""https://tarongagroup.com/wp-content/uploads/2025/07/RealTechX-Asset-Impact-Booklet-2025-1.pdf""]",[],[],[],"[""Taronga RealTechX / Asset Impact""]",1,"[""eco-src-80e56b81a472""]",1,"[""Alumni/support history displayed""]",[],[],[],[],[],[],[],[],"[""https://tarongagroup.com/wp-content/uploads/2025/07/RealTechX-Asset-Impact-Booklet-2025-1.pdf""]",1,"[""source_native_ecosystem_identity""]",false,[],2026-08-30,"Discovery presence is not operating, traction, outcome, security or JCX-fit evidence."
dsc-27bdcfc0ed00,Localize,"[""Localize""]","[""organization""]","[""org-localize-ec8bde7""]",qualified_core,false,"[""qualified_core""]",1,"[""localize.city""]","[""https://localize.city/""]",[],[],[],[],[],0,[],0,[],"[""Property data and buyer tools""]","[""L12"",""L6""]","[""C""]",[],"[""Israel""]",[],[],[],"[""https://calcalistech.com/ctechnews/article/sypuszzjr"",""https://localize.city/""]",2,"[""qualified_core_identity""]",false,[],2026-08-30,Qualified-core identity; individual claims still require editorial review.
dsc-c90f3b26a300,Locate,"[""Locate""]",[],[],discovery_only,true,"[""built_environment_ecosystem_discovery_index""]",1,"[""locate.ai""]","[""https://locate.ai/""]","[""https://metaprop.com/portfolio""]",[],[],[],"[""MetaProp""]",1,"[""eco-src-1c6ab0266b94""]",1,"[""Active/portfolio""]",[],[],[],[],[],[],[],[],"[""https://locate.ai/"",""https://metaprop.com/portfolio""]",2,"[""source_native_ecosystem_identity""]",false,[],2026-08-30,"Discovery presence is not operating, traction, outcome, security or JCX-fit evidence."
dsc-643929f8fb8c,Lodha Developers / Macrotech,"[""Lodha Developers / Macrotech""]","[""organization""]","[""org-lodha-developers-macrotech-fabb78c""]",qualified_core,false,"[""qualified_core""]",1,"[""lodhagroup.com""]","[""https://lodhagroup.com/""]",[],[],[],[],[],0,[],0,[],[],"[""L1"",""L10"",""L3"",""L4"",""L6"",""L7"",""L8""]","[""A""]",[],"[""India""]",[],[],[],"[""https://lodhagroup.com/"",""https://lodhagroup.com/investor-relations"",""https://lodhagroup.in/investor-relations/assets/pdf/3rd-Integrated-Annual-Report_2023-24.pdf""]",3,"[""qualified_core_identity""]",false,[],2026-08-30,Qualified-core identity; individual claims still require editorial review.
dsc-3d1dd5f4b8e8,Loft,"[""Loft""]","[""organization""]","[""org-loft-ed3b4dd""]",qualified_core,false,"[""built_environment_ecosystem_discovery_index"",""qualified_core""]",2,"[""loft.com.br""]","[""https://loft.com.br/"",""https://loft.com.br/para-imobiliarias/institucional-loft""]","[""https://fifthwall.com/portfolio?2bddaefa_page=2""]",[],[],[],"[""Fifth Wall""]",1,"[""eco-src-1562ff839645""]",1,"[""Active/portfolio""]","[""real-estate platform CRM credit and rental guarantee""]","[""L3"",""L6"",""L7""]","[""A""]",[],"[""Brazil""]",[],[],"[""Loft is reinventing the process of buying and selling real estate in Brazil by leveraging technology and data to transform painful and bureaucratic processes into simple and delightful experiences. At Loft, you can sell your apartment instantly for a fair price or find your next perfect home ready for move-in. We respect your time; it is your most valuable asset.""]","[""https://fifthwall.com/portfolio?2bddaefa_page=2"",""https://loft.com.br/"",""https://loft.com.br/para-imobiliarias"",""https://loft.com.br/para-imobiliarias/institucional-loft""]",4,"[""exact_normalized_name_with_domain_corroboration"",""qualified_core_identity""]",false,[],2026-08-30,Qualified-core identity; individual claims still require editorial review.
dsc-248af7466de8,Loggi,"[""Loggi""]",[],[],discovery_only,true,"[""built_environment_ecosystem_discovery_index""]",1,"[""loggi.com""]","[""https://loggi.com/""]","[""https://fifthwall.com/portfolio?2bddaefa_page=2""]",[],[],[],"[""Fifth Wall""]",1,"[""eco-src-0951ce3342cc""]",1,"[""Active/portfolio""]",[],[],[],[],[],[],[],"[""Loggi is a Brazil-based urban logistics company whose platform matches couriers to shippers. Loggi's technology streamlines your day-to-day life by delivering transparent pricing, automatic payment, and real-time tracking of your delivery with trusted, carefully selected, trained messengers.""]","[""https://fifthwall.com/portfolio?2bddaefa_page=2"",""https://loggi.com/""]",2,"[""source_native_ecosystem_identity""]",false,[],2026-08-30,"Discovery presence is not operating, traction, outcome, security or JCX-fit evidence."
dsc-2905fb3a75b8,Longmark,"[""Longmark""]",[],[],discovery_only,true,"[""built_environment_ecosystem_discovery_index""]",1,"[""longmark.com""]","[""https://longmark.com/""]","[""https://metaprop.com/portfolio""]",[],[],[],"[""MetaProp""]",1,"[""eco-src-71ba03145b4f""]",1,"[""Active/portfolio""]",[],[],[],[],[],[],[],[],"[""https://longmark.com/"",""https://metaprop.com/portfolio""]",2,"[""source_native_ecosystem_identity""]",false,[],2026-08-30,"Discovery presence is not operating, traction, outcome, security or JCX-fit evidence."
dsc-92248b5af082,Loop,"[""Loop""]",[],[],discovery_only,true,"[""built_environment_ecosystem_discovery_index""]",1,"[""evloop.io""]","[""https://evloop.io/""]","[""https://fifthwall.com/portfolio?2bddaefa_page=2""]",[],[],[],"[""Fifth Wall""]",1,"[""eco-src-95a6d740b8e3""]",1,"[""Active/portfolio""]",[],[],[],[],[],[],[],"[""Loop is one of the fastest growing electric vehicle charging network infrastructure companies in the world. The company provides turnkey hardware, software and ongoing operating service-based solutions that simplify and streamline the delivery of cost-effective public and private EV charging network infrastructure for commercial, multifamily residential, fleet and municipal real estate markets. Since their launch in 2019, Loop has grown to provide comprehensive EV charging solutions in all 50 US states as well as over 15 countries and growing.""]","[""https://evloop.io/"",""https://fifthwall.com/portfolio?2bddaefa_page=2""]",2,"[""source_native_ecosystem_identity""]",false,[],2026-08-30,"Discovery presence is not operating, traction, outcome, security or JCX-fit evidence."
dsc-3f76dd914358,LotRoll,"[""LotRoll""]","[""organization""]","[""org-lotroll-83be313""]",qualified_core,false,"[""built_environment_ecosystem_discovery_index"",""qualified_core""]",2,"[""lotroll.com""]","[""https://lotroll.com/""]","[""https://nar-reach.com/latam"",""https://nar-reach.com/second-century-ventures-announces-6-technology-companies-for-2026-reach-scale-up-program"",""https://nar-reach.com/us-residential""]",[],[],[],"[""NAR REACH Latin America"",""NAR REACH US Residential""]",2,"[""eco-src-1f2180cabae2"",""eco-src-541ffb59829f""]",2,"[""2026 cohort (or current page cohort)""]","[""Manufactured-housing data/infrastructure""]","[""L12"",""L6""]","[""B""]","[""Latin America"",""United States""]","[""United States""]",[],[],"[""Bringing the manufactured housing market online with the data, infrastructure, and tools needed to help industry professionals serve millions of families in one of housing’s most overlooked segments.""]","[""https://lotroll.com/"",""https://nar-reach.com/latam"",""https://nar-reach.com/second-century-ventures-announces-6-technology-companies-for-2026-reach-scale-up-program"",""https://nar-reach.com/us-residential""]",4,"[""exact_normalized_name"",""exact_normalized_name_with_domain_corroboration"",""qualified_core_identity""]",false,[],2026-08-30,Qualified-core identity; individual claims still require editorial review.
dsc-64a0b971b8dc,Lula,"[""Lula""]","[""organization""]","[""org-lula-f8449a2""]",qualified_core,false,"[""built_environment_ecosystem_discovery_index"",""qualified_core""]",2,"[""lula.life""]","[""https://lula.life/""]","[""https://ret.vc/portfolio""]",[],[],[],"[""RET Ventures Portfolio""]",1,"[""eco-src-aa52a89cda16""]",1,"[""Portfolio company displayed""]","[""property maintenance coordination and vendor network""]","[""L5"",""L8""]","[""A""]",[],"[""United States""]",[],[],"[""Lula Lula is a technology platform that streamlines the maintenance process for property managers and their tenants. Year of investment 2022 Stage at Investment All Early Real Estate Focus All Multifamily Single-Family View WEbsite""]","[""https://lula.life/"",""https://lula.life/company"",""https://ret.vc/portfolio""]",3,"[""exact_normalized_name_with_domain_corroboration"",""qualified_core_identity""]",false,[],2026-08-30,Qualified-core identity; individual claims still require editorial review.
dsc-27dd91b7f356,Lumina,"[""Lumina""]","[""organization""]","[""org-lumina-375ff59""]",qualified_core,false,"[""qualified_core""]",1,"[""luminatech.co""]","[""https://luminatech.co/""]",[],[],[],[],[],0,[],0,[],"[""zero-emission heavy civil equipment and robotics""]","[""L10"",""L5""]","[""A""]",[],"[""United States""]",[],[],[],"[""https://luminatech.co/"",""https://luminatech.co/moonlander"",""https://shadow.vc/investments/lumina""]",3,"[""qualified_core_identity""]",false,[],2026-08-30,Qualified-core identity; individual claims still require editorial review.
dsc-09d7d38b2bbd,Luxwall,"[""Luxwall""]",[],[],discovery_only,true,"[""built_environment_ecosystem_discovery_index""]",1,[],[],"[""https://2150.vc/investments/luxwall""]",[],[],[],"[""2150""]",1,"[""eco-src-5a6b91785c56""]",1,"[""Investment displayed; current status not inferred""]",[],[],[],"[""United States""]",[],[],[],"[""Luxwall LuxWall's next-generation vacuum-insulated glass cuts heating and cooling costs by up to 45% in a scalable, drop-in solution with leading performance.""]","[""https://2150.vc/investments/luxwall""]",1,"[""source_native_ecosystem_identity""]",false,[],2026-08-30,"Discovery presence is not operating, traction, outcome, security or JCX-fit evidence."
dsc-8e67a1e392d0,Machine26,"[""Machine26""]",[],[],discovery_only,true,"[""yc_real_estate_construction_2026-08-30""]",1,[],[],"[""https://ycombinator.com/companies/industry/real-estate-and-construction"",""https://ycombinator.com/companies/machine26""]","[""23327""]","[""W2021""]","[""Active""]",[],0,[],0,[],"[""ConTech / construction operations""]","[""L5 Construction; L12 Data/intelligence""]","[""A""]",[],"[""DE""]","[""Berlin, Germany""]","[""12""]","[""Machine26 is a marketplace that helps construction machine owners to sell their machines without any effort. Our inspection app collects all relevant data on the machine condition so that our customers can receive the best offer from international used dealers within a few days."",""Marketplace for construction machines""]","[""https://ycombinator.com/companies/industry/real-estate-and-construction"",""https://ycombinator.com/companies/machine26""]",2,"[""source_native_yc_identity""]",false,[],2026-08-30,"Discovery presence is not operating, traction, outcome, security or JCX-fit evidence."
dsc-185845d9056c,MagicDoor,"[""MagicDoor""]","[""organization""]","[""org-magicdoor-2e9843c""]",qualified_core,false,"[""qualified_core""]",1,"[""magicdoor.com""]","[""https://magicdoor.com/""]",[],[],[],[],[],0,[],0,[],"[""AI-native property management for leasing maintenance accounting and resident communication""]","[""L6"",""L8""]","[""A""]",[],"[""United States""]",[],[],[],"[""https://magicdoor.com/"",""https://shadow.vc/blog/announcing-our-investment-in-magicdoor"",""https://shadow.vc/investments/magicdoor""]",3,"[""qualified_core_identity""]",false,[],2026-08-30,Qualified-core identity; individual claims still require editorial review.
dsc-ae0513e7f1cc,Mahindra Lifespaces,"[""Mahindra Lifespaces""]","[""organization""]","[""org-mahindra-lifespaces-55a7354""]",qualified_core,false,"[""qualified_core""]",1,"[""mahindralifespaces.com""]","[""https://mahindralifespaces.com/""]",[],[],[],[],[],0,[],0,[],"[""India residential, industrial-cluster and net-zero developer""]","[""L1"",""L10"",""L4"",""L5"",""L7"",""L8""]","[""B""]",[],"[""India""]",[],[],[],"[""https://cms.mahindralifespaces.com/web/node/4161"",""https://mahindralifespaces.com/"",""https://mahindralifespaces.com/investor-center?category=annual-reports"",""https://mldlprodstorage.blob.core.windows.net/live/2025/07/269865_MLDL_AR_2025_Final.pdf""]",4,"[""qualified_core_identity""]",false,[],2026-08-30,Qualified-core identity; individual claims still require editorial review.
dsc-f9833df9328b,Majid Al Futtaim,"[""Majid Al Futtaim""]","[""organization""]","[""org-majid-al-futtaim-0b14d94""]",qualified_core,false,"[""qualified_core""]",1,"[""majidalfuttaim.com""]","[""https://majidalfuttaim.com/""]",[],[],[],[],[],0,[],0,[],"[""MENA integrated developer, mall/hotel/entertainment owner and digital ecosystem""]","[""L1"",""L10"",""L3"",""L6"",""L7"",""L8""]","[""A""]",[],"[""United Arab Emirates""]",[],[],[],"[""https://majidalfuttaim.com/"",""https://majidalfuttaim.com/docs/default-source/reports/majid-alfuttaim-holding-consolidated-fs-2025.pdf?sfvrsn=aa95b9a_3"",""https://majidalfuttaim.com/en/investor-relations/financial-summary"",""https://majidalfuttaim.com/en/media-centre/press-releases/detail/2025/09/strategic-investments--digital-scale-drive-majid-al-futtaims-solid-h1-2025-results""]",4,"[""qualified_core_identity""]",false,[],2026-08-30,Qualified-core identity; individual claims still require editorial review.
dsc-67d0a01714af,Make a Bim,"[""Make a Bim""]",[],[],discovery_only,true,"[""built_environment_ecosystem_discovery_index""]",1,[],[],"[""https://cemexventures.com/top-50""]",[],[],[],"[""CEMEX Ventures Top 50 ConTech 2026""]",1,"[""eco-src-ee86c174b63d""]",1,"[""Selected for 2026 Top 50""]","[""Enhanced productivity""]",[],[],[],[],[],[],"[""Enhanced productivity""]","[""https://cemexventures.com/top-50""]",1,"[""source_native_ecosystem_identity""]",false,[],2026-08-30,"Discovery presence is not operating, traction, outcome, security or JCX-fit evidence."
dsc-1220fcb7923e,Managedbyq,"[""Managedbyq""]",[],[],discovery_only,true,"[""built_environment_ecosystem_discovery_index""]",1,"[""managedbyq.com""]","[""https://managedbyq.com/""]","[""https://metaprop.com/portfolio""]",[],[],[],"[""MetaProp""]",1,"[""eco-src-774e4344230f""]",1,"[""Exited/marked exited""]",[],[],[],[],[],[],[],[],"[""https://managedbyq.com/"",""https://metaprop.com/portfolio""]",2,"[""source_native_ecosystem_identity""]",false,[],2026-08-30,"Discovery presence is not operating, traction, outcome, security or JCX-fit evidence."
dsc-0d44cc010ba3,Mango,"[""Mango""]",[],[],discovery_only,true,"[""built_environment_ecosystem_discovery_index""]",1,[],[],"[""https://cemexventures.com/top-50""]",[],[],[],"[""CEMEX Ventures Top 50 ConTech 2026""]",1,"[""eco-src-ef65c2c844a3""]",1,"[""Selected for 2026 Top 50""]","[""Enhanced productivity""]",[],[],[],[],[],[],"[""Enhanced productivity""]","[""https://cemexventures.com/top-50""]",1,"[""source_native_ecosystem_identity""]",false,[],2026-08-30,"Discovery presence is not operating, traction, outcome, security or JCX-fit evidence."
dsc-ba49188e9ed9,Mangxo,"[""Mangxo""]",[],[],discovery_only,true,"[""built_environment_ecosystem_discovery_index""]",1,"[""mangxo.com""]","[""https://mangxo.com/""]","[""https://brickmortar.vc/portfolio""]",[],[],[],"[""Brick & Mortar Ventures""]",1,"[""eco-src-f8a520bbc382""]",1,"[""Active investment""]",[],[],[],[],[],[],[],[],"[""https://brickmortar.vc/portfolio"",""https://mangxo.com/""]",2,"[""source_native_ecosystem_identity""]",false,[],2026-08-30,"Discovery presence is not operating, traction, outcome, security or JCX-fit evidence."
dsc-ba47a8408342,Mapletree,"[""Mapletree""]","[""organization""]","[""org-mapletree-38e8d9a""]",qualified_core,false,"[""qualified_core""]",1,"[""mapletree.com.sg""]","[""https://mapletree.com.sg/""]",[],[],[],[],[],0,[],0,[],[],"[""L1"",""L10"",""L8""]","[""B""]",[],"[""Singapore""]",[],[],[],"[""https://mapletree.com.sg/""]",1,"[""qualified_core_identity""]",false,[],2026-08-30,Qualified-core identity; individual claims still require editorial review.
dsc-9df84c1a2650,Mapped,"[""Mapped""]",[],[],discovery_only,true,"[""built_environment_ecosystem_discovery_index""]",1,"[""mapped.com""]","[""https://mapped.com/""]","[""https://metaprop.com/portfolio""]",[],[],[],"[""MetaProp""]",1,"[""eco-src-7c8950b6667f""]",1,"[""Active/portfolio""]",[],[],[],[],[],[],[],[],"[""https://mapped.com/"",""https://metaprop.com/portfolio""]",2,"[""source_native_ecosystem_identity""]",false,[],2026-08-30,"Discovery presence is not operating, traction, outcome, security or JCX-fit evidence."
dsc-a8f83107f4e4,Markerr,"[""Markerr""]",[],[],discovery_only,true,"[""built_environment_ecosystem_discovery_index""]",1,"[""markerr.com""]","[""https://markerr.com/""]","[""https://ret.vc/portfolio""]",[],[],[],"[""RET Ventures Portfolio""]",1,"[""eco-src-5b6ec6d091a0""]",1,"[""Portfolio company displayed""]",[],[],[],[],[],[],[],"[""Markerr Markerr is a catalyst for their customers, enabling them to go beyond the status quo by providing deep insight into the supply and demand dynamics around any location, for more accurate valuations and ultimately stronger ROI. Year of investment 2020 Stage at Investment All Early Real Estate Focus All Multifamily Commercial Retail Single-Family View WEbsite""]","[""https://markerr.com/"",""https://ret.vc/portfolio""]",2,"[""source_native_ecosystem_identity""]",false,[],2026-08-30,"Discovery presence is not operating, traction, outcome, security or JCX-fit evidence."
dsc-eab94203dd27,Marriott International,"[""Marriott International""]","[""organization""]","[""org-marriott-international-a8d5e3d""]",qualified_core,false,"[""qualified_core""]",1,"[""marriott.com""]","[""https://marriott.com/""]",[],[],[],[],[],0,[],0,[],"[""global hospitality platform and owner-facing operator""]","[""L3"",""L4"",""L5"",""L7"",""L8""]","[""A""]",[],"[""United States""]",[],[],[],"[""https://marriott.com/"",""https://marriott.gcs-web.com/annual"",""https://marriott.gcs-web.com/static-files/b82978a6-9d28-4e38-9855-fc4ae2cebe11"",""https://sec.gov/Archives/edgar/data/1048286/000104828626000007/mar-20251231.htm""]",4,"[""qualified_core_identity""]",false,[],2026-08-30,Qualified-core identity; individual claims still require editorial review.
dsc-5408ff4479a6,Masdar City,"[""Masdar City""]","[""organization""]","[""org-masdar-city-eee2e48""]",qualified_core,false,"[""qualified_core""]",1,"[""mubadala.com""]","[""https://mubadala.com/en/what-we-do/masdar-city""]",[],[],[],[],[],0,[],0,[],[],"[""L1"",""L10"",""L4"",""L8""]","[""B""]",[],"[""United Arab Emirates""]",[],[],[],"[""https://masdar.ae/en/news/newsroom/tech-park-at-masdar-city-to-position-abu-dhabi-as-an-innovation-hub-for-start-ups"",""https://mubadala.com/en/what-we-do/masdar-city""]",2,"[""qualified_core_identity""]",false,[],2026-08-30,Qualified-core identity; individual claims still require editorial review.
dsc-f7d36092e3c1,mastt,"[""mastt""]",[],[],discovery_only,true,"[""built_environment_ecosystem_discovery_index""]",1,[],[],"[""https://tarongagroup.com/wp-content/uploads/2025/07/RealTechX-Asset-Impact-Booklet-2025-1.pdf""]",[],[],[],"[""Taronga RealTechX / Asset Impact""]",1,"[""eco-src-8f41cf95167f""]",1,"[""Alumni/support history displayed""]",[],[],[],[],[],[],[],[],"[""https://tarongagroup.com/wp-content/uploads/2025/07/RealTechX-Asset-Impact-Booklet-2025-1.pdf""]",1,"[""source_native_ecosystem_identity""]",false,[],2026-08-30,"Discovery presence is not operating, traction, outcome, security or JCX-fit evidence."
dsc-67eb1556d532,Material Depot,"[""Material Depot""]","[""organization""]","[""org-material-depot-494da72""]",qualified_core,false,"[""qualified_core"",""yc_real_estate_construction_2026-08-30""]",2,[],[],"[""https://ycombinator.com/companies/industry/real-estate-and-construction"",""https://ycombinator.com/companies/material-depot""]","[""25810""]","[""W2022""]","[""Active""]",[],0,[],0,[],"[""ConTech / construction operations"",""interior-material marketplace and supply chain""]","[""L11"",""L4 Design/BIM; L5 Construction; L12 Data/intelligence"",""L5""]","[""A"",""B""]",[],"[""IN"",""India""]","[""Bengaluru""]","[""50""]","[""India's Fastest Growing Home Decor destination for Floor & Wall Decor"",""Material Depot is reimagining home interiors for the next generation of Indian homeowners. We bring design-forward materials: tiles, laminates, wall panels & more - straight from manufacturers to customers, cutting out the old, broken supply chain. Our online engagement fuels real-time trend insights, enabling us to launch new designs faster, in smaller batches, and at unbeatable prices. The result: beautiful...""]","[""https://ycombinator.com/companies/industry/real-estate-and-construction"",""https://ycombinator.com/companies/material-depot""]",2,"[""exact_normalized_name"",""qualified_core_identity""]",false,[],2026-08-30,Qualified-core identity; individual claims still require editorial review.
dsc-a49838c844fc,Material Evolution,"[""Material Evolution""]",[],[],discovery_only,true,"[""built_environment_ecosystem_discovery_index""]",1,[],[],"[""https://cemexventures.com/top-50""]",[],[],[],"[""CEMEX Ventures Top 50 ConTech 2026""]",1,"[""eco-src-58ba8705dd1f""]",1,"[""Selected for 2026 Top 50""]","[""Green construction""]",[],[],[],[],[],[],"[""Green construction""]","[""https://cemexventures.com/top-50""]",1,"[""source_native_ecosystem_identity""]",false,[],2026-08-30,"Discovery presence is not operating, traction, outcome, security or JCX-fit evidence."
dsc-aafe1681afb7,Matterport,"[""Matterport""]","[""organization""]","[""org-matterport-6ed468a""]",qualified_core,false,"[""qualified_core""]",1,"[""matterport.com""]","[""https://matterport.com/""]",[],[],[],[],[],0,[],0,[],"[""3D capture digital twin""]","[""L4"",""L6"",""L8""]",[],[],"[""United States""]",[],[],[],"[""https://costargroup.com/"",""https://matterport.com/"",""https://static.matterport.com/mp_cms/media/filer_public/4f/bf/4fbfdb3a-4e41-494c-b3ab-e45ab1f81569/matterport_for_real_estate_-_script_updated.pdf""]",3,"[""qualified_core_identity""]",false,[],2026-08-30,Qualified-core identity; individual claims still require editorial review.
dsc-df0802a75d9b,MaxHome,"[""MaxHome""]",[],[],discovery_only,true,"[""built_environment_ecosystem_discovery_index""]",1,"[""maxhome.ai""]","[""https://maxhome.ai/""]","[""https://nar-reach.com/latam"",""https://nar-reach.com/us-residential""]",[],[],[],"[""NAR REACH Latin America"",""NAR REACH US Residential""]",2,"[""eco-src-5b94a6bceba6"",""eco-src-d1a5eb6df952""]",2,"[""2026 cohort (or current page cohort)""]",[],[],[],"[""Latin America"",""United States""]",[],[],[],"[""Transaction intelligence platform streamlining compliance, automating workflows, and reducing manual operational work for brokerages and agents.""]","[""https://maxhome.ai/"",""https://nar-reach.com/latam"",""https://nar-reach.com/us-residential""]",3,"[""exact_normalized_name_with_domain_corroboration"",""source_native_ecosystem_identity""]",false,[],2026-08-30,"Discovery presence is not operating, traction, outcome, security or JCX-fit evidence."
dsc-221c478d55be,MaxHome.ai,"[""MaxHome.ai""]","[""organization""]","[""org-maxhome-ai-e6888c9""]",qualified_core,false,"[""qualified_core""]",1,[],[],"[""https://nar-reach.com/second-century-ventures-announces-6-technology-companies-for-2026-reach-scale-up-program""]",[],[],[],[],0,[],0,[],"[""Transaction intelligence""]","[""L3"",""L8""]","[""B""]",[],"[""United States""]",[],[],[],"[""https://nar-reach.com/second-century-ventures-announces-6-technology-companies-for-2026-reach-scale-up-program""]",1,"[""qualified_core_identity""]",false,[],2026-08-30,Qualified-core identity; individual claims still require editorial review.
dsc-d276c21fd55f,Maybern,"[""Maybern""]",[],[],discovery_only,true,"[""built_environment_ecosystem_discovery_index""]",1,"[""maybern.com""]","[""https://maybern.com/""]","[""https://metaprop.com/portfolio""]",[],[],[],"[""MetaProp""]",1,"[""eco-src-278f0ac2cd87""]",1,"[""Active/portfolio""]",[],[],[],[],[],[],[],[],"[""https://maybern.com/"",""https://metaprop.com/portfolio""]",2,"[""source_native_ecosystem_identity""]",false,[],2026-08-30,"Discovery presence is not operating, traction, outcome, security or JCX-fit evidence."
dsc-d447bdca3a65,Measurabl,"[""Measurabl"",""measurabl""]","[""organization""]","[""org-measurabl-19110f1""]",qualified_core,false,"[""built_environment_ecosystem_discovery_index"",""qualified_core""]",2,"[""measurabl.com""]","[""https://measurabl.com/""]","[""https://moderneventures.com/portfolio/measurabl"",""https://ret.vc/portfolio"",""https://tarongagroup.com/wp-content/uploads/2025/07/RealTechX-Asset-Impact-Booklet-2025-1.pdf""]",[],[],[],"[""Moderne Ventures / Passport"",""RET Ventures Portfolio"",""Taronga RealTechX / Asset Impact""]",3,"[""eco-src-79e2207c850e"",""eco-src-bd8b10f34d7f"",""eco-src-da9c92510e3d""]",3,"[""Alumni/support history displayed"",""Portfolio company displayed"",""Portfolio/Passport listing displayed""]","[""ESG utility data"",""Investment""]","[""L10"",""L12""]","[""A""]",[],"[""United States""]",[],[],"[""Measurabl Measurabl is the world’s most widely adopted ESG (environmental, social, governance) data management solution for commercial real estate with properties across 80 countries subscribed. Measurabl helps companies measure, manage and disclose ESG performance, assess exposure to physical climate risk, and act on decarbonization and sustainable finance opportunities. Year of investment 2021 Stage at Investment All Late Real Estate Focus All Multifamily Commercial Retail Other Mixed Use View WEbsite"",""One platform for all sustainability data, reporting and insights — Helping the industry’s most innovative companies measure, report on, optimize and improve ESG and sustainability performance — Investment""]","[""https://measurabl.com/"",""https://moderneventures.com/portfolio/measurabl"",""https://ret.vc/portfolio"",""https://tarongagroup.com/realtechx"",""https://tarongagroup.com/wp-content/uploads/2025/07/RealTechX-Asset-Impact-Booklet-2025-1.pdf""]",5,"[""exact_normalized_name"",""exact_normalized_name_with_domain_corroboration"",""qualified_core_identity""]",false,[],2026-08-30,Qualified-core identity; individual claims still require editorial review.
dsc-e6d931f5172c,Mesa,"[""Mesa""]",[],[],discovery_only,true,"[""built_environment_ecosystem_discovery_index""]",1,"[""joinmesa.com""]","[""https://joinmesa.com/""]","[""https://spark.jllt.com/portfolio""]",[],[],[],"[""JLL Spark""]",1,"[""eco-src-bc79434ea9c2""]",1,"[""Active/portfolio""]",[],[],[],[],[],[],[],"[""A better way to provide early payment options to suppliers in your network. View website""]","[""https://joinmesa.com/"",""https://spark.jllt.com/portfolio""]",2,"[""source_native_ecosystem_identity""]",false,[],2026-08-30,"Discovery presence is not operating, traction, outcome, security or JCX-fit evidence."
dsc-fc69560fbff5,MESH,"[""MESH""]",[],[],discovery_only,true,"[""built_environment_ecosystem_discovery_index""]",1,"[""meshpay.com""]","[""http://meshpay.com/""]","[""https://moderneventures.com/portfolio/mesh""]",[],[],[],"[""Moderne Ventures / Passport""]",1,"[""eco-src-c61fff69a314""]",1,"[""Portfolio/Passport listing displayed""]","[""Investment""]",[],[],[],[],[],[],"[""Enabling seamless crypto payments — Enabling real-time, seamless crypto payments on everything from retail to rent — Investment""]","[""http://meshpay.com/"",""https://moderneventures.com/portfolio/mesh""]",2,"[""source_native_ecosystem_identity""]",false,[],2026-08-30,"Discovery presence is not operating, traction, outcome, security or JCX-fit evidence."
dsc-a19c41ff48cf,MetaProp portfolio,"[""MetaProp portfolio""]","[""program_ecosystem""]","[""org-metaprop-portfolio-bda9b60""]",qualified_core,false,"[""qualified_core""]",1,"[""metaprop.com""]","[""https://metaprop.com/portfolio""]",[],[],[],[],[],0,[],0,[],"[""PropTech VC ecosystem index""]","[""L12"",""L3""]","[""C""]",[],"[""United States""]",[],[],[],"[""https://metaprop.com/"",""https://metaprop.com/portfolio""]",2,"[""qualified_core_identity""]",false,[],2026-08-30,Qualified-core identity; individual claims still require editorial review.
dsc-425f88335923,Metycle,"[""Metycle""]",[],[],discovery_only,true,"[""built_environment_ecosystem_discovery_index""]",1,[],[],"[""https://2150.vc/investments/metycle""]",[],[],[],"[""2150""]",1,"[""eco-src-93929e1152c9""]",1,"[""Investment displayed; current status not inferred""]",[],[],[],"[""Germany""]",[],[],[],"[""Metycle Metycle decarbonizes the metals industry by enabling circular trade of scrap and recycled metals through a faster, cheaper, more efficient B2B marketplace.""]","[""https://2150.vc/investments/metycle""]",1,"[""source_native_ecosystem_identity""]",false,[],2026-08-30,"Discovery presence is not operating, traction, outcome, security or JCX-fit evidence."
dsc-871d6c9c290b,Milo,"[""Milo""]",[],[],discovery_only,true,"[""built_environment_ecosystem_discovery_index""]",1,"[""milo.io""]","[""https://milo.io/""]","[""https://metaprop.com/portfolio""]",[],[],[],"[""MetaProp""]",1,"[""eco-src-206345adeecc""]",1,"[""Active/portfolio""]",[],[],[],[],[],[],[],[],"[""https://metaprop.com/portfolio"",""https://milo.io/""]",2,"[""source_native_ecosystem_identity""]",false,[],2026-08-30,"Discovery presence is not operating, traction, outcome, security or JCX-fit evidence."
dsc-cd00e3c9d2fc,Mineral Minds,"[""Mineral Minds""]",[],[],discovery_only,true,"[""built_environment_ecosystem_discovery_index""]",1,[],[],"[""https://cemexventures.com/top-50""]",[],[],[],"[""CEMEX Ventures Top 50 ConTech 2026""]",1,"[""eco-src-f5fc95dd6b78""]",1,"[""Selected for 2026 Top 50""]","[""Green construction""]",[],[],[],[],[],[],"[""Green construction""]","[""https://cemexventures.com/top-50""]",1,"[""source_native_ecosystem_identity""]",false,[],2026-08-30,"Discovery presence is not operating, traction, outcome, security or JCX-fit evidence."
dsc-5c494ae6d5e6,Mirvac,"[""Mirvac""]","[""organization""]","[""org-mirvac-df71b9e""]",qualified_core,false,"[""qualified_core""]",1,"[""mirvac.com""]","[""https://mirvac.com/""]",[],[],[],[],[],0,[],0,[],[],"[""L1"",""L10"",""L4"",""L7"",""L8""]","[""B""]",[],"[""Australia""]",[],[],[],"[""https://mirvac.com/""]",1,"[""qualified_core_identity""]",false,[],2026-08-30,Qualified-core identity; individual claims still require editorial review.
dsc-9a59a31c5b05,Mission Zero Technologies,"[""Mission Zero Technologies""]",[],[],discovery_only,true,"[""built_environment_ecosystem_discovery_index""]",1,[],[],"[""https://2150.vc/investments/mission-zero-technologies""]",[],[],[],"[""2150""]",1,"[""eco-src-8dd10061e4a3""]",1,"[""Investment displayed; current status not inferred""]",[],[],[],"[""United Kingdom""]",[],[],[],"[""Mission Zero Technologies Mission Zero Technologies' Direct Air Capture systems recover high-purity CO₂ from ambient air at far lower cost and energy use, ready to plug in at any site.""]","[""https://2150.vc/investments/mission-zero-technologies""]",1,"[""source_native_ecosystem_identity""]",false,[],2026-08-30,"Discovery presence is not operating, traction, outcome, security or JCX-fit evidence."
dsc-c82eb451ca89,"Mitico, Inc.","[""Mitico, Inc.""]",[],[],discovery_only,true,"[""built_environment_ecosystem_discovery_index""]",1,[],[],"[""https://cemexventures.com/top-50""]",[],[],[],"[""CEMEX Ventures Top 50 ConTech 2026""]",1,"[""eco-src-bcdac7433b03""]",1,"[""Selected for 2026 Top 50""]","[""Green construction""]",[],[],[],[],[],[],"[""Green construction""]","[""https://cemexventures.com/top-50""]",1,"[""source_native_ecosystem_identity""]",false,[],2026-08-30,"Discovery presence is not operating, traction, outcome, security or JCX-fit evidence."
dsc-3b93abb6753b,Mitsubishi Estate,"[""Mitsubishi Estate""]","[""organization""]","[""org-mitsubishi-estate-e9746be""]",qualified_core,false,"[""qualified_core""]",1,"[""mec.co.jp""]","[""https://mec.co.jp/en""]",[],[],[],[],[],0,[],0,[],[],"[""L1"",""L10"",""L7"",""L8""]","[""B""]",[],"[""Japan""]",[],[],[],"[""https://bricks-fundtokyo.com/"",""https://mec.co.jp/en""]",2,"[""qualified_core_identity""]",false,[],2026-08-30,Qualified-core identity; individual claims still require editorial review.
dsc-cf2f5714108c,Mitsui Fudosan,"[""Mitsui Fudosan""]","[""organization""]","[""org-mitsui-fudosan-e8608ec""]",qualified_core,false,"[""qualified_core""]",1,"[""mitsuifudosan.co.jp""]","[""https://mitsuifudosan.co.jp/english""]",[],[],[],[],[],0,[],0,[],[],"[""L1"",""L10"",""L4"",""L6"",""L7"",""L8""]","[""A""]",[],"[""Japan""]",[],[],[],"[""https://mitsuifudosan.co.jp/english"",""https://mitsuifudosan.co.jp/english/corporate/ir/library/integratedreport/ir2025/dx"",""https://mitsuifudosan.co.jp/english/corporate/ir/library/integratedreport/pdf/IR2025_en.pdf""]",3,"[""qualified_core_identity""]",false,[],2026-08-30,Qualified-core identity; individual claims still require editorial review.
dsc-d95194a6f968,Moat,"[""Moat""]",[],[],discovery_only,true,"[""built_environment_ecosystem_discovery_index""]",1,"[""moat.app""]","[""https://moat.app/""]","[""https://moderneventures.com/portfolio/moat""]",[],[],[],"[""Moderne Ventures / Passport""]",1,"[""eco-src-57d86ade07a4""]",1,"[""Portfolio/Passport listing displayed""]","[""Passport""]",[],[],[],[],[],[],"[""Manage facility warranties easier, faster and smarter with AI — Maintenance and compliance tools to anticipate maintenance needs, prevent disruptions and maximize productivity — Passport""]","[""https://moat.app/"",""https://moderneventures.com/portfolio/moat""]",2,"[""source_native_ecosystem_identity""]",false,[],2026-08-30,"Discovery presence is not operating, traction, outcome, security or JCX-fit evidence."
dsc-9af81c4507bf,Modwell,"[""Modwell""]",[],[],discovery_only,true,"[""built_environment_ecosystem_discovery_index""]",1,"[""modwell.io""]","[""https://modwell.io/""]","[""https://moderneventures.com/portfolio/modwell""]",[],[],[],"[""Moderne Ventures / Passport""]",1,"[""eco-src-287007ba86a4""]",1,"[""Exited (displayed)""]","[""Passport""]",[],[],[],[],[],[],"[""3D interactive technology to sell more properties — Visualize potential of outdated properties, land and new builds with AI + immersive technology tools — Passport""]","[""https://moderneventures.com/portfolio/modwell"",""https://modwell.io/""]",2,"[""source_native_ecosystem_identity""]",false,[],2026-08-30,"Discovery presence is not operating, traction, outcome, security or JCX-fit evidence."
dsc-514260d6dd73,Moen,"[""Moen""]",[],[],discovery_only,true,"[""built_environment_ecosystem_discovery_index""]",1,"[""moen.com""]","[""https://moen.com/""]","[""https://metaprop.com/portfolio""]",[],[],[],"[""MetaProp""]",1,"[""eco-src-d05dd5dd2e29""]",1,"[""Exited/marked exited""]",[],[],[],[],[],[],[],[],"[""https://metaprop.com/portfolio"",""https://moen.com/""]",2,"[""source_native_ecosystem_identity""]",false,[],2026-08-30,"Discovery presence is not operating, traction, outcome, security or JCX-fit evidence."
dsc-9ab9e4f21723,Moii,"[""Moii""]",[],[],discovery_only,true,"[""built_environment_ecosystem_discovery_index""]",1,"[""moii.ai""]","[""https://moii.ai/""]","[""https://moderneventures.com/portfolio/moii""]",[],[],[],"[""Moderne Ventures / Passport""]",1,"[""eco-src-0f81c5285e3a""]",1,"[""Portfolio/Passport listing displayed""]","[""Passport""]",[],[],[],[],[],[],"[""AI-powered video analytics transforming security cameras into intelligent vision assets—optimizing operations, mitigating risks and delivering real-time actionable insights — Make your properties more secure at lower cost. AI monitoring delivers real-time notifications to send your security resources where they are needed, when they are needed. — Passport""]","[""https://moderneventures.com/portfolio/moii"",""https://moii.ai/""]",2,"[""source_native_ecosystem_identity""]",false,[],2026-08-30,"Discovery presence is not operating, traction, outcome, security or JCX-fit evidence."
dsc-1903374aa23c,Molg,"[""Molg""]",[],[],discovery_only,true,"[""built_environment_ecosystem_discovery_index""]",1,[],[],"[""https://2150.vc/investments/molg""]",[],[],[],"[""2150""]",1,"[""eco-src-805c18142dc5""]",1,"[""Investment displayed; current status not inferred""]",[],[],[],"[""United States""]",[],[],[],"[""Molg Molg enables circular manufacturing: robotic microfactories autonomously disassemble complex electronics, and it helps manufacturers design products for reuse.""]","[""https://2150.vc/investments/molg""]",1,"[""source_native_ecosystem_identity""]",false,[],2026-08-30,"Discovery presence is not operating, traction, outcome, security or JCX-fit evidence."
dsc-8b733db814c4,Morada Uno,"[""Morada Uno""]",[],[],discovery_only,true,"[""yc_real_estate_construction_2026-08-30""]",1,[],[],"[""https://ycombinator.com/companies/industry/real-estate-and-construction"",""https://ycombinator.com/companies/morada-uno""]","[""23261""]","[""W2021""]","[""Active""]",[],0,[],0,[],"[""Property operations / housing""]","[""L3 Capital/finance; L6 Marketing/sales; L7 Occupancy/tenant; L8 FM/maintenance; L12 Data/intelligence""]","[""A""]",[],"[""MX""]","[""Mexico City, CDMX, Mexico""]","[""150""]","[""We screen, collect and insure residential leases; allowing brokers and landlords to close more deals with less work, and solving the biggest pain point for tenants- needing a guarantor with a property to co-sign the lease."",""We underwrite and insure house rentals in Latam""]","[""https://ycombinator.com/companies/industry/real-estate-and-construction"",""https://ycombinator.com/companies/morada-uno""]",2,"[""source_native_yc_identity""]",false,[],2026-08-30,"Discovery presence is not operating, traction, outcome, security or JCX-fit evidence."
dsc-f318a9e9bd0f,Morty,"[""Morty""]",[],[],discovery_only,true,"[""built_environment_ecosystem_discovery_index""]",1,"[""morty.com""]","[""https://morty.com/""]","[""https://metaprop.com/portfolio""]",[],[],[],"[""MetaProp""]",1,"[""eco-src-dec0aafffdb0""]",1,"[""Active/portfolio""]",[],[],[],[],[],[],[],[],"[""https://metaprop.com/portfolio"",""https://morty.com/""]",2,"[""source_native_ecosystem_identity""]",false,[],2026-08-30,"Discovery presence is not operating, traction, outcome, security or JCX-fit evidence."
dsc-b9ce868931c8,movable voice,"[""movable voice""]",[],[],discovery_only,true,"[""built_environment_ecosystem_discovery_index""]",1,"[""movablevoice.com""]","[""https://movablevoice.com/""]","[""https://pilabs.vc/portfolio""]",[],[],[],"[""Pi Labs""]",1,"[""eco-src-a551a24da164""]",1,"[""Active/portfolio""]",[],[],[],[],[],[],[],"[""Voice AI giving HQ direct insight to the frontline. Est. 2025. London. United Kingdom. Founded by Yan Zhang and Marko Stapfner. Last Funding Round: Pre-Seed.""]","[""https://movablevoice.com/"",""https://pilabs.vc/portfolio""]",2,"[""source_native_ecosystem_identity""]",false,[],2026-08-30,"Discovery presence is not operating, traction, outcome, security or JCX-fit evidence."
dsc-92790f253119,Moved,"[""Moved""]",[],[],discovery_only,true,"[""built_environment_ecosystem_discovery_index""]",1,"[""moved.com""]","[""https://moved.com/""]","[""https://ret.vc/portfolio""]",[],[],[],"[""RET Ventures Portfolio""]",1,"[""eco-src-7c91aa83618a""]",1,"[""Portfolio company displayed""]",[],[],[],[],[],[],[],"[""Moved. Moved is a frictionless, friendly experience for 64% of renters who cite moving as their #1 stressor. Moved fully integrates with your property software to help property owners, operators, and on-site teams manage the entire move-in experience. Moved does this by leveraging automation to make it a smooth process, saving precious time for all parties involved and leaving behind an unforgettable experience. Year of investment 2018 Stage at Investment All Seed Real Estate Focus All Multifamily View WEbsite""]","[""https://moved.com/"",""https://ret.vc/portfolio""]",2,"[""source_native_ecosystem_identity""]",false,[],2026-08-30,"Discovery presence is not operating, traction, outcome, security or JCX-fit evidence."
dsc-81660941aadb,Movity,"[""Movity""]",[],[],discovery_only,true,"[""yc_real_estate_construction_2026-08-30""]",1,[],[],"[""https://ycombinator.com/companies/industry/real-estate-and-construction"",""https://ycombinator.com/companies/movity""]","[""231""]","[""W2010""]","[""Acquired""]",[],0,[],0,[],"[""Property data / transaction infrastructure""]","[""L2 Feasibility; L8 FM/maintenance; L12 Data/intelligence""]","[""C""]",[],"[""US""]","[""San Francisco""]","[""2""]","[""Movity provides location-based living facilities and neighborhood data that help home buyers make better decisions. Movity.com surfaces geodata (crime, noise, pricing, etc) to help home buyers make better decisions. The company was founded in 2010 and is based in San Francisco, California."",""Real estate data visualization. Sold to Trulia Dec…""]","[""https://ycombinator.com/companies/industry/real-estate-and-construction"",""https://ycombinator.com/companies/movity""]",2,"[""source_native_yc_identity""]",false,[],2026-08-30,"Discovery presence is not operating, traction, outcome, security or JCX-fit evidence."
dsc-3801430e8b43,MPD Energy,"[""MPD Energy""]",[],[],discovery_only,true,"[""built_environment_ecosystem_discovery_index""]",1,[],[],"[""https://tarongagroup.com/wp-content/uploads/2025/07/RealTechX-Asset-Impact-Booklet-2025-1.pdf""]",[],[],[],"[""Taronga RealTechX / Asset Impact""]",1,"[""eco-src-1f09f52cd46d""]",1,"[""Alumni/support history displayed""]",[],[],[],[],[],[],[],[],"[""https://tarongagroup.com/wp-content/uploads/2025/07/RealTechX-Asset-Impact-Booklet-2025-1.pdf""]",1,"[""source_native_ecosystem_identity""]",false,[],2026-08-30,"Discovery presence is not operating, traction, outcome, security or JCX-fit evidence."
dsc-ac75bcc8bf00,MRI Software,"[""MRI Software""]","[""organization""]","[""org-mri-software-e66e243""]",qualified_core,false,"[""qualified_core""]",1,"[""mrisoftware.com""]","[""https://mrisoftware.com/""]",[],[],[],[],[],0,[],0,[],"[""Property/facilities ERP""]","[""L3"",""L6"",""L7"",""L8""]",[],[],"[""United States""]",[],[],[],"[""https://mrisoftware.com/""]",1,"[""qualified_core_identity""]",false,[],2026-08-30,Qualified-core identity; individual claims still require editorial review.
dsc-61e0458d57b6,Mubadala Real Assets,"[""Mubadala Real Assets""]","[""organization""]","[""org-mubadala-real-assets-18e6cb7""]",qualified_core,false,"[""qualified_core""]",1,"[""mubadala.com""]","[""https://mubadala.com/""]",[],[],[],[],[],0,[],0,[],[],"[""L1"",""L10"",""L3"",""L8""]","[""B""]",[],"[""United Arab Emirates""]",[],[],[],"[""https://annual2024.mubadala.com/en/onemubadala/real-assets"",""https://mubadala.com/""]",2,"[""qualified_core_identity""]",false,[],2026-08-30,Qualified-core identity; individual claims still require editorial review.
dsc-a4f5a41a682f,Mubawab,"[""Mubawab""]","[""organization""]","[""org-mubawab-4b0178e""]",qualified_core,false,"[""qualified_core""]",1,"[""mubawab.ma""]","[""https://mubawab.ma/en/about""]",[],[],[],[],[],0,[],0,[],"[""North African property marketplace and market data""]","[""L6"",""L9""]","[""B""]",[],"[""Morocco""]",[],[],[],"[""https://mubawab.com/"",""https://mubawab.ma/en/about""]",2,"[""qualified_core_identity""]",false,[],2026-08-30,Qualified-core identity; individual claims still require editorial review.
dsc-3b7e4ad0ec0e,Mudafy,"[""Mudafy""]",[],[],discovery_only,true,"[""yc_real_estate_construction_2026-08-30""]",1,[],[],"[""https://ycombinator.com/companies/industry/real-estate-and-construction"",""https://ycombinator.com/companies/mudafy""]","[""12847""]","[""S2019""]","[""Active""]",[],0,[],0,[],"[""Property data / transaction infrastructure""]","[""L2 Feasibility; L6 Marketing/sales; L12 Data/intelligence""]","[""A""]",[],"[""AR""]","[""Buenos Aires, Argentina""]","[""75""]","[""Mudafy is a tech-enabled real estate broker for LatAm that makes it easier for people to buy and sell their homes. Mudafy delivers superior customer experience through technology and data analytics. Their customer-facing product includes 360° virtual tours, online booking for showings & appraisals, and dynamic benchmark pricing data for properties. For agents, they have processes and tools that increase their..."",""The LatAm tech-enabled real estate broker to buy and sell houses.""]","[""https://ycombinator.com/companies/industry/real-estate-and-construction"",""https://ycombinator.com/companies/mudafy""]",2,"[""source_native_yc_identity""]",false,[],2026-08-30,"Discovery presence is not operating, traction, outcome, security or JCX-fit evidence."
dsc-e7a902f7e059,Multivista,"[""Multivista""]",[],[],discovery_only,true,"[""built_environment_ecosystem_discovery_index""]",1,"[""multivista.com""]","[""https://multivista.com/""]","[""https://metaprop.com/portfolio""]",[],[],[],"[""MetaProp""]",1,"[""eco-src-bce568909b59""]",1,"[""Exited/marked exited""]",[],[],[],[],[],[],[],[],"[""https://metaprop.com/portfolio"",""https://multivista.com/""]",2,"[""source_native_ecosystem_identity""]",false,[],2026-08-30,"Discovery presence is not operating, traction, outcome, security or JCX-fit evidence."
dsc-76e49622ba77,Muro,"[""Muro""]",[],[],discovery_only,true,"[""built_environment_ecosystem_discovery_index""]",1,"[""muro.ai""]","[""https://muro.ai/""]","[""https://brickmortar.vc/portfolio""]",[],[],[],"[""Brick & Mortar Ventures""]",1,"[""eco-src-3e01ec732670""]",1,"[""Active investment""]",[],[],[],[],[],[],[],[],"[""https://brickmortar.vc/portfolio"",""https://muro.ai/""]",2,"[""source_native_ecosystem_identity""]",false,[],2026-08-30,"Discovery presence is not operating, traction, outcome, security or JCX-fit evidence."
dsc-07eb54ce3fe9,MyVR,"[""MyVR""]",[],[],discovery_only,true,"[""yc_real_estate_construction_2026-08-30""]",1,[],[],"[""https://ycombinator.com/companies/industry/real-estate-and-construction"",""https://ycombinator.com/companies/myvr""]","[""13""]","[""W2012""]","[""Acquired""]",[],0,[],0,[],"[""Property operations / housing""]","[""L6 Marketing/sales; L7 Occupancy/tenant; L12 Data/intelligence""]","[""B""]",[],"[""US""]","[""San Francisco""]","[""15""]","[""MyVR provides short-term rental businesses the ability to simplify and centralize the management of their marketing channels - Airbnb, HomeAway/Vrbo, TripAdvisor, Booking.com, Expedia and more - from a single dashboard, while also providing these businesses with their own online presence to grow their direct sales channel. MyVR's easy-to-use software also allows short-term rentals to streamline and automate day..."",""The open platform for the vacation rental industry.""]","[""https://ycombinator.com/companies/industry/real-estate-and-construction"",""https://ycombinator.com/companies/myvr""]",2,"[""source_native_yc_identity""]",false,[],2026-08-30,"Discovery presence is not operating, traction, outcome, security or JCX-fit evidence."
dsc-e5d1b56ae92f,NAAVA,"[""NAAVA""]",[],[],discovery_only,true,"[""built_environment_ecosystem_discovery_index""]",1,[],[],"[""https://tarongagroup.com/wp-content/uploads/2025/07/RealTechX-Asset-Impact-Booklet-2025-1.pdf""]",[],[],[],"[""Taronga RealTechX / Asset Impact""]",1,"[""eco-src-539d99941789""]",1,"[""Alumni/support history displayed""]",[],[],[],[],[],[],[],[],"[""https://tarongagroup.com/wp-content/uploads/2025/07/RealTechX-Asset-Impact-Booklet-2025-1.pdf""]",1,"[""source_native_ecosystem_identity""]",false,[],2026-08-30,"Discovery presence is not operating, traction, outcome, security or JCX-fit evidence."
dsc-928d9c2f25a3,Naborly,"[""Naborly""]",[],[],discovery_only,true,"[""yc_real_estate_construction_2026-08-30""]",1,[],[],"[""https://ycombinator.com/companies/industry/real-estate-and-construction"",""https://ycombinator.com/companies/naborly""]","[""1824""]","[""W2018""]","[""Acquired""]",[],0,[],0,[],"[""Property operations / housing""]","[""L7 Occupancy/tenant; L8 FM/maintenance""]","[""A""]",[],"[""CA""]","[""Toronto, ON, Canada""]","[""25""]","[""A credit bureau for the renting generation."",""Naborly has reinvented how credit reports and scores work for the rental industry to help landlords know who they're renting to, while helping tenants build credit by just paying their rent.""]","[""https://ycombinator.com/companies/industry/real-estate-and-construction"",""https://ycombinator.com/companies/naborly""]",2,"[""source_native_yc_identity""]",false,[],2026-08-30,"Discovery presence is not operating, traction, outcome, security or JCX-fit evidence."
dsc-1723e6857b70,Nabr,"[""Nabr""]","[""organization""]","[""org-nabr-9ac18d4""]",qualified_core,false,"[""built_environment_ecosystem_discovery_index"",""qualified_core""]",2,"[""nabr.com""]","[""https://nabr.com/""]","[""https://2150.vc/investments/nabr""]",[],[],[],"[""2150""]",1,"[""eco-src-d71bf694686d""]",1,"[""Investment displayed; current status not inferred""]","[""industrialized sustainable apartments and direct-to-consumer housing""]","[""L5"",""L6""]","[""A""]","[""United States""]","[""United States""]",[],[],"[""Nabr Nabr is a direct-to-consumer housing company delivering customizable, sustainable apartments at scale, helping more people own quality homes in cities.""]","[""https://2150.vc/investments/nabr"",""https://2150.vc/wp-content/uploads/2024/01/2150_Impact-report-2023_Master_2605.pdf"",""https://nabr.com/""]",3,"[""exact_normalized_name"",""qualified_core_identity""]",false,[],2026-08-30,Qualified-core identity; individual claims still require editorial review.
dsc-0bafad006b78,NAR REACH portfolio,"[""NAR REACH portfolio""]","[""program_ecosystem""]","[""org-nar-reach-portfolio-068d892""]",qualified_core,false,"[""qualified_core""]",1,[],[],"[""https://nar-reach.com/""]",[],[],[],[],0,[],0,[],"[""Real-estate accelerator ecosystem index""]","[""L3"",""L6""]","[""C""]",[],"[""United States""]",[],[],[],"[""https://nar-reach.com/""]",1,"[""qualified_core_identity""]",false,[],2026-08-30,Qualified-core identity; individual claims still require editorial review.
dsc-bcfae4be61a2,Nature Metrics,"[""Nature Metrics""]",[],[],discovery_only,true,"[""built_environment_ecosystem_discovery_index""]",1,[],[],"[""https://2150.vc/investments/nature-metrics""]",[],[],[],"[""2150""]",1,"[""eco-src-ed7e339daf08""]",1,"[""Investment displayed; current status not inferred""]",[],[],[],"[""United Kingdom""]",[],[],[],"[""Nature Metrics NatureMetrics tackles biodiversity measurement by applying low-cost genomic sequencing and easy field sampling of environmental DNA (eDNA).""]","[""https://2150.vc/investments/nature-metrics""]",1,"[""source_native_ecosystem_identity""]",false,[],2026-08-30,"Discovery presence is not operating, traction, outcome, security or JCX-fit evidence."
dsc-a93c831b6e84,Navable,"[""Navable""]",[],[],discovery_only,true,"[""built_environment_ecosystem_discovery_index""]",1,"[""navable.com""]","[""https://navable.com/""]","[""https://spark.jllt.com/portfolio""]",[],[],[],"[""JLL Spark""]",1,"[""eco-src-b5d6d8967f47""]",1,"[""Active/portfolio""]",[],[],[],[],[],[],[],"[""Turnkey employee co-investment programs for private equity and venture capital firms. View website""]","[""https://navable.com/"",""https://spark.jllt.com/portfolio""]",2,"[""source_native_ecosystem_identity""]",false,[],2026-08-30,"Discovery presence is not operating, traction, outcome, security or JCX-fit evidence."
dsc-3fb77c8c5976,NavigateAI,"[""NavigateAI""]",[],[],discovery_only,true,"[""built_environment_ecosystem_discovery_index""]",1,"[""navigate.ai""]","[""https://navigate.ai/""]","[""https://fifthwall.com/portfolio?2bddaefa_page=2""]",[],[],[],"[""Fifth Wall""]",1,"[""eco-src-011cd69a7d33""]",1,"[""Active/portfolio""]",[],[],[],[],[],[],[],"[""NavigateAI is building the AI copilot for the physical world. Founded in 2025, the company partners with leading owners, operators, builders, and trades teams to bring field-grade AI to the workers who build and maintain real assets. NavigateAI is based in San Francisco.""]","[""https://fifthwall.com/portfolio?2bddaefa_page=2"",""https://navigate.ai/""]",2,"[""source_native_ecosystem_identity""]",false,[],2026-08-30,"Discovery presence is not operating, traction, outcome, security or JCX-fit evidence."
dsc-741e65316cb9,Navlive,"[""Navlive""]",[],[],discovery_only,true,"[""built_environment_ecosystem_discovery_index""]",1,[],[],"[""https://cemexventures.com/top-50""]",[],[],[],"[""CEMEX Ventures Top 50 ConTech 2026""]",1,"[""eco-src-b94bf1f43f3b""]",1,"[""Selected for 2026 Top 50""]","[""Future of construction""]",[],[],[],[],[],[],"[""Future of construction""]","[""https://cemexventures.com/top-50""]",1,"[""source_native_ecosystem_identity""]",false,[],2026-08-30,"Discovery presence is not operating, traction, outcome, security or JCX-fit evidence."
dsc-5aed9d6ab0d2,Nawy,"[""Nawy""]","[""organization""]","[""org-nawy-fea68ec""]",qualified_core,false,"[""qualified_core""]",1,"[""nawy.com""]","[""https://nawy.com/""]",[],[],[],[],[],0,[],0,[],"[""integrated-proptech""]","[""L3"",""L6""]","[""B""]",[],"[""Egypt""]",[],[],[],"[""https://nawy.com/"",""https://nawy.com/about-us"",""https://nawy.com/blog/116847-nawy-raises-a-52m-series-a-to-take-on-mena""]",3,"[""qualified_core_identity""]",false,[],2026-08-30,Qualified-core identity; individual claims still require editorial review.
dsc-d74b75e534f0,Nearmap,"[""Nearmap""]","[""organization""]","[""org-nearmap-8a8f2ad""]",qualified_core,false,"[""qualified_core""]",1,"[""nearmap.com""]","[""https://nearmap.com/au""]",[],[],[],[],[],0,[],0,[],"[""aerial-imagery-AI""]","[""L3"",""L5""]","[""B""]",[],"[""Australia""]",[],[],[],"[""https://nearmap.com/au"",""https://nearmap.com/au/about"",""https://nearmap.com/au/property-intelligence""]",3,"[""qualified_core_identity""]",true,"[""Domain nearmap.com is also used by ecosystem candidate 'Betterview'; identities were deliberately kept separate.""]",2026-08-30,Qualified-core identity; individual claims still require editorial review.
dsc-504ac3eabc19,necoTECH,"[""necoTECH""]",[],[],discovery_only,true,"[""built_environment_ecosystem_discovery_index""]",1,[],[],"[""https://cemexventures.com/top-50""]",[],[],[],"[""CEMEX Ventures Top 50 ConTech 2026""]",1,"[""eco-src-dadfcce5012a""]",1,"[""Selected for 2026 Top 50""]","[""Green construction""]",[],[],[],[],[],[],"[""Green construction""]","[""https://cemexventures.com/top-50""]",1,"[""source_native_ecosystem_identity""]",false,[],2026-08-30,"Discovery presence is not operating, traction, outcome, security or JCX-fit evidence."
dsc-405659a11b49,Neighbor,"[""Neighbor""]",[],[],discovery_only,true,"[""built_environment_ecosystem_discovery_index""]",1,"[""neighbor.com""]","[""https://neighbor.com/""]","[""https://fifthwall.com/portfolio?2bddaefa_page=2""]",[],[],[],"[""Fifth Wall""]",1,"[""eco-src-7804c8910ee6""]",1,"[""Active/portfolio""]",[],[],[],[],[],[],[],"[""Founded in 2017, Neighbor is a self-storage marketplace based in the Silicon Slopes of Lehi, Utah. The company connects people who have unused space in their garages, attics, basements and driveways to renters who are looking for affordable storage. Neighbor benefits renters by providing safer, more accessible storage for half the price of a traditional self-storage unit, while giving hosts the opportunity to earn thousands of dollars per year from their unused space. Neighbor's team helps keep the connection safe, easy and friendly and provides an unprecedented $25,000 renter guarantee for items stored and a $1 million host liability guarantee so that good neighbors everywhere can help each other out. Neighbor’s investors include leaders in real estate and marketplace experts, including Andreessen Horowitz, Fifth Wall, Wilshire Partners, Pelion Ventures, Album Ventures and top executives from DoorDash, Uber and StockX.""]","[""https://fifthwall.com/portfolio?2bddaefa_page=2"",""https://neighbor.com/""]",2,"[""source_native_ecosystem_identity""]",false,[],2026-08-30,"Discovery presence is not operating, traction, outcome, security or JCX-fit evidence."
dsc-0adcae416554,neighbourlytics,"[""neighbourlytics""]",[],[],discovery_only,true,"[""built_environment_ecosystem_discovery_index""]",1,[],[],"[""https://tarongagroup.com/wp-content/uploads/2025/07/RealTechX-Asset-Impact-Booklet-2025-1.pdf""]",[],[],[],"[""Taronga RealTechX / Asset Impact""]",1,"[""eco-src-6147af5f1171""]",1,"[""Alumni/support history displayed""]",[],[],[],[],[],[],[],[],"[""https://tarongagroup.com/wp-content/uploads/2025/07/RealTechX-Asset-Impact-Booklet-2025-1.pdf""]",1,"[""source_native_ecosystem_identity""]",false,[],2026-08-30,"Discovery presence is not operating, traction, outcome, security or JCX-fit evidence."
dsc-ee2d340409ca,Nemetschek,"[""Nemetschek""]","[""organization""]","[""org-nemetschek-8aa57f2""]",qualified_core,false,"[""qualified_core""]",1,"[""nemetschek.com""]","[""https://nemetschek.com/en/solutions""]",[],[],[],[],[],0,[],0,[],"[""open BIM design construction and building-management software""]","[""L4"",""L5"",""L8""]","[""B""]",[],"[""Germany""]",[],[],[],"[""https://nemetschek.com/en/company/brands"",""https://nemetschek.com/en/solutions""]",2,"[""qualified_core_identity""]",false,[],2026-08-30,Qualified-core identity; individual claims still require editorial review.
dsc-ea97904ac19f,NeoBanc,"[""NeoBanc""]",[],[],discovery_only,true,"[""built_environment_ecosystem_discovery_index""]",1,"[""neobanc.com""]","[""https://neobanc.com/""]","[""https://nar-reach.com/canada""]",[],[],[],"[""NAR REACH Canada""]",1,"[""eco-src-e7e98e0152c5""]",1,"[""2026 cohort (or current page cohort)""]",[],[],[],"[""Canada""]",[],[],[],"[""A modern financial services platform offering tailored business banking for real estate professionals and innovative financial products for their clients, streamlining everything from commission payouts to closing costs.""]","[""https://nar-reach.com/canada"",""https://neobanc.com/""]",2,"[""source_native_ecosystem_identity""]",false,[],2026-08-30,"Discovery presence is not operating, traction, outcome, security or JCX-fit evidence."
dsc-787dfcd403e8,NEOM,"[""NEOM""]","[""organization""]","[""org-neom-e682d22""]",qualified_core,false,"[""qualified_core""]",1,"[""neom.com""]","[""https://neom.com/""]",[],[],[],[],[],0,[],0,[],[],"[""L1"",""L10"",""L4"",""L8""]","[""B""]",[],"[""Saudi Arabia""]",[],[],[],"[""https://neom.com/""]",1,"[""qualified_core_identity""]",false,[],2026-08-30,Qualified-core identity; individual claims still require editorial review.
dsc-131423b2453e,Nestment,"[""Nestment""]",[],[],discovery_only,true,"[""built_environment_ecosystem_discovery_index""]",1,"[""nestment.com""]","[""https://nestment.com/""]","[""https://moderneventures.com/portfolio/nestment""]",[],[],[],"[""Moderne Ventures / Passport""]",1,"[""eco-src-257f31110071""]",1,"[""Portfolio/Passport listing displayed""]","[""Passport""]",[],[],[],[],[],[],"[""Homeownership guidance — An ecosystem of tools, processes, and partners supporting alternative homeownership models — Passport""]","[""https://moderneventures.com/portfolio/nestment"",""https://nestment.com/""]",2,"[""source_native_ecosystem_identity""]",false,[],2026-08-30,"Discovery presence is not operating, traction, outcome, security or JCX-fit evidence."
dsc-d458c6685dba,New Story,"[""New Story""]",[],[],discovery_only,true,"[""built_environment_ecosystem_discovery_index"",""yc_real_estate_construction_2026-08-30""]",2,"[""newstoryhomes.org""]","[""https://newstoryhomes.org/""]","[""https://moderneventures.com/portfolio/new-story"",""https://ycombinator.com/companies/industry/real-estate-and-construction"",""https://ycombinator.com/companies/new-story""]","[""869""]","[""S2015""]","[""Active""]","[""Moderne Ventures / Passport""]",1,"[""eco-src-7a90951670cd""]",1,"[""Portfolio/Passport listing displayed""]","[""ConTech / construction operations"",""Passport""]","[""L5 Construction; L7 Occupancy/tenant; L12 Data/intelligence""]","[""A""]",[],"[""US""]","[""Atlanta, GA, USA""]","[""20""]","[""Equipping vulnerable families to become land and homeowners — Pioneering solutions to end the global housing crisis and create thriving communities — Passport"",""Since its inception, NS has raised over $80 million to build thousands of homes across Latin America and impact ~20,000 individuals. In 2021, NS launched a venture capital fund, Hometeam Ventures, focused on early-stage construction and housing innovations. NS graduated from Y Combinator and is a 4x recipient of Fast Company’s Most Innovative Company."",""We pioneer solutions to end the global housing crisis by empowering…""]","[""https://moderneventures.com/portfolio/new-story"",""https://newstoryhomes.org/"",""https://ycombinator.com/companies/industry/real-estate-and-construction"",""https://ycombinator.com/companies/new-story""]",4,"[""exact_normalized_name"",""source_native_yc_identity""]",false,[],2026-08-30,"Discovery presence is not operating, traction, outcome, security or JCX-fit evidence."
dsc-1871c6d3aea1,Nickel,"[""Nickel""]",[],[],discovery_only,true,"[""built_environment_ecosystem_discovery_index""]",1,"[""nickel.com""]","[""https://nickel.com/""]","[""https://brickmortar.vc/portfolio""]",[],[],[],"[""Brick & Mortar Ventures""]",1,"[""eco-src-9af46fec9515""]",1,"[""Active investment""]",[],[],[],[],[],[],[],[],"[""https://brickmortar.vc/portfolio"",""https://nickel.com/""]",2,"[""source_native_ecosystem_identity""]",false,[],2026-08-30,"Discovery presence is not operating, traction, outcome, security or JCX-fit evidence."
dsc-a8fce1453e60,Nigeria Property Centre,"[""Nigeria Property Centre""]","[""organization""]","[""org-nigeria-property-centre-6683212""]",qualified_core,false,"[""qualified_core""]",1,"[""nigeriapropertycentre.com""]","[""https://nigeriapropertycentre.com/about-us""]",[],[],[],[],[],0,[],0,[],"[""pan-African property search platform""]","[""L3"",""L6"",""L9""]","[""B""]",[],"[""Nigeria""]",[],[],[],"[""https://nigeriapropertycentre.com/about-us""]",1,"[""qualified_core_identity""]",false,[],2026-08-30,Qualified-core identity; individual claims still require editorial review.
dsc-942408f7a5b4,NirmanBazaar,"[""NirmanBazaar""]","[""organization""]","[""org-nirmanbazaar-a26f78c""]",qualified_core,false,"[""qualified_core""]",1,"[""nirmanbazaar.com""]","[""https://nirmanbazaar.com/""]",[],[],[],[],[],0,[],0,[],"[""Materials marketplace"",""construction-marketplace""]","[""L5""]","[""B""]",[],"[""Bangladesh""]",[],[],[],"[""https://info-vendor.nirmanbazaar.com/"",""https://nirmanbazaar.com.bd/"",""https://nirmanbazaar.com/""]",3,"[""qualified_core_identity""]",false,[],2026-08-30,Qualified-core identity; individual claims still require editorial review.
dsc-81eea5659992,Nmrk,"[""Nmrk""]",[],[],discovery_only,true,"[""built_environment_ecosystem_discovery_index""]",1,"[""nmrk.com""]","[""https://nmrk.com/""]","[""https://metaprop.com/portfolio""]",[],[],[],"[""MetaProp""]",1,"[""eco-src-8d9158b5fbf9""]",1,"[""Exited/marked exited""]",[],[],[],[],[],[],[],[],"[""https://metaprop.com/portfolio"",""https://nmrk.com/""]",2,"[""source_native_ecosystem_identity""]",false,[],2026-08-30,"Discovery presence is not operating, traction, outcome, security or JCX-fit evidence."
dsc-1e67edae9a8d,NoBroker,"[""NoBroker""]","[""organization""]","[""org-nobroker-efe14d3""]",qualified_core,false,"[""qualified_core""]",1,"[""nobroker.in""]","[""https://nobroker.in/""]",[],[],[],[],[],0,[],0,[],"[""consumer-marketplace""]","[""L6""]","[""C""]",[],"[""India""]",[],[],[],"[""https://assets.nobroker.in/static/img/press/nb_in_chennai.pdf"",""https://nobroker.in/"",""https://nobroker.in/forum/wp-content/uploads/2026/01/NoBroker_Realestate_Report_2025_compressed.pdf""]",3,"[""qualified_core_identity""]",false,[],2026-08-30,Qualified-core identity; individual claims still require editorial review.
dsc-97a21bea43b5,Noda,"[""Noda""]",[],[],discovery_only,true,"[""built_environment_ecosystem_discovery_index""]",1,"[""noda.ai""]","[""https://noda.ai/""]","[""https://metaprop.com/portfolio""]",[],[],[],"[""MetaProp""]",1,"[""eco-src-4718daafd944""]",1,"[""Active/portfolio""]",[],[],[],[],[],[],[],[],"[""https://metaprop.com/portfolio"",""https://noda.ai/""]",2,"[""source_native_ecosystem_identity""]",false,[],2026-08-30,"Discovery presence is not operating, traction, outcome, security or JCX-fit evidence."
dsc-1a2e3af69faa,Nodes & Links,"[""Nodes & Links""]",[],[],discovery_only,true,"[""built_environment_ecosystem_discovery_index""]",1,[],[],"[""https://2150.vc/investments/nodes-links""]",[],[],[],"[""2150""]",1,"[""eco-src-46c3325237f9""]",1,"[""Investment displayed; current status not inferred""]",[],[],[],"[""United Kingdom""]",[],[],[],"[""Nodes & Links Nodes & Links offers an AI-powered project control platform that turns scheduling data into insights, helping deliver complex projects on time and on budget.""]","[""https://2150.vc/investments/nodes-links""]",1,"[""source_native_ecosystem_identity""]",false,[],2026-08-30,"Discovery presence is not operating, traction, outcome, security or JCX-fit evidence."
dsc-660bb1025f8b,Normative,"[""Normative""]",[],[],discovery_only,true,"[""built_environment_ecosystem_discovery_index""]",1,[],[],"[""https://2150.vc/investments/normative""]",[],[],[],"[""2150""]",1,"[""eco-src-bc6141fb061f""]",1,"[""Investment displayed; current status not inferred""]",[],[],[],"[""Sweden""]",[],[],[],"[""Normative Normative is the world's first carbon accounting engine, helping businesses measure their footprint and design science-based plans to cut emissions.""]","[""https://2150.vc/investments/normative""]",1,"[""source_native_ecosystem_identity""]",false,[],2026-08-30,"Discovery presence is not operating, traction, outcome, security or JCX-fit evidence."
dsc-eaf4808417ca,Noro,"[""Noro""]",[],[],discovery_only,true,"[""built_environment_ecosystem_discovery_index""]",1,"[""noro.co""]","[""https://noro.co/""]","[""https://spark.jllt.com/portfolio""]",[],[],[],"[""JLL Spark""]",1,"[""eco-src-0c33627d7a84""]",1,"[""Active/portfolio""]",[],[],[],[],[],[],[],"[""Connect teams around the world live and full-body, making eye contact, as if in the same room. View website""]","[""https://noro.co/"",""https://spark.jllt.com/portfolio""]",2,"[""source_native_ecosystem_identity""]",false,[],2026-08-30,"Discovery presence is not operating, traction, outcome, security or JCX-fit evidence."
dsc-80c78cc135d7,Northspyre,"[""Northspyre""]","[""organization""]","[""org-northspyre-fb51dcc""]",qualified_core,false,"[""qualified_core""]",1,"[""northspyre.com""]","[""https://northspyre.com/""]",[],[],[],[],[],0,[],0,[],"[""development management acquisition budget vendor and approval workflow platform""]","[""L1"",""L2"",""L3"",""L4"",""L5"",""L9""]","[""A""]",[],"[""United States""]",[],[],[],"[""https://northspyre.com/"",""https://northspyre.com/about-us"",""https://northspyre.com/all-asset-classes/commercial"",""https://northspyre.com/blog/northspyre-2025-year-in-review""]",4,"[""qualified_core_identity""]",false,[],2026-08-30,Qualified-core identity; individual claims still require editorial review.
dsc-0b60e1d5d803,Notarize,"[""Notarize""]",[],[],discovery_only,true,"[""built_environment_ecosystem_discovery_index""]",1,"[""notarize.com""]","[""https://notarize.com/""]","[""https://fifthwall.com/portfolio?2bddaefa_page=2""]",[],[],[],"[""Fifth Wall""]",1,"[""eco-src-911bc89aefc3""]",1,"[""Active/portfolio""]",[],[],[],[],[],[],[],"[""Notarize is the first platform to empower thousands of people each day to sign and notarize documents online. From adopting a child to buying a home, Notarize builds trusted products and services that support life's most important moments.""]","[""https://fifthwall.com/portfolio?2bddaefa_page=2"",""https://notarize.com/""]",2,"[""source_native_ecosystem_identity""]",false,[],2026-08-30,"Discovery presence is not operating, traction, outcome, security or JCX-fit evidence."
dsc-616e715d564c,Nova Credit,"[""Nova Credit""]",[],[],discovery_only,true,"[""built_environment_ecosystem_discovery_index""]",1,"[""novacredit.com""]","[""https://novacredit.com/""]","[""https://moderneventures.com/portfolio/nova-credit""]",[],[],[],"[""Moderne Ventures / Passport""]",1,"[""eco-src-1ed95738839a""]",1,"[""Portfolio/Passport listing displayed""]","[""Passport""]",[],[],[],[],[],[],"[""Rewiring the world with better consumer credit data — Helping lenders and businesses see people with limited credit history in a new light — Passport""]","[""https://moderneventures.com/portfolio/nova-credit"",""https://novacredit.com/""]",2,"[""source_native_ecosystem_identity""]",false,[],2026-08-30,"Discovery presence is not operating, traction, outcome, security or JCX-fit evidence."
dsc-8a410a0a65b8,NowVision,"[""NowVision""]",[],[],discovery_only,true,"[""built_environment_ecosystem_discovery_index""]",1,[],[],"[""https://cemexventures.com/top-50""]",[],[],[],"[""CEMEX Ventures Top 50 ConTech 2026""]",1,"[""eco-src-1428b0e0b690""]",1,"[""Selected for 2026 Top 50""]","[""Enhanced productivity""]",[],[],[],[],[],[],"[""Enhanced productivity""]","[""https://cemexventures.com/top-50""]",1,"[""source_native_ecosystem_identity""]",false,[],2026-08-30,"Discovery presence is not operating, traction, outcome, security or JCX-fit evidence."
dsc-3ad31f42b492,Nuveen Real Estate,"[""Nuveen Real Estate""]","[""organization""]","[""org-nuveen-real-estate-cdf03a7""]",qualified_core,false,"[""qualified_core""]",1,"[""nuveen.com""]","[""https://nuveen.com/global/real-estate""]",[],[],[],[],[],0,[],0,[],[],"[""L10"",""L3"",""L8""]","[""B""]",[],"[""United States""]",[],[],[],"[""https://nuveen.com/global/real-estate""]",1,"[""qualified_core_identity""]",false,[],2026-08-30,Qualified-core identity; individual claims still require editorial review.
dsc-e53219553877,Oasix Energy,"[""Oasix Energy""]",[],[],discovery_only,true,"[""built_environment_ecosystem_discovery_index""]",1,"[""oasix.energy""]","[""https://oasix.energy/""]","[""https://nar-reach.com/israel""]",[],[],[],"[""NAR REACH Israel""]",1,"[""eco-src-c94a429b9ffc""]",1,"[""2026 cohort (or current page cohort)""]",[],[],[],"[""Israel""]",[],[],[],"[""building a modular DualThermal storage system that stores both hot and cold energy in a single unit""]","[""https://nar-reach.com/israel"",""https://oasix.energy/""]",2,"[""source_native_ecosystem_identity""]",false,[],2026-08-30,"Discovery presence is not operating, traction, outcome, security or JCX-fit evidence."
dsc-2c68b9a4ae3f,Obayashi,"[""Obayashi""]","[""organization""]","[""org-obayashi-6a0d181""]",qualified_core,false,"[""qualified_core""]",1,"[""obayashi.co.jp""]","[""https://obayashi.co.jp/en""]",[],[],[],[],[],0,[],0,[],[],"[""L10"",""L4"",""L5"",""L8""]","[""B""]",[],"[""Japan""]",[],[],[],"[""https://obayashi.co.jp/en""]",1,"[""qualified_core_identity""]",false,[],2026-08-30,Qualified-core identity; individual claims still require editorial review.
dsc-8044d5f3fb3a,Obie,"[""Obie""]",[],[],discovery_only,true,"[""yc_real_estate_construction_2026-08-30""]",1,[],[],"[""https://ycombinator.com/companies/industry/real-estate-and-construction"",""https://ycombinator.com/companies/obie""]","[""12600""]","[""S2019""]","[""Acquired""]",[],0,[],0,[],"[""Property operations / housing""]","[""L2 Feasibility; L3 Capital/finance; L4 Design/BIM; L8 FM/maintenance; L9 Portfolio/asset""]","[""A""]",[],"[""US""]","[""Chicago, IL, USA""]","[""120""]","[""Moving Investment Property Insurance Forward"",""Since 2017, Obie has simplified real estate investment insurance for landlords, property managers, agents, and investors across the U.S. With expert-backed coverage, intuitive tools, and embedded technology, Obie delivers fast, reliable insurance solutions designed to fit how real estate professionals work today. With $60 billion in coverage secured and $39 million in funding, Obie is redefining what insurance...""]","[""https://ycombinator.com/companies/industry/real-estate-and-construction"",""https://ycombinator.com/companies/obie""]",2,"[""source_native_yc_identity""]",false,[],2026-08-30,"Discovery presence is not operating, traction, outcome, security or JCX-fit evidence."
dsc-1701b2589e41,Obie Insurance,"[""Obie Insurance"",""Obieinsurance""]",[],[],discovery_only,true,"[""built_environment_ecosystem_discovery_index""]",1,"[""obieinsurance.com""]","[""https://obieinsurance.com/""]","[""https://brickmortar.vc/portfolio"",""https://metaprop.com/portfolio""]",[],[],[],"[""Brick & Mortar Ventures"",""MetaProp""]",2,"[""eco-src-0afca6addc94"",""eco-src-c2d721eea539""]",2,"[""Exit"",""Exited/marked exited""]",[],[],[],[],[],[],[],[],"[""https://brickmortar.vc/portfolio"",""https://metaprop.com/portfolio"",""https://obieinsurance.com/""]",3,"[""reviewed_name_alias_with_domain_corroboration"",""source_native_ecosystem_identity""]",false,[],2026-08-30,"Discovery presence is not operating, traction, outcome, security or JCX-fit evidence."
dsc-4e2eb4d2d800,Occupier,"[""Occupier""]",[],[],discovery_only,true,"[""built_environment_ecosystem_discovery_index""]",1,"[""occupier.com""]","[""https://occupier.com/""]","[""https://metaprop.com/portfolio"",""https://nar-reach.com/""]",[],[],[],"[""MetaProp"",""NAR REACH / Second Century Ventures""]",2,"[""eco-src-3eb7730dd850"",""eco-src-c58973d1c3e6""]",2,"[""Exited/marked exited"",""Portfolio example""]",[],[],[],[],[],[],[],[],"[""https://metaprop.com/portfolio"",""https://nar-reach.com/"",""https://occupier.com/""]",3,"[""exact_normalized_name"",""source_native_ecosystem_identity""]",false,[],2026-08-30,"Discovery presence is not operating, traction, outcome, security or JCX-fit evidence."
dsc-0d2d7970afdf,Occuspace,"[""Occuspace""]",[],[],discovery_only,true,"[""built_environment_ecosystem_discovery_index""]",1,"[""occuspace.com""]","[""https://occuspace.com/""]","[""https://moderneventures.com/portfolio/occuspace""]",[],[],[],"[""Moderne Ventures / Passport""]",1,"[""eco-src-24841fa32676""]",1,"[""Portfolio/Passport listing displayed""]","[""Passport""]",[],[],[],[],[],[],"[""The world’s easiest occupancy monitoring solution — Space utilization data tools to more efficiently plan and improve space utilization and user experience — Passport""]","[""https://moderneventures.com/portfolio/occuspace"",""https://occuspace.com/""]",2,"[""source_native_ecosystem_identity""]",false,[],2026-08-30,"Discovery presence is not operating, traction, outcome, security or JCX-fit evidence."
dsc-2b539f8a4fc5,OmniMLS,"[""OmniMLS""]",[],[],discovery_only,true,"[""built_environment_ecosystem_discovery_index""]",1,"[""omnimls.com""]","[""https://omnimls.com/en/subscribe-to-omni-mls""]","[""https://nar-reach.com/latam""]",[],[],[],"[""NAR REACH Latin America""]",1,"[""eco-src-c15cd997710b""]",1,"[""2026 cohort (or current page cohort)""]",[],[],[],"[""Latin America""]",[],[],[],"[""A next-gen MLS platform for Latin America, connecting agents through a collaborative and comprehensive property data system.""]","[""https://nar-reach.com/latam"",""https://omnimls.com/en/subscribe-to-omni-mls""]",2,"[""source_native_ecosystem_identity""]",false,[],2026-08-30,"Discovery presence is not operating, traction, outcome, security or JCX-fit evidence."
dsc-c78194024c7f,omnyfy,"[""omnyfy""]",[],[],discovery_only,true,"[""built_environment_ecosystem_discovery_index""]",1,[],[],"[""https://tarongagroup.com/wp-content/uploads/2025/07/RealTechX-Asset-Impact-Booklet-2025-1.pdf""]",[],[],[],"[""Taronga RealTechX / Asset Impact""]",1,"[""eco-src-3f2da21f4537""]",1,"[""Alumni/support history displayed""]",[],[],[],[],[],[],[],[],"[""https://tarongagroup.com/wp-content/uploads/2025/07/RealTechX-Asset-Impact-Booklet-2025-1.pdf""]",1,"[""source_native_ecosystem_identity""]",false,[],2026-08-30,"Discovery presence is not operating, traction, outcome, security or JCX-fit evidence."
dsc-fdb36b159933,ON3,"[""ON3""]",[],[],discovery_only,true,"[""built_environment_ecosystem_discovery_index""]",1,[],[],"[""https://cemexventures.com/top-50""]",[],[],[],"[""CEMEX Ventures Top 50 ConTech 2026""]",1,"[""eco-src-ab48484d09ce""]",1,"[""Selected for 2026 Top 50""]","[""Supply Chain""]",[],[],[],[],[],[],"[""Supply Chain""]","[""https://cemexventures.com/top-50""]",1,"[""source_native_ecosystem_identity""]",false,[],2026-08-30,"Discovery presence is not operating, traction, outcome, security or JCX-fit evidence."
dsc-836716449d78,On3.ai,"[""On3.ai""]",[],[],discovery_only,true,"[""built_environment_ecosystem_discovery_index""]",1,"[""hologrammedia.net""]","[""https://hologrammedia.net/""]","[""https://moderneventures.com/portfolio/on3-ai""]",[],[],[],"[""Moderne Ventures / Passport""]",1,"[""eco-src-ddc2a6bb5b92""]",1,"[""Portfolio/Passport listing displayed""]","[""Passport""]",[],[],[],[],[],[],"[""Knowledge Management Built for the Frontline — A central hub that captures critical information and expertise and puts it in the hands of field teams — Passport""]","[""https://hologrammedia.net/"",""https://moderneventures.com/portfolio/on3-ai""]",2,"[""source_native_ecosystem_identity""]",true,"[""Domain hologrammedia.net is also used by Hologram Media Network; shared-domain relationship requires review.""]",2026-08-30,"Discovery presence is not operating, traction, outcome, security or JCX-fit evidence."
dsc-b0aab8510897,One Click LCA,"[""One Click LCA""]","[""organization""]","[""org-one-click-lca-def3638""]",qualified_core,false,"[""qualified_core""]",1,"[""oneclicklca.com""]","[""https://oneclicklca.com/en-gb""]",[],[],[],[],[],0,[],0,[],"[""life-cycle assessment EPD and embodied-carbon software""]","[""L4"",""L5""]","[""A""]",[],"[""Finland""]",[],[],[],"[""https://builtworlds.com/insights/2025-building-tech-top-50-list"",""https://oneclicklca.com/en-gb""]",2,"[""qualified_core_identity""]",false,[],2026-08-30,Qualified-core identity; individual claims still require editorial review.
dsc-acf1f8b28333,one concern,"[""one concern""]",[],[],discovery_only,true,"[""built_environment_ecosystem_discovery_index""]",1,[],[],"[""https://tarongagroup.com/wp-content/uploads/2025/07/RealTechX-Asset-Impact-Booklet-2025-1.pdf""]",[],[],[],"[""Taronga RealTechX / Asset Impact""]",1,"[""eco-src-a9221d1425ea""]",1,"[""Alumni/support history displayed""]",[],[],[],[],[],[],[],[],"[""https://tarongagroup.com/wp-content/uploads/2025/07/RealTechX-Asset-Impact-Booklet-2025-1.pdf""]",1,"[""source_native_ecosystem_identity""]",false,[],2026-08-30,"Discovery presence is not operating, traction, outcome, security or JCX-fit evidence."
dsc-404b99712db1,One Raven,"[""One Raven""]",[],[],discovery_only,true,"[""built_environment_ecosystem_discovery_index""]",1,"[""oneraven.com""]","[""https://oneraven.com/""]","[""https://fifthwall.com/portfolio?2bddaefa_page=3""]",[],[],[],"[""Fifth Wall""]",1,"[""eco-src-ac957a16385b""]",1,"[""Active/portfolio""]",[],[],[],[],[],[],[],"[""One Raven is a local-first smart home platform designed around homeowner ownership, privacy, and simplicity. Powered by the One Raven Home Server, the system runs locally inside the home, stores data on the homeowner’s own network, and delivers a unified smart home experience without subscriptions or external data collection.""]","[""https://fifthwall.com/portfolio?2bddaefa_page=3"",""https://oneraven.com/""]",2,"[""source_native_ecosystem_identity""]",false,[],2026-08-30,"Discovery presence is not operating, traction, outcome, security or JCX-fit evidence."
dsc-e6f5a28f6499,Onsiteiq,"[""Onsiteiq""]",[],[],discovery_only,true,"[""built_environment_ecosystem_discovery_index""]",1,"[""onsiteiq.com""]","[""https://onsiteiq.com/""]","[""https://metaprop.com/portfolio""]",[],[],[],"[""MetaProp""]",1,"[""eco-src-9f27462de003""]",1,"[""Active/portfolio""]",[],[],[],[],[],[],[],[],"[""https://metaprop.com/portfolio"",""https://onsiteiq.com/""]",2,"[""source_native_ecosystem_identity""]",true,"[""Another 'OnsiteIQ' source row uses conflicting domain onsiteiq.io; relationship requires review.""]",2026-08-30,"Discovery presence is not operating, traction, outcome, security or JCX-fit evidence."
dsc-2ac13c8ea528,OnsiteIQ,"[""OnsiteIQ""]",[],[],discovery_only,true,"[""built_environment_ecosystem_discovery_index""]",1,"[""onsiteiq.io""]","[""https://onsiteiq.io/""]","[""https://ret.vc/portfolio""]",[],[],[],"[""RET Ventures Portfolio""]",1,"[""eco-src-510d5ddd2d0f""]",1,"[""Portfolio company displayed""]",[],[],[],[],[],[],[],"[""OnsiteIQ OnsiteIQ is a construction intelligence platform for real estate developers, investors and lenders to document, monitor and verify progress on development sites. OnsiteIQ's platform uses AI and machine learning to analyze the comprehensive 360-degree imagery it captures and help its customers to monitor building progress, pinpoint issues, verify and dispute change orders, identify schedule delays and support facilities maintenance. Year of investment 2023 Stage at Investment All Early Real Estate Focus All Multifamily Single-Family Commercial Retail Hospitality View WEbsite""]","[""https://onsiteiq.io/"",""https://ret.vc/portfolio""]",2,"[""source_native_ecosystem_identity""]",true,"[""Exact normalized name matched an existing identity, but the candidate domains conflict; no automatic merge.""]",2026-08-30,"Discovery presence is not operating, traction, outcome, security or JCX-fit evidence."
dsc-526f87f00b1f,Open Listings,"[""Open Listings""]",[],[],discovery_only,true,"[""yc_real_estate_construction_2026-08-30""]",1,[],[],"[""https://ycombinator.com/companies/industry/real-estate-and-construction"",""https://ycombinator.com/companies/open-listings""]","[""777""]","[""W2015""]","[""Acquired""]",[],0,[],0,[],"[""Design / visualization""]","[""L4 Design/BIM; L6 Marketing/sales""]","[""A""]",[],"[""US""]","[""Los Angeles""]","[""48""]","[""A better way to buy a home"",""Open Listings was the all-in-one homebuying app designed to make buying a home simple and more affordable. We helped buyers purchase billions of dollars worth of homes and saved them over $25 million in commission fees. Acquired by Opendoor in 2018.""]","[""https://ycombinator.com/companies/industry/real-estate-and-construction"",""https://ycombinator.com/companies/open-listings""]",2,"[""source_native_yc_identity""]",false,[],2026-08-30,"Discovery presence is not operating, traction, outcome, security or JCX-fit evidence."
dsc-53f4e4ef44f6,Opendoor,"[""Opendoor"",""Opendoor — Exited (NASDAQ: OPEN)""]","[""organization""]","[""org-opendoor-bd08442""]",qualified_core,false,"[""built_environment_ecosystem_discovery_index"",""qualified_core""]",2,"[""opendoor.com""]","[""https://opendoor.com/""]","[""https://fifthwall.com/portfolio?2bddaefa_page=3""]",[],[],[],"[""Fifth Wall""]",1,"[""eco-src-10b56fd0055a""]",1,"[""Exited/acquired (as displayed)""]",[],"[""L3"",""L6""]","[""B""]",[],"[""United States""]",[],[],"[""Opendoor's mission is to empower everyone with the freedom to move. Since 2014, Opendoor has provided people across the US with a radically simple way to buy, sell or trade-in a home. Opendoor currently operates in 20 markets in the US. Headquartered in San Francisco, Opendoor has over 1,300 employees.""]","[""https://fifthwall.com/portfolio?2bddaefa_page=3"",""https://opendoor.com/""]",2,"[""qualified_core_identity"",""status_annotation_stripped_exact_name""]",false,[],2026-08-30,Qualified-core identity; individual claims still require editorial review.
dsc-9e0d51756c5d,OpenSolar,"[""OpenSolar""]","[""organization""]","[""org-opensolar-375b039""]",qualified_core,false,"[""built_environment_ecosystem_discovery_index"",""qualified_core""]",2,"[""opensolar.com""]","[""https://opensolar.com/""]","[""https://2150.vc/investments/opensolar""]",[],[],[],"[""2150""]",1,"[""eco-src-86f0f8eb3601""]",1,"[""Investment displayed; current status not inferred""]","[""solar contractor design sales finance and project-management software""]","[""L10"",""L6""]","[""A""]","[""United Kingdom""]","[""United Kingdom""]",[],[],"[""OpenSolar OpenSolar gives thousands of solar contractors free, class-leading software to design, sell, finance, and manage solar projects end to end.""]","[""https://2150.vc/investments/opensolar"",""https://opensolar.com/""]",2,"[""exact_normalized_name"",""qualified_core_identity""]",false,[],2026-08-30,Qualified-core identity; individual claims still require editorial review.
dsc-138af218591b,OpenSpace,"[""OpenSpace""]","[""organization""]","[""org-openspace-15aa2fd""]",qualified_core,false,"[""built_environment_ecosystem_discovery_index"",""qualified_core""]",2,"[""openspace.ai""]","[""https://openspace.ai/""]","[""https://spark.jllt.com/portfolio"",""https://tarongagroup.com/wp-content/uploads/2025/07/RealTechX-Asset-Impact-Booklet-2025-1.pdf""]",[],[],[],"[""JLL Spark"",""Taronga RealTechX / Asset Impact""]",2,"[""eco-src-365d3720217b"",""eco-src-57f50f49fad9""]",2,"[""Active/portfolio"",""Alumni/support history displayed""]","[""Reality capture progress""]","[""L4"",""L5""]","[""A""]",[],"[""United States""]",[],[],"[""OpenSpace is an AI/computer vision company that generates 360-degree complete visual records of any construction site or asset, indexed over time. View website""]","[""https://get.openspace.ai/rs/283-OVQ-169/images/OpenSpace-Case-Study-Lendlease-en.pdf"",""https://openspace.ai/"",""https://spark.jllt.com/portfolio"",""https://tarongagroup.com/wp-content/uploads/2025/07/RealTechX-Asset-Impact-Booklet-2025-1.pdf""]",4,"[""exact_normalized_name"",""exact_normalized_name_with_domain_corroboration"",""qualified_core_identity""]",false,[],2026-08-30,Qualified-core identity; individual claims still require editorial review.
dsc-e265f9ac3caa,Opiniion,"[""Opiniion""]",[],[],discovery_only,true,"[""built_environment_ecosystem_discovery_index""]",1,"[""opiniion.com""]","[""https://opiniion.com/""]","[""https://ret.vc/portfolio""]",[],[],[],"[""RET Ventures Portfolio""]",1,"[""eco-src-bfe271b7bb22""]",1,"[""Portfolio company displayed""]",[],[],[],[],[],[],[],"[""Opiniion Opiniion gives you a proactive approach to controlling your online reputation and collecting authentic real-time feedback from residents. We are a fully automated and intuitive tool for property management companies to take control in the battle of managing an online reputation. Year of investment 2019 Stage at Investment All Seed Real Estate Focus All Multifamily Commercial Retail View WEbsite""]","[""https://opiniion.com/"",""https://ret.vc/portfolio""]",2,"[""source_native_ecosystem_identity""]",false,[],2026-08-30,"Discovery presence is not operating, traction, outcome, security or JCX-fit evidence."
dsc-a61c5721dead,Optera,"[""Optera""]",[],[],discovery_only,true,"[""built_environment_ecosystem_discovery_index""]",1,"[""opteraclimate.com""]","[""https://opteraclimate.com/""]","[""https://moderneventures.com/portfolio/optera""]",[],[],[],"[""Moderne Ventures / Passport""]",1,"[""eco-src-6426b2c1a782""]",1,"[""Exited (displayed)""]","[""Passport""]",[],[],[],[],[],[],"[""Enterprise software enabling enterprises to manage and reduce emissions across their value chain — Power your ESG strategy with rigorous carbon management and supplier engagement — Passport""]","[""https://moderneventures.com/portfolio/optera"",""https://opteraclimate.com/""]",2,"[""source_native_ecosystem_identity""]",false,[],2026-08-30,"Discovery presence is not operating, traction, outcome, security or JCX-fit evidence."
dsc-2eb8c07c3b47,Optocycle,"[""Optocycle""]",[],[],discovery_only,true,"[""built_environment_ecosystem_discovery_index""]",1,[],[],"[""https://cemexventures.com/top-50""]",[],[],[],"[""CEMEX Ventures Top 50 ConTech 2026""]",1,"[""eco-src-15bb5e739535""]",1,"[""Selected for 2026 Top 50""]","[""Green construction""]",[],[],[],[],[],[],"[""Green construction""]","[""https://cemexventures.com/top-50""]",1,"[""source_native_ecosystem_identity""]",false,[],2026-08-30,"Discovery presence is not operating, traction, outcome, security or JCX-fit evidence."
dsc-3f33c29d6f92,Opusense AI,"[""Opusense AI""]",[],[],discovery_only,true,"[""yc_real_estate_construction_2026-08-30""]",1,[],[],"[""https://ycombinator.com/companies/industry/real-estate-and-construction"",""https://ycombinator.com/companies/opusense-ai""]","[""30467""]","[""P2025""]","[""Active""]",[],0,[],0,[],"[""ConTech / construction operations""]","[""L5 Construction; L12 Data/intelligence""]","[""A""]",[],"[""CA""]","[""Toronto, ON, Canada""]","[""2""]","[""AI for Field Inspection Reports"",""Opusense AI automates field report writing for construction field inspectors. Instead of typing up notes at the end of the day, inspectors can now walk a site, speak observations aloud, snap photos, and let our AI assistant generate a detailed, organized report on-site and in real time. Combined, the founding team has over 15 years in the construction industry. Writing up these field reports used to take up at...""]","[""https://ycombinator.com/companies/industry/real-estate-and-construction"",""https://ycombinator.com/companies/opusense-ai""]",2,"[""source_native_yc_identity""]",false,[],2026-08-30,"Discovery presence is not operating, traction, outcome, security or JCX-fit evidence."
dsc-10fe88e39053,Oracle Construction & Engineering,"[""Oracle Construction & Engineering""]","[""product_offering""]","[""org-oracle-construction-and-engineering-7e92f1f""]",qualified_core,false,"[""qualified_core""]",1,"[""oracle.com""]","[""https://oracle.com/construction-engineering/aconex""]",[],[],[],[],[],0,[],0,[],"[""construction CDE payment and project-controls platform suite""]","[""L11"",""L2"",""L3"",""L5""]","[""A""]",[],"[""United States""]",[],[],[],"[""https://docs.oracle.com/en/industries/construction-engineering"",""https://oracle.com/construction-engineering/aconex"",""https://oracle.com/construction-engineering/textura-construction-payment-management""]",3,"[""qualified_core_identity""]",false,[],2026-08-30,Qualified-core identity; individual claims still require editorial review.
dsc-09f9c4ba21dd,Orbital,"[""Orbital""]",[],[],discovery_only,true,"[""built_environment_ecosystem_discovery_index""]",1,"[""orbitalwitness.com""]","[""https://orbitalwitness.com/""]","[""https://spark.jllt.com/portfolio""]",[],[],[],"[""JLL Spark""]",1,"[""eco-src-c4ff7e533f2d""]",1,"[""Active/portfolio""]",[],[],[],[],[],[],[],"[""A LegalTech-meets-PropTech startup replacing legacy legal due diligence in property transactions with a legal risk rating. View website""]","[""https://orbitalwitness.com/"",""https://spark.jllt.com/portfolio""]",2,"[""source_native_ecosystem_identity""]",true,"[""Another 'Orbital' source row uses conflicting domain orbital.tech; relationship requires review.""]",2026-08-30,"Discovery presence is not operating, traction, outcome, security or JCX-fit evidence."
dsc-5a263423bdd4,Orbital,"[""Orbital""]",[],[],discovery_only,true,"[""built_environment_ecosystem_discovery_index""]",1,"[""orbital.tech""]","[""https://orbital.tech/""]","[""https://moderneventures.com/portfolio/orbital""]",[],[],[],"[""Moderne Ventures / Passport""]",1,"[""eco-src-3f52c1fa9a89""]",1,"[""Portfolio/Passport listing displayed""]","[""Investment""]",[],[],[],[],[],[],"[""AI for Complex Due Diligence — Transforming the $140B+ global real estate legal market — Investment""]","[""https://moderneventures.com/portfolio/orbital"",""https://orbital.tech/""]",2,"[""source_native_ecosystem_identity""]",true,"[""Domain orbital.tech is also used by Orbital Witness; shared-domain relationship requires review."",""Exact normalized name matched an existing identity, but the candidate domains conflict; no automatic merge.""]",2026-08-30,"Discovery presence is not operating, traction, outcome, security or JCX-fit evidence."
dsc-72671549ac6f,Orbital Witness,"[""Orbital Witness""]","[""organization""]","[""org-orbital-witness-cc3955e""]",qualified_core,false,"[""qualified_core""]",1,"[""orbital.tech""]","[""https://orbital.tech/uk""]",[],[],[],[],[],0,[],0,[],"[""AI-assisted title and property due diligence""]","[""L1"",""L3"",""L6""]","[""A""]",[],"[""United Kingdom""]",[],[],[],"[""https://orbital.tech/uk"",""https://orbital.tech/uk/solutions/acquisitions""]",2,"[""qualified_core_identity""]",true,"[""Domain orbital.tech is also used by ecosystem candidate 'Orbital'; identities were deliberately kept separate.""]",2026-08-30,Qualified-core identity; individual claims still require editorial review.
dsc-de590cd00f20,OurPetPolicy,"[""OurPetPolicy""]",[],[],discovery_only,true,"[""built_environment_ecosystem_discovery_index""]",1,"[""ourpetpolicy.com""]","[""https://ourpetpolicy.com/""]","[""https://ret.vc/portfolio""]",[],[],[],"[""RET Ventures Portfolio""]",1,"[""eco-src-883319d131f3""]",1,"[""Portfolio company displayed""]",[],[],[],[],[],[],[],"[""OurPetPolicy OurPetPolicy is an animal management platform tailored for multifamily housing operators. It provides tools to verify pets, map animal incidents, and screen emotional and service animals to reduce liability, fraud, and unauthorized animals Year of investment 2025 Stage at Investment All Early Real Estate Focus All Multifamily Single-Family View WEbsite""]","[""https://ourpetpolicy.com/"",""https://ret.vc/portfolio""]",2,"[""source_native_ecosystem_identity""]",false,[],2026-08-30,"Discovery presence is not operating, traction, outcome, security or JCX-fit evidence."
dsc-4f2ec1296f9c,Outbuild,"[""Outbuild""]","[""organization""]","[""org-outbuild-f066346""]",qualified_core,false,"[""qualified_core""]",1,"[""outbuild.com""]","[""https://outbuild.com/""]",[],[],[],[],[],0,[],0,[],"[""scheduling and field coordination software""]","[""L5"",""L9""]","[""A""]",[],"[""United States""]",[],[],[],"[""https://outbuild.com/"",""https://outbuild.com/about-us"",""https://zacuaventures.com/portfolio""]",3,"[""qualified_core_identity""]",false,[],2026-08-30,Qualified-core identity; individual claims still require editorial review.
dsc-8156bb9e065e,Oxford Properties,"[""Oxford Properties""]","[""organization""]","[""org-oxford-properties-1e070f3""]",qualified_core,false,"[""qualified_core""]",1,"[""oxfordproperties.com""]","[""https://oxfordproperties.com/""]",[],[],[],[],[],0,[],0,[],[],"[""L10"",""L3"",""L8""]","[""B""]",[],"[""Canada""]",[],[],[],"[""https://oxfordproperties.com/""]",1,"[""qualified_core_identity""]",false,[],2026-08-30,Qualified-core identity; individual claims still require editorial review.
dsc-f5bea6030f04,Pacaso,"[""Pacaso""]",[],[],discovery_only,true,"[""built_environment_ecosystem_discovery_index""]",1,"[""pacaso.com""]","[""https://pacaso.com/""]","[""https://fifthwall.com/portfolio?2bddaefa_page=3""]",[],[],[],"[""Fifth Wall""]",1,"[""eco-src-5947db5501d0""]",1,"[""Active/portfolio""]",[],[],[],[],[],[],[],"[""Pacaso modernizes the decades-old practice of co-ownership by creating a marketplace that makes buying, owning, and selling a luxury second home easy. From curating the best listings in top second home markets to offering integrated financing and sales from as little as ⅛ to as much as ½ ownership; upscale interior design; and professional property management, Pacaso provides owners with all the benefits of owning a second home with less hassle. After purchase, Pacaso manages the home on an ongoing basis and supports a frictionless resale process in partnership with a licensed real estate professional. Pacaso was co-founded by former Zillow executives Austin Allison and Spencer Rascoff.""]","[""https://fifthwall.com/portfolio?2bddaefa_page=3"",""https://pacaso.com/""]",2,"[""source_native_ecosystem_identity""]",false,[],2026-08-30,"Discovery presence is not operating, traction, outcome, security or JCX-fit evidence."
dsc-90ca8241cbbf,Paces,"[""Paces""]","[""organization""]","[""org-paces-c08a2fe""]",qualified_core,false,"[""qualified_core""]",1,[],[],"[""https://ycombinator.com/companies/paces""]",[],[],[],[],0,[],0,[],"[""AI siting interconnection permitting and renewable/data-center development""]","[""L1"",""L2"",""L5""]","[""B""]",[],"[""United States""]",[],[],[],"[""https://ycombinator.com/companies/paces""]",1,"[""qualified_core_identity""]",false,[],2026-08-30,Qualified-core identity; individual claims still require editorial review.
dsc-362b85ade5e0,PadMapper,"[""PadMapper""]",[],[],discovery_only,true,"[""yc_real_estate_construction_2026-08-30""]",1,[],[],"[""https://ycombinator.com/companies/industry/real-estate-and-construction"",""https://ycombinator.com/companies/padmapper""]","[""186""]","[""S2010""]","[""Acquired""]",[],0,[],0,[],"[""Property operations / housing""]","[""L6 Marketing/sales; L7 Occupancy/tenant; L12 Data/intelligence""]","[""B""]",[],"[""US""]","[""San Francisco""]","[""2""]","[""Map-based apartment search."",""PadMapper is a location-based apartment rental search engine with real-time filtering. PadMapper's entire browsing interface is taken up by a full-screen map, and listings are loaded as the user moves around the map. Zooming into the map loads more listings in that area, zooming out broadens the search. Listings are filtered out or allowed back into the results as filter sliders are moved. Apartment listings from...""]","[""https://ycombinator.com/companies/industry/real-estate-and-construction"",""https://ycombinator.com/companies/padmapper""]",2,"[""source_native_yc_identity""]",false,[],2026-08-30,"Discovery presence is not operating, traction, outcome, security or JCX-fit evidence."
dsc-2ece804cf082,Padsplit,"[""Padsplit""]",[],[],discovery_only,true,"[""built_environment_ecosystem_discovery_index""]",1,"[""padsplit.com""]","[""https://padsplit.com/""]","[""https://metaprop.com/portfolio""]",[],[],[],"[""MetaProp""]",1,"[""eco-src-fdcb72b6ded2""]",1,"[""Active/portfolio""]",[],[],[],[],[],[],[],[],"[""https://metaprop.com/portfolio"",""https://padsplit.com/""]",2,"[""source_native_ecosystem_identity""]",false,[],2026-08-30,"Discovery presence is not operating, traction, outcome, security or JCX-fit evidence."
dsc-c8d9817dc0aa,Paintjet,"[""Paintjet""]",[],[],discovery_only,true,"[""built_environment_ecosystem_discovery_index""]",1,"[""paintjet.com""]","[""https://paintjet.com/""]","[""https://metaprop.com/portfolio""]",[],[],[],"[""MetaProp""]",1,"[""eco-src-8f7b19cd5ec1""]",1,"[""Active/portfolio""]",[],[],[],[],[],[],[],[],"[""https://metaprop.com/portfolio"",""https://paintjet.com/""]",2,"[""source_native_ecosystem_identity""]",false,[],2026-08-30,"Discovery presence is not operating, traction, outcome, security or JCX-fit evidence."
dsc-0a2d265e83b7,Palazzo,"[""Palazzo""]",[],[],discovery_only,true,"[""built_environment_ecosystem_discovery_index""]",1,"[""palazzo.ai""]","[""https://palazzo.ai/""]","[""https://metaprop.com/portfolio""]",[],[],[],"[""MetaProp""]",1,"[""eco-src-9b5e09a1b75e""]",1,"[""Active/portfolio""]",[],[],[],[],[],[],[],[],"[""https://metaprop.com/portfolio"",""https://palazzo.ai/""]",2,"[""source_native_ecosystem_identity""]",false,[],2026-08-30,"Discovery presence is not operating, traction, outcome, security or JCX-fit evidence."
dsc-c9150af6da4c,Palomma,"[""Palomma""]",[],[],discovery_only,true,"[""yc_real_estate_construction_2026-08-30""]",1,[],[],"[""https://ycombinator.com/companies/industry/real-estate-and-construction"",""https://ycombinator.com/companies/palomma""]","[""27714""]","[""W2023""]","[""Active""]",[],0,[],0,[],"[""Property operations / housing""]","[""L3 Capital/finance; L6 Marketing/sales; L7 Occupancy/tenant; L8 FM/maintenance; L12 Data/intelligence""]","[""A""]",[],"[""CO""]","[""Medellín, Medellin, Antioquia, Colombia""]","[""8""]","[""AI & financial services for real estate in LatAm, starting by rent"",""Palomma is building the AI-native bank for real estate in LatAm. We start with AI agents for property managers (leasing, sales, collections), then add payments to own the flow of rent. This unlocks credit and insurance products to monetize on the $235Bn of rental flows from tenants and landlords.""]","[""https://ycombinator.com/companies/industry/real-estate-and-construction"",""https://ycombinator.com/companies/palomma""]",2,"[""source_native_yc_identity""]",false,[],2026-08-30,"Discovery presence is not operating, traction, outcome, security or JCX-fit evidence."
dsc-c7029fe490e5,PARES AI,"[""PARES AI""]","[""organization""]","[""org-pares-ai-de8df6d""]",qualified_core,false,"[""qualified_core"",""yc_real_estate_construction_2026-08-30""]",2,[],[],"[""https://ycombinator.com/companies/industry/real-estate-and-construction"",""https://ycombinator.com/companies/pares-ai""]","[""30736""]","[""S2025""]","[""Active""]",[],0,[],0,[],"[""AI brokerage/property management"",""Property operations / housing""]","[""L2 Feasibility; L3 Capital/finance; L6 Marketing/sales; L7 Occupancy/tenant; L8 FM/maintenance; L9 Portfolio/asset; L12 Data/intelligence"",""L6"",""L8""]","[""A"",""B""]",[],"[""US"",""United States""]","[""Los Angeles""]","[""3""]","[""AI-native real estate services firm"",""PARES is an AI-native real estate services firm, providing investment sales brokerage and property management to institutional and middle-market property owners and investors across the country. Real estate is an extremely labor-intensive business, often requiring scaling headcount to grow, being extremely local to submarkets, and operating on low margins. With AI, these services can be centralized and delivered...""]","[""https://ycombinator.com/companies/industry/real-estate-and-construction"",""https://ycombinator.com/companies/pares-ai""]",2,"[""exact_normalized_name"",""qualified_core_identity""]",false,[],2026-08-30,Qualified-core identity; individual claims still require editorial review.
dsc-a50d9f6a3d28,Parity,"[""Parity""]",[],[],discovery_only,true,"[""built_environment_ecosystem_discovery_index""]",1,"[""paritygo.com""]","[""https://paritygo.com/""]","[""https://ret.vc/portfolio""]",[],[],[],"[""RET Ventures Portfolio""]",1,"[""eco-src-d5f10e82852a""]",1,"[""Portfolio company displayed""]",[],[],[],[],[],[],[],"[""Parity Parity is an Efficiency-as-a-Service technology. Through their proprietary software, they remotely automate the control of common area HVAC equipment in real time for high-rise and mid-rise multifamily properties. They eliminate wasted energy, streamline building operations, protect resident comfort and reduce exposure to environmental regulations such as building performance standards. Year of investment 2022 Stage at Investment All Early Real Estate Focus All Multifamily Hospitality View WEbsite""]","[""https://paritygo.com/"",""https://ret.vc/portfolio""]",2,"[""source_native_ecosystem_identity""]",false,[],2026-08-30,"Discovery presence is not operating, traction, outcome, security or JCX-fit evidence."
dsc-2c44efe27cc7,ParkBooker,"[""ParkBooker""]",[],[],discovery_only,true,"[""built_environment_ecosystem_discovery_index""]",1,"[""parkbooker.com""]","[""http://parkbooker.com/""]","[""https://nar-reach.com/australia-and-newzealand""]",[],[],[],"[""NAR REACH Australia & New Zealand""]",1,"[""eco-src-120e424b4b62""]",1,"[""2026 cohort (or current page cohort)""]",[],[],[],"[""Australia/New Zealand""]",[],[],[],"[""A dedicated booking marketplace for Holiday and Caravan Parks, built to make discovering and booking parks as easy as booking a hotel.""]","[""http://parkbooker.com/"",""https://nar-reach.com/australia-and-newzealand""]",2,"[""source_native_ecosystem_identity""]",false,[],2026-08-30,"Discovery presence is not operating, traction, outcome, security or JCX-fit evidence."
dsc-5f26682eeb5e,Parkifi,"[""Parkifi""]",[],[],discovery_only,true,"[""built_environment_ecosystem_discovery_index""]",1,"[""parkifi.com""]","[""http://parkifi.com/""]","[""https://metaprop.com/portfolio""]",[],[],[],"[""MetaProp""]",1,"[""eco-src-65a247ac1007""]",1,"[""Exited/marked exited""]",[],[],[],[],[],[],[],[],"[""http://parkifi.com/"",""https://metaprop.com/portfolio""]",2,"[""source_native_ecosystem_identity""]",false,[],2026-08-30,"Discovery presence is not operating, traction, outcome, security or JCX-fit evidence."
dsc-9634ef0cfdf5,Parkquility,"[""Parkquility""]",[],[],discovery_only,true,"[""built_environment_ecosystem_discovery_index""]",1,"[""parkquility.com""]","[""http://parkquility.com/""]","[""https://nar-reach.com/us-commercial""]",[],[],[],"[""NAR REACH US Commercial""]",1,"[""eco-src-63f00bb93f8d""]",1,"[""2026 cohort (or current page cohort)""]",[],[],[],"[""United States""]",[],[],[],"[""A license plate registration based parking management platform that maximizes net operating income for property owners while delivering a seamless, frictionless experience for drivers and visitors.""]","[""http://parkquility.com/"",""https://nar-reach.com/us-commercial""]",2,"[""source_native_ecosystem_identity""]",false,[],2026-08-30,"Discovery presence is not operating, traction, outcome, security or JCX-fit evidence."
dsc-2dc72a073d5b,PassiveLogic,"[""PassiveLogic""]","[""organization""]","[""org-passivelogic-138e956""]",qualified_core,false,"[""built_environment_ecosystem_discovery_index"",""qualified_core""]",2,"[""passivelogic.com""]","[""https://passivelogic.com/""]","[""https://ret.vc/portfolio""]",[],[],[],"[""RET Ventures Portfolio""]",1,"[""eco-src-cb26ebeda321""]",1,"[""Portfolio company displayed""]","[""physics-based digital twin generative controls and autonomous building platform""]","[""L10"",""L4"",""L5"",""L8""]","[""B""]",[],"[""United States""]",[],[],"[""PassiveLogic PassiveLogic is a full-stack autonomous platform for buildings, leveraging physics-based digital twins and edge AI to optimize control systems across HVAC, energy, and occupant-comfort domains. Its mission is to bring “generative autonomy” to the built environment and aims to reduce energy consumption by about 30 % across buildings and enable owners/operators of multifamily, commercial and institutional properties to move from legacy building controls to self-optimizing systems. Year of investment 2020 Stage at Investment All Early Real Estate Focus All Multifamily Commercial Retail Hospitality Mixed Use View WEbsite""]","[""https://passivelogic.com/"",""https://passivelogic.com/downloads/Builder-ProdSheet-%202025_web.pdf"",""https://prnewswire.com/news-releases/passivelogic-introduces-the-worlds-first-generative-autonomy-platform-for-buildings-and-industrial-infrastructure-302820208.html"",""https://ret.vc/portfolio""]",4,"[""exact_normalized_name_with_domain_corroboration"",""qualified_core_identity""]",false,[],2026-08-30,Qualified-core identity; individual claims still require editorial review.
dsc-31ed5389ec1e,Pathways,"[""Pathways""]",[],[],discovery_only,true,"[""built_environment_ecosystem_discovery_index""]",1,"[""pathwaysai.co""]","[""https://pathwaysai.co/""]","[""https://pilabs.vc/portfolio""]",[],[],[],"[""Pi Labs""]",1,"[""eco-src-7a20c1596d7b""]",1,"[""Active/portfolio""]",[],[],[],[],[],[],[],"[""AI-powered EPDs for material manufacturers Est. 2022. United States. <br> Founded by Leise Sandeman, Alex Cooper. <br> Last Funding Round: Pre-Seed""]","[""https://pathwaysai.co/"",""https://pilabs.vc/portfolio""]",2,"[""source_native_ecosystem_identity""]",false,[],2026-08-30,"Discovery presence is not operating, traction, outcome, security or JCX-fit evidence."
dsc-f784e7e2a364,Peek,"[""Peek""]",[],[],discovery_only,true,"[""built_environment_ecosystem_discovery_index""]",1,"[""peek.us""]","[""https://peek.us/""]","[""https://moderneventures.com/portfolio/peek""]",[],[],[],"[""Moderne Ventures / Passport""]",1,"[""eco-src-eda38f76c2f4""]",1,"[""Portfolio/Passport listing displayed""]","[""Passport""]",[],[],[],[],[],[],"[""Digitizing the leasing experience — Virtual leasing solution equips property managers to lease faster and convert more leads — Passport""]","[""https://moderneventures.com/portfolio/peek"",""https://peek.us/""]",2,"[""source_native_ecosystem_identity""]",false,[],2026-08-30,"Discovery presence is not operating, traction, outcome, security or JCX-fit evidence."
dsc-5c725a8cc866,Pelles AI,"[""Pelles AI""]",[],[],discovery_only,true,"[""built_environment_ecosystem_discovery_index""]",1,"[""pelles.ai""]","[""https://pelles.ai/""]","[""https://brickmortar.vc/portfolio""]",[],[],[],"[""Brick & Mortar Ventures""]",1,"[""eco-src-09ef83b3f1b3""]",1,"[""Active investment""]",[],[],[],[],[],[],[],[],"[""https://brickmortar.vc/portfolio"",""https://pelles.ai/""]",2,"[""source_native_ecosystem_identity""]",false,[],2026-08-30,"Discovery presence is not operating, traction, outcome, security or JCX-fit evidence."
dsc-75a4fa9555c8,Pepper,"[""Pepper""]",[],[],discovery_only,true,"[""built_environment_ecosystem_discovery_index""]",1,"[""pepper.me""]","[""https://pepper.me/""]","[""https://metaprop.com/portfolio""]",[],[],[],"[""MetaProp""]",1,"[""eco-src-c11aff2e07df""]",1,"[""Exited/marked exited""]",[],[],[],[],[],[],[],[],"[""https://metaprop.com/portfolio"",""https://pepper.me/""]",2,"[""source_native_ecosystem_identity""]",false,[],2026-08-30,"Discovery presence is not operating, traction, outcome, security or JCX-fit evidence."
dsc-2532218eea62,PermitFlow,"[""PermitFlow""]","[""organization""]","[""org-permitflow-157886b""]",qualified_core,false,"[""qualified_core"",""yc_real_estate_construction_2026-08-30""]",2,[],[],"[""https://ycombinator.com/companies/industry/real-estate-and-construction"",""https://ycombinator.com/companies/permitflow""]","[""25647""]","[""W2022""]","[""Active""]",[],0,[],0,[],"[""AI preconstruction and permit management"",""ConTech / construction operations""]","[""L1"",""L1 Land/site; L5 Construction; L12 Data/intelligence"",""L2"",""L5""]","[""A"",""B""]",[],"[""US"",""United States""]","[""New York City""]","[""80""]","[""Construction's AI Platform"",""Intuitive AI platform that helps general contractors and developers manage their preconstruction process""]","[""https://ycombinator.com/companies/industry/real-estate-and-construction"",""https://ycombinator.com/companies/permitflow""]",2,"[""exact_normalized_name"",""qualified_core_identity""]",false,[],2026-08-30,Qualified-core identity; individual claims still require editorial review.
dsc-0c824702ca28,Permitify,"[""Permitify""]",[],[],discovery_only,true,"[""yc_real_estate_construction_2026-08-30""]",1,[],[],"[""https://ycombinator.com/companies/industry/real-estate-and-construction"",""https://ycombinator.com/companies/permitify""]","[""30317""]","[""W2025""]","[""Active""]",[],0,[],0,[],"[""ConTech / construction operations""]","[""L1 Land/site; L5 Construction; L12 Data/intelligence""]","[""A""]",[],"[""US""]","[""Salt Lake City, UT, USA""]","[""2""]","[""AI co-pilot for building plan review and building code compliance"",""City building departments are understaffed and overworked. Meanwhile, builders lobby to remove power from building departments. Because building departments are usually the only profitable/self-sustaining branch of a local government, this is problematic. Permitify allows city build-plan reviewers to 10x their productivity covering the labor shortage, reducing the time required to issue a building permit, and...""]","[""https://ycombinator.com/companies/industry/real-estate-and-construction"",""https://ycombinator.com/companies/permitify""]",2,"[""source_native_yc_identity""]",false,[],2026-08-30,"Discovery presence is not operating, traction, outcome, security or JCX-fit evidence."
dsc-b6bb1c41e064,PermitPortal,"[""PermitPortal""]","[""organization""]","[""org-permitportal-5607258""]",qualified_core,false,"[""qualified_core"",""yc_real_estate_construction_2026-08-30""]",2,[],[],"[""https://ycombinator.com/companies/industry/real-estate-and-construction"",""https://ycombinator.com/companies/permitportal""]","[""30088""]","[""F2024""]","[""Active""]",[],0,[],0,[],"[""ConTech / construction operations"",""Entitlement permit workflow""]","[""L1"",""L1 Land/site; L5 Construction; L12 Data/intelligence"",""L4"",""L5""]","[""A""]",[],"[""US"",""United States""]","[""San Francisco""]","[""2""]","[""AI Operating System for Pre-construction"",""We are building workflows to help developers go from finding and closing development sites to getting a building permit faster. PermitPortal accelerates the most critical parts of the pre-construction phase: finding the right sites, understanding entitlements and navigating local development sentiment.""]","[""https://ycombinator.com/companies/industry/real-estate-and-construction"",""https://ycombinator.com/companies/permitportal""]",2,"[""exact_normalized_name"",""qualified_core_identity""]",false,[],2026-08-30,Qualified-core identity; individual claims still require editorial review.
dsc-e9be32415eb2,Perq,"[""Perq""]",[],[],discovery_only,true,"[""built_environment_ecosystem_discovery_index""]",1,"[""perq.com""]","[""https://perq.com/""]","[""https://moderneventures.com/portfolio/perq""]",[],[],[],"[""Moderne Ventures / Passport""]",1,"[""eco-src-4432efaada20""]",1,"[""Portfolio/Passport listing displayed""]","[""Passport""]",[],[],[],[],[],[],"[""AI-powered lead generation platform — Generating higher quality leads and increasing conversion rates for multifamily — Passport""]","[""https://moderneventures.com/portfolio/perq"",""https://perq.com/""]",2,"[""source_native_ecosystem_identity""]",false,[],2026-08-30,"Discovery presence is not operating, traction, outcome, security or JCX-fit evidence."
dsc-743987c8152c,Pestshare,"[""Pestshare""]",[],[],discovery_only,true,"[""built_environment_ecosystem_discovery_index""]",1,"[""pestshare.com""]","[""https://pestshare.com/""]","[""https://metaprop.com/portfolio""]",[],[],[],"[""MetaProp""]",1,"[""eco-src-bcafc322ce42""]",1,"[""Active/portfolio""]",[],[],[],[],[],[],[],[],"[""https://metaprop.com/portfolio"",""https://pestshare.com/""]",2,"[""source_native_ecosystem_identity""]",false,[],2026-08-30,"Discovery presence is not operating, traction, outcome, security or JCX-fit evidence."
dsc-7cff8b803e3a,"Petram Technologies, Inc.","[""Petram Technologies, Inc.""]",[],[],discovery_only,true,"[""built_environment_ecosystem_discovery_index""]",1,[],[],"[""https://cemexventures.com/top-50""]",[],[],[],"[""CEMEX Ventures Top 50 ConTech 2026""]",1,"[""eco-src-ec4b32f32357""]",1,"[""Selected for 2026 Top 50""]","[""Enhanced productivity""]",[],[],[],[],[],[],"[""Enhanced productivity""]","[""https://cemexventures.com/top-50""]",1,"[""source_native_ecosystem_identity""]",false,[],2026-08-30,"Discovery presence is not operating, traction, outcome, security or JCX-fit evidence."
dsc-12338f513f32,Photara,"[""Photara""]",[],[],discovery_only,true,"[""built_environment_ecosystem_discovery_index""]",1,[],[],"[""https://2150.vc/investments/photara""]",[],[],[],"[""2150""]",1,"[""eco-src-5c04ee054cb0""]",1,"[""Investment displayed; current status not inferred""]",[],[],[],"[""United States""]",[],[],[],"[""Photara Photara builds advanced tools to replace silver with copper in solar manufacturing.""]","[""https://2150.vc/investments/photara""]",1,"[""source_native_ecosystem_identity""]",false,[],2026-08-30,"Discovery presence is not operating, traction, outcome, security or JCX-fit evidence."
dsc-170c249044f1,PHOTOKRETE,"[""PHOTOKRETE""]",[],[],discovery_only,true,"[""built_environment_ecosystem_discovery_index""]",1,[],[],"[""https://cemexventures.com/top-50""]",[],[],[],"[""CEMEX Ventures Top 50 ConTech 2026""]",1,"[""eco-src-226b7d4636c5""]",1,"[""Selected for 2026 Top 50""]","[""Green construction""]",[],[],[],[],[],[],"[""Green construction""]","[""https://cemexventures.com/top-50""]",1,"[""source_native_ecosystem_identity""]",false,[],2026-08-30,"Discovery presence is not operating, traction, outcome, security or JCX-fit evidence."
dsc-4738792b0cf9,Pi Labs portfolio,"[""Pi Labs portfolio""]","[""program_ecosystem""]","[""org-pi-labs-portfolio-188a1d3""]",qualified_core,false,"[""qualified_core""]",1,"[""pilabs.vc""]","[""https://pilabs.vc/portfolio?sort=date_desc""]",[],[],[],[],[],0,[],0,[],"[""PropTech ecosystem index""]","[""L10"",""L12""]","[""C""]",[],"[""United Kingdom""]",[],[],[],"[""https://pilabs.vc/portfolio?sort=date_desc""]",1,"[""qualified_core_identity""]",false,[],2026-08-30,Qualified-core identity; individual claims still require editorial review.
dsc-bd49c977a4e3,Picket Homes,"[""Picket Homes""]",[],[],discovery_only,true,"[""built_environment_ecosystem_discovery_index""]",1,"[""picket.ai""]","[""https://picket.ai/""]","[""https://ret.vc/portfolio""]",[],[],[],"[""RET Ventures Portfolio""]",1,"[""eco-src-b564db10c960""]",1,"[""Portfolio company displayed""]",[],[],[],[],[],[],[],"[""Picket Homes Picket Homes is the leading full-service SFR platform for investors and residents. The company's proprietary Decision Science software offers integrated technologies for every stage of the SFR value chain, enabling investors to quickly and confidently deploy capital across multiple markets, efficiently manage homes to higher standards, and empower residents to live where they want and love where they live. Year of investment 2022 Stage at Investment All Early Real Estate Focus All Single-Family View WEbsite""]","[""https://picket.ai/"",""https://ret.vc/portfolio""]",2,"[""source_native_ecosystem_identity""]",false,[],2026-08-30,"Discovery presence is not operating, traction, outcome, security or JCX-fit evidence."
dsc-21f8c7f97e33,Pinata,"[""Pinata""]",[],[],discovery_only,true,"[""built_environment_ecosystem_discovery_index""]",1,"[""pinata.ai""]","[""https://pinata.ai/""]","[""https://moderneventures.com/portfolio/pinata""]",[],[],[],"[""Moderne Ventures / Passport""]",1,"[""eco-src-98d4712204e7""]",1,"[""Portfolio/Passport listing displayed""]","[""Passport""]",[],[],[],[],[],[],"[""Making rent smarter and more rewarding for all — Mutually beneficial loyalty + rewards platform for landlords and tenants — Passport""]","[""https://moderneventures.com/portfolio/pinata"",""https://pinata.ai/""]",2,"[""source_native_ecosystem_identity""]",false,[],2026-08-30,"Discovery presence is not operating, traction, outcome, security or JCX-fit evidence."
dsc-696516bf46b6,Pine,"[""Pine""]",[],[],discovery_only,true,"[""built_environment_ecosystem_discovery_index""]",1,"[""pine.ca""]","[""https://pine.ca/""]","[""https://metaprop.com/portfolio""]",[],[],[],"[""MetaProp""]",1,"[""eco-src-0f8d50f77d9c""]",1,"[""Active/portfolio""]",[],[],[],[],[],[],[],[],"[""https://metaprop.com/portfolio"",""https://pine.ca/""]",2,"[""source_native_ecosystem_identity""]",false,[],2026-08-30,"Discovery presence is not operating, traction, outcome, security or JCX-fit evidence."
dsc-311d1b5aeff2,Pinhome,"[""Pinhome""]","[""organization""]","[""org-pinhome-8799253""]",qualified_core,false,"[""qualified_core""]",1,"[""pinhome.id""]","[""https://pinhome.id/pages/tentang-kami""]",[],[],[],[],[],0,[],0,[],"[""integrated property marketplace finance and home services""]","[""L3"",""L6"",""L7""]","[""B""]",[],"[""Indonesia""]",[],[],[],"[""https://assets.pinhome.id/static/market-report/downloads/market-report_downloads_id_market_report_2024_and_outlook_2025.pdf"",""https://pinhome.id/pages/tentang-kami""]",2,"[""qualified_core_identity""]",false,[],2026-08-30,Qualified-core identity; individual claims still require editorial review.
dsc-23d29667af11,Pinpointanalytics,"[""Pinpointanalytics""]",[],[],discovery_only,true,"[""built_environment_ecosystem_discovery_index""]",1,"[""pinpointanalytics.ai""]","[""https://pinpointanalytics.ai/""]","[""https://metaprop.com/portfolio""]",[],[],[],"[""MetaProp""]",1,"[""eco-src-2f9cf7644dc9""]",1,"[""Active/portfolio""]",[],[],[],[],[],[],[],[],"[""https://metaprop.com/portfolio"",""https://pinpointanalytics.ai/""]",2,"[""source_native_ecosystem_identity""]",false,[],2026-08-30,"Discovery presence is not operating, traction, outcome, security or JCX-fit evidence."
dsc-95cfb0f4b98d,Placemakr,"[""Placemakr""]",[],[],discovery_only,true,"[""built_environment_ecosystem_discovery_index""]",1,"[""placemakr.com""]","[""https://placemakr.com/""]","[""https://metaprop.com/portfolio""]",[],[],[],"[""MetaProp""]",1,"[""eco-src-406b12d1903f""]",1,"[""Active/portfolio""]",[],[],[],[],[],[],[],[],"[""https://metaprop.com/portfolio"",""https://placemakr.com/""]",2,"[""source_native_ecosystem_identity""]",false,[],2026-08-30,"Discovery presence is not operating, traction, outcome, security or JCX-fit evidence."
dsc-87aa68a3bdae,PLAN0 AI,"[""PLAN0 AI""]","[""organization""]","[""org-plan0-ai-b7d6d9e""]",qualified_core,false,"[""qualified_core"",""yc_real_estate_construction_2026-08-30""]",2,[],[],"[""https://ycombinator.com/companies/industry/real-estate-and-construction"",""https://ycombinator.com/companies/plan0-ai""]","[""31460""]","[""P2026""]","[""Active""]",[],0,[],0,[],"[""ConTech / construction operations""]","[""L1"",""L3"",""L4"",""L4 Design/BIM; L5 Construction; L12 Data/intelligence"",""L5""]","[""A"",""C""]",[],[],[],"[""4""]","[""Construction Cost Intelligence."",""PLAN0 is building the Bloomberg of construction for real estate developers, investors, and general contractors — $20B of projects are already running through the platform. We analyze architectural plans using vision models to generate detailed cost estimates and analytics in minutes. Through industry partnerships, the platform also aggregates historical and real-time project data across all major geographies to...""]","[""https://ycombinator.com/companies/industry/real-estate-and-construction"",""https://ycombinator.com/companies/plan0-ai""]",2,"[""exact_normalized_name"",""qualified_core_identity""]",false,[],2026-08-30,Qualified-core identity; individual claims still require editorial review.
dsc-824ee61cf365,Planera,"[""Planera""]",[],[],discovery_only,true,"[""built_environment_ecosystem_discovery_index""]",1,"[""planera.io""]","[""https://planera.io/""]","[""https://brickmortar.vc/portfolio""]",[],[],[],"[""Brick & Mortar Ventures""]",1,"[""eco-src-cdb8d39b2fff""]",1,"[""Active investment""]",[],[],[],[],[],[],[],[],"[""https://brickmortar.vc/portfolio"",""https://planera.io/""]",2,"[""source_native_ecosystem_identity""]",false,[],2026-08-30,"Discovery presence is not operating, traction, outcome, security or JCX-fit evidence."
dsc-55d5a135bebf,PlanGrid,"[""PlanGrid""]","[""organization""]","[""org-plangrid-378edb8""]",qualified_core,false,"[""qualified_core"",""yc_real_estate_construction_2026-08-30""]",2,"[""plangrid.com""]","[""https://plangrid.com/""]","[""https://ycombinator.com/companies/industry/real-estate-and-construction"",""https://ycombinator.com/companies/plangrid""]","[""8""]","[""W2012""]","[""Acquired""]",[],0,[],0,[],"[""ConTech / construction operations"",""Field construction software""]","[""L4"",""L5"",""L5 Construction; L12 Data/intelligence""]","[""A"",""C""]",[],"[""US"",""United States""]","[""San Francisco""]","[""355""]","[""Mobile applications for the construction industry."",""PlanGrid is the leader in construction productivity software, used on more than one million projects in 84 countries. PlanGrid's cloud-based platform empowers contractors and owners in commercial, heavy civil, and other industries to collaborate easily from their mobile devices and desktop, managing blueprints, specs, photos, RFIs, field reports, and punch lists. With over 100 million digital blueprints on its...""]","[""https://brickmortar.vc/portfolio"",""https://plangrid.com/"",""https://ycombinator.com/companies/industry/real-estate-and-construction"",""https://ycombinator.com/companies/plangrid""]",4,"[""exact_normalized_name"",""qualified_core_identity""]",false,[],2026-08-30,Qualified-core identity; individual claims still require editorial review.
dsc-2e1f2482957f,PlanRadar,"[""PlanRadar""]","[""organization""]","[""org-planradar-0ba22d1""]",qualified_core,false,"[""qualified_core""]",1,"[""planradar.com""]","[""https://planradar.com/""]",[],[],[],[],[],0,[],0,[],"[""Inspections defects FM""]","[""L11"",""L5""]","[""A""]",[],"[""Austria""]",[],[],[],"[""https://planradar.com/""]",1,"[""qualified_core_identity""]",false,[],2026-08-30,Qualified-core identity; individual claims still require editorial review.
dsc-f772c0c70ac2,Plentific,"[""Plentific""]","[""organization""]","[""org-plentific-279d25e""]",qualified_core,false,"[""qualified_core""]",1,"[""plentific.com""]","[""https://plentific.com/""]",[],[],[],[],[],0,[],0,[],"[""property operations maintenance procurement and compliance""]","[""L7"",""L8"",""L9""]","[""A""]",[],"[""United Kingdom""]",[],[],[],"[""https://pilabs.vc/portfolio?sort=date_desc"",""https://plentific.com/""]",2,"[""qualified_core_identity""]",false,[],2026-08-30,Qualified-core identity; individual claims still require editorial review.
dsc-d534c63ebc2a,Plex AI,"[""Plex AI""]",[],[],discovery_only,true,"[""built_environment_ecosystem_discovery_index""]",1,"[""getplexai.com""]","[""https://getplexai.com/""]","[""https://nar-reach.com/israel""]",[],[],[],"[""NAR REACH Israel""]",1,"[""eco-src-51e593695a26""]",1,"[""2026 cohort (or current page cohort)""]",[],[],[],"[""Israel""]",[],[],[],"[""AI-powered Operating System for commercial real estate acquisition teams""]","[""https://getplexai.com/"",""https://nar-reach.com/israel""]",2,"[""source_native_ecosystem_identity""]",false,[],2026-08-30,"Discovery presence is not operating, traction, outcome, security or JCX-fit evidence."
dsc-1e86a9624e11,PLOT,"[""PLOT""]",[],[],discovery_only,true,"[""built_environment_ecosystem_discovery_index""]",1,[],[],"[""https://cemexventures.com/top-50""]",[],[],[],"[""CEMEX Ventures Top 50 ConTech 2026""]",1,"[""eco-src-ec3957b15ef0""]",1,"[""Selected for 2026 Top 50""]","[""Supply Chain""]",[],[],[],[],[],[],"[""Supply Chain""]","[""https://cemexventures.com/top-50""]",1,"[""source_native_ecosystem_identity""]",false,[],2026-08-30,"Discovery presence is not operating, traction, outcome, security or JCX-fit evidence."
dsc-86a782748391,Plug and Play Real Estate & Construction,"[""Plug and Play Real Estate & Construction""]","[""program_ecosystem""]","[""org-plug-and-play-real-estate-and-construction-d45b0c2""]",qualified_core,false,"[""qualified_core""]",1,"[""welcome.plugandplaytechcenter.com""]","[""https://welcome.plugandplaytechcenter.com/investment-portfolio""]",[],[],[],[],[],0,[],0,[],"[""Accelerator ecosystem index""]","[""L12"",""L5""]","[""C""]",[],"[""United States""]",[],[],[],"[""https://welcome.plugandplaytechcenter.com/hubfs/Mobility%20SV%20Folder/June%20Summit%202025%20Decks/Real%20Estate%20%26%20Construction%20Expo.pdf"",""https://welcome.plugandplaytechcenter.com/investment-portfolio""]",2,"[""qualified_core_identity""]",false,[],2026-08-30,Qualified-core identity; individual claims still require editorial review.
dsc-bb0185965cb9,Plugzio,"[""Plugzio""]",[],[],discovery_only,true,"[""built_environment_ecosystem_discovery_index""]",1,"[""plugzio.com""]","[""https://plugzio.com/""]","[""https://ret.vc/portfolio""]",[],[],[],"[""RET Ventures Portfolio""]",1,"[""eco-src-a30296aa8cc0""]",1,"[""Portfolio company displayed""]",[],[],[],[],[],[],[],"[""Plugzio Plugzio is an EV charging platform that provides both Level 1 (\""L1\"") in addition to Level 2 (“L2”) charging capabilities. The Company has a proprietary L1 solution that gives owner/operators the ability to control generic 120V and 240V outlets in addition to a 3rd party partnership with established OCPP chargers such as Wall Box, Siemens, and ABB. Year of investment 2022 Stage at Investment All Seed Real Estate Focus All Multifamily Single-Family Commercial Retail Mixed Use View WEbsite""]","[""https://plugzio.com/"",""https://ret.vc/portfolio""]",2,"[""source_native_ecosystem_identity""]",false,[],2026-08-30,"Discovery presence is not operating, traction, outcome, security or JCX-fit evidence."
dsc-382d0804b4e9,Pointcentral,"[""Pointcentral""]",[],[],discovery_only,true,"[""built_environment_ecosystem_discovery_index""]",1,"[""pointcentral.com""]","[""https://pointcentral.com/""]","[""https://metaprop.com/portfolio""]",[],[],[],"[""MetaProp""]",1,"[""eco-src-df52edce8479""]",1,"[""Exited/marked exited""]",[],[],[],[],[],[],[],[],"[""https://metaprop.com/portfolio"",""https://pointcentral.com/""]",2,"[""source_native_ecosystem_identity""]",false,[],2026-08-30,"Discovery presence is not operating, traction, outcome, security or JCX-fit evidence."
dsc-d50fc5246c4b,Polly,"[""Polly""]",[],[],discovery_only,true,"[""built_environment_ecosystem_discovery_index""]",1,"[""pollyex.com""]","[""https://pollyex.com/""]","[""https://fifthwall.com/portfolio?2bddaefa_page=3""]",[],[],[],"[""Fifth Wall""]",1,"[""eco-src-8f66e7a33a45""]",1,"[""Active/portfolio""]",[],[],[],[],[],[],[],"[""Polly was founded by a seasoned team of mortgage and technology experts to transform the loan trading process for buyers and sellers. Polly's next-generation technology powers the mortgage industry's first spot market loan trading exchange. The Polly loan trading exchange facilitates the loan sale transaction for mortgage lenders, delivering a true best-execution trade and providing advanced settlement data analytics. Polly is based in San Francisco, California.""]","[""https://fifthwall.com/portfolio?2bddaefa_page=3"",""https://pollyex.com/""]",2,"[""source_native_ecosystem_identity""]",false,[],2026-08-30,"Discovery presence is not operating, traction, outcome, security or JCX-fit evidence."
dsc-dd942465a6b9,Porch,"[""Porch""]",[],[],discovery_only,true,"[""built_environment_ecosystem_discovery_index""]",1,"[""porchgroup.com""]","[""https://porchgroup.com/""]","[""https://moderneventures.com/portfolio/porch""]",[],[],[],"[""Moderne Ventures / Passport""]",1,"[""eco-src-bbc4de8bdbf2""]",1,"[""Exited (displayed)""]","[""Investment""]",[],[],[],[],[],[],"[""The vertical software platform for the home — Comprehensive home services platform that connects homeowners with quality home improvement, repair, and maintenance professionals. Porch offers enterprises tailored solutions through access to a vast network of vetted professionals, helping them streamline service delivery, manage projects effectively, expand their service offerings, improve customer retention and drive growth through a trusted and efficient platform. IPO - NASDAQ: PRCH — Investment""]","[""https://moderneventures.com/portfolio/porch"",""https://porchgroup.com/""]",2,"[""source_native_ecosystem_identity""]",false,[],2026-08-30,"Discovery presence is not operating, traction, outcome, security or JCX-fit evidence."
dsc-0573087fb5aa,Portt,"[""Portt""]",[],[],discovery_only,true,"[""built_environment_ecosystem_discovery_index""]",1,[],[],"[""https://tarongagroup.com/wp-content/uploads/2025/07/RealTechX-Asset-Impact-Booklet-2025-1.pdf""]",[],[],[],"[""Taronga RealTechX / Asset Impact""]",1,"[""eco-src-a8b8217a23ae""]",1,"[""Alumni/support history displayed""]",[],[],[],[],[],[],[],[],"[""https://tarongagroup.com/wp-content/uploads/2025/07/RealTechX-Asset-Impact-Booklet-2025-1.pdf""]",1,"[""source_native_ecosystem_identity""]",false,[],2026-08-30,"Discovery presence is not operating, traction, outcome, security or JCX-fit evidence."
dsc-f82989f0d489,Powerplay,"[""Powerplay""]","[""organization""]","[""org-powerplay-ca9649a""]",qualified_core,false,"[""qualified_core""]",1,"[""accel.com""]","[""https://accel.com/companies/powerplay""]",[],[],[],[],[],0,[],0,[],"[""ConTech-collaboration-SaaS""]",[],"[""C""]",[],"[""India""]",[],[],[],"[""https://accel.com/companies/powerplay""]",1,"[""qualified_core_identity""]",false,[],2026-08-30,Qualified-core identity; individual claims still require editorial review.
dsc-fe0c90bff94f,Powerstack,"[""Powerstack""]",[],[],discovery_only,true,"[""built_environment_ecosystem_discovery_index""]",1,[],[],"[""https://tarongagroup.com/wp-content/uploads/2025/07/RealTechX-Asset-Impact-Booklet-2025-1.pdf""]",[],[],[],"[""Taronga RealTechX / Asset Impact""]",1,"[""eco-src-369648d75e34""]",1,"[""Alumni/support history displayed""]",[],[],[],[],[],[],[],[],"[""https://tarongagroup.com/wp-content/uploads/2025/07/RealTechX-Asset-Impact-Booklet-2025-1.pdf""]",1,"[""source_native_ecosystem_identity""]",false,[],2026-08-30,"Discovery presence is not operating, traction, outcome, security or JCX-fit evidence."
dsc-cd878f49550b,PredictAP,"[""PredictAP""]","[""organization""]","[""org-predictap-bf6e0e8""]",qualified_core,false,"[""built_environment_ecosystem_discovery_index"",""qualified_core""]",2,"[""predictap.com""]","[""https://predictap.com/""]","[""https://ret.vc/portfolio""]",[],[],[],"[""RET Ventures Portfolio""]",1,"[""eco-src-860fef9ab273""]",1,"[""Portfolio company displayed""]","[""AI invoice ingestion coding and AP controls for real estate""]","[""L3"",""L8""]","[""A""]",[],"[""United States""]",[],[],"[""PredictAP AI-powered invoice ingestion and coding solution for real estate owners and operators. The platform analyzes invoice history to learn coding patterns, allocation guidelines, matching vendors, GL codes, expense accounts, cost allocations, and more. Real-time error alerts help prevent fraudulent and duplicate invoice payments. and AP teams simply review fully coded invoices and push to their regular approval workflow without manual data entry. Year of investment 2023 Stage at Investment All Seed Real Estate Focus All Multifamily Commercial Retail Single-Family Hospitality Mixed Use View WEbsite""]","[""https://predictap.com/"",""https://ret.vc/perspectives/looking-back-on-a-successful-2023"",""https://ret.vc/portfolio""]",3,"[""exact_normalized_name_with_domain_corroboration"",""qualified_core_identity""]",false,[],2026-08-30,Qualified-core identity; individual claims still require editorial review.
dsc-d3fb1d924125,Prestige Group,"[""Prestige Group""]","[""organization""]","[""org-prestige-group-0cc8c3c""]",qualified_core,false,"[""qualified_core""]",1,"[""prestigeconstructions.com""]","[""https://prestigeconstructions.com/""]",[],[],[],[],[],0,[],0,[],[],"[""L6"",""L7"",""L8""]","[""A""]",[],"[""India""]",[],[],[],"[""https://bsmedia.business-standard.com/_media/bs/data/announcements/bse/19082025/0884e44f-01ac-4a6c-8a62-90727fe88fdb.pdf"",""https://prestigeconstructions.com/""]",2,"[""qualified_core_identity""]",false,[],2026-08-30,Qualified-core identity; individual claims still require editorial review.
dsc-b14c4d228591,Private Property Nigeria,"[""Private Property Nigeria""]","[""organization""]","[""org-private-property-nigeria-a4f087b""]",qualified_core,false,"[""qualified_core""]",1,"[""privateproperty.ng""]","[""https://privateproperty.ng/about""]",[],[],[],[],[],0,[],0,[],"[""property classified marketplace""]","[""L6"",""L9""]","[""B""]",[],"[""Nigeria""]",[],[],[],"[""https://privateproperty.ng/about""]",1,"[""qualified_core_identity""]",false,[],2026-08-30,Qualified-core identity; individual claims still require editorial review.
dsc-953c30e7a2fa,PROBIS,"[""PROBIS""]",[],[],discovery_only,true,"[""built_environment_ecosystem_discovery_index""]",1,"[""en.prob.is""]","[""https://en.prob.is/""]","[""https://spark.jllt.com/portfolio""]",[],[],[],"[""JLL Spark""]",1,"[""eco-src-f1187bd81b47""]",1,"[""Active/portfolio""]",[],[],[],[],[],[],[],"[""PROBIS is the scalable solution for efficient and transparent mapping of all financial processes. View website""]","[""https://en.prob.is/"",""https://spark.jllt.com/portfolio""]",2,"[""source_native_ecosystem_identity""]",false,[],2026-08-30,"Discovery presence is not operating, traction, outcome, security or JCX-fit evidence."
dsc-90386c11bb64,Procore,"[""Procore"",""Procore — Exited (NYSE: PCOR)""]","[""organization""]","[""org-procore-9fbe212""]",qualified_core,false,"[""built_environment_ecosystem_discovery_index"",""qualified_core""]",2,"[""procore.com""]","[""https://procore.com/"",""https://procore.com/what-is-procore""]","[""https://fifthwall.com/portfolio?2bddaefa_page=3""]",[],[],[],"[""Fifth Wall""]",1,"[""eco-src-08cf355825ad""]",1,"[""Exited/acquired (as displayed)""]","[""Project controls""]","[""L3"",""L4"",""L5"",""L8""]",[],[],"[""United States""]",[],[],"[""Procore is the only real software platform in the construction industry that creates a central collaboration hub for owners, general contractors, specialty contractors, and other project collaborators across the entire project lifecycle. Our recently released 2022 Procore Customer ROI Report shows that our average customer can take on 48% more construction volume per person than previous means.""]","[""https://fifthwall.com/portfolio"",""https://fifthwall.com/portfolio?2bddaefa_page=3"",""https://procore.com/"",""https://procore.com/what-is-procore""]",4,"[""qualified_core_identity"",""status_annotation_stripped_exact_name""]",true,"[""Domain procore.com is also used by ecosystem candidate 'Honest Buildings'; identities were deliberately kept separate.""]",2026-08-30,Qualified-core identity; individual claims still require editorial review.
dsc-f6c1cee016fe,ProcuRET,"[""ProcuRET""]",[],[],discovery_only,true,"[""built_environment_ecosystem_discovery_index""]",1,"[""procuret.llc""]","[""https://procuret.llc/""]","[""https://ret.vc/portfolio""]",[],[],[],"[""RET Ventures Portfolio""]",1,"[""eco-src-4450fdc645ef""]",1,"[""Portfolio company displayed""]",[],[],[],[],[],[],[],"[""ProcuRET ProcuRET is a buying consortia purpose-built for RET’s limited partners. ProcuRET leverages aggregated spend and data insights to drive value to members and supplier partners. Year of investment 2022 Stage at Investment All Seed Real Estate Focus All Single-Family View WEbsite""]","[""https://procuret.llc/"",""https://ret.vc/portfolio""]",2,"[""source_native_ecosystem_identity""]",false,[],2026-08-30,"Discovery presence is not operating, traction, outcome, security or JCX-fit evidence."
dsc-4ded3349396c,PRODA,"[""PRODA""]",[],[],discovery_only,true,"[""built_environment_ecosystem_discovery_index""]",1,"[""proda.ai""]","[""https://proda.ai/""]","[""https://spark.jllt.com/portfolio""]",[],[],[],"[""JLL Spark""]",1,"[""eco-src-db07c13359f8""]",1,"[""Active/portfolio""]",[],[],[],[],[],[],[],"[""PRODA automatically captures, standardizes and error-checks your rent roll data. View website""]","[""https://proda.ai/"",""https://spark.jllt.com/portfolio""]",2,"[""source_native_ecosystem_identity""]",false,[],2026-08-30,"Discovery presence is not operating, traction, outcome, security or JCX-fit evidence."
dsc-09b19a4a5fcf,Prologis,"[""Prologis""]","[""organization""]","[""org-prologis-0017226""]",qualified_core,false,"[""qualified_core""]",1,"[""prologis.com""]","[""https://prologis.com/""]",[],[],[],[],[],0,[],0,[],[],"[""L1"",""L10"",""L3"",""L8""]","[""A""]",[],"[""United States""]",[],[],[],"[""https://ir.prologis.com/financials/sec-filings/content/0001193125-26-051453/pld-20251231.htm"",""https://prologis.com/"",""https://prologis.com/shareholder-letter-2025""]",3,"[""qualified_core_identity""]",false,[],2026-08-30,Qualified-core identity; individual claims still require editorial review.
dsc-f64678ef5d07,Pronto AI,"[""Pronto AI""]",[],[],discovery_only,true,"[""built_environment_ecosystem_discovery_index""]",1,"[""pronto.ai""]","[""https://pronto.ai/""]","[""https://brickmortar.vc/portfolio""]",[],[],[],"[""Brick & Mortar Ventures""]",1,"[""eco-src-61b94325d958""]",1,"[""Active investment""]",[],[],[],[],[],[],[],[],"[""https://brickmortar.vc/portfolio"",""https://pronto.ai/""]",2,"[""source_native_ecosystem_identity""]",false,[],2026-08-30,"Discovery presence is not operating, traction, outcome, security or JCX-fit evidence."
dsc-6d555f4a2816,Proof,"[""Proof""]",[],[],discovery_only,true,"[""built_environment_ecosystem_discovery_index""]",1,"[""proof.com""]","[""https://proof.com/""]","[""https://moderneventures.com/portfolio/proof""]",[],[],[],"[""Moderne Ventures / Passport""]",1,"[""eco-src-72d781a021ec""]",1,"[""Portfolio/Passport listing displayed""]","[""Investment""]",[],[],[],[],[],[],"[""A single platform to secure every customer authorization — Empowers businesses and individuals with fast, seamless, and trustworthy solutions—saving time, ensuring compliance, and building confidence in every transaction — Investment""]","[""https://moderneventures.com/portfolio/proof"",""https://proof.com/""]",2,"[""source_native_ecosystem_identity""]",false,[],2026-08-30,"Discovery presence is not operating, traction, outcome, security or JCX-fit evidence."
dsc-d998d6fcf1ab,Proof (formerly Notarize),"[""Proof (formerly Notarize)""]",[],[],discovery_only,true,"[""built_environment_ecosystem_discovery_index""]",1,[],[],"[""https://nar-reach.com/""]",[],[],[],"[""NAR REACH / Second Century Ventures""]",1,"[""eco-src-f394ca3699c4""]",1,"[""Portfolio example""]",[],[],[],[],[],[],[],[],"[""https://nar-reach.com/""]",1,"[""source_native_ecosystem_identity""]",false,[],2026-08-30,"Discovery presence is not operating, traction, outcome, security or JCX-fit evidence."
dsc-c93c6f7f41c7,Propaya,"[""Propaya""]","[""organization""]","[""org-propaya-ee84d26""]",qualified_core,false,"[""qualified_core"",""yc_real_estate_construction_2026-08-30""]",2,[],[],"[""https://ycombinator.com/companies/industry/real-estate-and-construction"",""https://ycombinator.com/companies/propaya""]","[""29815""]","[""S2024""]","[""Active""]",[],0,[],0,[],"[""AI extraction of CRE leases and property documents"",""Property operations / housing""]","[""L1"",""L3"",""L7 Occupancy/tenant; L8 FM/maintenance; L9 Portfolio/asset; L12 Data/intelligence"",""L9""]","[""A"",""B""]",[],"[""US"",""United States""]","[""San Francisco""]","[""2""]","[""Propaya is an AI-powered commercial real estate intelligence platform that transforms leases and property documents into structured, actionable data. It extracts key terms, obligations, costs, and critical dates with source citations, while identifying legal, operational, environmental, and biological property-risk signals. Teams can customize risk taxonomies, track portfolio-level issues, export structured data,...""]","[""https://ycombinator.com/companies/industry/real-estate-and-construction"",""https://ycombinator.com/companies/propaya""]",2,"[""exact_normalized_name"",""qualified_core_identity""]",false,[],2026-08-30,Qualified-core identity; individual claims still require editorial review.
dsc-1666369f4f7b,propella.ai,"[""propella.ai""]",[],[],discovery_only,true,"[""built_environment_ecosystem_discovery_index""]",1,[],[],"[""https://tarongagroup.com/wp-content/uploads/2025/07/RealTechX-Asset-Impact-Booklet-2025-1.pdf""]",[],[],[],"[""Taronga RealTechX / Asset Impact""]",1,"[""eco-src-604996353be7""]",1,"[""Alumni/support history displayed""]",[],[],[],[],[],[],[],[],"[""https://tarongagroup.com/wp-content/uploads/2025/07/RealTechX-Asset-Impact-Booklet-2025-1.pdf""]",1,"[""source_native_ecosystem_identity""]",false,[],2026-08-30,"Discovery presence is not operating, traction, outcome, security or JCX-fit evidence."
dsc-c8590e178ce7,Proper,"[""Proper""]",[],[],discovery_only,true,"[""built_environment_ecosystem_discovery_index""]",1,"[""proper.ai""]","[""https://proper.ai/""]","[""https://metaprop.com/portfolio""]",[],[],[],"[""MetaProp""]",1,"[""eco-src-46a77e41da07""]",1,"[""Active/portfolio""]",[],[],[],[],[],[],[],[],"[""https://metaprop.com/portfolio"",""https://proper.ai/""]",2,"[""source_native_ecosystem_identity""]",false,[],2026-08-30,"Discovery presence is not operating, traction, outcome, security or JCX-fit evidence."
dsc-3406248bac85,PropERP,"[""PropERP""]","[""organization""]","[""org-properp-1c4f6f4""]",qualified_core,false,"[""qualified_core""]",1,"[""properp.app""]","[""https://properp.app/""]",[],[],[],[],[],0,[],0,[],"[""Developer CRM/ERP"",""developer-ERP-automation""]","[""L6"",""L8""]",[],[],"[""Bangladesh""]",[],[],[],"[""https://properp.app/"",""https://properp.app/bn""]",2,"[""qualified_core_identity""]",false,[],2026-08-30,Qualified-core identity; individual claims still require editorial review.
dsc-b6c08ea47ddc,Property Finder,"[""Property Finder""]","[""organization""]","[""org-property-finder-e45a134""]",qualified_core,false,"[""qualified_core""]",1,"[""propertyfinder.ae""]","[""https://propertyfinder.ae/en/about-us.html""]",[],[],[],[],[],0,[],0,[],"[""property marketplace data and agent technology""]","[""L3"",""L6"",""L9""]","[""A""]",[],"[""United Arab Emirates""]",[],[],[],"[""https://propertyfinder.ae/en"",""https://propertyfinder.ae/en/about-us.html""]",2,"[""qualified_core_identity""]",false,[],2026-08-30,Qualified-core identity; individual claims still require editorial review.
dsc-3b5134531a59,Property Shield,"[""Property Shield""]","[""organization""]","[""org-property-shield-8c6800f""]",qualified_core,false,"[""built_environment_ecosystem_discovery_index"",""qualified_core""]",2,"[""propertyshield.co""]","[""https://propertyshield.co/""]","[""https://ret.vc/portfolio""]",[],[],[],"[""RET Ventures Portfolio""]",1,"[""eco-src-c8cee015474c""]",1,"[""Portfolio company displayed""]","[""AI real-estate fraud and data-security platform""]","[""L3"",""L8""]","[""A""]",[],"[""United States""]",[],[],"[""Property Shield Property Shield is an AI-enabled data security platform that specializes in protecting multifamily and single-family rental real estate companies and professionals from scams, brand impersonations, illegal occupancy issues, and unlicensed data use. Year of investment 2025 Stage at Investment All Seed Real Estate Focus All Multifamily Single-Family View WEbsite""]","[""https://propertyshield.co/"",""https://ret.vc/portfolio""]",2,"[""exact_normalized_name_with_domain_corroboration"",""qualified_core_identity""]",false,[],2026-08-30,Qualified-core identity; individual claims still require editorial review.
dsc-68cbc78a642f,Property24,"[""Property24""]","[""organization""]","[""org-property24-3a2a0bf""]",qualified_core,false,"[""qualified_core""]",1,"[""property24.com""]","[""https://property24.com/about-us""]",[],[],[],[],[],0,[],0,[],"[""property portal and agent/developer marketing""]","[""L6"",""L9""]","[""B""]",[],"[""South Africa""]",[],[],[],"[""https://property24.com/about-us""]",1,"[""qualified_core_identity""]",false,[],2026-08-30,Qualified-core identity; individual claims still require editorial review.
dsc-5c9b6418dc4b,PropertyGuru,"[""PropertyGuru""]","[""organization""]","[""org-propertyguru-366b88f""]",qualified_core,false,"[""qualified_core""]",1,"[""propertyguru.com.sg""]","[""https://propertyguru.com.sg/""]",[],[],[],[],[],0,[],0,[],"[""Property marketplace"",""online-property-portal""]","[""L12"",""L3"",""L6""]",[],[],"[""Singapore""]",[],[],[],"[""https://propertyguru.com.sg/"",""https://propertyguru.com.sg/about-us/our-company""]",2,"[""qualified_core_identity""]",false,[],2026-08-30,Qualified-core identity; individual claims still require editorial review.
dsc-72221316fa13,PropertyLand,"[""PropertyLand""]","[""organization""]","[""org-propertyland-b1fe12b""]",qualified_core,false,"[""qualified_core""]",1,"[""propertyland.co""]","[""https://propertyland.co/""]",[],[],[],[],[],0,[],0,[],"[""marketplace-legal-guidance""]",[],"[""B""]",[],"[""Bangladesh""]",[],[],[],"[""https://propertyland.co/"",""https://propertyland.co/footer/about""]",2,"[""qualified_core_identity""]",false,[],2026-08-30,Qualified-core identity; individual claims still require editorial review.
dsc-c10d3a8557cf,Propexo,"[""Propexo""]","[""organization""]","[""org-propexo-5b7a6ab""]",qualified_core,false,"[""qualified_core""]",1,"[""propexo.com""]","[""https://propexo.com/""]","[""https://ycombinator.com/companies/propexo""]",[],[],[],[],0,[],0,[],"[""Property integration""]","[""L12"",""L8""]","[""A""]",[],"[""United States""]",[],[],[],"[""https://propexo.com/"",""https://ycombinator.com/companies/propexo""]",2,"[""qualified_core_identity""]",false,[],2026-08-30,Qualified-core identity; individual claims still require editorial review.
dsc-d6788d9f3697,PropMatic,"[""PropMatic""]",[],[],discovery_only,true,"[""built_environment_ecosystem_discovery_index""]",1,"[""propmatic.co""]","[""https://propmatic.co/""]","[""https://fifthwall.com/portfolio?2bddaefa_page=3""]",[],[],[],"[""Fifth Wall""]",1,"[""eco-src-63fc36836a28""]",1,"[""Active/portfolio""]",[],[],[],[],[],[],[],"[""Your next lease will come from ChatGPT. PropMatic powers listing discovery and lease conversion across both AI and traditional search channels. Our Smart Listing Sites outperform the aggregators to lower your cost per lead, while our AI Leasing Concierge intelligently converts residents—whether their home search begins on Google or their favorite AI assistant. Delete the middleman. Lower your cost per lease. Lead the future. As search behavior shifts toward AI, the multifamily industry faces a choice: keep paying rising fees to middlemen or invest in direct-to-resident, AI-powered technology. PropMatic bridges both worlds—helping you compete more effectively in today’s search landscape while positioning you to lead in tomorrow’s AI-driven market. The result: lower costs per lease, higher-quality leads, and full control over your leasing funnel.""]","[""https://fifthwall.com/portfolio?2bddaefa_page=3"",""https://propmatic.co/""]",2,"[""source_native_ecosystem_identity""]",false,[],2026-08-30,"Discovery presence is not operating, traction, outcome, security or JCX-fit evidence."
dsc-39101ff25ee7,PropRise,"[""PropRise""]","[""organization""]","[""org-proprise-71fd7fd""]",qualified_core,false,"[""qualified_core"",""yc_real_estate_construction_2026-08-30""]",2,[],[],"[""https://ycombinator.com/companies/industry/real-estate-and-construction"",""https://ycombinator.com/companies/proprise""]","[""28808""]","[""S2023""]","[""Active""]",[],0,[],0,[],"[""Real-estate finance / insurtech""]","[""L2 Feasibility; L12 Data/intelligence""]","[""C""]",[],"[""US"",""United States""]","[""San Francisco""]","[""3""]","[""PropRise is the AI platform for institutional CRE investment teams. We automate the tedious, Excel-heavy workflows that slow down dealmaking: from sourcing to underwriting to due diligence. Our two live products serve 50+ customers including Public Storage: Beacon automates site selection for developers, and Primer extracts financial data from deal packages into structured, model-ready formats, cutting hours of..."",""The AI platform for CRE investment teams""]","[""https://ycombinator.com/companies/industry/real-estate-and-construction"",""https://ycombinator.com/companies/proprise""]",2,"[""exact_normalized_name"",""qualified_core_identity""]",false,[],2026-08-30,Qualified-core identity; individual claims still require editorial review.
dsc-aaa882d99a64,ProQ,"[""ProQ""]","[""organization""]","[""org-proq-cf33256""]",qualified_core,false,"[""qualified_core""]",1,"[""proq.com.bd""]","[""https://proq.com.bd/""]","[""https://linkedin.com/company/proq-platform""]",[],[],[],[],0,[],0,[],"[""Construction materials procurement"",""procurement-marketplace""]","[""L5""]",[],[],"[""Bangladesh""]",[],[],[],"[""https://linkedin.com/company/proq-platform"",""https://proq.com.bd/"",""https://thedailystar.net/news/technology/news/bangladeshs-construction-procurement-still-runs-phone-calls-and-whatsapp-startup-wants-change-4250786""]",3,"[""qualified_core_identity""]",false,[],2026-08-30,Qualified-core identity; individual claims still require editorial review.
dsc-c0f812d47b8d,Provizual,"[""Provizual""]",[],[],discovery_only,true,"[""built_environment_ecosystem_discovery_index""]",1,[],[],"[""https://cemexventures.com/top-50""]",[],[],[],"[""CEMEX Ventures Top 50 ConTech 2026""]",1,"[""eco-src-a8341fe21056""]",1,"[""Selected for 2026 Top 50""]","[""Enhanced productivity""]",[],[],[],[],[],[],"[""Enhanced productivity""]","[""https://cemexventures.com/top-50""]",1,"[""source_native_ecosystem_identity""]",false,[],2026-08-30,"Discovery presence is not operating, traction, outcome, security or JCX-fit evidence."
dsc-b50946cb53ab,PRYPCO,"[""PRYPCO""]","[""organization""]","[""org-prypco-be97735""]",qualified_core,false,"[""qualified_core""]",1,"[""prypco.com""]","[""https://prypco.com/""]",[],[],[],[],[],0,[],0,[],"[""property-fintech-tokenization""]","[""L3""]","[""B""]",[],"[""United Arab Emirates""]",[],[],[],"[""https://dubailand.gov.ae/en/news-media/dubai-land-department-achieves-world-first-with-instant-sell-out-of-tokenized-real-estate"",""https://help.prypco.com/en/articles/13740985-what-is-prypco"",""https://prypco.com/""]",3,"[""qualified_core_identity""]",false,[],2026-08-30,Qualified-core identity; individual claims still require editorial review.
dsc-896d4100e38c,Public Grid,"[""Public Grid""]",[],[],discovery_only,true,"[""built_environment_ecosystem_discovery_index""]",1,"[""publicgrid.energy""]","[""https://publicgrid.energy/""]","[""https://moderneventures.com/portfolio/public-grid""]",[],[],[],"[""Moderne Ventures / Passport""]",1,"[""eco-src-b554f5b3a62c""]",1,"[""Portfolio/Passport listing displayed""]","[""Passport""]",[],[],[],[],[],[],"[""Green energy management platform — Boosting revenue for properties and helping residents go green + save money on energy bills — Passport""]","[""https://moderneventures.com/portfolio/public-grid"",""https://publicgrid.energy/""]",2,"[""source_native_ecosystem_identity""]",false,[],2026-08-30,"Discovery presence is not operating, traction, outcome, security or JCX-fit evidence."
dsc-06b58789e126,Pulppo,"[""Pulppo""]",[],[],discovery_only,true,"[""yc_real_estate_construction_2026-08-30""]",1,[],[],"[""https://ycombinator.com/companies/industry/real-estate-and-construction"",""https://ycombinator.com/companies/pulppo""]","[""26862""]","[""S2022""]","[""Acquired""]",[],0,[],0,[],"[""Property data / transaction infrastructure""]","[""L2 Feasibility; L6 Marketing/sales; L12 Data/intelligence""]","[""B""]",[],"[""MX""]","[""Mexico City, CDMX, Mexico""]","[""29""]","[""Pulppo is building Shopify for the real estate brokerages in Latin America. We provide them with performance analytics software, automatic online property listings, a valuation tool and a CRM. We will charge 20% of the 166 billions dollars in annual commissions they generate. From our integrated tool we automate non-value added activities, and give visibility and transparency to agents (CRM) and customers (buyer..."",""Shopify for Real Estate Agents in LATAM""]","[""https://ycombinator.com/companies/industry/real-estate-and-construction"",""https://ycombinator.com/companies/pulppo""]",2,"[""source_native_yc_identity""]",false,[],2026-08-30,"Discovery presence is not operating, traction, outcome, security or JCX-fit evidence."
dsc-f04e5c448a3e,PulteGroup,"[""PulteGroup""]","[""organization""]","[""org-pultegroup-8667429""]",qualified_core,false,"[""qualified_core""]",1,"[""pultegroup.com""]","[""https://pultegroup.com/""]",[],[],[],[],[],0,[],0,[],"[""high-volume homebuilder, active-adult and financial-services operator""]","[""L10"",""L3"",""L4"",""L5"",""L6"",""L7"",""L8""]","[""B""]",[],"[""United States""]",[],[],[],"[""https://investor.pulte.com/"",""https://pultegroup.com/"",""https://sec.gov/Archives/edgar/data/0000822416/000082241626000018/pultegroupinc2025_ars.pdf""]",3,"[""qualified_core_identity""]",false,[],2026-08-30,Qualified-core identity; individual claims still require editorial review.
dsc-ae8381879b7c,qbiq,"[""qbiq""]",[],[],discovery_only,true,"[""built_environment_ecosystem_discovery_index""]",1,"[""qbiq.ai""]","[""https://qbiq.ai/""]","[""https://spark.jllt.com/portfolio""]",[],[],[],"[""JLL Spark""]",1,"[""eco-src-2e69dc1289f1""]",1,"[""Active/portfolio""]",[],[],[],[],[],[],[],"[""Real estate layout planning done in seconds. View website""]","[""https://qbiq.ai/"",""https://spark.jllt.com/portfolio""]",2,"[""source_native_ecosystem_identity""]",false,[],2026-08-30,"Discovery presence is not operating, traction, outcome, security or JCX-fit evidence."
dsc-aeadb425ded2,Qdesq,"[""Qdesq""]",[],[],discovery_only,true,"[""built_environment_ecosystem_discovery_index""]",1,"[""qdesq.com""]","[""https://qdesq.com/""]","[""https://spark.jllt.com/portfolio""]",[],[],[],"[""JLL Spark""]",1,"[""eco-src-299c6e859f45""]",1,"[""Active/portfolio""]",[],[],[],[],[],[],[],"[""Qdesq is India’s largest and fastest growing marketplace and transaction platform for workspaces. View website""]","[""https://qdesq.com/"",""https://spark.jllt.com/portfolio""]",2,"[""source_native_ecosystem_identity""]",false,[],2026-08-30,"Discovery presence is not operating, traction, outcome, security or JCX-fit evidence."
dsc-98387a906980,Qflow,"[""Qflow""]","[""organization""]","[""org-qflow-9a7b840""]",qualified_core,false,"[""built_environment_ecosystem_discovery_index"",""qualified_core""]",2,"[""qflow.tech""]","[""https://qflow.tech/""]","[""https://tarongagroup.com/wp-content/uploads/2025/07/RealTechX-Asset-Impact-Booklet-2025-1.pdf""]",[],[],[],"[""Taronga RealTechX / Asset Impact""]",1,"[""eco-src-51f4ba4dfcc8""]",1,"[""Alumni/support history displayed""]","[""Materials carbon tracking""]","[""L10"",""L5""]","[""C""]",[],"[""United Kingdom""]",[],[],[],"[""https://qflow.tech/"",""https://tarongagroup.com/realtechx"",""https://tarongagroup.com/wp-content/uploads/2025/07/RealTechX-Asset-Impact-Booklet-2025-1.pdf""]",3,"[""exact_normalized_name"",""qualified_core_identity""]",false,[],2026-08-30,Qualified-core identity; individual claims still require editorial review.
dsc-b12427ad3202,Qiddiya Investment Company,"[""Qiddiya Investment Company""]","[""organization""]","[""org-qiddiya-investment-c4e1996""]",qualified_core,false,"[""qualified_core""]",1,"[""qiddiya.com""]","[""https://qiddiya.com/""]",[],[],[],[],[],0,[],0,[],"[""Saudi giga-project and destination developer/operator""]","[""L1"",""L10"",""L4"",""L5"",""L7"",""L8""]","[""B""]",[],"[""Saudi Arabia""]",[],[],[],"[""https://qiddiya.com/"",""https://qiddiya.com/about/sustainability"",""https://qiddiya.com/en"",""https://spa.gov.sa/en/N2440931""]",4,"[""qualified_core_identity""]",false,[],2026-08-30,Qualified-core identity; individual claims still require editorial review.
dsc-125c93d9bdf4,Qloo,"[""Qloo""]",[],[],discovery_only,true,"[""built_environment_ecosystem_discovery_index""]",1,"[""qloo.com""]","[""https://qloo.com/""]","[""https://moderneventures.com/portfolio/qloo""]",[],[],[],"[""Moderne Ventures / Passport""]",1,"[""eco-src-2d0bda7a0d32""]",1,"[""Portfolio/Passport listing displayed""]","[""Investment""]",[],[],[],[],[],[],"[""Personalized gateway to consumer insights — Advanced AI platform understands and predicts consumer tastes where they work, live and play to generate more leads, targeted insights and better performance — Investment""]","[""https://moderneventures.com/portfolio/qloo"",""https://qloo.com/""]",2,"[""source_native_ecosystem_identity""]",false,[],2026-08-30,"Discovery presence is not operating, traction, outcome, security or JCX-fit evidence."
dsc-a7939bdd3537,Qualis Flow,"[""Qualis Flow""]","[""organization""]","[""org-qualis-flow-6468e8b""]",qualified_core,false,"[""qualified_core""]",1,"[""qualisflow.com""]","[""https://qualisflow.com/""]",[],[],[],[],[],0,[],0,[],"[""construction embodied-carbon measurement""]","[""L10"",""L4"",""L5""]","[""B""]",[],"[""United Kingdom""]",[],[],[],"[""https://pilabs.vc/portfolio?sort=date_desc"",""https://qualisflow.com/""]",2,"[""qualified_core_identity""]",false,[],2026-08-30,Qualified-core identity; individual claims still require editorial review.
dsc-823cca7ec08a,Quantierra,"[""Quantierra""]",[],[],discovery_only,true,"[""yc_real_estate_construction_2026-08-30""]",1,[],[],"[""https://ycombinator.com/companies/industry/real-estate-and-construction"",""https://ycombinator.com/companies/quantierra""]","[""807""]","[""W2015""]","[""Active""]",[],0,[],0,[],"[""Real-estate software / adjacent""]","[""L2 Feasibility; L9 Portfolio/asset; L12 Data/intelligence""]","[""C""]",[],"[""US""]","[""New York City""]","[""5""]","[""Quantierra sources real estate investments for developers. It uses their database and algorithms to determine what can be built, its value, and the probability of it selling. Taking a 1.5% cut of any property they help sell, They’ve made $141,000 in revenue in 3 months, and say they have $310,000 in signed term sheets."",""Sourcing investment real estate""]","[""https://ycombinator.com/companies/industry/real-estate-and-construction"",""https://ycombinator.com/companies/quantierra""]",2,"[""source_native_yc_identity""]",false,[],2026-08-30,"Discovery presence is not operating, traction, outcome, security or JCX-fit evidence."
dsc-8436a1f5c648,que,"[""que""]",[],[],discovery_only,true,"[""built_environment_ecosystem_discovery_index""]",1,[],[],"[""https://tarongagroup.com/wp-content/uploads/2025/07/RealTechX-Asset-Impact-Booklet-2025-1.pdf""]",[],[],[],"[""Taronga RealTechX / Asset Impact""]",1,"[""eco-src-b09cbbfa9cbc""]",1,"[""Alumni/support history displayed""]",[],[],[],[],[],[],[],[],"[""https://tarongagroup.com/wp-content/uploads/2025/07/RealTechX-Asset-Impact-Booklet-2025-1.pdf""]",1,"[""source_native_ecosystem_identity""]",false,[],2026-08-30,"Discovery presence is not operating, traction, outcome, security or JCX-fit evidence."
dsc-45899bf29eef,QuintoAndar,"[""QuintoAndar""]","[""organization""]","[""org-quintoandar-11445e6""]",qualified_core,false,"[""qualified_core""]",1,"[""quintoandar.com.br""]","[""https://quintoandar.com.br/newsroom/en/about""]",[],[],[],[],[],0,[],0,[],"[""housing marketplace and transaction platform""]","[""L3"",""L6"",""L7""]","[""A""]",[],"[""Brazil""]",[],[],[],"[""https://quintoandar.com.br/newsroom/en"",""https://quintoandar.com.br/newsroom/en/about""]",2,"[""qualified_core_identity""]",false,[],2026-08-30,Qualified-core identity; individual claims still require editorial review.
dsc-7f03fb500a0c,Rabbet,"[""Rabbet""]","[""organization""]","[""org-rabbet-13da945""]",qualified_core,false,"[""qualified_core"",""yc_real_estate_construction_2026-08-30""]",2,"[""rabbet.com""]","[""https://rabbet.com/""]","[""https://ycombinator.com/companies/industry/real-estate-and-construction"",""https://ycombinator.com/companies/rabbet""]","[""1636""]","[""S2017""]","[""Active""]",[],0,[],0,[],"[""ConTech / construction operations"",""Development and construction lending""]","[""L3"",""L3 Capital/finance; L5 Construction; L9 Portfolio/asset; L12 Data/intelligence"",""L5""]","[""A""]",[],"[""US"",""United States""]","[""Denver, CO, USA""]","[""23""]","[""Rabbet is a real estate software company with two products: Rabbet Development and Rabbet Construction Lending. Our mission is to take the friction out of real estate development execution through structured, connected financial data. We help real estate teams turn fragmented project information into trusted insights that can be shared, understood, and acted on throughout the development lifecycle. Learn more at..."",""The financial foundation for every real estate development decision""]","[""https://rabbet.com/"",""https://ycombinator.com/companies/industry/real-estate-and-construction"",""https://ycombinator.com/companies/rabbet""]",3,"[""exact_normalized_name"",""qualified_core_identity""]",false,[],2026-08-30,Qualified-core identity; individual claims still require editorial review.
dsc-3941c2a66183,Rachio,"[""Rachio""]",[],[],discovery_only,true,"[""built_environment_ecosystem_discovery_index""]",1,"[""rachio.com""]","[""http://rachio.com/""]","[""https://metaprop.com/portfolio""]",[],[],[],"[""MetaProp""]",1,"[""eco-src-eb34431fdfe7""]",1,"[""Active/portfolio""]",[],[],[],[],[],[],[],[],"[""http://rachio.com/"",""https://metaprop.com/portfolio""]",2,"[""source_native_ecosystem_identity""]",false,[],2026-08-30,"Discovery presence is not operating, traction, outcome, security or JCX-fit evidence."
dsc-6c3b73983809,Ravti,"[""Ravti""]",[],[],discovery_only,true,"[""yc_real_estate_construction_2026-08-30""]",1,[],[],"[""https://ycombinator.com/companies/industry/real-estate-and-construction"",""https://ycombinator.com/companies/ravti""]","[""735""]","[""S2014""]","[""Acquired""]",[],0,[],0,[],"[""ConTech / construction operations""]","[""L5 Construction; L7 Occupancy/tenant; L8 FM/maintenance; L9 Portfolio/asset; L10 ESG/climate; L12 Data/intelligence""]","[""A""]",[],"[""US""]","[""New York City""]","[""17""]","[""Ravti makes HVAC easier for the Real Estate world. We track, manager, and procure HVAC for large property owners. We manage all your HVAC maintenance programs, emergent repairs, scheduled repairs, capital replacement, capex management, and all the associated headaches that come along with that – multiple bids, procurement, HVAC inventory, warranties. Your team can start any project with the simple click of a..."",""Software to track, manage, and procure HVAC for commercial real…""]","[""https://ycombinator.com/companies/industry/real-estate-and-construction"",""https://ycombinator.com/companies/ravti""]",2,"[""source_native_yc_identity""]",false,[],2026-08-30,"Discovery presence is not operating, traction, outcome, security or JCX-fit evidence."
dsc-3020a382b7e2,Re-Leased,"[""Re-Leased""]",[],[],discovery_only,true,"[""built_environment_ecosystem_discovery_index""]",1,"[""re-leased.com""]","[""https://re-leased.com/en-us""]","[""https://spark.jllt.com/portfolio""]",[],[],[],"[""JLL Spark""]",1,"[""eco-src-da13bab7f73b""]",1,"[""Active/portfolio""]",[],[],[],[],[],[],[],"[""Modern, cloud-based property management software, purpose-built for commercial real estate. View website""]","[""https://re-leased.com/en-us"",""https://spark.jllt.com/portfolio""]",2,"[""source_native_ecosystem_identity""]",false,[],2026-08-30,"Discovery presence is not operating, traction, outcome, security or JCX-fit evidence."
dsc-ec475f6451e1,RealCrowd,"[""RealCrowd""]",[],[],discovery_only,true,"[""yc_real_estate_construction_2026-08-30""]",1,[],[],"[""https://ycombinator.com/companies/industry/real-estate-and-construction"",""https://ycombinator.com/companies/realcrowd""]","[""554""]","[""S2013""]","[""Acquired""]",[],0,[],0,[],"[""Real-estate software / adjacent""]","[""L2 Feasibility; L9 Portfolio/asset; L12 Data/intelligence""]","[""A""]",[],"[""US""]","[""Portland, OR, USA""]","[""9""]","[""Direct real estate investing marketplace"",""RealCrowd puts the power of commercial real estate investing into your hands. This unique crowd based equity platform was created by experienced commercial real estate investment professionals to allow you to decide where your money is invested by offering direct investments. Pooling your money with other like-minded investors and working with a seasoned real estate operator with the skills, knowledge and...""]","[""https://ycombinator.com/companies/industry/real-estate-and-construction"",""https://ycombinator.com/companies/realcrowd""]",2,"[""source_native_yc_identity""]",false,[],2026-08-30,"Discovery presence is not operating, traction, outcome, security or JCX-fit evidence."
dsc-4ca4cb3163b7,RealPact,"[""RealPact""]","[""organization""]","[""org-realpact-653455d""]",qualified_core,false,"[""qualified_core"",""yc_real_estate_construction_2026-08-30""]",2,[],[],"[""https://ycombinator.com/companies/industry/real-estate-and-construction"",""https://ycombinator.com/companies/realpact""]","[""32195""]","[""S2026""]","[""Active""]",[],0,[],0,[],"[""AI transaction operations"",""Property data / transaction infrastructure""]","[""L1 Land/site; L6 Marketing/sales; L7 Occupancy/tenant; L12 Data/intelligence"",""L12"",""L3""]","[""A""]",[],"[""US"",""United States""]","[""San Francisco""]","[""2""]","[""AI-native OS for Real Estate Brokerages"",""RealPact builds AI agents that handle the paperwork behind real estate transactions. They find property records like deeds, tax records, permits, parcel data, and MLS information, then use that data to fill out contracts, organize documents, track deadlines, and help brokerages close deals faster. We are starting by automating transactions and will expand into other parts of brokerage operations. Much of the...""]","[""https://ycombinator.com/companies/industry/real-estate-and-construction"",""https://ycombinator.com/companies/realpact""]",2,"[""exact_normalized_name"",""qualified_core_identity""]",false,[],2026-08-30,Qualified-core identity; individual claims still require editorial review.
dsc-beece4752dbf,RealPage,"[""RealPage""]","[""organization""]","[""org-realpage-d7eb9a6""]",qualified_core,false,"[""qualified_core""]",1,"[""realpage.com""]","[""https://realpage.com/""]",[],[],[],[],[],0,[],0,[],"[""property management ERP leasing maintenance payments and AI operations""]","[""L6"",""L7"",""L8"",""L9""]","[""A""]",[],"[""United States""]",[],[],[],"[""https://realpage.com/"",""https://realpage.com/multifamily"",""https://realpage.com/news/realpage-showcases-lumina-ai-at-apartmentalize-2025"",""https://realpage.com/platforms/property-operations""]",4,"[""qualified_core_identity""]",false,[],2026-08-30,Qualified-core identity; individual claims still require editorial review.
dsc-8b46ac115000,RealReports,"[""RealReports""]",[],[],discovery_only,true,"[""built_environment_ecosystem_discovery_index""]",1,"[""bhr.fyi""]","[""https://bhr.fyi/""]","[""https://moderneventures.com/portfolio/realreports""]",[],[],[],"[""Moderne Ventures / Passport""]",1,"[""eco-src-d2eba9f8a1b2""]",1,"[""Portfolio/Passport listing displayed""]","[""Passport""]",[],[],[],[],[],[],"[""The most comprehensive data for every property in the U.S. — AI-powered property reports to prove an agent’s value and win more deals — Passport""]","[""https://bhr.fyi/"",""https://moderneventures.com/portfolio/realreports""]",2,"[""source_native_ecosystem_identity""]",false,[],2026-08-30,"Discovery presence is not operating, traction, outcome, security or JCX-fit evidence."
dsc-d4669902c8d0,RecruitRE,"[""RecruitRE""]",[],[],discovery_only,true,"[""built_environment_ecosystem_discovery_index""]",1,"[""recruitre.com.au""]","[""http://recruitre.com.au/""]","[""https://nar-reach.com/australia-and-newzealand""]",[],[],[],"[""NAR REACH Australia & New Zealand""]",1,"[""eco-src-f3b6a7669566""]",1,"[""2026 cohort (or current page cohort)""]",[],[],[],"[""Australia/New Zealand""]",[],[],[],"[""A recruitment platform purpose-built for the real estate industry, connecting agencies with high-quality talent through a streamlined, industry-focused hiring process.""]","[""http://recruitre.com.au/"",""https://nar-reach.com/australia-and-newzealand""]",2,"[""source_native_ecosystem_identity""]",false,[],2026-08-30,"Discovery presence is not operating, traction, outcome, security or JCX-fit evidence."
dsc-b54c9b3379a5,Recycl8 Limited,"[""Recycl8 Limited""]",[],[],discovery_only,true,"[""built_environment_ecosystem_discovery_index""]",1,[],[],"[""https://cemexventures.com/top-50""]",[],[],[],"[""CEMEX Ventures Top 50 ConTech 2026""]",1,"[""eco-src-7e391721af9c""]",1,"[""Selected for 2026 Top 50""]","[""Green construction""]",[],[],[],[],[],[],"[""Green construction""]","[""https://cemexventures.com/top-50""]",1,"[""source_native_ecosystem_identity""]",false,[],2026-08-30,"Discovery presence is not operating, traction, outcome, security or JCX-fit evidence."
dsc-d8af7d0f788e,Red Sea Global,"[""Red Sea Global""]","[""organization""]","[""org-red-sea-global-b4c8daa""]",qualified_core,false,"[""qualified_core""]",1,"[""redseaglobal.com""]","[""https://redseaglobal.com/""]",[],[],[],[],[],0,[],0,[],"[""Saudi sustainable destination developer/operator""]","[""L1"",""L10"",""L4"",""L5"",""L7"",""L8""]","[""B""]",[],"[""Saudi Arabia""]",[],[],[],"[""https://redseaglobal.com/"",""https://redseaglobal.com/en/responsible-development"",""https://redseaglobal.com/en/responsible-development/planet"",""https://webserver-redseaportal-prd.lfr.cloud/en/web/guest/responsible-development""]",4,"[""qualified_core_identity""]",false,[],2026-08-30,Qualified-core identity; individual claims still require editorial review.
dsc-a3039ca9f56e,Redfin,"[""Redfin""]","[""organization""]","[""org-redfin-72aad9b""]",qualified_core,false,"[""qualified_core""]",1,"[""redfin.com""]","[""https://redfin.com/""]",[],[],[],[],[],0,[],0,[],[],"[""L3"",""L6"",""L7""]","[""B""]",[],"[""United States""]",[],[],[],"[""https://redfin.com/""]",1,"[""qualified_core_identity""]",false,[],2026-08-30,Qualified-core identity; individual claims still require editorial review.
dsc-1104e31d023f,Redteam,"[""Redteam""]",[],[],discovery_only,true,"[""built_environment_ecosystem_discovery_index""]",1,"[""redteam.com""]","[""https://redteam.com/product/fieldlens-by-redteam""]","[""https://metaprop.com/portfolio""]",[],[],[],"[""MetaProp""]",1,"[""eco-src-c4e7d6c687da""]",1,"[""Exited/marked exited""]",[],[],[],[],[],[],[],[],"[""https://metaprop.com/portfolio"",""https://redteam.com/product/fieldlens-by-redteam""]",2,"[""source_native_ecosystem_identity""]",false,[],2026-08-30,"Discovery presence is not operating, traction, outcome, security or JCX-fit evidence."
dsc-7ebe260c6a97,Reframe Systems,"[""Reframe Systems""]",[],[],discovery_only,true,"[""built_environment_ecosystem_discovery_index""]",1,[],[],"[""https://cemexventures.com/top-50""]",[],[],[],"[""CEMEX Ventures Top 50 ConTech 2026""]",1,"[""eco-src-923bd48e7dfe""]",1,"[""Selected for 2026 Top 50""]","[""Future of construction""]",[],[],[],[],[],[],"[""Future of construction""]","[""https://cemexventures.com/top-50""]",1,"[""source_native_ecosystem_identity""]",false,[],2026-08-30,"Discovery presence is not operating, traction, outcome, security or JCX-fit evidence."
dsc-ae32a61e4fa6,Rejig.ai,"[""Rejig.ai""]",[],[],discovery_only,true,"[""built_environment_ecosystem_discovery_index""]",1,"[""rejig.ai""]","[""https://rejig.ai/""]","[""https://moderneventures.com/portfolio/rejig-ai""]",[],[],[],"[""Moderne Ventures / Passport""]",1,"[""eco-src-4d26061c4159""]",1,"[""Portfolio/Passport listing displayed""]","[""Passport""]",[],[],[],[],[],[],"[""A personal AI marketing assistant for every real estate agent, team, and brokerage — Automate localized content creation and social media marketing, so agents can build their brand and connect with local audiences — Passport""]","[""https://moderneventures.com/portfolio/rejig-ai"",""https://rejig.ai/""]",2,"[""source_native_ecosystem_identity""]",false,[],2026-08-30,"Discovery presence is not operating, traction, outcome, security or JCX-fit evidence."
dsc-9aefdab15181,Related Companies,"[""Related Companies""]","[""organization""]","[""org-related-companies-2e0a546""]",qualified_core,false,"[""qualified_core""]",1,"[""related.com""]","[""https://related.com/""]",[],[],[],[],[],0,[],0,[],[],"[""L1"",""L4"",""L5"",""L7"",""L8""]","[""A""]",[],"[""United States""]",[],[],[],"[""https://related.com/"",""https://related.com/our-company""]",2,"[""qualified_core_identity""]",false,[],2026-08-30,Qualified-core identity; individual claims still require editorial review.
dsc-0b90dc6ecce9,Related Digital,"[""Related Digital""]","[""organization""]","[""org-related-digital-1f7de1a""]",qualified_core,false,"[""qualified_core""]",1,"[""related-digital.com""]","[""https://related-digital.com/""]",[],[],[],[],[],0,[],0,[],[],"[""L1"",""L10"",""L3"",""L4"",""L5""]","[""A""]",[],"[""United States""]",[],[],[],"[""https://related-digital.com/""]",1,"[""qualified_core_identity""]",false,[],2026-08-30,Qualified-core identity; individual claims still require editorial review.
dsc-6896389c0a8e,Remi,"[""Remi""]",[],[],discovery_only,true,"[""yc_real_estate_construction_2026-08-30""]",1,[],[],"[""https://ycombinator.com/companies/industry/real-estate-and-construction"",""https://ycombinator.com/companies/remi""]","[""26268""]","[""W2022""]","[""Active""]",[],0,[],0,[],"[""ConTech / construction operations""]","[""L5 Construction; L10 ESG/climate; L12 Data/intelligence""]","[""A""]",[],"[""US""]","[""Lehi, UT, USA""]","[""170""]","[""Simplifying roofing for homeowners, roofers and enterprises."",""We find roofers more roofs, and homeowners the right roofer. There are over 80 million homes in the US, and eventually, every one of them will need a new roof. Our technology allows contractors to focus on what they do best—getting a repaired roof over homeowners' heads quickly.""]","[""https://ycombinator.com/companies/industry/real-estate-and-construction"",""https://ycombinator.com/companies/remi""]",2,"[""source_native_yc_identity""]",false,[],2026-08-30,"Discovery presence is not operating, traction, outcome, security or JCX-fit evidence."
dsc-cfd7cca94d28,Ren,"[""Ren""]",[],[],discovery_only,true,"[""built_environment_ecosystem_discovery_index""]",1,"[""rensystems.com""]","[""https://rensystems.com/""]","[""https://spark.jllt.com/portfolio""]",[],[],[],"[""JLL Spark""]",1,"[""eco-src-e368c5dc4208""]",1,"[""Active/portfolio""]",[],[],[],[],[],[],[],"[""Relationship intelligence for dealmakers. Get actionable intelligence for people and companies you care about. Uncover and win more deals. View website""]","[""https://rensystems.com/"",""https://spark.jllt.com/portfolio""]",2,"[""source_native_ecosystem_identity""]",false,[],2026-08-30,"Discovery presence is not operating, traction, outcome, security or JCX-fit evidence."
dsc-023da9031474,RendaloMaq,"[""RendaloMaq""]",[],[],discovery_only,true,"[""yc_real_estate_construction_2026-08-30""]",1,[],[],"[""https://ycombinator.com/companies/industry/real-estate-and-construction"",""https://ycombinator.com/companies/rendalomaq""]","[""24152""]","[""S2021""]","[""Active""]",[],0,[],0,[],"[""ConTech / construction operations""]","[""L5 Construction; L7 Occupancy/tenant; L12 Data/intelligence""]","[""A""]",[],"[""CL""]","[""Santiago, Santiago Metropolitan Region, Chile""]","[""25""]","[""RendaloMaq is the main tech-powered equipment rental company in Latin America. Leveraging our core tech ROS® (Rendalo Operating System), we simplify and accelerate equipment access for the construction and mining industries. Fleet management and equipment rentals under control. Our mission is to drive productivity through technological innovation while delivering reliable, world-class service."",""Tech-powered equipment rentals in Latam.""]","[""https://ycombinator.com/companies/industry/real-estate-and-construction"",""https://ycombinator.com/companies/rendalomaq""]",2,"[""source_native_yc_identity""]",false,[],2026-08-30,"Discovery presence is not operating, traction, outcome, security or JCX-fit evidence."
dsc-b7e863ca33d2,Renegadeinsurance,"[""Renegadeinsurance""]",[],[],discovery_only,true,"[""built_environment_ecosystem_discovery_index""]",1,"[""renegadeinsurance.com""]","[""https://renegadeinsurance.com/""]","[""https://metaprop.com/portfolio""]",[],[],[],"[""MetaProp""]",1,"[""eco-src-c38c2f27224b""]",1,"[""Active/portfolio""]",[],[],[],[],[],[],[],[],"[""https://metaprop.com/portfolio"",""https://renegadeinsurance.com/""]",2,"[""source_native_ecosystem_identity""]",false,[],2026-08-30,"Discovery presence is not operating, traction, outcome, security or JCX-fit evidence."
dsc-b05d6862a455,Renew,"[""Renew""]",[],[],discovery_only,true,"[""built_environment_ecosystem_discovery_index""]",1,"[""heyrenew.com""]","[""https://heyrenew.com/""]","[""https://moderneventures.com/portfolio/renew""]",[],[],[],"[""Moderne Ventures / Passport""]",1,"[""eco-src-40bfc56cb4d0""]",1,"[""Portfolio/Passport listing displayed""]","[""Passport""]",[],[],[],[],[],[],"[""An automated proactive customer retention platform — Automated outreach, predictive insights, and dynamic pricing delivering measurable NOI impact across every asset — Passport""]","[""https://heyrenew.com/"",""https://moderneventures.com/portfolio/renew""]",2,"[""source_native_ecosystem_identity""]",false,[],2026-08-30,"Discovery presence is not operating, traction, outcome, security or JCX-fit evidence."
dsc-99cea1ef0e63,Renofi,"[""Renofi""]",[],[],discovery_only,true,"[""built_environment_ecosystem_discovery_index""]",1,"[""renofi.com""]","[""https://renofi.com/""]","[""https://moderneventures.com/portfolio/renofi""]",[],[],[],"[""Moderne Ventures / Passport""]",1,"[""eco-src-c23d3133d368""]",1,"[""Portfolio/Passport listing displayed""]","[""Passport""]",[],[],[],[],[],[],"[""Helping homebuyers tackle renovations they otherwise couldn’t — Home equity loans based on post-renovation value to expand contractor customer base — Passport""]","[""https://moderneventures.com/portfolio/renofi"",""https://renofi.com/""]",2,"[""source_native_ecosystem_identity""]",false,[],2026-08-30,"Discovery presence is not operating, traction, outcome, security or JCX-fit evidence."
dsc-4008f642b5e6,Rent Butter,"[""Rent Butter""]",[],[],discovery_only,true,"[""built_environment_ecosystem_discovery_index""]",1,"[""rentbutter.com""]","[""https://rentbutter.com/""]","[""https://ret.vc/portfolio""]",[],[],[],"[""RET Ventures Portfolio""]",1,"[""eco-src-fcb964b48577""]",1,"[""Portfolio company displayed""]",[],[],[],[],[],[],[],"[""Rent Butter Rent Butter is a next-gen tenant screening solution that combines ID and document verification, bank transaction history, and credit behavior analytics into a predictive tenant performance report. The company is largely focused on the workforce and affordable market segment. Year of investment 2023 Stage at Investment All Seed Real Estate Focus All Multifamily Single-Family Other View WEbsite""]","[""https://rentbutter.com/"",""https://ret.vc/portfolio""]",2,"[""source_native_ecosystem_identity""]",false,[],2026-08-30,"Discovery presence is not operating, traction, outcome, security or JCX-fit evidence."
dsc-baacee5f9463,Rental Beast,"[""Rental Beast""]",[],[],discovery_only,true,"[""built_environment_ecosystem_discovery_index""]",1,[],[],"[""https://nar-reach.com/""]",[],[],[],"[""NAR REACH / Second Century Ventures""]",1,"[""eco-src-af5e215dc5e4""]",1,"[""Portfolio example""]",[],[],[],[],[],[],[],[],"[""https://nar-reach.com/""]",1,"[""source_native_ecosystem_identity""]",false,[],2026-08-30,"Discovery presence is not operating, traction, outcome, security or JCX-fit evidence."
dsc-f6aa2dbc3947,RentCheck,"[""RentCheck""]",[],[],discovery_only,true,"[""built_environment_ecosystem_discovery_index""]",1,"[""getrentcheck.com""]","[""https://getrentcheck.com/""]","[""https://moderneventures.com/portfolio/rentcheck""]",[],[],[],"[""Moderne Ventures / Passport""]",1,"[""eco-src-c258d68715d8""]",1,"[""Portfolio/Passport listing displayed""]","[""Passport""]",[],[],[],[],[],[],"[""Stress-free property management inspection software — Property managers grow faster with less overhead via routine property inspections on a user-friendly, resident-led platform — Passport""]","[""https://getrentcheck.com/"",""https://moderneventures.com/portfolio/rentcheck""]",2,"[""source_native_ecosystem_identity""]",false,[],2026-08-30,"Discovery presence is not operating, traction, outcome, security or JCX-fit evidence."
dsc-c61802de818a,RentFlow,"[""RentFlow""]","[""organization""]","[""org-rentflow-7f79886""]",qualified_core,false,"[""built_environment_ecosystem_discovery_index"",""qualified_core""]",2,"[""rentflow.com""]","[""https://rentflow.com/""]","[""https://nar-reach.com/us-commercial"",""https://ycombinator.com/companies/rentflow""]",[],[],[],"[""NAR REACH US Commercial""]",1,"[""eco-src-fec98b9cae87""]",1,"[""2026 cohort (or current page cohort)""]","[""AI cash-flow-synced commercial rent payments""]","[""L3"",""L7""]","[""C""]","[""United States""]","[""United States""]",[],[],"[""The first platform to align commercial rent with business tenant cash flow, keeping property owners paid on time while turning rent-payment and cash flow data into real-time asset intelligence.""]","[""https://nar-reach.com/us-commercial"",""https://rentflow.com/"",""https://ycombinator.com/companies/rentflow""]",3,"[""exact_normalized_name"",""qualified_core_identity""]",false,[],2026-08-30,Qualified-core identity; individual claims still require editorial review.
dsc-7fa53a4d7a76,RentHop,"[""RentHop""]",[],[],discovery_only,true,"[""yc_real_estate_construction_2026-08-30""]",1,[],[],"[""https://ycombinator.com/companies/industry/real-estate-and-construction"",""https://ycombinator.com/companies/renthop""]","[""258""]","[""S2009""]","[""Active""]",[],0,[],0,[],"[""Property operations / housing""]","[""L6 Marketing/sales; L7 Occupancy/tenant; L8 FM/maintenance; L12 Data/intelligence""]","[""A""]",[],"[""US""]","[""New York City""]","[""9""]","[""Apartment rental marketplace"",""RentHop (www.renthop.com) helps renters find great apartments. We use sophisticated data analysis to rank apartment listings based on their \""freshness\"", their accuracy and completeness and the responsiveness of the manager who listed the apartment on our site. As a renter, you can use list-based or map-based search tools to browse listings and comprehensive search filters to narrow our 100,000+ listings to just...""]","[""https://ycombinator.com/companies/industry/real-estate-and-construction"",""https://ycombinator.com/companies/renthop""]",2,"[""source_native_yc_identity""]",false,[],2026-08-30,"Discovery presence is not operating, traction, outcome, security or JCX-fit evidence."
dsc-bb437e324344,Repliers,"[""Repliers""]",[],[],discovery_only,true,"[""built_environment_ecosystem_discovery_index""]",1,"[""repliers.com""]","[""https://repliers.com/""]","[""https://nar-reach.com/canada""]",[],[],[],"[""NAR REACH Canada""]",1,"[""eco-src-00da098021b6""]",1,"[""2026 cohort (or current page cohort)""]",[],[],[],"[""Canada""]",[],[],[],"[""A real estate data platform providing developers with the APIs and tools needed to build and scale next-generation real estate applications, accelerating innovation across the industry.""]","[""https://nar-reach.com/canada"",""https://repliers.com/""]",2,"[""source_native_ecosystem_identity""]",false,[],2026-08-30,"Discovery presence is not operating, traction, outcome, security or JCX-fit evidence."
dsc-e1acac21db10,Resolve,"[""Resolve""]",[],[],discovery_only,true,"[""yc_real_estate_construction_2026-08-30""]",1,[],[],"[""https://ycombinator.com/companies/industry/real-estate-and-construction"",""https://ycombinator.com/companies/resolve""]","[""797""]","[""W2015""]","[""Active""]",[],0,[],0,[],"[""ConTech / construction operations""]","[""L4 Design/BIM; L5 Construction; L12 Data/intelligence""]","[""A""]",[],"[""US""]","[""New York City""]","[""10""]","[""At Resolve we’re accelerating construction to build as fast as the future demands. Construction projects are all slowed down by rework that arises after humans spot issues in real life that slipped through all the hours of design reviews and coordination. Resolve enables construction teams to detect these issues in 3D BIM as early as possible so that we can close the gap between design and reality. By combining..."",""Software to accelerate construction by finding issues in 3D BIM""]","[""https://ycombinator.com/companies/industry/real-estate-and-construction"",""https://ycombinator.com/companies/resolve""]",2,"[""source_native_yc_identity""]",false,[],2026-08-30,"Discovery presence is not operating, traction, outcome, security or JCX-fit evidence."
dsc-ddd009070e35,Responsibly,"[""Responsibly""]",[],[],discovery_only,true,"[""built_environment_ecosystem_discovery_index""]",1,"[""responsibly.tech""]","[""https://responsibly.tech/""]","[""https://pilabs.vc/portfolio""]",[],[],[],"[""Pi Labs""]",1,"[""eco-src-5ef9e86f4d4c""]",1,"[""Active/portfolio""]",[],[],[],[],[],[],[],"[""FAST AI FOR GREENER SUPPLY CHAIN INSIGHTS Est. 2021. Denmark. <br> Founded by Thomas Andersson, Christian Lauritzen, Daniel Stănilă. <br> Last Funding Round: Seed""]","[""https://pilabs.vc/portfolio"",""https://responsibly.tech/""]",2,"[""source_native_ecosystem_identity""]",false,[],2026-08-30,"Discovery presence is not operating, traction, outcome, security or JCX-fit evidence."
dsc-6d4e30b935d1,Revela,"[""Revela""]",[],[],discovery_only,true,"[""built_environment_ecosystem_discovery_index""]",1,"[""revela.co""]","[""https://revela.co/""]","[""https://metaprop.com/portfolio""]",[],[],[],"[""MetaProp""]",1,"[""eco-src-ff60a690cd76""]",1,"[""Active/portfolio""]",[],[],[],[],[],[],[],[],"[""https://metaprop.com/portfolio"",""https://revela.co/""]",2,"[""source_native_ecosystem_identity""]",false,[],2026-08-30,"Discovery presence is not operating, traction, outcome, security or JCX-fit evidence."
dsc-c1d98d589d5b,Revere,"[""Revere""]",[],[],discovery_only,true,"[""built_environment_ecosystem_discovery_index""]",1,"[""reverecre.com""]","[""https://reverecre.com/""]","[""https://ret.vc/portfolio""]",[],[],[],"[""RET Ventures Portfolio""]",1,"[""eco-src-e788df27c3f8""]",1,"[""Portfolio company displayed""]",[],[],[],[],[],[],[],"[""Revere Revere is an invite-only, online marketplace for capital markets professionals looking to buy or sell a building, finance a project, or expand their network. Revere provides access to thousands of dealmakers and allows equity, debt, and investment sales teams to manage their entire capital markets workflow, from sourcing to close, on one-simple and easy to navigate platform. Year of investment 2022 Stage at Investment All Early Real Estate Focus All Multifamily Single-Family Commercial Retail View WEbsite""]","[""https://ret.vc/portfolio"",""https://reverecre.com/""]",2,"[""source_native_ecosystem_identity""]",false,[],2026-08-30,"Discovery presence is not operating, traction, outcome, security or JCX-fit evidence."
dsc-8310afbb747b,Revizto,"[""Revizto""]","[""organization""]","[""org-revizto-b3261af""]",qualified_core,false,"[""qualified_core""]",1,"[""revizto.com""]","[""https://revizto.com/""]",[],[],[],[],[],0,[],0,[],"[""BIM coordination and 2D/3D collaboration""]","[""L4"",""L5""]","[""A""]",[],"[""Switzerland""]",[],[],[],"[""https://builtworlds.com/insights/2025-building-tech-top-50-list"",""https://revizto.com/""]",2,"[""qualified_core_identity""]",false,[],2026-08-30,Qualified-core identity; individual claims still require editorial review.
dsc-dc5e9799332b,RevolutionRE,"[""RevolutionRE""]",[],[],discovery_only,true,"[""built_environment_ecosystem_discovery_index""]",1,"[""revolutionre.com""]","[""https://revolutionre.com/""]","[""https://moderneventures.com/portfolio/revolutionre""]",[],[],[],"[""Moderne Ventures / Passport""]",1,"[""eco-src-bca53160c779""]",1,"[""Portfolio/Passport listing displayed""]","[""Passport""]",[],[],[],[],[],[],"[""Property management data aggregation + business intelligence — AI-driven platform providing data aggregation and standardization across the leading PMS systems — Passport""]","[""https://moderneventures.com/portfolio/revolutionre"",""https://revolutionre.com/""]",2,"[""source_native_ecosystem_identity""]",false,[],2026-08-30,"Discovery presence is not operating, traction, outcome, security or JCX-fit evidence."
dsc-595736969c67,Revyse,"[""Revyse""]",[],[],discovery_only,true,"[""built_environment_ecosystem_discovery_index""]",1,"[""revyse.com""]","[""https://revyse.com/rvi""]","[""https://ret.vc/portfolio""]",[],[],[],"[""RET Ventures Portfolio""]",1,"[""eco-src-8899f2e4b297""]",1,"[""Portfolio company displayed""]",[],[],[],[],[],[],[],"[""Revyse Revyse is a multifamily vendor management tool that manages the entire contract lifecycle and streamlines vendor management for multifamily owners and operators Year of investment 2024 Stage at Investment All Seed Real Estate Focus All Multifamily Single-Family View WEbsite""]","[""https://ret.vc/portfolio"",""https://revyse.com/rvi""]",2,"[""source_native_ecosystem_identity""]",false,[],2026-08-30,"Discovery presence is not operating, traction, outcome, security or JCX-fit evidence."
dsc-c198922b7a7b,Rewa,"[""Rewa""]","[""organization""]","[""org-rewa-f6d2379""]",qualified_core,false,"[""built_environment_ecosystem_discovery_index"",""qualified_core""]",2,[],[],"[""https://nar-reach.com/dubai-land-department-second-century-ventures-celebrate-start-of-reach-middle-east"",""https://nar-reach.com/news""]",[],[],[],"[""NAR REACH Middle East""]",1,"[""eco-src-d12025d48f4b""]",1,"[""2026 cohort""]","[""Rental payments/tenant rewards""]","[""L3"",""L8""]","[""B""]","[""Middle East""]","[""India/Middle East""]",[],[],"[""Digital rental payments and rewards for tenants, landlords and property managers.""]","[""https://nar-reach.com/dubai-land-department-second-century-ventures-celebrate-start-of-reach-middle-east"",""https://nar-reach.com/news""]",2,"[""exact_normalized_name"",""qualified_core_identity""]",false,[],2026-08-30,Qualified-core identity; individual claims still require editorial review.
dsc-c87f2434b396,REZI,"[""REZI""]","[""organization""]","[""org-rezi-dfe4679""]",qualified_core,false,"[""qualified_core"",""yc_real_estate_construction_2026-08-30""]",2,[],[],"[""https://ycombinator.com/companies/industry/real-estate-and-construction"",""https://ycombinator.com/companies/rezi""]","[""1463""]","[""W2017""]","[""Active""]",[],0,[],0,[],"[""Automated apartment leasing"",""Property operations / housing""]","[""L6"",""L6 Marketing/sales; L7 Occupancy/tenant; L8 FM/maintenance; L12 Data/intelligence"",""L8""]","[""A"",""B""]",[],"[""US"",""United States""]","[""New York City""]","[""31""]","[""REZI is a leading real estate technology company founded in 2016 and the only fully remote and automated marketplace for long-term apartment rentals. REZI empowers landlords to lease their vacant apartments using their state-of-the-art platform — guaranteeing the monthly rent, paying up to 12 months of rent upfront, reducing leasing costs, and simplifying the leasing process for several to hundreds of units in a..."",""Rent Better""]","[""https://ycombinator.com/companies/industry/real-estate-and-construction"",""https://ycombinator.com/companies/rezi""]",2,"[""exact_normalized_name"",""qualified_core_identity""]",false,[],2026-08-30,Qualified-core identity; individual claims still require editorial review.
dsc-6f387947eef9,Rhumbix,"[""Rhumbix""]",[],[],discovery_only,true,"[""built_environment_ecosystem_discovery_index""]",1,"[""rhumbix.com""]","[""http://rhumbix.com/""]","[""https://brickmortar.vc/portfolio""]",[],[],[],"[""Brick & Mortar Ventures""]",1,"[""eco-src-f94dbd525788""]",1,"[""Active investment""]",[],[],[],[],[],[],[],[],"[""http://rhumbix.com/"",""https://brickmortar.vc/portfolio""]",2,"[""source_native_ecosystem_identity""]",false,[],2026-08-30,"Discovery presence is not operating, traction, outcome, security or JCX-fit evidence."
dsc-f6a8866a4be2,RIIICO,"[""RIIICO""]",[],[],discovery_only,true,"[""built_environment_ecosystem_discovery_index""]",1,"[""riiico.com""]","[""https://riiico.com/""]","[""https://pilabs.vc/portfolio""]",[],[],[],"[""Pi Labs""]",1,"[""eco-src-0eea97e48ab1""]",1,"[""Active/portfolio""]",[],[],[],[],[],[],[],"[""Transforming manufacturing with AI-powered 3D models of industrial spaces Est. 2021. Germany. United Kingdom. <br> Founded by Felix Fink, Patrick Mertens and Jan Büchsenschütz. <br> Last Funding Round: Seed""]","[""https://pilabs.vc/portfolio"",""https://riiico.com/""]",2,"[""source_native_ecosystem_identity""]",false,[],2026-08-30,"Discovery presence is not operating, traction, outcome, security or JCX-fit evidence."
dsc-fc1952701b20,Ritual,"[""Ritual""]",[],[],discovery_only,true,"[""built_environment_ecosystem_discovery_index""]",1,"[""ritual.co""]","[""https://ritual.co/""]","[""https://moderneventures.com/portfolio/ritual""]",[],[],[],"[""Moderne Ventures / Passport""]",1,"[""eco-src-a30c54fe562e""]",1,"[""Exited (displayed)""]","[""Passport""]",[],[],[],[],[],[],"[""Effortless group ordering for local food and deliveries — Reward-based food ordering + delivery app benefiting users, companies and restaurants — Passport""]","[""https://moderneventures.com/portfolio/ritual"",""https://ritual.co/""]",2,"[""source_native_ecosystem_identity""]",false,[],2026-08-30,"Discovery presence is not operating, traction, outcome, security or JCX-fit evidence."
dsc-c111ef6bdc3e,Rivet,"[""Rivet""]",[],[],discovery_only,true,"[""built_environment_ecosystem_discovery_index""]",1,"[""rivet.work""]","[""https://rivet.work/""]","[""https://brickmortar.vc/portfolio""]",[],[],[],"[""Brick & Mortar Ventures""]",1,"[""eco-src-a5916f8632f6""]",1,"[""Active investment""]",[],[],[],[],[],[],[],[],"[""https://brickmortar.vc/portfolio"",""https://rivet.work/""]",2,"[""source_native_ecosystem_identity""]",false,[],2026-08-30,"Discovery presence is not operating, traction, outcome, security or JCX-fit evidence."
dsc-abb09daeb730,RoadRunner,"[""RoadRunner""]",[],[],discovery_only,true,"[""built_environment_ecosystem_discovery_index""]",1,"[""roadrunnerwm.com""]","[""https://roadrunnerwm.com/""]","[""https://fifthwall.com/portfolio?2bddaefa_page=3""]",[],[],[],"[""Fifth Wall""]",1,"[""eco-src-bddc199c3cec""]",1,"[""Active/portfolio""]",[],[],[],[],[],[],[],"[""RoadRunner Recycling is on a mission to elevate recycling in a world dominated by waste. The company provides customized and sustainable materials management solutions, supported by technology, and engineered to serve thousands of commercial businesses from more than 20 industries across the country. RoadRunner leverages its proprietary technology and expertise to boost cost savings, improve recycling rates, streamline waste operations, and deliver an unparalleled customer experience that drives sustainability for the waste industry, and our world, forward.""]","[""https://fifthwall.com/portfolio?2bddaefa_page=3"",""https://roadrunnerwm.com/""]",2,"[""source_native_ecosystem_identity""]",false,[],2026-08-30,"Discovery presence is not operating, traction, outcome, security or JCX-fit evidence."
dsc-77498989724f,Roam,"[""Roam""]",[],[],discovery_only,true,"[""built_environment_ecosystem_discovery_index""]",1,"[""withroam.com""]","[""https://withroam.com/""]","[""https://fifthwall.com/portfolio?2bddaefa_page=3""]",[],[],[],"[""Fifth Wall""]",1,"[""eco-src-9061cc917318""]",1,"[""Active/portfolio""]",[],[],[],[],[],[],[],"[""Roam is the platform powering home financing for the future, enabling buyers to purchase homes with assumable low-rate mortgages. By allowing buyers to take over seller’s 2–3% loans, Roam makes homeownership up to twice as affordable and restores mobility to the U.S. housing market. Founded in 2023 and based in New York, Roam has facilitated more than $500M in home sales and helped buyers save more than $125M in interest costs.""]","[""https://fifthwall.com/portfolio?2bddaefa_page=3"",""https://withroam.com/""]",2,"[""source_native_ecosystem_identity""]",false,[],2026-08-30,"Discovery presence is not operating, traction, outcome, security or JCX-fit evidence."
dsc-56e1972acb06,RodRadar,"[""RodRadar""]",[],[],discovery_only,true,"[""built_environment_ecosystem_discovery_index""]",1,"[""rodradar.com""]","[""https://rodradar.com/""]","[""https://brickmortar.vc/portfolio""]",[],[],[],"[""Brick & Mortar Ventures""]",1,"[""eco-src-60beb15cae7b""]",1,"[""Active investment""]",[],[],[],[],[],[],[],[],"[""https://brickmortar.vc/portfolio"",""https://rodradar.com/""]",2,"[""source_native_ecosystem_identity""]",false,[],2026-08-30,"Discovery presence is not operating, traction, outcome, security or JCX-fit evidence."
dsc-9a99bc83acea,Rolla,"[""Rolla""]",[],[],discovery_only,true,"[""built_environment_ecosystem_discovery_index""]",1,"[""rollavideo.com""]","[""https://rollavideo.com/""]","[""https://moderneventures.com/portfolio/rolla""]",[],[],[],"[""Moderne Ventures / Passport""]",1,"[""eco-src-b035153bda96""]",1,"[""Portfolio/Passport listing displayed""]","[""Passport""]",[],[],[],[],[],[],"[""Branded and social video content at scale — Companies can streamline the video creation process, produce more content and generate more leads — Passport""]","[""https://moderneventures.com/portfolio/rolla"",""https://rollavideo.com/""]",2,"[""source_native_ecosystem_identity""]",false,[],2026-08-30,"Discovery presence is not operating, traction, outcome, security or JCX-fit evidence."
dsc-0d9154523e28,Roofer.com,"[""Roofer.com""]",[],[],discovery_only,true,"[""built_environment_ecosystem_discovery_index""]",1,"[""roofer.com""]","[""https://roofer.com/""]","[""https://moderneventures.com/portfolio/roofer-com""]",[],[],[],"[""Moderne Ventures / Passport""]",1,"[""eco-src-c115d5ff188a""]",1,"[""Portfolio/Passport listing displayed""]","[""Passport""]",[],[],[],[],[],[],"[""Roof inspection robotic drones — Professional roofing services for homes and businesses — Passport""]","[""https://moderneventures.com/portfolio/roofer-com"",""https://roofer.com/""]",2,"[""source_native_ecosystem_identity""]",false,[],2026-08-30,"Discovery presence is not operating, traction, outcome, security or JCX-fit evidence."
dsc-982f3493f9a1,Roofstock,"[""Roofstock""]",[],[],discovery_only,true,"[""built_environment_ecosystem_discovery_index""]",1,"[""roofstock.com""]","[""https://roofstock.com/""]","[""https://spark.jllt.com/portfolio""]",[],[],[],"[""JLL Spark""]",1,"[""eco-src-7363cbf7e2eb""]",1,"[""Active/portfolio""]",[],[],[],[],[],[],[],"[""A FinTech platform making real estate investing in single-family homes more accessible and cost-effective for individuals. View website""]","[""https://roofstock.com/"",""https://spark.jllt.com/portfolio""]",2,"[""source_native_ecosystem_identity""]",false,[],2026-08-30,"Discovery presence is not operating, traction, outcome, security or JCX-fit evidence."
dsc-8ec88484c498,ROSHN,"[""ROSHN""]","[""organization""]","[""org-roshn-db6668f""]",qualified_core,false,"[""qualified_core""]",1,"[""roshn.sa""]","[""https://roshn.sa/""]",[],[],[],[],[],0,[],0,[],[],"[""L1"",""L4"",""L6"",""L7"",""L8""]","[""B""]",[],"[""Saudi Arabia""]",[],[],[],"[""https://roshn.sa/""]",1,"[""qualified_core_identity""]",false,[],2026-08-30,Qualified-core identity; individual claims still require editorial review.
dsc-560e2d3d1c38,Rudus,"[""Rudus""]",[],[],discovery_only,true,"[""yc_real_estate_construction_2026-08-30""]",1,[],[],"[""https://ycombinator.com/companies/industry/real-estate-and-construction"",""https://ycombinator.com/companies/rudus""]","[""31346""]","[""P2026""]","[""Active""]",[],0,[],0,[],"[""ConTech / construction operations""]","[""L5 Construction; L12 Data/intelligence""]","[""A""]",[],"[""US""]","[""San Francisco""]","[""2""]","[""AI Takeoffs for Concrete"",""Rudus is an AI-powered takeoff and estimation platform enabling concrete contractors to win 3x more projects yearly. It automatically identifies every concrete structure like footings, walls, columns, and slabs on plans, eliminating the manual work and reducing estimation time by 70%. Concrete is the most-used material on earth after water, and demand is surging with the AI infrastructure boom.""]","[""https://ycombinator.com/companies/industry/real-estate-and-construction"",""https://ycombinator.com/companies/rudus""]",2,"[""source_native_yc_identity""]",false,[],2026-08-30,"Discovery presence is not operating, traction, outcome, security or JCX-fit evidence."
dsc-589167782d1f,Rugged Robotics,"[""Rugged Robotics""]",[],[],discovery_only,true,"[""built_environment_ecosystem_discovery_index""]",1,"[""rugged-robotics.com""]","[""https://rugged-robotics.com/""]","[""https://brickmortar.vc/portfolio""]",[],[],[],"[""Brick & Mortar Ventures""]",1,"[""eco-src-8235058333e5""]",1,"[""Active investment""]",[],[],[],[],[],[],[],[],"[""https://brickmortar.vc/portfolio"",""https://rugged-robotics.com/""]",2,"[""source_native_ecosystem_identity""]",false,[],2026-08-30,"Discovery presence is not operating, traction, outcome, security or JCX-fit evidence."
dsc-51275fd8498e,Runwise,"[""Runwise""]","[""organization""]","[""org-runwise-276380c""]",qualified_core,false,"[""built_environment_ecosystem_discovery_index"",""qualified_core""]",2,"[""runwise.com""]","[""https://runwise.com/""]","[""https://fifthwall.com/portfolio?2bddaefa_page=3""]",[],[],[],"[""Fifth Wall""]",1,"[""eco-src-92a9d08f2896""]",1,"[""Active/portfolio""]","[""wireless heating cooling and building-monitoring controls retrofit platform""]","[""L10"",""L8""]","[""B""]",[],"[""United States""]",[],[],"[""Runwise, formerly known as Heat Watch, is one of the nation's leading building control services. Runwise's mission is to enable buildings to run more efficiently using intelligent and easy-to-install wireless hardware and software. Runwise's service controls key building systems in thousands of buildings across 10 states.""]","[""https://fifthwall.com/portfolio?2bddaefa_page=3"",""https://lp.runwise.com/wireless-heating-controls-demo"",""https://runwise.com/"",""https://runwise.com/faq""]",4,"[""exact_normalized_name_with_domain_corroboration"",""qualified_core_identity""]",false,[],2026-08-30,Qualified-core identity; individual claims still require editorial review.
dsc-96b77837d38a,Rype,"[""Rype""]",[],[],discovery_only,true,"[""built_environment_ecosystem_discovery_index""]",1,"[""rypeoffice.com""]","[""https://rypeoffice.com/""]","[""https://nar-reach.com/uk""]",[],[],[],"[""NAR REACH UK""]",1,"[""eco-src-bc7d53ff0121""]",1,"[""2026 cohort (or current page cohort)""]",[],[],[],"[""United Kingdom""]",[],[],[],"[""Office furniture without the high cost, carbon emissions and hassle thanks to Rype’s AI-powered asset management, remanufacturing and Furniture-as-a-Service.""]","[""https://nar-reach.com/uk"",""https://rypeoffice.com/""]",2,"[""source_native_ecosystem_identity""]",false,[],2026-08-30,"Discovery presence is not operating, traction, outcome, security or JCX-fit evidence."
dsc-d61a31210af1,S1SEVEN,"[""S1SEVEN""]",[],[],discovery_only,true,"[""built_environment_ecosystem_discovery_index""]",1,[],[],"[""https://cemexventures.com/top-50""]",[],[],[],"[""CEMEX Ventures Top 50 ConTech 2026""]",1,"[""eco-src-8d44c3dc3728""]",1,"[""Selected for 2026 Top 50""]","[""Supply Chain""]",[],[],[],[],[],[],"[""Supply Chain""]","[""https://cemexventures.com/top-50""]",1,"[""source_native_ecosystem_identity""]",false,[],2026-08-30,"Discovery presence is not operating, traction, outcome, security or JCX-fit evidence."
dsc-d39321a3ad38,Safehub,"[""Safehub""]",[],[],discovery_only,true,"[""built_environment_ecosystem_discovery_index""]",1,"[""safehub.io""]","[""https://safehub.io/""]","[""https://spark.jllt.com/portfolio""]",[],[],[],"[""JLL Spark""]",1,"[""eco-src-883af4ed5464""]",1,"[""Active/portfolio""]",[],[],[],[],[],[],[],"[""IoT that’s helping organizations manage catastrophe risk through physics-based technology, enhanced by sensors and AI. View website""]","[""https://safehub.io/"",""https://spark.jllt.com/portfolio""]",2,"[""source_native_ecosystem_identity""]",false,[],2026-08-30,"Discovery presence is not operating, traction, outcome, security or JCX-fit evidence."
dsc-9fc7ead537e5,Sakneen,"[""Sakneen""]",[],[],discovery_only,true,"[""yc_real_estate_construction_2026-08-30""]",1,[],[],"[""https://ycombinator.com/companies/industry/real-estate-and-construction"",""https://ycombinator.com/companies/sakneen""]","[""13511""]","[""W2020""]","[""Active""]",[],0,[],0,[],"[""Real-estate software / adjacent""]","[""L7 Occupancy/tenant; L12 Data/intelligence""]","[""B""]",[],"[""EG""]","[""Cairo, Cairo Governorate, Egypt""]","[""9""]","[""Shopify for Real Estate Developers""]","[""https://ycombinator.com/companies/industry/real-estate-and-construction"",""https://ycombinator.com/companies/sakneen""]",2,"[""source_native_yc_identity""]",false,[],2026-08-30,"Discovery presence is not operating, traction, outcome, security or JCX-fit evidence."
dsc-a91cc026b51f,Salesforce Real Estate Cloud,"[""Salesforce Real Estate Cloud""]","[""product_offering""]","[""org-salesforce-real-estate-cloud-7d7e68a""]",qualified_core,false,"[""qualified_core""]",1,"[""salesforce.com""]","[""https://salesforce.com/real-estate""]",[],[],[],[],[],0,[],0,[],"[""CRM workflow""]","[""L6"",""L8""]","[""A""]",[],"[""United States""]",[],[],[],"[""https://salesforce.com/real-estate""]",1,"[""qualified_core_identity""]",false,[],2026-08-30,Qualified-core identity; individual claims still require editorial review.
dsc-08cca0a30058,Saltbox,"[""Saltbox""]",[],[],discovery_only,true,"[""built_environment_ecosystem_discovery_index""]",1,"[""saltbox.com""]","[""https://saltbox.com/""]","[""https://metaprop.com/portfolio""]",[],[],[],"[""MetaProp""]",1,"[""eco-src-16b0d386f70d""]",1,"[""Active/portfolio""]",[],[],[],[],[],[],[],[],"[""https://metaprop.com/portfolio"",""https://saltbox.com/""]",2,"[""source_native_ecosystem_identity""]",false,[],2026-08-30,"Discovery presence is not operating, traction, outcome, security or JCX-fit evidence."
dsc-05757d08a2c7,Saltmine,"[""Saltmine""]",[],[],discovery_only,true,"[""built_environment_ecosystem_discovery_index""]",1,"[""saltmine.com""]","[""https://saltmine.com/""]","[""https://spark.jllt.com/portfolio""]",[],[],[],"[""JLL Spark""]",1,"[""eco-src-da2e18a20aad""]",1,"[""Active/portfolio""]",[],[],[],[],[],[],[],"[""A cloud-based platform that centralizes workplace data, teams, planning, design, and budgeting to support strategic workplace decisions. View website""]","[""https://saltmine.com/"",""https://spark.jllt.com/portfolio""]",2,"[""source_native_ecosystem_identity""]",false,[],2026-08-30,"Discovery presence is not operating, traction, outcome, security or JCX-fit evidence."
dsc-e33f37f071a7,Saudi-PropTech-Hub-REGA,"[""Saudi-PropTech-Hub-REGA""]","[""program_ecosystem""]","[""org-saudi-proptech-hub-rega-e45df16""]",qualified_core,false,"[""qualified_core""]",1,"[""rega.gov.sa""]","[""https://rega.gov.sa/en/rega-services/platforms/saudi-proptech-hub""]",[],[],[],[],[],0,[],0,[],"[""public-ecosystem""]",[],"[""A""]",[],"[""Saudi Arabia""]",[],[],[],"[""https://rega.gov.sa/en/rega-services/platforms/saudi-proptech-hub"",""https://spa.gov.sa/en/N2196077""]",2,"[""qualified_core_identity""]",false,[],2026-08-30,Qualified-core identity; individual claims still require editorial review.
dsc-1fb3bd0a33c2,scaler,"[""scaler""]",[],[],discovery_only,true,"[""built_environment_ecosystem_discovery_index""]",1,[],[],"[""https://tarongagroup.com/wp-content/uploads/2025/07/RealTechX-Asset-Impact-Booklet-2025-1.pdf""]",[],[],[],"[""Taronga RealTechX / Asset Impact""]",1,"[""eco-src-4bf12e40a801""]",1,"[""Alumni/support history displayed""]",[],[],[],[],[],[],[],[],"[""https://tarongagroup.com/wp-content/uploads/2025/07/RealTechX-Asset-Impact-Booklet-2025-1.pdf""]",1,"[""source_native_ecosystem_identity""]",false,[],2026-08-30,"Discovery presence is not operating, traction, outcome, security or JCX-fit evidence."
dsc-6b47f1f77347,SchemeFlow,"[""SchemeFlow""]",[],[],discovery_only,true,"[""yc_real_estate_construction_2026-08-30""]",1,[],[],"[""https://ycombinator.com/companies/industry/real-estate-and-construction"",""https://ycombinator.com/companies/schemeflow""]","[""29776""]","[""S2024""]","[""Active""]",[],0,[],0,[],"[""ConTech / construction operations""]","[""L5 Construction; L12 Data/intelligence""]","[""A""]",[],"[""GB""]","[""London""]","[""5""]","[""AI Report Generation for Engineering & Environmental Review"",""SchemeFlow uses AI to generate technical reports for engineering and environmental review for construction projects. Two brothers + high school friend, with great combo of skills: Mayor’s Chief of Staff, Arup construction engineer + AI software engineer. LLMs allow fast generation of reports & handling local regulatory complexity which wasn’t feasible before. Working across Transportation, Air Quality, Noise,...""]","[""https://ycombinator.com/companies/industry/real-estate-and-construction"",""https://ycombinator.com/companies/schemeflow""]",2,"[""source_native_yc_identity""]",false,[],2026-08-30,"Discovery presence is not operating, traction, outcome, security or JCX-fit evidence."
dsc-fa9a8a07272d,Schneider Electric EcoStruxure Building,"[""Schneider Electric EcoStruxure Building""]","[""product_offering""]","[""org-schneider-electric-ecostruxure-building-677b955""]",qualified_core,false,"[""qualified_core""]",1,"[""se.com""]","[""https://se.com/ww/en/work/products/product-launch/building-management-system""]",[],[],[],[],[],0,[],0,[],"[""open building management system energy and integrated controls platform""]","[""L10"",""L8"",""L9""]","[""A""]",[],"[""France""]",[],[],[],"[""https://se.com/ww/en/assets/564/document/514405/presentation-agm-2025-en.pdf"",""https://se.com/ww/en/work/products/product-launch/building-management-system""]",2,"[""qualified_core_identity""]",false,[],2026-08-30,Qualified-core identity; individual claims still require editorial review.
dsc-1ac8396211c9,Searchland,"[""Searchland""]","[""organization""]","[""org-searchland-fe1084f""]",qualified_core,false,"[""qualified_core""]",1,"[""searchland.co.uk""]","[""https://searchland.co.uk/""]",[],[],[],[],[],0,[],0,[],"[""land sourcing planning ownership and infrastructure data""]","[""L1"",""L10"",""L2""]","[""A""]",[],"[""United Kingdom""]",[],[],[],"[""https://searchland.co.uk/"",""https://searchland.co.uk/api""]",2,"[""qualified_core_identity""]",false,[],2026-08-30,Qualified-core identity; individual claims still require editorial review.
dsc-68ad6810c33f,Second Nature,"[""Second Nature""]",[],[],discovery_only,true,"[""built_environment_ecosystem_discovery_index""]",1,"[""filtereasy.com""]","[""https://filtereasy.com/""]","[""https://moderneventures.com/portfolio/second-nature""]",[],[],[],"[""Moderne Ventures / Passport""]",1,"[""eco-src-2319e2195131""]",1,"[""Exited (displayed)""]","[""Passport""]",[],[],[],[],[],[],"[""HVAC filter subscription service — Subscription service solves for the number one reason HVAC systems fail: old filters. Acquired by CoStar. — Passport""]","[""https://filtereasy.com/"",""https://moderneventures.com/portfolio/second-nature""]",2,"[""source_native_ecosystem_identity""]",false,[],2026-08-30,"Discovery presence is not operating, traction, outcome, security or JCX-fit evidence."
dsc-87157b743906,SEGRO,"[""SEGRO""]","[""organization""]","[""org-segro-88f5446""]",qualified_core,false,"[""qualified_core""]",1,"[""segro.com""]","[""https://segro.com/""]",[],[],[],[],[],0,[],0,[],"[""European logistics, industrial and data-centre owner/developer""]","[""L1"",""L10"",""L4"",""L5"",""L8""]","[""A""]",[],"[""United Kingdom""]",[],[],[],"[""https://segro.com/"",""https://segro.com/en/investors/ara25/strategic-report"",""https://segro.com/investors/financial-results-centre/2025-full-year-results"",""https://segro.com/media/kbshtxbq/segro_annual-report-accounts-2025.pdf""]",4,"[""qualified_core_identity""]",false,[],2026-08-30,Qualified-core identity; individual claims still require editorial review.
dsc-057a7a45b7ea,Sekisui House,"[""Sekisui House""]","[""organization""]","[""org-sekisui-house-50bc068""]",qualified_core,false,"[""qualified_core""]",1,"[""sekisuihouse.co.jp""]","[""https://sekisuihouse.co.jp/english""]",[],[],[],[],[],0,[],0,[],[],"[""L10"",""L4"",""L5"",""L7"",""L8""]","[""B""]",[],"[""Japan""]",[],[],[],"[""https://sekisuihouse.co.jp/english""]",1,"[""qualified_core_identity""]",false,[],2026-08-30,Qualified-core identity; individual claims still require editorial review.
dsc-2cf15c220dda,Sekra,"[""Sekra""]",[],[],discovery_only,true,"[""built_environment_ecosystem_discovery_index""]",1,"[""sekra.com""]","[""https://sekra.com/""]","[""https://fifthwall.com/portfolio?2bddaefa_page=3""]",[],[],[],"[""Fifth Wall""]",1,"[""eco-src-9c3820df900a""]",1,"[""Active/portfolio""]",[],[],[],[],[],[],[],"[""Sekra is redefining modern living. A lifestyle-led real estate and technology platform targeting the residential multifamily market by blending design-driven homes, seamlessly integrated technology, with hospitality-inspired service and community programming. Sekra’s mission is to reimagine how people live to foster human connection, wellbeing, and belonging. Sekra delivers long-term value creation through premium pricing, increased retention, higher demand and increased operational efficiencies. Sekra’s name reflects its ethos — inspired by Egyptian mythology to embody balance, protection, wellbeing, and harmony across its communities.""]","[""https://fifthwall.com/portfolio?2bddaefa_page=3"",""https://sekra.com/""]",2,"[""source_native_ecosystem_identity""]",false,[],2026-08-30,"Discovery presence is not operating, traction, outcome, security or JCX-fit evidence."
dsc-70709cc42e8b,Sell-Do,"[""Sell-Do"",""Sell.Do""]","[""organization""]","[""org-sell-do-33b7307""]",qualified_core,false,"[""qualified_core""]",1,"[""sell.do""]","[""https://sell.do/""]",[],[],[],[],[],0,[],0,[],"[""Developer CRM"",""developer-CRM-revenue-OS""]","[""L6"",""L8""]","[""A""]",[],"[""India""]",[],[],[],"[""https://sell.do/"",""https://sell.do/about"",""https://sell.do/solutions/developers"",""https://sell.do/success-stories""]",4,"[""qualified_core_identity""]",false,[],2026-08-30,Qualified-core identity; individual claims still require editorial review.
dsc-0b8347801431,Sensorita,"[""Sensorita""]",[],[],discovery_only,true,"[""built_environment_ecosystem_discovery_index""]",1,"[""sensorita.com""]","[""https://sensorita.com/""]","[""https://brickmortar.vc/portfolio""]",[],[],[],"[""Brick & Mortar Ventures""]",1,"[""eco-src-af6befb8a3d4""]",1,"[""Active investment""]",[],[],[],[],[],[],[],[],"[""https://brickmortar.vc/portfolio"",""https://sensorita.com/""]",2,"[""source_native_ecosystem_identity""]",false,[],2026-08-30,"Discovery presence is not operating, traction, outcome, security or JCX-fit evidence."
dsc-9563db849a89,Senze,"[""Senze""]",[],[],discovery_only,true,"[""built_environment_ecosystem_discovery_index""]",1,"[""senze.co.uk""]","[""https://senze.co.uk/""]","[""https://nar-reach.com/uk""]",[],[],[],"[""NAR REACH UK""]",1,"[""eco-src-50b78d8f1603""]",1,"[""2026 cohort (or current page cohort)""]",[],[],[],"[""United Kingdom""]",[],[],[],"[""Senze uses sensors and digital twins to measure real building energy use, helping property owners reduce compliance risk and cut capital and operating costs by up to 70%.""]","[""https://nar-reach.com/uk"",""https://senze.co.uk/""]",2,"[""source_native_ecosystem_identity""]",false,[],2026-08-30,"Discovery presence is not operating, traction, outcome, security or JCX-fit evidence."
dsc-cebea01d1020,Sertis,"[""Sertis""]",[],[],discovery_only,true,"[""built_environment_ecosystem_discovery_index""]",1,"[""sertisins.com""]","[""https://sertisins.com/""]","[""https://spark.jllt.com/portfolio""]",[],[],[],"[""JLL Spark""]",1,"[""eco-src-b7b81025eeb6""]",1,"[""Active/portfolio""]",[],[],[],[],[],[],[],"[""Sertis is a US-based, tech-driven multifamily insurance MGA, enabling owners to leverage their technology and operations investments to better price and place risk for their assets. View website""]","[""https://sertisins.com/"",""https://spark.jllt.com/portfolio""]",2,"[""source_native_ecosystem_identity""]",false,[],2026-08-30,"Discovery presence is not operating, traction, outcome, security or JCX-fit evidence."
dsc-7b07ad307f7a,ServiceTitan (NASDAQ: TTAN),"[""ServiceTitan (NASDAQ: TTAN)""]",[],[],discovery_only,true,"[""built_environment_ecosystem_discovery_index""]",1,"[""servicetitan.com""]","[""https://servicetitan.com/""]","[""https://fifthwall.com/portfolio?2bddaefa_page=3""]",[],[],[],"[""Fifth Wall""]",1,"[""eco-src-45834547d352""]",1,"[""Active/portfolio""]",[],[],[],[],[],[],[],"[""ServiceTitan is a cloud-based software platform built to power trades businesses. The company’s end-to-end solution gives contractors the tools they need to run and grow their business, manage their back office, and provide a stellar customer experience. By bringing an integrated SaaS platform to an industry historically underserved by technology, ServiceTitan is equipping tradespeople with the technology they need to keep the world running.""]","[""https://fifthwall.com/portfolio?2bddaefa_page=3"",""https://servicetitan.com/""]",2,"[""source_native_ecosystem_identity""]",false,[],2026-08-30,"Discovery presence is not operating, traction, outcome, security or JCX-fit evidence."
dsc-89d20cdf7a37,ShareBari,"[""ShareBari""]","[""organization""]","[""org-sharebari-9a44fdf""]",qualified_core,false,"[""qualified_core""]",1,"[""sharebari.com""]","[""https://sharebari.com/""]",[],[],[],[],[],0,[],0,[],"[""shareholder-governance-SaaS""]","[""L5""]","[""B""]",[],"[""Bangladesh""]",[],[],[],"[""https://sharebari.com/""]",1,"[""qualified_core_identity""]",false,[],2026-08-30,Qualified-core identity; individual claims still require editorial review.
dsc-592d4f4781e9,Shortlyst,"[""Shortlyst""]",[],[],discovery_only,true,"[""built_environment_ecosystem_discovery_index""]",1,"[""shortlyst.us""]","[""https://shortlyst.us/""]","[""https://nar-reach.com/us-commercial""]",[],[],[],"[""NAR REACH US Commercial""]",1,"[""eco-src-3974c5915784""]",1,"[""2026 cohort (or current page cohort)""]",[],[],[],"[""United States""]",[],[],[],"[""The sourcing engine for short-term retail activations, connecting property owners with vetted, activation-ready brands to fill vacant space, generate revenue, and drive foot traffic.""]","[""https://nar-reach.com/us-commercial"",""https://shortlyst.us/""]",2,"[""source_native_ecosystem_identity""]",false,[],2026-08-30,"Discovery presence is not operating, traction, outcome, security or JCX-fit evidence."
dsc-e9d4cfa016e7,Showdigs,"[""Showdigs""]",[],[],discovery_only,true,"[""built_environment_ecosystem_discovery_index""]",1,"[""showdigs.com""]","[""https://showdigs.com/""]","[""https://metaprop.com/portfolio""]",[],[],[],"[""MetaProp""]",1,"[""eco-src-ccf57944c60c""]",1,"[""Active/portfolio""]",[],[],[],[],[],[],[],[],"[""https://metaprop.com/portfolio"",""https://showdigs.com/""]",2,"[""source_native_ecosystem_identity""]",false,[],2026-08-30,"Discovery presence is not operating, traction, outcome, security or JCX-fit evidence."
dsc-35b437437670,Side,"[""Side""]",[],[],discovery_only,true,"[""built_environment_ecosystem_discovery_index""]",1,"[""side.com""]","[""https://side.com/""]","[""https://metaprop.com/portfolio""]",[],[],[],"[""MetaProp""]",1,"[""eco-src-175a6257aa4c""]",1,"[""Active/portfolio""]",[],[],[],[],[],[],[],[],"[""https://metaprop.com/portfolio"",""https://side.com/""]",2,"[""source_native_ecosystem_identity""]",false,[],2026-08-30,"Discovery presence is not operating, traction, outcome, security or JCX-fit evidence."
dsc-4f6df0f1ce9d,Sidewalk Labs / Quayside,"[""Sidewalk Labs / Quayside""]","[""project""]","[""org-sidewalk-labs-quayside-b7600cf""]",qualified_core,false,"[""qualified_core""]",1,"[""waterfrontoronto.ca""]","[""https://waterfrontoronto.ca/""]",[],[],[],[],[],0,[],0,[],[],"[""L1"",""L10"",""L4"",""L8""]","[""B""]",[],"[""Canada""]",[],[],[],"[""https://techcrunch.com/2020/05/07/sidewalk-labs-shuts-down-toronto-project"",""https://waterfrontoronto.ca/"",""https://waterfrontoronto.ca/sites/default/files/documents/plan-development-agreement-amendments-and-sidewalk-labs--termination-notice---termination-effective-date---may-17-2020.pdf""]",3,"[""qualified_core_identity""]",false,[],2026-08-30,Qualified-core identity; individual claims still require editorial review.
dsc-c1c308ddc1d2,Siemens Building X,"[""Siemens Building X""]","[""product_offering""]","[""org-siemens-building-x-4e09386""]",qualified_core,false,"[""qualified_core""]",1,"[""siemens.com""]","[""https://siemens.com/en-gb/products/building-x""]",[],[],[],[],[],0,[],0,[],"[""cloud building energy sustainability safety security and operations platform""]","[""L10"",""L8"",""L9""]","[""A""]",[],"[""Germany""]",[],[],[],"[""https://news.siemens.com/en-us/siemens-presents-building-x-an-ai-based-solution-for-transforming-buildings-into-climate-neutral-buildings"",""https://siemens.com/en-gb/products/building-x""]",2,"[""qualified_core_identity""]",false,[],2026-08-30,Qualified-core identity; individual claims still require editorial review.
dsc-5c3e798f00ff,SightPlan,"[""SightPlan""]",[],[],discovery_only,true,"[""built_environment_ecosystem_discovery_index""]",1,"[""smartrent.com""]","[""https://smartrent.com/products/work-management""]","[""https://ret.vc/portfolio""]",[],[],[],"[""RET Ventures Portfolio""]",1,"[""eco-src-677cdfaebf39""]",1,"[""Portfolio company displayed""]",[],[],[],[],[],[],[],"[""SightPlan SightPlan helps multifamily owners and operators focus on a key factor impacting asset performance – service. Their solutions empower leasing, resident service, and maintenance team members with easy-to-use tools to optimize operations while improving compliance and reducing risk. Year of investment 2019 Stage at Investment All Early Real Estate Focus All Multifamily View WEbsite""]","[""https://ret.vc/portfolio"",""https://smartrent.com/products/work-management""]",2,"[""source_native_ecosystem_identity""]",true,"[""Domain smartrent.com is also used by SmartRent; shared-domain relationship requires review.""]",2026-08-30,"Discovery presence is not operating, traction, outcome, security or JCX-fit evidence."
dsc-9883225d42aa,Sigma360,"[""Sigma360""]",[],[],discovery_only,true,"[""built_environment_ecosystem_discovery_index""]",1,"[""sigma360.com""]","[""https://sigma360.com/""]","[""https://moderneventures.com/portfolio/sigma360""]",[],[],[],"[""Moderne Ventures / Passport""]",1,"[""eco-src-36448b518f3f""]",1,"[""Portfolio/Passport listing displayed""]","[""Investment""]",[],[],[],[],[],[],"[""AI-Powered Compliance Platform — The new standard in KYC and financial crime compliance automation — Investment""]","[""https://moderneventures.com/portfolio/sigma360"",""https://sigma360.com/""]",2,"[""source_native_ecosystem_identity""]",false,[],2026-08-30,"Discovery presence is not operating, traction, outcome, security or JCX-fit evidence."
dsc-2cb340c89309,Sisu,"[""Sisu""]",[],[],discovery_only,true,"[""built_environment_ecosystem_discovery_index""]",1,"[""sisu.co""]","[""https://sisu.co/""]","[""https://moderneventures.com/portfolio/sisu""]",[],[],[],"[""Moderne Ventures / Passport""]",1,"[""eco-src-b31ea1e2326a""]",1,"[""Portfolio/Passport listing displayed""]","[""Passport""]",[],[],[],[],[],[],"[""Supercharge sales performance — Business intelligence + coaching platform to manage sales performance and accountability — Passport""]","[""https://moderneventures.com/portfolio/sisu"",""https://sisu.co/""]",2,"[""source_native_ecosystem_identity""]",false,[],2026-08-30,"Discovery presence is not operating, traction, outcome, security or JCX-fit evidence."
dsc-5d342cfa843e,SiteHive,"[""SiteHive""]",[],[],discovery_only,true,"[""built_environment_ecosystem_discovery_index""]",1,[],[],"[""https://tarongagroup.com/wp-content/uploads/2025/07/RealTechX-Asset-Impact-Booklet-2025-1.pdf""]",[],[],[],"[""Taronga RealTechX / Asset Impact""]",1,"[""eco-src-d6f196e5d565""]",1,"[""Alumni/support history displayed""]",[],[],[],[],[],[],[],[],"[""https://tarongagroup.com/wp-content/uploads/2025/07/RealTechX-Asset-Impact-Booklet-2025-1.pdf""]",1,"[""source_native_ecosystem_identity""]",false,[],2026-08-30,"Discovery presence is not operating, traction, outcome, security or JCX-fit evidence."
dsc-73dda6cd0d30,Siteline,"[""Siteline""]",[],[],discovery_only,true,"[""built_environment_ecosystem_discovery_index""]",1,"[""siteline.com""]","[""http://siteline.com/""]","[""https://brickmortar.vc/portfolio""]",[],[],[],"[""Brick & Mortar Ventures""]",1,"[""eco-src-d25bb790aa63""]",1,"[""Active investment""]",[],[],[],[],[],[],[],[],"[""http://siteline.com/"",""https://brickmortar.vc/portfolio""]",2,"[""source_native_ecosystem_identity""]",false,[],2026-08-30,"Discovery presence is not operating, traction, outcome, security or JCX-fit evidence."
dsc-00479340840b,SiTration,"[""SiTration""]",[],[],discovery_only,true,"[""built_environment_ecosystem_discovery_index""]",1,[],[],"[""https://2150.vc/investments/sitration""]",[],[],[],"[""2150""]",1,"[""eco-src-fe3557c40c1d""]",1,"[""Investment displayed; current status not inferred""]",[],[],[],"[""United States""]",[],[],[],"[""SiTration SiTration enables a circular economy with ultra-efficient, low-cost recovery of critical metals from mining waste and end-of-life batteries.""]","[""https://2150.vc/investments/sitration""]",1,"[""source_native_ecosystem_identity""]",false,[],2026-08-30,"Discovery presence is not operating, traction, outcome, security or JCX-fit evidence."
dsc-8420463a9b31,sizeless,"[""sizeless""]",[],[],discovery_only,true,"[""yc_real_estate_construction_2026-08-30""]",1,[],[],"[""https://ycombinator.com/companies/industry/real-estate-and-construction"",""https://ycombinator.com/companies/sizeless""]","[""28959""]","[""S2023""]","[""Active""]",[],0,[],0,[],"[""ConTech / construction operations""]","[""L4 Design/BIM; L5 Construction; L8 FM/maintenance; L10 ESG/climate; L12 Data/intelligence""]","[""A""]",[],"[""US""]","[""San Francisco""]","[""3""]","[""Instant 3D Digital Twins for Smarter Real Estate."",""Make data-driven decisions. Optimize property management. With the property Digital Twin from sizeless, you can access highly accurate data to understand your property's details, make informed decisions on inspections, and work on the required management optimization measures.""]","[""https://ycombinator.com/companies/industry/real-estate-and-construction"",""https://ycombinator.com/companies/sizeless""]",2,"[""source_native_yc_identity""]",false,[],2026-08-30,"Discovery presence is not operating, traction, outcome, security or JCX-fit evidence."
dsc-aaef625620df,Skanska,"[""Skanska""]","[""organization""]","[""org-skanska-6d6b6e5""]",qualified_core,false,"[""qualified_core""]",1,"[""skanska.com""]","[""https://skanska.com/""]",[],[],[],[],[],0,[],0,[],[],"[""L10"",""L4"",""L5"",""L8""]","[""A""]",[],"[""Sweden""]",[],[],[],"[""https://group.skanska.com/493a91/siteassets/investors/reports-publications/annual-reports/2025/skanska-s-annual-and-sustainability-report-2025-pdf-.pdf"",""https://skanska.com/""]",2,"[""qualified_core_identity""]",false,[],2026-08-30,Qualified-core identity; individual claims still require editorial review.
dsc-feaed7134ef2,Skenario Labs,"[""Skenario Labs""]",[],[],discovery_only,true,"[""built_environment_ecosystem_discovery_index""]",1,[],[],"[""https://tarongagroup.com/wp-content/uploads/2025/07/RealTechX-Asset-Impact-Booklet-2025-1.pdf""]",[],[],[],"[""Taronga RealTechX / Asset Impact""]",1,"[""eco-src-fd2a43d39971""]",1,"[""Alumni/support history displayed""]",[],[],[],[],[],[],[],[],"[""https://tarongagroup.com/wp-content/uploads/2025/07/RealTechX-Asset-Impact-Booklet-2025-1.pdf""]",1,"[""source_native_ecosystem_identity""]",false,[],2026-08-30,"Discovery presence is not operating, traction, outcome, security or JCX-fit evidence."
dsc-95bd3fc11da9,Skillit,"[""Skillit""]",[],[],discovery_only,true,"[""built_environment_ecosystem_discovery_index""]",1,"[""skillit.com""]","[""https://skillit.com/""]","[""https://metaprop.com/portfolio""]",[],[],[],"[""MetaProp""]",1,"[""eco-src-39851f51f55c""]",1,"[""Active/portfolio""]",[],[],[],[],[],[],[],[],"[""https://metaprop.com/portfolio"",""https://skillit.com/""]",2,"[""source_native_ecosystem_identity""]",false,[],2026-08-30,"Discovery presence is not operating, traction, outcome, security or JCX-fit evidence."
dsc-5fa841747fea,Skipp,"[""Skipp""]",[],[],discovery_only,true,"[""built_environment_ecosystem_discovery_index""]",1,"[""skipp.ai""]","[""https://skipp.ai/""]","[""https://metaprop.com/portfolio""]",[],[],[],"[""MetaProp""]",1,"[""eco-src-4256cceba4f8""]",1,"[""Active/portfolio""]",[],[],[],[],[],[],[],[],"[""https://metaprop.com/portfolio"",""https://skipp.ai/""]",2,"[""source_native_ecosystem_identity""]",false,[],2026-08-30,"Discovery presence is not operating, traction, outcome, security or JCX-fit evidence."
dsc-16a73ed0219f,SKLÜT,"[""SKLÜT""]",[],[],discovery_only,true,"[""built_environment_ecosystem_discovery_index""]",1,"[""sklut.io""]","[""http://sklut.io/""]","[""https://nar-reach.com/us-commercial""]",[],[],[],"[""NAR REACH US Commercial""]",1,"[""eco-src-f5e729fb9e22""]",1,"[""2026 cohort (or current page cohort)""]",[],[],[],"[""United States""]",[],[],[],"[""A mobile-first facial recognition access platform networking commercial, residential, and event venues across New York City into one system, enabling seamless entry and exit from a single mobile device.""]","[""http://sklut.io/"",""https://nar-reach.com/us-commercial""]",2,"[""source_native_ecosystem_identity""]",false,[],2026-08-30,"Discovery presence is not operating, traction, outcome, security or JCX-fit evidence."
dsc-e577dffd7ca5,SkylineAI,"[""SkylineAI""]",[],[],discovery_only,true,"[""built_environment_ecosystem_discovery_index""]",1,"[""skyline.ai""]","[""https://skyline.ai/""]","[""https://spark.jllt.com/portfolio""]",[],[],[],"[""JLL Spark""]",1,"[""eco-src-4496cd8e5c20""]",1,"[""Exited""]",[],[],[],[],[],[],[],"[""Exited to JLL Skyline AI developed a platform for faster and more comprehensive analysis of commercial real estate properties. View website""]","[""https://skyline.ai/"",""https://spark.jllt.com/portfolio""]",2,"[""source_native_ecosystem_identity""]",false,[],2026-08-30,"Discovery presence is not operating, traction, outcome, security or JCX-fit evidence."
dsc-4ce105727d9d,Slingshot,"[""Slingshot""]",[],[],discovery_only,true,"[""built_environment_ecosystem_discovery_index""]",1,"[""getslingshot.com""]","[""https://getslingshot.com/""]","[""https://ret.vc/portfolio""]",[],[],[],"[""RET Ventures Portfolio""]",1,"[""eco-src-0783dfaebe9b""]",1,"[""Portfolio company displayed""]",[],[],[],[],[],[],[],"[""Slingshot Slingshot provides customer engagement services and sales analytics tools for home services providers, such as lawn care and pest control companies. By instantly engaging leads 24/7, scheduling appointments, and collecting payments, Slingshot not only saves providers the cost of an internal sales team but significantly increases revenue through increased customer conversion and improved customer experience. Year of investment 2019 Stage at Investment All Seed Real Estate Focus All Other View WEbsite""]","[""https://getslingshot.com/"",""https://ret.vc/portfolio""]",2,"[""source_native_ecosystem_identity""]",false,[],2026-08-30,"Discovery presence is not operating, traction, outcome, security or JCX-fit evidence."
dsc-808e1eab1b0a,SmartClean,"[""SmartClean""]",[],[],discovery_only,true,"[""built_environment_ecosystem_discovery_index""]",1,[],[],"[""https://tarongagroup.com/wp-content/uploads/2025/07/RealTechX-Asset-Impact-Booklet-2025-1.pdf""]",[],[],[],"[""Taronga RealTechX / Asset Impact""]",1,"[""eco-src-3f341a0d8237""]",1,"[""Alumni/support history displayed""]",[],[],[],[],[],[],[],[],"[""https://tarongagroup.com/wp-content/uploads/2025/07/RealTechX-Asset-Impact-Booklet-2025-1.pdf""]",1,"[""source_native_ecosystem_identity""]",false,[],2026-08-30,"Discovery presence is not operating, traction, outcome, security or JCX-fit evidence."
dsc-43367dec7fbc,SmartCrowd,"[""SmartCrowd""]","[""organization""]","[""org-smartcrowd-51aef62""]",qualified_core,false,"[""qualified_core""]",1,"[""smartcrowd.ae""]","[""https://smartcrowd.ae/""]",[],[],[],[],[],0,[],0,[],"[""fractional-real-estate""]",[],"[""B""]",[],"[""United Arab Emirates""]",[],[],[],"[""https://help-center.smartcrowd.ae/en/articles/7122055-how-are-investments-structured-at-smartcrowd"",""https://smartcrowd.ae/""]",2,"[""qualified_core_identity""]",false,[],2026-08-30,Qualified-core identity; individual claims still require editorial review.
dsc-4081fea59d95,SmartPM Technologies,"[""SmartPM Technologies""]","[""organization""]","[""org-smartpm-technologies-b7ceac3""]",qualified_core,false,"[""built_environment_ecosystem_discovery_index"",""qualified_core""]",2,"[""smartpm.com""]","[""https://smartpm.com/""]","[""https://cemexventures.com/top-50""]",[],[],[],"[""CEMEX Ventures Top 50 ConTech 2026""]",1,"[""eco-src-67560ec25cb8""]",1,"[""Selected for 2026 Top 50""]","[""Enhanced productivity"",""construction schedule analytics and automated project controls""]","[""L12"",""L5"",""L9""]","[""A""]",[],"[""United States""]",[],[],"[""Enhanced productivity""]","[""https://cemexventures.com/top-50"",""https://smartpm.com/"",""https://smartpm.com/about""]",3,"[""exact_normalized_name"",""qualified_core_identity""]",false,[],2026-08-30,Qualified-core identity; individual claims still require editorial review.
dsc-20940f8fae58,SmartRent,"[""SmartRent"",""SmartRent — Exited (NYSE: SMRT)""]","[""organization""]","[""org-smartrent-04f495b""]",qualified_core,false,"[""built_environment_ecosystem_discovery_index"",""qualified_core""]",2,"[""smartrent.com""]","[""https://smartrent.com/""]","[""https://fifthwall.com/portfolio?2bddaefa_page=3"",""https://ret.vc/portfolio""]",[],[],[],"[""Fifth Wall"",""RET Ventures Portfolio""]",2,"[""eco-src-2926032e1ec3"",""eco-src-e379dbd64663""]",2,"[""Exited/acquired (as displayed)"",""Portfolio company displayed""]","[""Smart-home property operations""]","[""L8""]","[""A""]",[],"[""United States""]",[],[],"[""Founded in 2017, SmartRent is an enterprise smart home automation platform company for property managers and renters. The SmartRent solution is designed to provide property managers with seamless visibility and control over all their assets while delivering additional revenue opportunities through all-in-one home control offerings for residents."",""SmartRent SmartRent provides a hub and software solution that allows residents and property managers to control a wide variety of commercially available IoT devices remotely, enabling both operation savings, ancillary revenue, and an in-demand amenity for tech-savvy renters. Year of investment 2018 / 2025 Stage at Investment All Seed Real Estate Focus All Multifamily Single-Family View WEbsite""]","[""https://fifthwall.com/portfolio"",""https://fifthwall.com/portfolio?2bddaefa_page=3"",""https://ret.vc/portfolio"",""https://smartrent.com/""]",4,"[""exact_normalized_name_with_domain_corroboration"",""qualified_core_identity"",""status_annotation_stripped_exact_name""]",true,"[""Domain smartrent.com is also used by ecosystem candidate 'SightPlan'; identities were deliberately kept separate.""]",2026-08-30,Qualified-core identity; individual claims still require editorial review.
dsc-d737be00a569,Snapdocs,"[""Snapdocs""]","[""organization""]","[""org-snapdocs-72c3c3a""]",qualified_core,false,"[""built_environment_ecosystem_discovery_index"",""qualified_core"",""yc_real_estate_construction_2026-08-30""]",3,"[""snapdocs.com""]","[""http://snapdocs.com/"",""https://snapdocs.com/""]","[""https://metaprop.com/portfolio"",""https://ycombinator.com/companies/industry/real-estate-and-construction"",""https://ycombinator.com/companies/snapdocs""]","[""622""]","[""W2014""]","[""Active""]","[""MetaProp""]",1,"[""eco-src-02f1a3d02e0a""]",1,"[""Active/portfolio""]","[""ConTech / construction operations"",""Mortgage closing/e-notary""]","[""L3"",""L3 Capital/finance; L5 Construction; L7 Occupancy/tenant; L12 Data/intelligence""]","[""A""]",[],"[""US"",""United States""]","[""Portland, OR, USA""]","[""285""]","[""We're building digital infrastructure and workflow tools to connect the many parties involved in real estate transactions. The result is a more digital, online, and automated process for everyone involved."",""digital mortgage closing""]","[""http://snapdocs.com/"",""https://metaprop.com/portfolio"",""https://snapdocs.com/"",""https://ycombinator.com/companies/industry/real-estate-and-construction"",""https://ycombinator.com/companies/snapdocs""]",5,"[""exact_normalized_name"",""exact_normalized_name_with_domain_corroboration"",""qualified_core_identity""]",false,[],2026-08-30,Qualified-core identity; individual claims still require editorial review.
dsc-36755807cf1c,Snappt,"[""Snappt""]",[],[],discovery_only,true,"[""built_environment_ecosystem_discovery_index""]",1,"[""snappt.com""]","[""https://snappt.com/""]","[""https://moderneventures.com/portfolio/snappt""]",[],[],[],"[""Moderne Ventures / Passport""]",1,"[""eco-src-9448b7d9b14f""]",1,"[""Exited (displayed)""]","[""Passport""]",[],[],[],[],[],[],"[""The modern way to screen rental applicants — AI-powered fraud detection software — Passport""]","[""https://moderneventures.com/portfolio/snappt"",""https://snappt.com/""]",2,"[""source_native_ecosystem_identity""]",false,[],2026-08-30,"Discovery presence is not operating, traction, outcome, security or JCX-fit evidence."
dsc-346d36bd2c90,SnapRefund,"[""SnapRefund""]",[],[],discovery_only,true,"[""built_environment_ecosystem_discovery_index""]",1,"[""snaprefund.io""]","[""https://snaprefund.io/""]","[""https://nar-reach.com/us-commercial""]",[],[],[],"[""NAR REACH US Commercial""]",1,"[""eco-src-d53afd1c9ba9""]",1,"[""2026 cohort (or current page cohort)""]",[],[],[],"[""United States""]",[],[],[],"[""Provides insurers and insurance agents with payment automation that streamlines settlement and improves operational efficiency across their claims and billing workflows.""]","[""https://nar-reach.com/us-commercial"",""https://snaprefund.io/""]",2,"[""source_native_ecosystem_identity""]",false,[],2026-08-30,"Discovery presence is not operating, traction, outcome, security or JCX-fit evidence."
dsc-449914031716,Sobha Limited / Sobha Realty,"[""Sobha Limited / Sobha Realty""]","[""organization""]","[""org-sobha-sobha-realty-73bebee""]",qualified_core,false,"[""qualified_core""]",1,"[""sobha.com""]","[""https://sobha.com/""]",[],[],[],[],[],0,[],0,[],[],"[""L10"",""L4"",""L5"",""L7"",""L8""]","[""B""]",[],[],[],[],[],"[""https://sobha.com/"",""https://sobha.com/investor-relations"",""https://sobhaltd.in/updates/sobha-honoured-as-real-estate-developer-of-year-residential-2025"",""https://sobharealty.com/sites/default/files/2025-07/SR%202024%20SOBHA%2031%20JULY%202025%20V2%20all_compressed.pdf""]",4,"[""qualified_core_identity""]",false,[],2026-08-30,Qualified-core identity; individual claims still require editorial review.
dsc-a9ace28199d7,Social Value Portal,"[""Social Value Portal""]",[],[],discovery_only,true,"[""built_environment_ecosystem_discovery_index""]",1,[],[],"[""https://tarongagroup.com/wp-content/uploads/2025/07/RealTechX-Asset-Impact-Booklet-2025-1.pdf""]",[],[],[],"[""Taronga RealTechX / Asset Impact""]",1,"[""eco-src-652a43cec5eb""]",1,"[""Alumni/support history displayed""]",[],[],[],[],[],[],[],[],"[""https://tarongagroup.com/wp-content/uploads/2025/07/RealTechX-Asset-Impact-Booklet-2025-1.pdf""]",1,"[""source_native_ecosystem_identity""]",false,[],2026-08-30,"Discovery presence is not operating, traction, outcome, security or JCX-fit evidence."
dsc-b0cb97e7417c,Socialsignin,"[""Socialsignin""]",[],[],discovery_only,true,"[""built_environment_ecosystem_discovery_index""]",1,"[""socialsignin.com""]","[""https://socialsignin.com/""]","[""https://metaprop.com/portfolio""]",[],[],[],"[""MetaProp""]",1,"[""eco-src-cfbc7743495c""]",1,"[""Active/portfolio""]",[],[],[],[],[],[],[],[],"[""https://metaprop.com/portfolio"",""https://socialsignin.com/""]",2,"[""source_native_ecosystem_identity""]",false,[],2026-08-30,"Discovery presence is not operating, traction, outcome, security or JCX-fit evidence."
dsc-1717b751a65e,SOLARCYCLE,"[""SOLARCYCLE""]",[],[],discovery_only,true,"[""built_environment_ecosystem_discovery_index""]",1,"[""solarcycle.us""]","[""https://solarcycle.us/""]","[""https://fifthwall.com/portfolio?2bddaefa_page=3""]",[],[],[],"[""Fifth Wall""]",1,"[""eco-src-e1910d8ebc12""]",1,"[""Active/portfolio""]",[],[],[],[],[],[],[],"[""SOLARCYCLE is a technology-driven platform designed to maximize solar sustainability by offering solar asset owners a low-cost, eco-friendly, comprehensive process for recycling retiring solar panels and technologies and repurposing them for new uses. The company's proprietary technology allows it to extract 95% of a solar panel's valuable metals, such as silver, silicon, copper and aluminum, and to recycle or repurpose panels currently in use. Experts in solar technology, recycling and sustainability founded SOLARCYCLE in 2022 to accelerate the circular economy for solar and renewables.""]","[""https://fifthwall.com/portfolio?2bddaefa_page=3"",""https://solarcycle.us/""]",2,"[""source_native_ecosystem_identity""]",false,[],2026-08-30,"Discovery presence is not operating, traction, outcome, security or JCX-fit evidence."
dsc-8f53c315254c,SolarKal,"[""SolarKal""]",[],[],discovery_only,true,"[""built_environment_ecosystem_discovery_index""]",1,"[""solarkal.com""]","[""https://solarkal.com/""]","[""https://moderneventures.com/portfolio/solarkal""]",[],[],[],"[""Moderne Ventures / Passport""]",1,"[""eco-src-e8d9520b371e""]",1,"[""Portfolio/Passport listing displayed""]","[""Passport""]",[],[],[],[],[],[],"[""Leading B2B solar marketplace — Making it cheaper + easier to go solar with competitive bidding from 200+ vendor marketplace — Passport""]","[""https://moderneventures.com/portfolio/solarkal"",""https://solarkal.com/""]",2,"[""source_native_ecosystem_identity""]",false,[],2026-08-30,"Discovery presence is not operating, traction, outcome, security or JCX-fit evidence."
dsc-78c7ad3fcfe3,Solfácil,"[""Solfácil""]",[],[],discovery_only,true,"[""built_environment_ecosystem_discovery_index""]",1,"[""landing.solfacil.com.br""]","[""https://landing.solfacil.com.br/""]","[""https://fifthwall.com/portfolio?2bddaefa_page=3""]",[],[],[],"[""Fifth Wall""]",1,"[""eco-src-a3f9e60fbf68""]",1,"[""Active/portfolio""]",[],[],[],[],[],[],[],"[""Solfácil is the largest ecosystem in solar solutions in Brazil, which connects installer partners to consumers who want to generate energy through a clean, renewable source affordable for all budgets. The company’s mission is to empower people through the sun offering funding, products and services that serve distributed solar energy generation projects for individuals, companies and farmers producers.""]","[""https://fifthwall.com/portfolio?2bddaefa_page=3"",""https://landing.solfacil.com.br/""]",2,"[""source_native_ecosystem_identity""]",false,[],2026-08-30,"Discovery presence is not operating, traction, outcome, security or JCX-fit evidence."
dsc-4f338d40e1ef,Solstice,"[""Solstice""]",[],[],discovery_only,true,"[""built_environment_ecosystem_discovery_index""]",1,"[""solstice.us""]","[""https://solstice.us/""]","[""https://moderneventures.com/portfolio/solstice""]",[],[],[],"[""Moderne Ventures / Passport""]",1,"[""eco-src-da955ff7b4fb""]",1,"[""Exited (displayed)""]","[""Passport""]",[],[],[],[],[],[],"[""Connecting households + businesses to community solar farms — Giving communities guaranteed clean energy savings without upfront costs or rooftop installation — Passport""]","[""https://moderneventures.com/portfolio/solstice"",""https://solstice.us/""]",2,"[""source_native_ecosystem_identity""]",false,[],2026-08-30,"Discovery presence is not operating, traction, outcome, security or JCX-fit evidence."
dsc-9b10df18389e,Somo,"[""Somo""]",[],[],discovery_only,true,"[""built_environment_ecosystem_discovery_index""]",1,"[""somo.ai""]","[""https://somo.ai/""]","[""https://metaprop.com/portfolio""]",[],[],[],"[""MetaProp""]",1,"[""eco-src-d16193061175""]",1,"[""Active/portfolio""]",[],[],[],[],[],[],[],[],"[""https://metaprop.com/portfolio"",""https://somo.ai/""]",2,"[""source_native_ecosystem_identity""]",false,[],2026-08-30,"Discovery presence is not operating, traction, outcome, security or JCX-fit evidence."
dsc-378435a3d728,Somos,"[""Somos""]",[],[],discovery_only,true,"[""yc_real_estate_construction_2026-08-30""]",1,[],[],"[""https://ycombinator.com/companies/industry/real-estate-and-construction"",""https://ycombinator.com/companies/somos""]","[""23421""]","[""W2021""]","[""Active""]",[],0,[],0,[],"[""Real-estate software / adjacent""]","[""L12 Data/intelligence""]","[""D""]",[],"[""CO""]","[""Medellín, Medellin, Antioquia, Colombia""]","[""250""]","[""Internet for the urban developing world."",""We use cutting-edge radio tech operating in unlicensed spectrum to rapidly build fiber-quality networks (1Gbps ) in the urban developing world.""]","[""https://ycombinator.com/companies/industry/real-estate-and-construction"",""https://ycombinator.com/companies/somos""]",2,"[""source_native_yc_identity""]",false,[],2026-08-30,"Discovery presence is not operating, traction, outcome, security or JCX-fit evidence."
dsc-3ad81ea16d76,Sonocrete,"[""Sonocrete""]",[],[],discovery_only,true,"[""built_environment_ecosystem_discovery_index""]",1,[],[],"[""https://cemexventures.com/top-50""]",[],[],[],"[""CEMEX Ventures Top 50 ConTech 2026""]",1,"[""eco-src-7ca470222cc3""]",1,"[""Selected for 2026 Top 50""]","[""Future of construction""]",[],[],[],[],[],[],"[""Future of construction""]","[""https://cemexventures.com/top-50""]",1,"[""source_native_ecosystem_identity""]",false,[],2026-08-30,"Discovery presence is not operating, traction, outcome, security or JCX-fit evidence."
dsc-1ebeed49c611,Sorair technologies,"[""Sorair technologies""]",[],[],discovery_only,true,"[""built_environment_ecosystem_discovery_index""]",1,"[""sorair.co.uk""]","[""https://sorair.co.uk/""]","[""https://pilabs.vc/portfolio""]",[],[],[],"[""Pi Labs""]",1,"[""eco-src-726e20169ec4""]",1,"[""Active/portfolio""]",[],[],[],[],[],[],[],"[""MILITARY-GRADE SURVEILLANCE SYSTEMS Est. 2O21. United Kingdom. <br> Founded by Kunmi Oludoyi, Adebayo Popoola and Raza Rubbani. <br> Last Funding Round: Pre-Seed""]","[""https://pilabs.vc/portfolio"",""https://sorair.co.uk/""]",2,"[""source_native_ecosystem_identity""]",false,[],2026-08-30,"Discovery presence is not operating, traction, outcome, security or JCX-fit evidence."
dsc-fe98cd191286,sorted,"[""sorted""]",[],[],discovery_only,true,"[""built_environment_ecosystem_discovery_index""]",1,"[""sortedtech.io""]","[""https://sortedtech.io/""]","[""https://pilabs.vc/portfolio""]",[],[],[],"[""Pi Labs""]",1,"[""eco-src-79059a8275d1""]",1,"[""Active/portfolio""]",[],[],[],[],[],[],[],"[""AI-powered robotics to sort recyclable materials Est. 2022. United Kingdom. <br> Founded by Arthur Goujon, Luis Espinosa. <br> Last Funding Round: Seed""]","[""https://pilabs.vc/portfolio"",""https://sortedtech.io/""]",2,"[""source_native_ecosystem_identity""]",false,[],2026-08-30,"Discovery presence is not operating, traction, outcome, security or JCX-fit evidence."
dsc-6ef694bbb92a,SpaceCube,"[""SpaceCube""]",[],[],discovery_only,true,"[""built_environment_ecosystem_discovery_index""]",1,[],[],"[""https://tarongagroup.com/wp-content/uploads/2025/07/RealTechX-Asset-Impact-Booklet-2025-1.pdf""]",[],[],[],"[""Taronga RealTechX / Asset Impact""]",1,"[""eco-src-918b8e0de70a""]",1,"[""Alumni/support history displayed""]",[],[],[],[],[],[],[],[],"[""https://tarongagroup.com/wp-content/uploads/2025/07/RealTechX-Asset-Impact-Booklet-2025-1.pdf""]",1,"[""source_native_ecosystem_identity""]",false,[],2026-08-30,"Discovery presence is not operating, traction, outcome, security or JCX-fit evidence."
dsc-e209d469cca7,Spacemaze,"[""Spacemaze""]",[],[],discovery_only,true,"[""built_environment_ecosystem_discovery_index""]",1,"[""spacemaze.io""]","[""https://spacemaze.io/""]","[""https://metaprop.com/portfolio""]",[],[],[],"[""MetaProp""]",1,"[""eco-src-6c7da1a2e049""]",1,"[""Active/portfolio""]",[],[],[],[],[],[],[],[],"[""https://metaprop.com/portfolio"",""https://spacemaze.io/""]",2,"[""source_native_ecosystem_identity""]",false,[],2026-08-30,"Discovery presence is not operating, traction, outcome, security or JCX-fit evidence."
dsc-7ef0fd24eab8,Span,"[""Span""]",[],[],discovery_only,true,"[""built_environment_ecosystem_discovery_index""]",1,"[""span.io""]","[""https://span.io/""]","[""https://fifthwall.com/portfolio?2bddaefa_page=3""]",[],[],[],"[""Fifth Wall""]",1,"[""eco-src-96804523fc17""]",1,"[""Active/portfolio""]",[],[],[],[],[],[],[],"[""SPAN reinvented the 100-year-old electrical panel to give homeowners circuit-level control for the first time over their residential energy usage. The SPAN smart electric panel provides advanced levels of monitoring and intelligence that make electrifying and decarbonizing easier than ever. Purpose-built for functionality and durability, the SPAN Panel, Meter Panel, and SPAN Drive electric vehicle charger all allow for elegant, efficient and integrated solutions for any home. Backed by leading investors in the clean energy space, SPAN aims to decarbonize every home by removing barriers to electrification while at the same time providing a holistic approach to managing increasing demands on household energy.""]","[""https://fifthwall.com/portfolio?2bddaefa_page=3"",""https://span.io/""]",2,"[""source_native_ecosystem_identity""]",false,[],2026-08-30,"Discovery presence is not operating, traction, outcome, security or JCX-fit evidence."
dsc-320e5b6dc01e,Sparkfund,"[""Sparkfund""]",[],[],discovery_only,true,"[""built_environment_ecosystem_discovery_index""]",1,"[""sparkfund.com""]","[""https://sparkfund.com/""]","[""https://ret.vc/portfolio""]",[],[],[],"[""RET Ventures Portfolio""]",1,"[""eco-src-b27e0eda2268""]",1,"[""Portfolio company displayed""]",[],[],[],[],[],[],[],"[""Sparkfund Sparkfund offers DER (Distributed Energy Resource) deployment services on behalf utilities in order to take DERs from grid edge to grid core. The Company connects utilities with property owners interested in hosting utility-owned DER assets in exchange for reocurring cash flow. Year of investment 2023 Stage at Investment All Late Real Estate Focus All Multifamily Single-Family Other Retail Hospitality Mixed Use View WEbsite""]","[""https://ret.vc/portfolio"",""https://sparkfund.com/""]",2,"[""source_native_ecosystem_identity""]",false,[],2026-08-30,"Discovery presence is not operating, traction, outcome, security or JCX-fit evidence."
dsc-7ead99db1f3f,Speckle,"[""Speckle""]","[""organization""]","[""org-speckle-199e3b6""]",qualified_core,false,"[""qualified_core""]",1,"[""speckle.systems""]","[""https://speckle.systems/""]",[],[],[],[],[],0,[],0,[],"[""open AEC data hub and real-time BIM collaboration""]","[""L4"",""L5""]","[""A""]",[],"[""Europe""]",[],[],[],"[""https://docs.speckle.systems/quickstart/welcome"",""https://foundamental.com/portfolio"",""https://speckle.systems/""]",3,"[""qualified_core_identity""]",false,[],2026-08-30,Qualified-core identity; individual claims still require editorial review.
dsc-e4fde7c35304,Specter automation,"[""Specter automation""]",[],[],discovery_only,true,"[""built_environment_ecosystem_discovery_index""]",1,[],[],"[""https://cemexventures.com/top-50""]",[],[],[],"[""CEMEX Ventures Top 50 ConTech 2026""]",1,"[""eco-src-e8c05617ef40""]",1,"[""Selected for 2026 Top 50""]","[""Enhanced productivity""]",[],[],[],[],[],[],"[""Enhanced productivity""]","[""https://cemexventures.com/top-50""]",1,"[""source_native_ecosystem_identity""]",false,[],2026-08-30,"Discovery presence is not operating, traction, outcome, security or JCX-fit evidence."
dsc-3a491b6ee027,Spleet,"[""Spleet""]",[],[],discovery_only,true,"[""built_environment_ecosystem_discovery_index""]",1,"[""spleet.africa""]","[""https://spleet.africa/""]","[""https://metaprop.com/portfolio""]",[],[],[],"[""MetaProp""]",1,"[""eco-src-d31f9d293d98""]",1,"[""Active/portfolio""]",[],[],[],[],[],[],[],[],"[""https://metaprop.com/portfolio"",""https://spleet.africa/""]",2,"[""source_native_ecosystem_identity""]",false,[],2026-08-30,"Discovery presence is not operating, traction, outcome, security or JCX-fit evidence."
dsc-409c03148f01,Split Pay,"[""Split Pay""]",[],[],discovery_only,true,"[""built_environment_ecosystem_discovery_index""]",1,"[""splitpay.com""]","[""https://splitpay.com/""]","[""https://moderneventures.com/portfolio/split-pay""]",[],[],[],"[""Moderne Ventures / Passport""]",1,"[""eco-src-1ac6408045f2""]",1,"[""Portfolio/Passport listing displayed""]","[""Investment""]",[],[],[],[],[],[],"[""Modern credit products built around renter cash flow — Splits rent, mortgage and autoloans into bi-weekly payments — Investment""]","[""https://moderneventures.com/portfolio/split-pay"",""https://splitpay.com/""]",2,"[""source_native_ecosystem_identity""]",true,"[""Domain splitpay.com is also used by Splitpay; shared-domain relationship requires review.""]",2026-08-30,"Discovery presence is not operating, traction, outcome, security or JCX-fit evidence."
dsc-f27466a2a1d0,Splitpay,"[""Splitpay""]",[],[],discovery_only,true,"[""built_environment_ecosystem_discovery_index""]",1,"[""splitpay.com""]","[""https://splitpay.com/""]","[""https://metaprop.com/portfolio""]",[],[],[],"[""MetaProp""]",1,"[""eco-src-22d2c651229f""]",1,"[""Active/portfolio""]",[],[],[],[],[],[],[],[],"[""https://metaprop.com/portfolio"",""https://splitpay.com/""]",2,"[""source_native_ecosystem_identity""]",true,"[""Domain splitpay.com is also used by ecosystem candidate 'Split Pay'; identities were deliberately kept separate.""]",2026-08-30,"Discovery presence is not operating, traction, outcome, security or JCX-fit evidence."
dsc-40377f321bab,Spotlight Realty,"[""Spotlight Realty""]",[],[],discovery_only,true,"[""yc_real_estate_construction_2026-08-30""]",1,[],[],"[""https://ycombinator.com/companies/industry/real-estate-and-construction"",""https://ycombinator.com/companies/spotlight-realty""]","[""30791""]","[""S2025""]","[""Active""]",[],0,[],0,[],"[""Property operations / housing""]","[""L6 Marketing/sales; L7 Occupancy/tenant; L12 Data/intelligence""]","[""B""]",[],"[""US""]","[""San Francisco""]","[""4""]","[""AI powered brokerage reducing residential rental commissions in NYC…"",""We are a full-service sell-side residential brokerage that lists and markets your properties. We also screen and schedule tenants showings with our AI agent for a third of the normal commission.""]","[""https://ycombinator.com/companies/industry/real-estate-and-construction"",""https://ycombinator.com/companies/spotlight-realty""]",2,"[""source_native_yc_identity""]",false,[],2026-08-30,"Discovery presence is not operating, traction, outcome, security or JCX-fit evidence."
dsc-ad61af2056b5,SquareFoot,"[""SquareFoot""]",[],[],discovery_only,true,"[""built_environment_ecosystem_discovery_index""]",1,"[""squarefoot.com""]","[""https://squarefoot.com/""]","[""https://metaprop.com/portfolio""]",[],[],[],"[""MetaProp""]",1,"[""eco-src-80b4297e73c1""]",1,"[""Active/portfolio""]",[],[],[],[],[],[],[],[],"[""https://metaprop.com/portfolio"",""https://squarefoot.com/""]",2,"[""source_native_ecosystem_identity""]",false,[],2026-08-30,"Discovery presence is not operating, traction, outcome, security or JCX-fit evidence."
dsc-57065e35b28e,StackWrap,"[""StackWrap""]","[""organization""]","[""org-stackwrap-dab4401""]",qualified_core,false,"[""built_environment_ecosystem_discovery_index"",""qualified_core""]",2,"[""stackwrap.com""]","[""https://stackwrap.com/""]","[""https://nar-reach.com/latam"",""https://nar-reach.com/second-century-ventures-announces-6-technology-companies-for-2026-reach-scale-up-program"",""https://nar-reach.com/us-residential""]",[],[],[],"[""NAR REACH Latin America"",""NAR REACH US Residential""]",2,"[""eco-src-461c088ddd50"",""eco-src-66274aa6d588""]",2,"[""2026 cohort (or current page cohort)""]","[""Tech-stack command center""]","[""L12"",""L8""]","[""B""]","[""Latin America"",""United States""]","[""United States""]",[],[],"[""Centralized command center that wraps your existing tech, tools, and third-party systems into a single, secure dashboard while providing visibility into agent engagement and tech adoption rates.""]","[""https://nar-reach.com/latam"",""https://nar-reach.com/second-century-ventures-announces-6-technology-companies-for-2026-reach-scale-up-program"",""https://nar-reach.com/us-residential"",""https://stackwrap.com/""]",4,"[""exact_normalized_name"",""exact_normalized_name_with_domain_corroboration"",""qualified_core_identity""]",false,[],2026-08-30,Qualified-core identity; individual claims still require editorial review.
dsc-8dbe44240b90,Staircase,"[""Staircase""]",[],[],discovery_only,true,"[""built_environment_ecosystem_discovery_index""]",1,"[""staircase.co""]","[""https://staircase.co/""]","[""https://metaprop.com/portfolio""]",[],[],[],"[""MetaProp""]",1,"[""eco-src-239f8d88ec3e""]",1,"[""Active/portfolio""]",[],[],[],[],[],[],[],[],"[""https://metaprop.com/portfolio"",""https://staircase.co/""]",2,"[""source_native_ecosystem_identity""]",false,[],2026-08-30,"Discovery presence is not operating, traction, outcome, security or JCX-fit evidence."
dsc-608b407e5e68,Stairs Financial,"[""Stairs Financial""]","[""organization""]","[""org-stairs-financial-76f4a0b""]",qualified_core,false,"[""qualified_core""]",1,[],[],"[""https://ycombinator.com/companies/stairs-financial""]",[],[],[],[],0,[],0,[],"[""housing-affordability grants loans and tax-benefit discovery""]","[""L3"",""L6""]","[""B""]",[],"[""United States""]",[],[],[],"[""https://ycombinator.com/companies/stairs-financial""]",1,"[""qualified_core_identity""]",false,[],2026-08-30,Qualified-core identity; individual claims still require editorial review.
dsc-4e97fc58f550,Stake,"[""Stake""]","[""organization""]","[""org-stake-2f6c8f6""]",qualified_core,false,"[""built_environment_ecosystem_discovery_index"",""qualified_core""]",2,"[""getstake.com""]","[""https://getstake.com/""]","[""https://nar-reach.com/""]",[],[],[],"[""NAR REACH / Second Century Ventures""]",1,"[""eco-src-3c82d28de8af""]",1,"[""Portfolio example""]","[""real-estate-investment""]",[],"[""C""]",[],"[""United Arab Emirates""]",[],[],[],"[""https://getstake.com/"",""https://help.getstake.com/en/articles/6570336-who-can-invest-in-uae"",""https://help.getstake.com/en/articles/8249047-how-do-i-begin"",""https://nar-reach.com/""]",4,"[""exact_normalized_name"",""qualified_core_identity""]",true,"[""Another 'Stake' source row uses conflicting domain stakerent.com; relationship requires review.""]",2026-08-30,Qualified-core identity; individual claims still require editorial review.
dsc-a5312dd54ef2,Stake,"[""Stake""]",[],[],discovery_only,true,"[""built_environment_ecosystem_discovery_index""]",1,"[""stakerent.com""]","[""https://stakerent.com/about""]","[""https://ret.vc/portfolio""]",[],[],[],"[""RET Ventures Portfolio""]",1,"[""eco-src-2324bdad32c5""]",1,"[""Portfolio company displayed""]",[],[],[],[],[],[],[],"[""Stake Stake is a cashback rewards platform for renters. The company allows multifamily and SFR operators to offer cash back on rent as a way to incentivize new leases, renewals, and positive renter behavior. Year of investment 2022 Stage at Investment All Early Real Estate Focus All Multifamily Single-Family View WEbsite""]","[""https://ret.vc/portfolio"",""https://stakerent.com/about""]",2,"[""source_native_ecosystem_identity""]",true,"[""Exact normalized name matched an existing identity, but the candidate domains conflict; no automatic merge.""]",2026-08-30,"Discovery presence is not operating, traction, outcome, security or JCX-fit evidence."
dsc-6dbb1ba455bf,Stan.AI,"[""Stan.AI""]","[""organization""]","[""org-stan-ai-7f63428""]",qualified_core,false,"[""built_environment_ecosystem_discovery_index"",""qualified_core""]",2,"[""stan.ai""]","[""https://stan.ai/""]","[""https://ret.vc/portfolio""]",[],[],[],"[""RET Ventures Portfolio""]",1,"[""eco-src-bd4fbbcf9726""]",1,"[""Portfolio company displayed""]","[""AI property operations for HOA multifamily student housing and hospitality""]","[""L6"",""L8""]","[""A""]",[],"[""United States""]",[],[],"[""Stan.AI Stan.AI is an AI-powered operations platform for property management, helping managers (primarily HOAs, but also multifamily, student housing, and hospitality) automate tasks such as maintenance requests, resident communications, and meeting documentation. Its resident-facing assistant handles inquiries, service requests, and emergency triage, while pre-built AI workflows streamline repeatable operations such as budgeting, bid management, and board communications. Year of investment 2026 Stage at Investment All Early Real Estate Focus All Multifamily Single-Family Other View WEbsite""]","[""https://ret.vc/portfolio"",""https://stan.ai/"",""https://stan.ai/company""]",3,"[""exact_normalized_name_with_domain_corroboration"",""qualified_core_identity""]",false,[],2026-08-30,Qualified-core identity; individual claims still require editorial review.
dsc-2e41f67fa99e,Starcity,"[""Starcity""]",[],[],discovery_only,true,"[""yc_real_estate_construction_2026-08-30""]",1,[],[],"[""https://ycombinator.com/companies/industry/real-estate-and-construction"",""https://ycombinator.com/companies/starcity""]","[""1431""]","[""S2016""]","[""Acquired""]",[],0,[],0,[],"[""Real-estate software / adjacent""]","[""L7 Occupancy/tenant""]","[""B""]",[],"[""US""]","[""San Francisco""]",[],"[""Starcity was one of the largest co-living brands. Exit to Common in 2021."",""Starcity was one of the largest co-living brands. Exit to Common in…""]","[""https://ycombinator.com/companies/industry/real-estate-and-construction"",""https://ycombinator.com/companies/starcity""]",2,"[""source_native_yc_identity""]",false,[],2026-08-30,"Discovery presence is not operating, traction, outcome, security or JCX-fit evidence."
dsc-ab79854bffcd,Stayopen,"[""Stayopen""]",[],[],discovery_only,true,"[""built_environment_ecosystem_discovery_index""]",1,"[""stayopen.com""]","[""https://stayopen.com/""]","[""https://metaprop.com/portfolio""]",[],[],[],"[""MetaProp""]",1,"[""eco-src-ad5e424ad32c""]",1,"[""Active/portfolio""]",[],[],[],[],[],[],[],[],"[""https://metaprop.com/portfolio"",""https://stayopen.com/""]",2,"[""source_native_ecosystem_identity""]",false,[],2026-08-30,"Discovery presence is not operating, traction, outcome, security or JCX-fit evidence."
dsc-7ca3a890cd67,Stellar,"[""Stellar""]",[],[],discovery_only,true,"[""built_environment_ecosystem_discovery_index""]",1,"[""mystellar.com""]","[""https://mystellar.com/""]","[""https://brickmortar.vc/portfolio""]",[],[],[],"[""Brick & Mortar Ventures""]",1,"[""eco-src-e4cbdf6c3355""]",1,"[""Active investment""]",[],[],[],[],[],[],[],[],"[""https://brickmortar.vc/portfolio"",""https://mystellar.com/""]",2,"[""source_native_ecosystem_identity""]",false,[],2026-08-30,"Discovery presence is not operating, traction, outcome, security or JCX-fit evidence."
dsc-bad37ce7e4e5,Stockland,"[""Stockland""]","[""organization""]","[""org-stockland-96c6c0b""]",qualified_core,false,"[""qualified_core""]",1,"[""stockland.com.au""]","[""https://stockland.com.au/""]",[],[],[],[],[],0,[],0,[],[],"[""L1"",""L10"",""L7"",""L8""]","[""B""]",[],"[""Australia""]",[],[],[],"[""https://stockland.com.au/""]",1,"[""qualified_core_identity""]",false,[],2026-08-30,Qualified-core identity; individual claims still require editorial review.
dsc-a73548c58f31,stockoss,"[""stockoss""]",[],[],discovery_only,true,"[""built_environment_ecosystem_discovery_index""]",1,"[""stockoss.com""]","[""https://stockoss.com/en""]","[""https://pilabs.vc/portfolio""]",[],[],[],"[""Pi Labs""]",1,"[""eco-src-f29ca29a5096""]",1,"[""Active/portfolio""]",[],[],[],[],[],[],[],"[""Decentralized logistics platform Est. 2018. France. <br> Founded by Laurent Bonnet & Franck Nussbaumer. <br> Last Funding Round: Seed""]","[""https://pilabs.vc/portfolio"",""https://stockoss.com/en""]",2,"[""source_native_ecosystem_identity""]",false,[],2026-08-30,"Discovery presence is not operating, traction, outcome, security or JCX-fit evidence."
dsc-4ae5b602a205,storage share,"[""storage share""]",[],[],discovery_only,true,"[""built_environment_ecosystem_discovery_index""]",1,"[""storage-share.nl""]","[""https://storage-share.nl/""]","[""https://pilabs.vc/portfolio""]",[],[],[],"[""Pi Labs""]",1,"[""eco-src-2171592bca3d""]",1,"[""Active/portfolio""]",[],[],[],[],[],[],[],"[""Online marketplace for more accessible storage solutions Est. 2016. Netherlands. <br> Founded by Julian Doorten & Niels van Eck. <br> Last Funding Round: Seed""]","[""https://pilabs.vc/portfolio"",""https://storage-share.nl/""]",2,"[""source_native_ecosystem_identity""]",false,[],2026-08-30,"Discovery presence is not operating, traction, outcome, security or JCX-fit evidence."
dsc-8773e37c3b47,Stride,"[""Stride""]",[],[],discovery_only,true,"[""built_environment_ecosystem_discovery_index""]",1,"[""stridehealth.com""]","[""https://stridehealth.com/""]","[""https://moderneventures.com/portfolio/stride""]",[],[],[],"[""Moderne Ventures / Passport""]",1,"[""eco-src-b5eaa05a8949""]",1,"[""Exited (displayed)""]","[""Investment""]",[],[],[],[],[],[],"[""Benefits for independent workers — Helping non-benefited workers get affordable benefits at no cost to the business — Investment""]","[""https://moderneventures.com/portfolio/stride"",""https://stridehealth.com/""]",2,"[""source_native_ecosystem_identity""]",false,[],2026-08-30,"Discovery presence is not operating, traction, outcome, security or JCX-fit evidence."
dsc-1d384c4ce851,Structured AI,"[""Structured AI""]",[],[],discovery_only,true,"[""yc_real_estate_construction_2026-08-30""]",1,[],[],"[""https://ycombinator.com/companies/industry/real-estate-and-construction"",""https://ycombinator.com/companies/structured-ai""]","[""30845""]","[""F2025""]","[""Active""]",[],0,[],0,[],"[""ConTech / construction operations""]","[""L4 Design/BIM; L5 Construction; L12 Data/intelligence""]","[""A""]",[],"[""US""]","[""New York City""]","[""10""]","[""Structured AI is the most advanced AI-powered QA/QC platform for drawing packages, working across both PDF drawings and native Revit models. Architects and engineers use our platform to make every drawing set leave the office with certainty. Our AI agents learn your firm's standards, apply the relevant codes, and read every page of a set, then return a clear list of what's wrong, where it sits, and how to fix it...."",""The AI drawing review platform for architects and engineers.""]","[""https://ycombinator.com/companies/industry/real-estate-and-construction"",""https://ycombinator.com/companies/structured-ai""]",2,"[""source_native_yc_identity""]",false,[],2026-08-30,"Discovery presence is not operating, traction, outcome, security or JCX-fit evidence."
dsc-6e98babdc0d3,StruxHub,"[""StruxHub""]",[],[],discovery_only,true,"[""built_environment_ecosystem_discovery_index""]",1,"[""struxhub.com""]","[""https://struxhub.com/""]","[""https://brickmortar.vc/portfolio""]",[],[],[],"[""Brick & Mortar Ventures""]",1,"[""eco-src-2a04f28ed3e8""]",1,"[""Active investment""]",[],[],[],[],[],[],[],[],"[""https://brickmortar.vc/portfolio"",""https://struxhub.com/""]",2,"[""source_native_ecosystem_identity""]",false,[],2026-08-30,"Discovery presence is not operating, traction, outcome, security or JCX-fit evidence."
dsc-b78954f568f7,Sublime Systems,"[""Sublime Systems""]","[""organization""]","[""org-sublime-systems-b5e57c0""]",qualified_core,false,"[""qualified_core""]",1,"[""sublime-systems.com""]","[""https://sublime-systems.com/""]",[],[],[],[],[],0,[],0,[],"[""electrochemical low-carbon cement manufacturing""]","[""L10"",""L5""]","[""B""]",[],"[""United States""]",[],[],[],"[""https://sublime-systems.com/"",""https://sublime-systems.com/our-process"",""https://sublime-systems.com/sublime-cement""]",3,"[""qualified_core_identity""]",false,[],2026-08-30,Qualified-core identity; individual claims still require editorial review.
dsc-4c73c6000320,Suburban Jungle,"[""Suburban Jungle""]",[],[],discovery_only,true,"[""built_environment_ecosystem_discovery_index""]",1,"[""suburbanjunglegroup.com""]","[""https://suburbanjunglegroup.com/""]","[""https://moderneventures.com/portfolio/suburban-jungle""]",[],[],[],"[""Moderne Ventures / Passport""]",1,"[""eco-src-b9cd6af4f77d""]",1,"[""Exited (displayed)""]","[""Passport""]",[],[],[],[],[],[],"[""Digital B2B2C matching platform — Partnering with with brokers and agents to help buyers find their perfect community and dream home. Aquired by @properties. — Passport""]","[""https://moderneventures.com/portfolio/suburban-jungle"",""https://suburbanjunglegroup.com/""]",2,"[""source_native_ecosystem_identity""]",false,[],2026-08-30,"Discovery presence is not operating, traction, outcome, security or JCX-fit evidence."
dsc-0e6cb37b45c3,SubVysion,"[""SubVysion""]","[""organization""]","[""org-subvysion-47747d0""]",qualified_core,false,"[""qualified_core"",""yc_real_estate_construction_2026-08-30""]",2,[],[],"[""https://ycombinator.com/companies/industry/real-estate-and-construction"",""https://ycombinator.com/companies/subvysion""]","[""33313""]","[""S2026""]","[""Active""]",[],0,[],0,[],"[""ConTech / construction operations"",""Underground utility mapping""]","[""L1 Land/site; L4 Design/BIM; L5 Construction"",""L5""]","[""A"",""B""]",[],"[""US"",""United States""]","[""San Francisco""]","[""2""]","[""Autonomous rovers to make the ‘Google Maps’ of underground utilities"",""We build centimeter-accurate 3D maps of underground utilities to help construction contractors dig safer and faster. With underground intelligence, contractors can avoid dangerous utility strikes and costly project delays.""]","[""https://ycombinator.com/companies/industry/real-estate-and-construction"",""https://ycombinator.com/companies/subvysion""]",2,"[""exact_normalized_name"",""qualified_core_identity""]",false,[],2026-08-30,Qualified-core identity; individual claims still require editorial review.
dsc-2f2f7f92597f,Sugarliving,"[""Sugarliving""]",[],[],discovery_only,true,"[""built_environment_ecosystem_discovery_index""]",1,"[""sugarliving.com""]","[""https://sugarliving.com/""]","[""https://metaprop.com/portfolio""]",[],[],[],"[""MetaProp""]",1,"[""eco-src-d5d0764564ca""]",1,"[""Active/portfolio""]",[],[],[],[],[],[],[],[],"[""https://metaprop.com/portfolio"",""https://sugarliving.com/""]",2,"[""source_native_ecosystem_identity""]",false,[],2026-08-30,"Discovery presence is not operating, traction, outcome, security or JCX-fit evidence."
dsc-e4469bf131b9,SuiteSpot,"[""SuiteSpot""]",[],[],discovery_only,true,"[""built_environment_ecosystem_discovery_index""]",1,"[""suitespottechnology.com""]","[""https://suitespottechnology.com/""]","[""https://ret.vc/portfolio""]",[],[],[],"[""RET Ventures Portfolio""]",1,"[""eco-src-4f58b7c6bb09""]",1,"[""Portfolio company displayed""]",[],[],[],[],[],[],[],"[""SuiteSpot Property maintenance operations and capital project management software built for multifamily. The Company’s software engages and connects all four major stakeholders: central leadership, onsite staff, residents, and contractors. Digital workflow tools include make ready, vendor engagement, work orders, resident engagement, preventative maintenance, and capital project tracking. Year of investment 2024 Stage at Investment All Early Real Estate Focus All Multifamily View WEbsite""]","[""https://ret.vc/portfolio"",""https://suitespottechnology.com/""]",2,"[""source_native_ecosystem_identity""]",false,[],2026-08-30,"Discovery presence is not operating, traction, outcome, security or JCX-fit evidence."
dsc-7a432bfa58f8,Super,"[""Super""]",[],[],discovery_only,true,"[""built_environment_ecosystem_discovery_index""]",1,"[""hellosuper.com""]","[""https://hellosuper.com/""]","[""https://moderneventures.com/portfolio/super""]",[],[],[],"[""Moderne Ventures / Passport""]",1,"[""eco-src-07d7eaa37fc4""]",1,"[""Portfolio/Passport listing displayed""]","[""Investment""]",[],[],[],[],[],[],"[""Making homeownership as easy as renting — A subscription service technology platform and concierge service to manage all home service needs — Investment""]","[""https://hellosuper.com/"",""https://moderneventures.com/portfolio/super""]",2,"[""source_native_ecosystem_identity""]",false,[],2026-08-30,"Discovery presence is not operating, traction, outcome, security or JCX-fit evidence."
dsc-b5251a6af82d,Superlight,"[""Superlight""]",[],[],discovery_only,true,"[""built_environment_ecosystem_discovery_index""]",1,[],[],"[""https://2150.vc/investments/superlight""]",[],[],[],"[""2150""]",1,"[""eco-src-378381e835c0""]",1,"[""Investment displayed; current status not inferred""]",[],[],[],"[""United Kingdom""]",[],[],[],"[""Superlight Superlight's design enables the unlock of cheaper and lighter electric trucks via a completely novel chassis and motor configuration.""]","[""https://2150.vc/investments/superlight""]",1,"[""source_native_ecosystem_identity""]",false,[],2026-08-30,"Discovery presence is not operating, traction, outcome, security or JCX-fit evidence."
dsc-1b2681246407,SwiftConnect,"[""SwiftConnect""]",[],[],discovery_only,true,"[""built_environment_ecosystem_discovery_index""]",1,"[""swiftconnect.io""]","[""https://swiftconnect.io/""]","[""https://spark.jllt.com/portfolio""]",[],[],[],"[""JLL Spark""]",1,"[""eco-src-e582d4992a87""]",1,"[""Active/portfolio""]",[],[],[],[],[],[],[],"[""Enabling flexible work by connecting the right people to the right space, at the right time. View website""]","[""https://spark.jllt.com/portfolio"",""https://swiftconnect.io/""]",2,"[""source_native_ecosystem_identity""]",false,[],2026-08-30,"Discovery presence is not operating, traction, outcome, security or JCX-fit evidence."
dsc-b97f9830e228,Swire Properties,"[""Swire Properties""]","[""organization""]","[""org-swire-properties-64248d6""]",qualified_core,false,"[""qualified_core""]",1,"[""swireproperties.com""]","[""https://swireproperties.com/""]",[],[],[],[],[],0,[],0,[],[],"[""L10"",""L7"",""L8""]","[""B""]",[],"[""Hong Kong""]",[],[],[],"[""https://swireproperties.com/""]",1,"[""qualified_core_identity""]",false,[],2026-08-30,Qualified-core identity; individual claims still require editorial review.
dsc-a0440f74a882,Switch Automation,"[""Switch Automation""]",[],[],discovery_only,true,"[""built_environment_ecosystem_discovery_index""]",1,[],[],"[""https://tarongagroup.com/wp-content/uploads/2025/07/RealTechX-Asset-Impact-Booklet-2025-1.pdf""]",[],[],[],"[""Taronga RealTechX / Asset Impact""]",1,"[""eco-src-894abff7ac3f""]",1,"[""Alumni/support history displayed""]",[],[],[],[],[],[],[],[],"[""https://tarongagroup.com/wp-content/uploads/2025/07/RealTechX-Asset-Impact-Booklet-2025-1.pdf""]",1,"[""source_native_ecosystem_identity""]",false,[],2026-08-30,"Discovery presence is not operating, traction, outcome, security or JCX-fit evidence."
dsc-1f6c3a0b21c8,Switchautomation,"[""Switchautomation""]",[],[],discovery_only,true,"[""built_environment_ecosystem_discovery_index""]",1,"[""switchautomation.com""]","[""https://switchautomation.com/""]","[""https://metaprop.com/portfolio""]",[],[],[],"[""MetaProp""]",1,"[""eco-src-b6c95b115a78""]",1,"[""Active/portfolio""]",[],[],[],[],[],[],[],[],"[""https://metaprop.com/portfolio"",""https://switchautomation.com/""]",2,"[""source_native_ecosystem_identity""]",false,[],2026-08-30,"Discovery presence is not operating, traction, outcome, security or JCX-fit evidence."
dsc-41452ad7d387,Switchee,"[""Switchee""]","[""organization""]","[""org-switchee-205db60""]",qualified_core,false,"[""qualified_core""]",1,"[""switchee.co""]","[""https://switchee.co/""]",[],[],[],[],[],0,[],0,[],"[""Smart housing energy""]","[""L10"",""L8""]","[""C""]",[],"[""United Kingdom""]",[],[],[],"[""https://pilabs.vc/portfolio?sort=date_desc"",""https://switchee.co/""]",2,"[""qualified_core_identity""]",false,[],2026-08-30,Qualified-core identity; individual claims still require editorial review.
dsc-a9af4a5270a2,Table22,"[""Table22""]",[],[],discovery_only,true,"[""built_environment_ecosystem_discovery_index""]",1,"[""table22.com""]","[""https://table22.com/""]","[""https://metaprop.com/portfolio""]",[],[],[],"[""MetaProp""]",1,"[""eco-src-ad6e26d50f91""]",1,"[""Active/portfolio""]",[],[],[],[],[],[],[],[],"[""https://metaprop.com/portfolio"",""https://table22.com/""]",2,"[""source_native_ecosystem_identity""]",false,[],2026-08-30,"Discovery presence is not operating, traction, outcome, security or JCX-fit evidence."
dsc-200ab523b743,Tailorbird,"[""Tailorbird""]",[],[],discovery_only,true,"[""built_environment_ecosystem_discovery_index""]",1,"[""tailorbird.com""]","[""https://tailorbird.com/""]","[""https://moderneventures.com/portfolio/tailorbird""]",[],[],[],"[""Moderne Ventures / Passport""]",1,"[""eco-src-0832d8b8f6ba""]",1,"[""Exited (displayed)""]","[""Investment""]",[],[],[],[],[],[],"[""Revolutionizing renovations — AI software that makes preconstruction faster, easier, and more cost effective — Investment""]","[""https://moderneventures.com/portfolio/tailorbird"",""https://tailorbird.com/""]",2,"[""source_native_ecosystem_identity""]",false,[],2026-08-30,"Discovery presence is not operating, traction, outcome, security or JCX-fit evidence."
dsc-11b2a7445d36,Tailos,"[""Tailos""]",[],[],discovery_only,true,"[""built_environment_ecosystem_discovery_index""]",1,"[""tailos.com""]","[""https://tailos.com/""]","[""https://moderneventures.com/portfolio/tailos""]",[],[],[],"[""Moderne Ventures / Passport""]",1,"[""eco-src-0ed6bdcdf961""]",1,"[""Portfolio/Passport listing displayed""]","[""Passport""]",[],[],[],[],[],[],"[""Commercial property maintenance robots — AI-powered robots autonomously clean complex indoor environments — Passport""]","[""https://moderneventures.com/portfolio/tailos"",""https://tailos.com/""]",2,"[""source_native_ecosystem_identity""]",false,[],2026-08-30,"Discovery presence is not operating, traction, outcome, security or JCX-fit evidence."
dsc-e71a08a4000f,Taiyo.AI,"[""Taiyo.AI""]",[],[],discovery_only,true,"[""built_environment_ecosystem_discovery_index""]",1,[],[],"[""https://cemexventures.com/top-50""]",[],[],[],"[""CEMEX Ventures Top 50 ConTech 2026""]",1,"[""eco-src-b201480c42a1""]",1,"[""Selected for 2026 Top 50""]","[""Enhanced productivity , Top 50 2026""]",[],[],[],[],[],[],"[""Enhanced productivity , Top 50 2026""]","[""https://cemexventures.com/top-50""]",1,"[""source_native_ecosystem_identity""]",false,[],2026-08-30,"Discovery presence is not operating, traction, outcome, security or JCX-fit evidence."
dsc-7ea52b98ccbf,Takeem,"[""Takeem""]","[""organization""]","[""org-takeem-1d723c2""]",qualified_core,false,"[""built_environment_ecosystem_discovery_index"",""qualified_core""]",2,[],[],"[""https://nar-reach.com/dubai-land-department-second-century-ventures-celebrate-start-of-reach-middle-east"",""https://nar-reach.com/news""]",[],[],[],"[""NAR REACH Middle East""]",1,"[""eco-src-cf6fc23b32d7""]",1,"[""2026 cohort""]","[""Digital rental platform""]","[""L3"",""L6""]","[""B""]","[""Middle East""]","[""United Arab Emirates""]",[],[],"[""Digital rental platform with tenant pre-qualification and rental-income protection.""]","[""https://nar-reach.com/dubai-land-department-second-century-ventures-celebrate-start-of-reach-middle-east"",""https://nar-reach.com/news""]",2,"[""exact_normalized_name"",""qualified_core_identity""]",false,[],2026-08-30,Qualified-core identity; individual claims still require editorial review.
dsc-db1046f97117,Tandem,"[""Tandem""]","[""organization""]","[""org-tandem-93731a1""]",qualified_core,false,"[""qualified_core""]",1,[],[],"[""https://ycombinator.com/companies/tandem-2""]",[],[],[],[],0,[],0,[],"[""CRE leasing/deal data""]","[""L12"",""L6""]","[""B""]",[],"[""United States""]",[],[],[],"[""https://ycombinator.com/companies/tandem-2""]",1,"[""qualified_core_identity""]",false,[],2026-08-30,Qualified-core identity; individual claims still require editorial review.
dsc-3e0bc6bc817a,Tangelo,"[""Tangelo""]",[],[],discovery_only,true,"[""built_environment_ecosystem_discovery_index""]",1,"[""tangelo.ai""]","[""https://tangelo.ai/""]","[""https://spark.jllt.com/portfolio""]",[],[],[],"[""JLL Spark""]",1,"[""eco-src-ad291a670dfa""]",1,"[""Active/portfolio""]",[],[],[],[],[],[],[],"[""Reimagining onboarding with simple, engaging new hire experiences to support your growing team. View website""]","[""https://spark.jllt.com/portfolio"",""https://tangelo.ai/""]",2,"[""source_native_ecosystem_identity""]",false,[],2026-08-30,"Discovery presence is not operating, traction, outcome, security or JCX-fit evidence."
dsc-26fad957ce20,Tangible,"[""Tangible""]",[],[],discovery_only,true,"[""built_environment_ecosystem_discovery_index""]",1,"[""tangiblematerials.com""]","[""https://tangiblematerials.com/""]","[""https://pilabs.vc/portfolio""]",[],[],[],"[""Pi Labs""]",1,"[""eco-src-a78ab32a2f37""]",1,"[""Active/portfolio""]",[],[],[],[],[],[],[],"[""AI for smarter design and material decisions Est. 2021. United States. <br> Founded by Nicole Granath and Anneli Tostar. <br> Last Funding Round: Seed""]","[""https://pilabs.vc/portfolio"",""https://tangiblematerials.com/""]",2,"[""source_native_ecosystem_identity""]",false,[],2026-08-30,"Discovery presence is not operating, traction, outcome, security or JCX-fit evidence."
dsc-3599f0022136,Tapi,"[""Tapi""]",[],[],discovery_only,true,"[""built_environment_ecosystem_discovery_index""]",1,"[""tapihq.com""]","[""https://tapihq.com/en-gb""]","[""https://nar-reach.com/uk""]",[],[],[],"[""NAR REACH UK""]",1,"[""eco-src-ea9e1cb60fb7""]",1,"[""2026 cohort (or current page cohort)""]",[],[],[],"[""United Kingdom""]",[],[],[],"[""Helping property managers streamline repairs and maintenance by connecting tenants, landlords and trades through a leading platform used across 450,000+ homes in Australia & New Zealand.""]","[""https://nar-reach.com/uk"",""https://tapihq.com/en-gb""]",2,"[""source_native_ecosystem_identity""]",false,[],2026-08-30,"Discovery presence is not operating, traction, outcome, security or JCX-fit evidence."
dsc-04c4d689f115,Taronga RealTechX,"[""Taronga RealTechX""]","[""program_ecosystem""]","[""org-taronga-realtechx-632296d""]",qualified_core,false,"[""qualified_core""]",1,"[""tarongagroup.com""]","[""https://tarongagroup.com/realtechx""]",[],[],[],[],[],0,[],0,[],"[""RealTech pilot ecosystem index""]","[""L10"",""L12""]","[""C""]",[],"[""Australia""]",[],[],[],"[""https://tarongagroup.com/realtechx""]",1,"[""qualified_core_identity""]",false,[],2026-08-30,Qualified-core identity; individual claims still require editorial review.
dsc-cb8799d43fff,TaskEasy,"[""TaskEasy""]",[],[],discovery_only,true,"[""built_environment_ecosystem_discovery_index""]",1,"[""workwave.com""]","[""https://workwave.com/""]","[""https://moderneventures.com/portfolio/taskeasy""]",[],[],[],"[""Moderne Ventures / Passport""]",1,"[""eco-src-948fbbb6a5b7""]",1,"[""Exited (displayed)""]","[""Investment""]",[],[],[],[],[],[],"[""SaaS based maintenance platform with advanced scheduling, dispatching, routing, and financial management — Enables businesses to streamline processes, reduce costs, and maintain a competitive edge. Acquired by Workwave. — Investment""]","[""https://moderneventures.com/portfolio/taskeasy"",""https://workwave.com/""]",2,"[""source_native_ecosystem_identity""]",false,[],2026-08-30,"Discovery presence is not operating, traction, outcome, security or JCX-fit evidence."
dsc-9b801715d991,TaskHer,"[""TaskHer""]",[],[],discovery_only,true,"[""built_environment_ecosystem_discovery_index""]",1,"[""taskher.co.uk""]","[""https://taskher.co.uk/""]","[""https://nar-reach.com/uk""]",[],[],[],"[""NAR REACH UK""]",1,"[""eco-src-a367fdcb474f""]",1,"[""2026 cohort (or current page cohort)""]",[],[],[],"[""United Kingdom""]",[],[],[],"[""TaskHer helps households and organisations book trusted female tradespeople through an automated platform and the UK’s largest network of tradeswomen.""]","[""https://nar-reach.com/uk"",""https://taskher.co.uk/""]",2,"[""source_native_ecosystem_identity""]",false,[],2026-08-30,"Discovery presence is not operating, traction, outcome, security or JCX-fit evidence."
dsc-a1c733613646,TaxProper,"[""TaxProper""]",[],[],discovery_only,true,"[""yc_real_estate_construction_2026-08-30""]",1,[],[],"[""https://ycombinator.com/companies/industry/real-estate-and-construction"",""https://ycombinator.com/companies/taxproper""]","[""12627""]","[""S2019""]","[""Acquired""]",[],0,[],0,[],"[""Real-estate finance / insurtech""]","[""L3 Capital/finance; L9 Portfolio/asset; L12 Data/intelligence""]","[""A""]",[],"[""US""]","[""Chicago, IL, USA""]","[""8""]","[""TaxProper helps large Real Estate owners manage their property taxes."",""TaxProper is an enterprise SaaS solution that acquires real-time property tax data, encodes local tax rules, and contains all of the operational workflows associated with property tax management. Our core products automate property tax payments, forecast future property tax liability, and help large real estate operators manage their property tax appeals.""]","[""https://ycombinator.com/companies/industry/real-estate-and-construction"",""https://ycombinator.com/companies/taxproper""]",2,"[""source_native_yc_identity""]",false,[],2026-08-30,"Discovery presence is not operating, traction, outcome, security or JCX-fit evidence."
dsc-1712e9791a45,tcpinpoint,"[""tcpinpoint""]",[],[],discovery_only,true,"[""built_environment_ecosystem_discovery_index""]",1,[],[],"[""https://tarongagroup.com/wp-content/uploads/2025/07/RealTechX-Asset-Impact-Booklet-2025-1.pdf""]",[],[],[],"[""Taronga RealTechX / Asset Impact""]",1,"[""eco-src-b80c2a4172dc""]",1,"[""Alumni/support history displayed""]",[],[],[],[],[],[],[],[],"[""https://tarongagroup.com/wp-content/uploads/2025/07/RealTechX-Asset-Impact-Booklet-2025-1.pdf""]",1,"[""source_native_ecosystem_identity""]",false,[],2026-08-30,"Discovery presence is not operating, traction, outcome, security or JCX-fit evidence."
dsc-7ea75d5c7920,Teamsynco,"[""Teamsynco""]",[],[],discovery_only,true,"[""built_environment_ecosystem_discovery_index""]",1,"[""teamsynco.com""]","[""https://teamsynco.com/""]","[""https://metaprop.com/portfolio""]",[],[],[],"[""MetaProp""]",1,"[""eco-src-c964e77fae1b""]",1,"[""Active/portfolio""]",[],[],[],[],[],[],[],[],"[""https://metaprop.com/portfolio"",""https://teamsynco.com/""]",2,"[""source_native_ecosystem_identity""]",false,[],2026-08-30,"Discovery presence is not operating, traction, outcome, security or JCX-fit evidence."
dsc-3dea3fdbd9a3,Teleo,"[""Teleo""]","[""organization""]","[""org-teleo-0fd6b99""]",qualified_core,false,"[""qualified_core""]",1,"[""teleo.ai""]","[""https://teleo.ai/""]",[],[],[],[],[],0,[],0,[],"[""supervised autonomy for heavy machinery""]","[""L10"",""L5""]","[""A""]",[],"[""United States""]",[],[],[],"[""https://cemexventures.com/top-50-2025"",""https://teleo.ai/"",""https://teleo.ai/technology""]",3,"[""qualified_core_identity""]",false,[],2026-08-30,Qualified-core identity; individual claims still require editorial review.
dsc-2dfd23969f61,Tenant Turner,"[""Tenant Turner""]",[],[],discovery_only,true,"[""yc_real_estate_construction_2026-08-30""]",1,[],[],"[""https://ycombinator.com/companies/industry/real-estate-and-construction"",""https://ycombinator.com/companies/tenant-turner""]","[""969""]","[""S2015""]","[""Acquired""]",[],0,[],0,[],"[""Property operations / housing""]","[""L6 Marketing/sales; L7 Occupancy/tenant; L8 FM/maintenance; L12 Data/intelligence""]","[""A""]",[],"[""US""]","[""San Francisco""]","[""15""]","[""Tenant Turner helps property managers eliminate vacancy. We streamline your rental process from leads to lease by listing your rentals on all the major rental sites; pre-qualifying prospects via web, phone, and email; and schedule showings with a leasing agent, lockbox, or lock."",""We help residential property managers eliminate vacancy.""]","[""https://ycombinator.com/companies/industry/real-estate-and-construction"",""https://ycombinator.com/companies/tenant-turner""]",2,"[""source_native_yc_identity""]",false,[],2026-08-30,"Discovery presence is not operating, traction, outcome, security or JCX-fit evidence."
dsc-81350dadb00b,Terass,"[""Terass""]",[],[],discovery_only,true,"[""built_environment_ecosystem_discovery_index""]",1,"[""terass.com""]","[""https://terass.com/""]","[""https://metaprop.com/portfolio""]",[],[],[],"[""MetaProp""]",1,"[""eco-src-109655cc0dc5""]",1,"[""Active/portfolio""]",[],[],[],[],[],[],[],[],"[""https://metaprop.com/portfolio"",""https://terass.com/""]",2,"[""source_native_ecosystem_identity""]",false,[],2026-08-30,"Discovery presence is not operating, traction, outcome, security or JCX-fit evidence."
dsc-5c37062594b1,TestFit,"[""TestFit""]","[""organization""]","[""org-testfit-cd578b3""]",qualified_core,false,"[""built_environment_ecosystem_discovery_index"",""qualified_core""]",2,"[""testfit.io""]","[""https://testfit.io/""]","[""https://moderneventures.com/portfolio/testfit""]",[],[],[],"[""Moderne Ventures / Passport""]",1,"[""eco-src-1944749090b8""]",1,"[""Portfolio/Passport listing displayed""]","[""Generative feasibility"",""Passport""]","[""L1"",""L4""]","[""A""]",[],"[""United States""]",[],[],"[""AI site feasibility designs — Developers, architects and contractors maximize site potential and get the right deals done faster — Passport""]","[""https://moderneventures.com/portfolio/testfit"",""https://testfit.io/""]",2,"[""exact_normalized_name_with_domain_corroboration"",""qualified_core_identity""]",false,[],2026-08-30,Qualified-core identity; individual claims still require editorial review.
dsc-88420afcdb12,Thedemexgroup,"[""Thedemexgroup""]",[],[],discovery_only,true,"[""built_environment_ecosystem_discovery_index""]",1,"[""thedemexgroup.com""]","[""https://thedemexgroup.com/""]","[""https://metaprop.com/portfolio""]",[],[],[],"[""MetaProp""]",1,"[""eco-src-7d70afd82e85""]",1,"[""Active/portfolio""]",[],[],[],[],[],[],[],[],"[""https://metaprop.com/portfolio"",""https://thedemexgroup.com/""]",2,"[""source_native_ecosystem_identity""]",false,[],2026-08-30,"Discovery presence is not operating, traction, outcome, security or JCX-fit evidence."
dsc-7e858823f5ef,TigerEye,"[""TigerEye""]",[],[],discovery_only,true,"[""yc_real_estate_construction_2026-08-30""]",1,[],[],"[""https://ycombinator.com/companies/industry/real-estate-and-construction"",""https://ycombinator.com/companies/tigereye""]","[""25267""]","[""S2022""]","[""Acquired""]",[],0,[],0,[],"[""ConTech / construction operations""]","[""L5 Construction; L12 Data/intelligence""]","[""A""]",[],"[""US""]","[""San Francisco""]","[""30""]","[""AI for Construction"",""TigerEye eliminates bullsh*t so construction professionals can focus on building the infrastructure that makes our world work""]","[""https://ycombinator.com/companies/industry/real-estate-and-construction"",""https://ycombinator.com/companies/tigereye""]",2,"[""source_native_yc_identity""]",false,[],2026-08-30,"Discovery presence is not operating, traction, outcome, security or JCX-fit evidence."
dsc-06fe0987be93,Tikal Industries,"[""Tikal Industries""]",[],[],discovery_only,true,"[""built_environment_ecosystem_discovery_index""]",1,[],[],"[""https://cemexventures.com/top-50""]",[],[],[],"[""CEMEX Ventures Top 50 ConTech 2026""]",1,"[""eco-src-5ddf42b85ea5""]",1,"[""Selected for 2026 Top 50""]","[""Green construction""]",[],[],[],[],[],[],"[""Green construction""]","[""https://cemexventures.com/top-50""]",1,"[""source_native_ecosystem_identity""]",false,[],2026-08-30,"Discovery presence is not operating, traction, outcome, security or JCX-fit evidence."
dsc-1d5de99790df,Tire Swing,"[""Tire Swing""]","[""organization""]","[""org-tire-swing-eca8d51""]",qualified_core,false,"[""qualified_core""]",1,[],[],"[""https://ycombinator.com/companies/tire-swing""]",[],[],[],[],0,[],0,[],"[""Affordable-housing compliance""]","[""L8""]","[""B""]",[],"[""United States""]",[],[],[],"[""https://ycombinator.com/companies/tire-swing""]",1,"[""qualified_core_identity""]",false,[],2026-08-30,Qualified-core identity; individual claims still require editorial review.
dsc-1b3730185a50,Togal.AI,"[""Togal.AI""]","[""organization""]","[""org-togal-ai-d6d6a17""]",qualified_core,false,"[""built_environment_ecosystem_discovery_index"",""qualified_core""]",2,"[""togal.ai""]","[""https://togal.ai/""]","[""https://cemexventures.com/top-50""]",[],[],[],"[""CEMEX Ventures Top 50 ConTech 2026""]",1,"[""eco-src-a5ccdcb1b0bf""]",1,"[""Selected for 2026 Top 50""]","[""AI-assisted construction takeoff drawing analysis and estimating collaboration"",""Enhanced productivity""]","[""L12"",""L4"",""L5""]","[""A""]",[],"[""United States""]",[],[],"[""Enhanced productivity""]","[""https://cemexventures.com/top-50"",""https://cemexventures.com/top-50-startups/togal-ai"",""https://togal.ai/""]",3,"[""exact_normalized_name"",""qualified_core_identity""]",false,[],2026-08-30,Qualified-core identity; individual claims still require editorial review.
dsc-41b2c114fcb5,Toggle,"[""Toggle""]",[],[],discovery_only,true,"[""built_environment_ecosystem_discovery_index""]",1,"[""toggle.co.jp""]","[""https://toggle.co.jp/""]","[""https://metaprop.com/portfolio""]",[],[],[],"[""MetaProp""]",1,"[""eco-src-83402b5e4712""]",1,"[""Active/portfolio""]",[],[],[],[],[],[],[],[],"[""https://metaprop.com/portfolio"",""https://toggle.co.jp/""]",2,"[""source_native_ecosystem_identity""]",false,[],2026-08-30,"Discovery presence is not operating, traction, outcome, security or JCX-fit evidence."
dsc-e3727af97db0,Tolemi,"[""Tolemi""]",[],[],discovery_only,true,"[""yc_real_estate_construction_2026-08-30""]",1,[],[],"[""https://ycombinator.com/companies/industry/real-estate-and-construction"",""https://ycombinator.com/companies/tolemi""]","[""1502""]","[""W2017""]","[""Active""]",[],0,[],0,[],"[""Real-estate software / adjacent""]","[""L7 Occupancy/tenant; L12 Data/intelligence""]","[""B""]",[],"[""US""]","[""Boston""]","[""20""]","[""A smart city technology platform that helps state and local governments take a data-driven approach to ensure safe, stable, and affordable housing."",""Data integration & insights for state and local governments""]","[""https://ycombinator.com/companies/industry/real-estate-and-construction"",""https://ycombinator.com/companies/tolemi""]",2,"[""source_native_yc_identity""]",false,[],2026-08-30,"Discovery presence is not operating, traction, outcome, security or JCX-fit evidence."
dsc-8ea15993f66a,Tolveet,"[""Tolveet""]",[],[],discovery_only,true,"[""built_environment_ecosystem_discovery_index""]",1,[],[],"[""https://cemexventures.com/top-50""]",[],[],[],"[""CEMEX Ventures Top 50 ConTech 2026""]",1,"[""eco-src-cc44ceb31086""]",1,"[""Selected for 2026 Top 50""]","[""Future of construction""]",[],[],[],[],[],[],"[""Future of construction""]","[""https://cemexventures.com/top-50""]",1,"[""source_native_ecosystem_identity""]",false,[],2026-08-30,"Discovery presence is not operating, traction, outcome, security or JCX-fit evidence."
dsc-cc4b1d81ab4b,Tomo,"[""Tomo""]",[],[],discovery_only,true,"[""built_environment_ecosystem_discovery_index""]",1,"[""tomo.com""]","[""https://tomo.com/""]","[""https://metaprop.com/portfolio""]",[],[],[],"[""MetaProp""]",1,"[""eco-src-99d2e1f9c7cf""]",1,"[""Active/portfolio""]",[],[],[],[],[],[],[],[],"[""https://metaprop.com/portfolio"",""https://tomo.com/""]",2,"[""source_native_ecosystem_identity""]",false,[],2026-08-30,"Discovery presence is not operating, traction, outcome, security or JCX-fit evidence."
dsc-76675c7cc4e5,Tothesource,"[""Tothesource""]",[],[],discovery_only,true,"[""built_environment_ecosystem_discovery_index""]",1,"[""tothesource.com""]","[""https://tothesource.com/""]","[""https://metaprop.com/portfolio""]",[],[],[],"[""MetaProp""]",1,"[""eco-src-d61ec7e6158d""]",1,"[""Active/portfolio""]",[],[],[],[],[],[],[],[],"[""https://metaprop.com/portfolio"",""https://tothesource.com/""]",2,"[""source_native_ecosystem_identity""]",false,[],2026-08-30,"Discovery presence is not operating, traction, outcome, security or JCX-fit evidence."
dsc-585029707873,Tough Commerce,"[""Tough Commerce""]",[],[],discovery_only,true,"[""yc_real_estate_construction_2026-08-30""]",1,[],[],"[""https://ycombinator.com/companies/industry/real-estate-and-construction"",""https://ycombinator.com/companies/tough-commerce""]","[""13116""]","[""W2020""]","[""Active""]",[],0,[],0,[],"[""ConTech / construction operations""]","[""L3 Capital/finance; L5 Construction; L12 Data/intelligence""]","[""A""]",[],"[""CA""]","[""Toronto, ON, Canada""]","[""21""]","[""Shopify for construction."",""Tough Commerce is the only white-label commerce platform tailored for industry-specific workflows and enable merchants, suppliers, producers and manufacturers to digitize their processes. Behind the scenes, we provides order management, location management, pricing management, dispatching, logistics, messaging, e-ticketing, invoicing, customer portal, AR automation, payment, payouts and real-time delivery...""]","[""https://ycombinator.com/companies/industry/real-estate-and-construction"",""https://ycombinator.com/companies/tough-commerce""]",2,"[""source_native_yc_identity""]",false,[],2026-08-30,"Discovery presence is not operating, traction, outcome, security or JCX-fit evidence."
dsc-8d09ad5045e4,Tour24,"[""Tour24""]",[],[],discovery_only,true,"[""built_environment_ecosystem_discovery_index""]",1,"[""tour24.io""]","[""https://tour24.io/""]","[""https://ret.vc/portfolio""]",[],[],[],"[""RET Ventures Portfolio""]",1,"[""eco-src-e8f51128bfc1""]",1,"[""Portfolio company displayed""]",[],[],[],[],[],[],[],"[""Tour24 Tour24 is the multi-award-winning app for apartment owners and operators offering self-guided tours. The solution provides future renters easy access to self-guided tours via a custom, in-person, interactive and audio/visual tour experience. Tour24 integrates with existing technology stacks and is the most comprehensive solution available today. Year of investment 2024 Stage at Investment All Late Real Estate Focus All Multifamily View WEbsite""]","[""https://ret.vc/portfolio"",""https://tour24.io/""]",2,"[""source_native_ecosystem_identity""]",false,[],2026-08-30,"Discovery presence is not operating, traction, outcome, security or JCX-fit evidence."
dsc-5788d3853e26,Tracfloapp,"[""Tracfloapp""]",[],[],discovery_only,true,"[""built_environment_ecosystem_discovery_index""]",1,"[""tracfloapp.com""]","[""https://tracfloapp.com/""]","[""https://metaprop.com/portfolio""]",[],[],[],"[""MetaProp""]",1,"[""eco-src-342781b9e0d5""]",1,"[""Active/portfolio""]",[],[],[],[],[],[],[],[],"[""https://metaprop.com/portfolio"",""https://tracfloapp.com/""]",2,"[""source_native_ecosystem_identity""]",false,[],2026-08-30,"Discovery presence is not operating, traction, outcome, security or JCX-fit evidence."
dsc-e24b4f066b7a,Track3D,"[""Track3D""]","[""organization""]","[""org-track3d-778aadb""]",qualified_core,false,"[""qualified_core""]",1,"[""track3d.ai""]","[""https://track3d.ai/""]",[],[],[],[],[],0,[],0,[],"[""reality capture and construction progress intelligence""]","[""L5"",""L9""]","[""A""]",[],"[""United States""]",[],[],[],"[""https://track3d.ai/"",""https://track3d.ai/newsroom"",""https://track3d.ai/reality-intelligence-platform"",""https://zacuaventures.com/portfolio""]",4,"[""qualified_core_identity""]",false,[],2026-08-30,Qualified-core identity; individual claims still require editorial review.
dsc-ff54a24dca2e,Trashie,"[""Trashie""]",[],[],discovery_only,true,"[""built_environment_ecosystem_discovery_index""]",1,"[""trashie.io""]","[""https://trashie.io/""]","[""https://moderneventures.com/portfolio/trashie""]",[],[],[],"[""Moderne Ventures / Passport""]",1,"[""eco-src-def2aad96899""]",1,"[""Portfolio/Passport listing displayed""]","[""Passport""]",[],[],[],[],[],[],"[""Recycling meets rewards — Get rewarded for getting rid of junk—send Trashie unwanted stuff, earn TrashieCash, shop smarter — Passport""]","[""https://moderneventures.com/portfolio/trashie"",""https://trashie.io/""]",2,"[""source_native_ecosystem_identity""]",false,[],2026-08-30,"Discovery presence is not operating, traction, outcome, security or JCX-fit evidence."
dsc-1c3060e1daa1,Travelio,"[""Travelio""]","[""organization""]","[""org-travelio-bdec63d""]",qualified_core,false,"[""qualified_core""]",1,"[""travelio.com""]","[""https://travelio.com/en/faq""]",[],[],[],[],[],0,[],0,[],"[""online rental marketplace and professionally managed apartments""]","[""L6"",""L7"",""L8""]","[""B""]",[],"[""Indonesia""]",[],[],[],"[""https://travelio.com/en/faq"",""https://travelio.com/tpm""]",2,"[""qualified_core_identity""]",false,[],2026-08-30,Qualified-core identity; individual claims still require editorial review.
dsc-8de43618590e,Travo,"[""Travo""]",[],[],discovery_only,true,"[""yc_real_estate_construction_2026-08-30""]",1,[],[],"[""https://ycombinator.com/companies/industry/real-estate-and-construction"",""https://ycombinator.com/companies/travo""]","[""30905""]","[""W2026""]","[""Active""]",[],0,[],0,[],"[""Real-estate marketplace / sales""]","[""L6 Marketing/sales; L7 Occupancy/tenant; L9 Portfolio/asset; L12 Data/intelligence""]","[""A""]",[],"[""US""]","[""San Francisco""]","[""4""]","[""The brokerage that never sleeps"",""Travo is an AI-native commercial real estate brokerage. Our AI constantly sources off-market deals that fit your exact buy box, and our brokers take them to close. Instead of the same on-market listings everyone sees, buyers get properties that never hit the market, with reconciled T-12s, rent rolls, and comps already cleaned up and ready to underwrite. We focus on multifamily, manufactured housing (MHP and MHC),...""]","[""https://ycombinator.com/companies/industry/real-estate-and-construction"",""https://ycombinator.com/companies/travo""]",2,"[""source_native_yc_identity""]",false,[],2026-08-30,"Discovery presence is not operating, traction, outcome, security or JCX-fit evidence."
dsc-022bbde72762,Travtus,"[""Travtus""]",[],[],discovery_only,true,"[""built_environment_ecosystem_discovery_index""]",1,"[""travtus.com""]","[""https://travtus.com/""]","[""https://metaprop.com/portfolio"",""https://ret.vc/portfolio""]",[],[],[],"[""MetaProp"",""RET Ventures Portfolio""]",2,"[""eco-src-29d2f9048349"",""eco-src-f6ca3265763c""]",2,"[""Active/portfolio"",""Portfolio company displayed""]",[],[],[],[],[],[],[],"[""Travtus Travtus brings together intelligence and automation in one everyday AI platform, helping multifamily teams move faster, work smarter, and deliver better results across the organization. Year of investment 2022 Stage at Investment All Early Real Estate Focus All Multifamily View WEbsite""]","[""https://metaprop.com/portfolio"",""https://ret.vc/portfolio"",""https://travtus.com/""]",3,"[""exact_normalized_name_with_domain_corroboration"",""source_native_ecosystem_identity""]",false,[],2026-08-30,"Discovery presence is not operating, traction, outcome, security or JCX-fit evidence."
dsc-d2e924f62472,Trayd,"[""Trayd""]",[],[],discovery_only,true,"[""built_environment_ecosystem_discovery_index""]",1,[],[],"[""https://cemexventures.com/top-50""]",[],[],[],"[""CEMEX Ventures Top 50 ConTech 2026""]",1,"[""eco-src-58abfdaafaf7""]",1,"[""Selected for 2026 Top 50""]","[""Supply Chain""]",[],[],[],[],[],[],"[""Supply Chain""]","[""https://cemexventures.com/top-50""]",1,"[""source_native_ecosystem_identity""]",false,[],2026-08-30,"Discovery presence is not operating, traction, outcome, security or JCX-fit evidence."
dsc-9f6cd5d62a1a,Trendspek,"[""Trendspek""]","[""organization""]","[""org-trendspek-f3aa791""]",qualified_core,false,"[""built_environment_ecosystem_discovery_index"",""qualified_core""]",2,"[""trendspek.com""]","[""https://trendspek.com/""]","[""https://tarongagroup.com/wp-content/uploads/2025/07/RealTechX-Asset-Impact-Booklet-2025-1.pdf""]",[],[],[],"[""Taronga RealTechX / Asset Impact""]",1,"[""eco-src-66dc9852f894""]",1,"[""Alumni/support history displayed""]","[""Asset inspection""]","[""L12"",""L8""]","[""C""]",[],"[""Australia""]",[],[],[],"[""https://tarongagroup.com/realtechx"",""https://tarongagroup.com/wp-content/uploads/2025/07/RealTechX-Asset-Impact-Booklet-2025-1.pdf"",""https://trendspek.com/""]",3,"[""exact_normalized_name"",""qualified_core_identity""]",false,[],2026-08-30,Qualified-core identity; individual claims still require editorial review.
dsc-9f7dcfaa7284,Trimble,"[""Trimble""]","[""organization""]","[""org-trimble-77e0db1""]",qualified_core,false,"[""qualified_core""]",1,"[""trimble.com""]","[""https://trimble.com/en/solutions/trimble-construction-one""]",[],[],[],[],[],0,[],0,[],"[""surveying BIM and connected construction management""]","[""L4"",""L5"",""L9""]","[""A""]",[],"[""United States""]",[],[],[],"[""https://civilconstruction.trimble.com/en/products/software/trimble-connect"",""https://trimble.com/en/solutions/trimble-construction-one""]",2,"[""qualified_core_identity""]",false,[],2026-08-30,Qualified-core identity; individual claims still require editorial review.
dsc-5beba1c3cb54,trubrics,"[""trubrics""]",[],[],discovery_only,true,"[""built_environment_ecosystem_discovery_index""]",1,"[""trubrics.com""]","[""https://trubrics.com/""]","[""https://pilabs.vc/portfolio""]",[],[],[],"[""Pi Labs""]",1,"[""eco-src-ad63541ccb67""]",1,"[""Active/portfolio""]",[],[],[],[],[],[],[],"[""AI agents for RE finance teams Est. 2022. London. United Kingdom. Founded by Jeff Kayne and Joel Hodgson. Last Funding Round: Seed.""]","[""https://pilabs.vc/portfolio"",""https://trubrics.com/""]",2,"[""source_native_ecosystem_identity""]",true,"[""Domain trubrics.com is also used by howie ai; shared-domain relationship requires review.""]",2026-08-30,"Discovery presence is not operating, traction, outcome, security or JCX-fit evidence."
dsc-fe31a1ef3cc2,TruLiv,"[""TruLiv""]",[],[],discovery_only,true,"[""built_environment_ecosystem_discovery_index""]",1,"[""nhimble.com""]","[""https://nhimble.com/""]","[""https://moderneventures.com/portfolio/truliv""]",[],[],[],"[""Moderne Ventures / Passport""]",1,"[""eco-src-84f3edc7e93d""]",1,"[""Exited (displayed)""]","[""Passport""]",[],[],[],[],[],[],"[""Matches unique investment criteria with real-time market data — Enables multifamily + residential investors to optimize their acquisitions team and do more deals. Acquired by Nhimble. — Passport""]","[""https://moderneventures.com/portfolio/truliv"",""https://nhimble.com/""]",2,"[""source_native_ecosystem_identity""]",false,[],2026-08-30,"Discovery presence is not operating, traction, outcome, security or JCX-fit evidence."
dsc-870d55018bb7,Trunk Tools,"[""Trunk Tools""]","[""organization""]","[""org-trunk-tools-844cca9""]",qualified_core,false,"[""qualified_core""]",1,"[""trunktools.com""]","[""https://trunktools.com/""]",[],[],[],[],[],0,[],0,[],"[""construction field intelligence and document workflow AI""]","[""L4"",""L5""]","[""A""]",[],"[""United States""]",[],[],[],"[""https://cemexventures.com/top-50-2025"",""https://trunktools.com/""]",2,"[""qualified_core_identity""]",false,[],2026-08-30,Qualified-core identity; individual claims still require editorial review.
dsc-3ea839f4d90a,Trust & Will,"[""Trust & Will""]",[],[],discovery_only,true,"[""built_environment_ecosystem_discovery_index""]",1,"[""trustandwill.com""]","[""http://trustandwill.com/""]","[""https://moderneventures.com/portfolio/trust-will""]",[],[],[],"[""Moderne Ventures / Passport""]",1,"[""eco-src-dd2c5e11f085""]",1,"[""Portfolio/Passport listing displayed""]","[""Investment""]",[],[],[],[],[],[],"[""Simple, secure, and affordable estate planning for everyone — An affordable and convenient online estate planning platform for families, professionals, and institutions that empowers enterprises to support clients and employees — Investment""]","[""http://trustandwill.com/"",""https://moderneventures.com/portfolio/trust-will""]",2,"[""source_native_ecosystem_identity""]",false,[],2026-08-30,"Discovery presence is not operating, traction, outcome, security or JCX-fit evidence."
dsc-5828f6c55c6d,TrustLayer,"[""TrustLayer""]",[],[],discovery_only,true,"[""built_environment_ecosystem_discovery_index""]",1,"[""trustlayer.io""]","[""https://trustlayer.io/""]","[""https://moderneventures.com/portfolio/trustlayer""]",[],[],[],"[""Moderne Ventures / Passport""]",1,"[""eco-src-d4af563240a8""]",1,"[""Portfolio/Passport listing displayed""]","[""Passport""]",[],[],[],[],[],[],"[""Automated risk management and compliance — Track and verify all important compliance documents the modern way — Passport""]","[""https://moderneventures.com/portfolio/trustlayer"",""https://trustlayer.io/""]",2,"[""source_native_ecosystem_identity""]",false,[],2026-08-30,"Discovery presence is not operating, traction, outcome, security or JCX-fit evidence."
dsc-b414c3cc1ec4,Trustup,"[""Trustup""]",[],[],discovery_only,true,"[""built_environment_ecosystem_discovery_index""]",1,"[""trustup-group.com""]","[""https://trustup-group.com/""]","[""https://brickmortar.vc/portfolio""]",[],[],[],"[""Brick & Mortar Ventures""]",1,"[""eco-src-226356047726""]",1,"[""Active investment""]",[],[],[],[],[],[],[],[],"[""https://brickmortar.vc/portfolio"",""https://trustup-group.com/""]",2,"[""source_native_ecosystem_identity""]",false,[],2026-08-30,"Discovery presence is not operating, traction, outcome, security or JCX-fit evidence."
dsc-df1ae29e88ec,Trusty,"[""Trusty""]",[],[],discovery_only,true,"[""yc_real_estate_construction_2026-08-30""]",1,[],[],"[""https://ycombinator.com/companies/industry/real-estate-and-construction"",""https://ycombinator.com/companies/trusty""]","[""26067""]","[""W2022""]","[""Active""]",[],0,[],0,[],"[""Real-estate marketplace / sales""]","[""L6 Marketing/sales""]","[""B""]",[],"[""US""]","[""San Francisco""]","[""6""]","[""Limitless Real Estate"",""Trusty is an agent-to-agent matchmaking network that searches every home, regardless of whether it's on the market. This means fresh inventory for buyers, private offers for homeowners, and happy real estate agents.""]","[""https://ycombinator.com/companies/industry/real-estate-and-construction"",""https://ycombinator.com/companies/trusty""]",2,"[""source_native_yc_identity""]",false,[],2026-08-30,"Discovery presence is not operating, traction, outcome, security or JCX-fit evidence."
dsc-3f1a200805fb,Truzo,"[""Truzo""]","[""organization""]","[""org-truzo-5012b1e""]",qualified_core,false,"[""qualified_core""]",1,"[""truzo.app""]","[""https://truzo.app/""]",[],[],[],[],[],0,[],0,[],"[""construction-governance-SaaS""]","[""L3"",""L5""]","[""B""]",[],"[""Bangladesh""]",[],[],[],"[""https://truzo.app/""]",1,"[""qualified_core_identity""]",false,[],2026-08-30,Qualified-core identity; individual claims still require editorial review.
dsc-de4f569aab3f,Tumble,"[""Tumble""]",[],[],discovery_only,true,"[""built_environment_ecosystem_discovery_index""]",1,"[""tumble.to""]","[""https://tumble.to/""]","[""https://moderneventures.com/portfolio/tumble""]",[],[],[],"[""Moderne Ventures / Passport""]",1,"[""eco-src-e38e480a3c25""]",1,"[""Portfolio/Passport listing displayed""]","[""Passport""]",[],[],[],[],[],[],"[""“Smart Laundry” – a modern laundry experience — Tech-enabled smart laundry rooms for easier management and better experience — Passport""]","[""https://moderneventures.com/portfolio/tumble"",""https://tumble.to/""]",2,"[""source_native_ecosystem_identity""]",false,[],2026-08-30,"Discovery presence is not operating, traction, outcome, security or JCX-fit evidence."
dsc-199d577a8d3a,TurboTenant,"[""TurboTenant""]",[],[],discovery_only,true,"[""built_environment_ecosystem_discovery_index""]",1,"[""turbotenant.com""]","[""https://turbotenant.com/""]","[""https://ret.vc/portfolio""]",[],[],[],"[""RET Ventures Portfolio""]",1,"[""eco-src-6baa9dc65e64""]",1,"[""Portfolio company displayed""]",[],[],[],[],[],[],[],"[""TurboTenant TurboTenant helps independent landlords improve the performance of their properties by offering online tools such as online rental applications, tenant screening reports, marketing, and renters insurance. With over 800,000 landlords, TurboTenant is continuing its rapid growth and expanding into the multifamily industry as TurboTenant’s features empower landlords to manage smarter, faster, and more effectively. Year of investment 2019 Stage at Investment All Early Real Estate Focus All Multifamily Single-Family View WEbsite""]","[""https://ret.vc/portfolio"",""https://turbotenant.com/""]",2,"[""source_native_ecosystem_identity""]",false,[],2026-08-30,"Discovery presence is not operating, traction, outcome, security or JCX-fit evidence."
dsc-c462db60dcee,Turn,"[""Turn""]",[],[],discovery_only,true,"[""built_environment_ecosystem_discovery_index""]",1,"[""turn.ai""]","[""https://turn.ai/""]","[""https://moderneventures.com/portfolio/turn""]",[],[],[],"[""Moderne Ventures / Passport""]",1,"[""eco-src-3756669a0b36""]",1,"[""Portfolio/Passport listing displayed""]","[""Passport""]",[],[],[],[],[],[],"[""AI powered background checks — API-first background check platform designed to help high-volume employers screen workers — Passport""]","[""https://moderneventures.com/portfolio/turn"",""https://turn.ai/""]",2,"[""source_native_ecosystem_identity""]",false,[],2026-08-30,"Discovery presence is not operating, traction, outcome, security or JCX-fit evidence."
dsc-4d3efdf11fcf,Turner Construction,"[""Turner Construction""]","[""organization""]","[""org-turner-construction-7925c54""]",qualified_core,false,"[""qualified_core""]",1,"[""turnerconstruction.com""]","[""https://turnerconstruction.com/""]",[],[],[],[],[],0,[],0,[],[],"[""L4"",""L5""]","[""B""]",[],"[""United States""]",[],[],[],"[""https://turnerconstruction.com/""]",1,"[""qualified_core_identity""]",false,[],2026-08-30,Qualified-core identity; individual claims still require editorial review.
dsc-3b0ea1024946,Turno,"[""Turno""]",[],[],discovery_only,true,"[""built_environment_ecosystem_discovery_index""]",1,"[""turno.com""]","[""https://turno.com/""]","[""https://ret.vc/portfolio""]",[],[],[],"[""RET Ventures Portfolio""]",1,"[""eco-src-b38973058bec""]",1,"[""Portfolio company displayed""]",[],[],[],[],[],[],[],"[""Turno Turno provides a centralized platform for listing, sourcing, and managing cleaning services for home and vacation rental properties. In addition to its function as a marketplace for cleaning services, the platform boasts features including auto scheduling and auto payment to streamline and simplify the cleaning process for rental managers. Turno is used by more than 20,000 hosts across North America and beyond. Year of investment 2021 Stage at Investment All Early Real Estate Focus All Hospitality Other View WEbsite""]","[""https://ret.vc/portfolio"",""https://turno.com/""]",2,"[""source_native_ecosystem_identity""]",false,[],2026-08-30,"Discovery presence is not operating, traction, outcome, security or JCX-fit evidence."
dsc-148f58fe3564,Turntide,"[""Turntide""]","[""organization""]","[""org-turntide-35dea2f""]",qualified_core,false,"[""qualified_core""]",1,"[""turntide.com""]","[""https://turntide.com/""]",[],[],[],[],[],0,[],0,[],"[""Efficient motors/controls""]","[""L10"",""L8""]","[""A""]",[],"[""United States""]",[],[],[],"[""https://spark.jllt.com/"",""https://turntide.com/""]",2,"[""qualified_core_identity""]",false,[],2026-08-30,Qualified-core identity; individual claims still require editorial review.
dsc-175dc7d947a6,Tvasta,"[""Tvasta""]",[],[],discovery_only,true,"[""built_environment_ecosystem_discovery_index""]",1,"[""tvasta.construction""]","[""https://tvasta.construction/""]","[""https://brickmortar.vc/portfolio""]",[],[],[],"[""Brick & Mortar Ventures""]",1,"[""eco-src-7ba9ac92f16f""]",1,"[""Active investment""]",[],[],[],[],[],[],[],[],"[""https://brickmortar.vc/portfolio"",""https://tvasta.construction/""]",2,"[""source_native_ecosystem_identity""]",false,[],2026-08-30,"Discovery presence is not operating, traction, outcome, security or JCX-fit evidence."
dsc-5602d211bbc1,uHoo,"[""uHoo""]","[""organization""]","[""org-uhoo-7143ba7""]",qualified_core,false,"[""built_environment_ecosystem_discovery_index"",""qualified_core""]",2,"[""uhooair.com""]","[""https://uhooair.com/""]","[""https://tarongagroup.com/wp-content/uploads/2025/07/RealTechX-Asset-Impact-Booklet-2025-1.pdf""]",[],[],[],"[""Taronga RealTechX / Asset Impact""]",1,"[""eco-src-2f82423ce0fe""]",1,"[""Alumni/support history displayed""]","[""Indoor-air quality""]","[""L10"",""L8""]","[""C""]",[],"[""Switzerland""]",[],[],[],"[""https://tarongagroup.com/realtechx"",""https://tarongagroup.com/wp-content/uploads/2025/07/RealTechX-Asset-Impact-Booklet-2025-1.pdf"",""https://uhooair.com/""]",3,"[""exact_normalized_name"",""qualified_core_identity""]",false,[],2026-08-30,Qualified-core identity; individual claims still require editorial review.
dsc-964bf588fbb5,Unacast,"[""Unacast""]",[],[],discovery_only,true,"[""built_environment_ecosystem_discovery_index""]",1,"[""unacast.com""]","[""https://unacast.com/""]","[""https://moderneventures.com/portfolio/unacast""]",[],[],[],"[""Moderne Ventures / Passport""]",1,"[""eco-src-d525990ba46e""]",1,"[""Portfolio/Passport listing displayed""]","[""Investment""]",[],[],[],[],[],[],"[""Goodbye Gut Feel, Hello Location Intelligence — Make smarter decisions with real-world location data. Acquired by Gravy Analytics. — Investment""]","[""https://moderneventures.com/portfolio/unacast"",""https://unacast.com/""]",2,"[""source_native_ecosystem_identity""]",false,[],2026-08-30,"Discovery presence is not operating, traction, outcome, security or JCX-fit evidence."
dsc-53fa415f15d6,unbane,"[""unbane""]",[],[],discovery_only,true,"[""built_environment_ecosystem_discovery_index""]",1,"[""unbane.com""]","[""https://unbane.com/""]","[""https://pilabs.vc/portfolio""]",[],[],[],"[""Pi Labs""]",1,"[""eco-src-0f3be92c7d3f""]",1,"[""Active/portfolio""]",[],[],[],[],[],[],[],"[""Voice AI replacing construction admin. Est. 2025. Columbus. Ohio. Founded by Kumi Walker and Markell Baldwin. Last Funding Round: Pre-Seed.""]","[""https://pilabs.vc/portfolio"",""https://unbane.com/""]",2,"[""source_native_ecosystem_identity""]",false,[],2026-08-30,"Discovery presence is not operating, traction, outcome, security or JCX-fit evidence."
dsc-596de37f69ac,Unova-Estate,"[""Unova-Estate""]","[""organization""]","[""org-unova-estate-7be6c79""]",qualified_core,false,"[""qualified_core""]",1,"[""estate.unova.bd""]","[""https://estate.unova.bd/""]",[],[],[],[],[],0,[],0,[],"[""AI-developer-ERP-CRM""]","[""L1"",""L3"",""L5"",""L6""]","[""B""]",[],"[""Bangladesh""]",[],[],[],"[""https://estate.unova.bd/"",""https://estate.unova.bd/solutions/erp-for-real-estate-developers""]",2,"[""qualified_core_identity""]",false,[],2026-08-30,Qualified-core identity; individual claims still require editorial review.
dsc-9c7ab8b027dd,untap health,"[""untap health""]",[],[],discovery_only,true,"[""built_environment_ecosystem_discovery_index""]",1,"[""untaphealth.com""]","[""https://untaphealth.com/""]","[""https://pilabs.vc/portfolio""]",[],[],[],"[""Pi Labs""]",1,"[""eco-src-a4488b7f5d23""]",1,"[""Active/portfolio""]",[],[],[],[],[],[],[],"[""VIRAL OUTBREAK EARLY WARNING SYSTEM Est. 2021. United Kingdom. <br> Founded by Claire Trant. <br> Last Funding Round: Seed.""]","[""https://pilabs.vc/portfolio"",""https://untaphealth.com/""]",2,"[""source_native_ecosystem_identity""]",false,[],2026-08-30,"Discovery presence is not operating, traction, outcome, security or JCX-fit evidence."
dsc-99de0223eade,UpCodes,"[""UpCodes""]",[],[],discovery_only,true,"[""yc_real_estate_construction_2026-08-30""]",1,[],[],"[""https://ycombinator.com/companies/industry/real-estate-and-construction"",""https://ycombinator.com/companies/upcodes""]","[""1602""]","[""S2017""]","[""Active""]",[],0,[],0,[],"[""ConTech / construction operations""]","[""L4 Design/BIM; L5 Construction; L12 Data/intelligence""]","[""A""]",[],"[""US""]","[""Austin, TX, USA""]","[""35""]","[""AI platform for unifying codes, assemblies, products, and specs"",""UpCodes simplifies code compliance for architects, engineers, and construction professionals with a centralized, searchable library of 6,000+ state and city building codes. Using NLP to parse complex code adoptions across U.S. jurisdictions, UpCodes powers the first AI-powered code-to-spec workflow, connecting regulations to specifications and a growing product library. The platform also provides an AI solution...""]","[""https://ycombinator.com/companies/industry/real-estate-and-construction"",""https://ycombinator.com/companies/upcodes""]",2,"[""source_native_yc_identity""]",false,[],2026-08-30,"Discovery presence is not operating, traction, outcome, security or JCX-fit evidence."
dsc-3220ff655350,Updater,"[""Updater""]",[],[],discovery_only,true,"[""built_environment_ecosystem_discovery_index""]",1,"[""updater.com""]","[""https://updater.com/""]","[""https://moderneventures.com/portfolio/updater""]",[],[],[],"[""Moderne Ventures / Passport""]",1,"[""eco-src-cbe46839ef43""]",1,"[""Exited (displayed)""]","[""Investment""]",[],[],[],[],[],[],"[""End-to-end moving management — Streamlining the moving process with tools to update, organize and settle in. IPO-ASX: UPD — Investment""]","[""https://moderneventures.com/portfolio/updater"",""https://updater.com/""]",2,"[""source_native_ecosystem_identity""]",false,[],2026-08-30,"Discovery presence is not operating, traction, outcome, security or JCX-fit evidence."
dsc-2c0679a8af97,UpEquity,"[""UpEquity""]",[],[],discovery_only,true,"[""yc_real_estate_construction_2026-08-30""]",1,[],[],"[""https://ycombinator.com/companies/industry/real-estate-and-construction"",""https://ycombinator.com/companies/upequity""]","[""12625""]","[""S2019""]","[""Active""]",[],0,[],0,[],"[""Real-estate software / adjacent""]","[""L12 Data/intelligence""]","[""C""]",[],"[""US""]","[""Austin, TX, USA""]","[""90""]","[""UpEquity gives homebuyers more certainty and power."",""UpEquity is removing contingencies for home buyers so that they have more negotiating leverage when purchasing their next home.""]","[""https://ycombinator.com/companies/industry/real-estate-and-construction"",""https://ycombinator.com/companies/upequity""]",2,"[""source_native_yc_identity""]",false,[],2026-08-30,"Discovery presence is not operating, traction, outcome, security or JCX-fit evidence."
dsc-68342d98517e,Urban Footprint,"[""Urban Footprint""]",[],[],discovery_only,true,"[""built_environment_ecosystem_discovery_index""]",1,[],[],"[""https://2150.vc/investments/urban-footprint""]",[],[],[],"[""2150""]",1,"[""eco-src-cbf43e6aab9c""]",1,"[""Investment displayed; current status not inferred""]",[],[],[],"[""United States""]",[],[],[],"[""Urban Footprint Exited UrbanFootprint, the world's first urban intelligence platform, delivers climate and resilience data to those who finance, insure, and rebuild infrastructure.""]","[""https://2150.vc/investments/urban-footprint""]",1,"[""source_native_ecosystem_identity""]",false,[],2026-08-30,"Discovery presence is not operating, traction, outcome, security or JCX-fit evidence."
dsc-e892a09dbdda,UrbanBound,"[""UrbanBound""]",[],[],discovery_only,true,"[""built_environment_ecosystem_discovery_index""]",1,"[""urbanbound.com""]","[""https://urbanbound.com/""]","[""https://moderneventures.com/portfolio/urbanbound""]",[],[],[],"[""Moderne Ventures / Passport""]",1,"[""eco-src-9f51e7df68e5""]",1,"[""Portfolio/Passport listing displayed""]","[""Investment""]",[],[],[],[],[],[],"[""Disrupting the $50B relocation services market — Simplifying employee relocation, reducing costs and creating an exceptional user experience — Investment""]","[""https://moderneventures.com/portfolio/urbanbound"",""https://urbanbound.com/""]",2,"[""source_native_ecosystem_identity""]",false,[],2026-08-30,"Discovery presence is not operating, traction, outcome, security or JCX-fit evidence."
dsc-17a3df210e48,Useodin,"[""Useodin""]",[],[],discovery_only,true,"[""built_environment_ecosystem_discovery_index""]",1,"[""useodin.com""]","[""https://useodin.com/""]","[""https://metaprop.com/portfolio""]",[],[],[],"[""MetaProp""]",1,"[""eco-src-9f7474fef2b1""]",1,"[""Exited/marked exited""]",[],[],[],[],[],[],[],[],"[""https://metaprop.com/portfolio"",""https://useodin.com/""]",2,"[""source_native_ecosystem_identity""]",false,[],2026-08-30,"Discovery presence is not operating, traction, outcome, security or JCX-fit evidence."
dsc-add3ed3f65f1,V7,"[""V7""]",[],[],discovery_only,true,"[""built_environment_ecosystem_discovery_index""]",1,"[""v7labs.com""]","[""https://v7labs.com/""]","[""https://moderneventures.com/portfolio/v7""]",[],[],[],"[""Moderne Ventures / Passport""]",1,"[""eco-src-755cfa37e874""]",1,"[""Portfolio/Passport listing displayed""]","[""Investment""]",[],[],[],[],[],[],"[""AI workflow automation — AI platform empowers organizations to leverage generative AI to automate tasks at scale, connecting enterprise data to large language models for efficient document processing and knowledge extraction. By integrating V7 Labs' solutions, businesses can enhance productivity, ensure data quality, build better processes + make more intelligent business decisions. — Investment""]","[""https://moderneventures.com/portfolio/v7"",""https://v7labs.com/""]",2,"[""source_native_ecosystem_identity""]",false,[],2026-08-30,"Discovery presence is not operating, traction, outcome, security or JCX-fit evidence."
dsc-168f0d976ce7,Vammo,"[""Vammo""]",[],[],discovery_only,true,"[""built_environment_ecosystem_discovery_index""]",1,[],[],"[""https://2150.vc/investments/vammo""]",[],[],[],"[""2150""]",1,"[""eco-src-a1904e4041fe""]",1,"[""Investment displayed; current status not inferred""]",[],[],[],"[""Brazil""]",[],[],[],"[""Vammo Vammo electrifies urban mobility in Brazil with e-motorbike leasing and battery swapping, bundling rental, insurance, maintenance, and unlimited swaps.""]","[""https://2150.vc/investments/vammo""]",1,"[""source_native_ecosystem_identity""]",false,[],2026-08-30,"Discovery presence is not operating, traction, outcome, security or JCX-fit evidence."
dsc-338f3ee1edfb,Veerum,"[""Veerum""]",[],[],discovery_only,true,"[""built_environment_ecosystem_discovery_index""]",1,"[""veerum.com""]","[""https://veerum.com/""]","[""https://brickmortar.vc/portfolio""]",[],[],[],"[""Brick & Mortar Ventures""]",1,"[""eco-src-768279f851fd""]",1,"[""Active investment""]",[],[],[],[],[],[],[],[],"[""https://brickmortar.vc/portfolio"",""https://veerum.com/""]",2,"[""source_native_ecosystem_identity""]",false,[],2026-08-30,"Discovery presence is not operating, traction, outcome, security or JCX-fit evidence."
dsc-ae91b14f3be8,Veev by Lennar,"[""Veev by Lennar""]","[""organization""]","[""org-veev-by-lennar-844d2b1""]",qualified_core,false,"[""qualified_core""]",1,"[""veev.com""]","[""https://veev.com/""]",[],[],[],[],[],0,[],0,[],[],"[""L4"",""L5""]","[""B""]",[],"[""United States""]",[],[],[],"[""https://lennar.com/about/companies"",""https://veev.com/"",""https://veev.com/about-us""]",3,"[""qualified_core_identity""]",false,[],2026-08-30,Qualified-core identity; individual claims still require editorial review.
dsc-3db341afb65a,Vengo,"[""Vengo""]",[],[],discovery_only,true,"[""built_environment_ecosystem_discovery_index""]",1,"[""vengolabs.com""]","[""https://vengolabs.com/""]","[""https://moderneventures.com/portfolio/vengo""]",[],[],[],"[""Moderne Ventures / Passport""]",1,"[""eco-src-1734f4be19fa""]",1,"[""Portfolio/Passport listing displayed""]","[""Passport""]",[],[],[],[],[],[],"[""Turn one square foot of space into a valuable amenity — Owners get incremental revenue and residents and tenants get relevant content where they live + work — Passport""]","[""https://moderneventures.com/portfolio/vengo"",""https://vengolabs.com/""]",2,"[""source_native_ecosystem_identity""]",false,[],2026-08-30,"Discovery presence is not operating, traction, outcome, security or JCX-fit evidence."
dsc-0b0551ead1bc,Verbaflo,"[""Verbaflo""]",[],[],discovery_only,true,"[""built_environment_ecosystem_discovery_index""]",1,"[""verbaflo.ai""]","[""https://verbaflo.ai/""]","[""https://pilabs.vc/portfolio""]",[],[],[],"[""Pi Labs""]",1,"[""eco-src-ed3d154bb8a4""]",1,"[""Active/portfolio""]",[],[],[],[],[],[],[],"[""Powerful voice and chat AI built for property teams. Est. 2024. London. United Kingdom. Founded by Sayantan Biswas, Abhishek Garg, VP Singh and Dan Smith. Last Funding Round: Seed.""]","[""https://pilabs.vc/portfolio"",""https://verbaflo.ai/""]",2,"[""source_native_ecosystem_identity""]",false,[],2026-08-30,"Discovery presence is not operating, traction, outcome, security or JCX-fit evidence."
dsc-ef428fd22c78,VergeSense,"[""Verge Sense"",""VergeSense"",""Vergesense""]",[],[],discovery_only,true,"[""built_environment_ecosystem_discovery_index"",""yc_real_estate_construction_2026-08-30""]",2,"[""vergesense.com""]","[""https://vergesense.com/""]","[""https://metaprop.com/portfolio"",""https://spark.jllt.com/portfolio"",""https://ycombinator.com/companies/industry/real-estate-and-construction"",""https://ycombinator.com/companies/vergesense""]","[""1587""]","[""S2017""]","[""Active""]","[""JLL Spark"",""MetaProp""]",2,"[""eco-src-75a0e4529b3d"",""eco-src-9583eda788b5""]",2,"[""Active/portfolio""]","[""Real-estate software / adjacent""]","[""L7 Occupancy/tenant; L12 Data/intelligence""]","[""C""]",[],"[""US""]","[""San Francisco""]","[""70""]","[""AI-Powered Building Management"",""AI-powered workplace sensors for occupancy planning and space utilization. View website"",""VergeSense is a Y Combinator-backed startup that develops an AI-powered sensing device for facility management. The sensor-as-a-system platform consists of sensing devices containing a series of different sensor hardware, including an image sensor, coupled with a cloud platform for pre-training machine learning models that run on the hardware, process data and report occupancy analysis back to VergeSense’s cloud.""]","[""https://metaprop.com/portfolio"",""https://spark.jllt.com/portfolio"",""https://vergesense.com/"",""https://ycombinator.com/companies/industry/real-estate-and-construction"",""https://ycombinator.com/companies/vergesense""]",5,"[""exact_normalized_name_with_domain_corroboration"",""reviewed_name_alias_with_domain_corroboration"",""source_native_yc_identity""]",false,[],2026-08-30,"Discovery presence is not operating, traction, outcome, security or JCX-fit evidence."
dsc-13b4315ed15a,Veridue,"[""Veridue""]",[],[],discovery_only,true,"[""built_environment_ecosystem_discovery_index""]",1,"[""veridue.ai""]","[""https://veridue.ai/""]","[""https://pilabs.vc/portfolio""]",[],[],[],"[""Pi Labs""]",1,"[""eco-src-b2feb765fe72""]",1,"[""Active/portfolio""]",[],[],[],[],[],[],[],"[""AI due diligence for energy infrastructure investors. Est. 2024. London. United Kingdom. Founded by Daniel Csonth and Xander van den Eelaart. Last Funding Round: Pre-Seed.""]","[""https://pilabs.vc/portfolio"",""https://veridue.ai/""]",2,"[""source_native_ecosystem_identity""]",false,[],2026-08-30,"Discovery presence is not operating, traction, outcome, security or JCX-fit evidence."
dsc-22e283f6c53f,Verse,"[""Verse""]",[],[],discovery_only,true,"[""built_environment_ecosystem_discovery_index""]",1,"[""nice.com""]","[""https://nice.com/""]","[""https://moderneventures.com/portfolio/verse""]",[],[],[],"[""Moderne Ventures / Passport""]",1,"[""eco-src-5933a2bc98f9""]",1,"[""Exited (displayed)""]","[""Investment""]",[],[],[],[],[],[],"[""AI-powered lead engagement platform increasing conversion + referrals — Platform serves as a digital inside sales team that qualifies and converts leads. Acquired by NICE. — Investment""]","[""https://moderneventures.com/portfolio/verse"",""https://nice.com/""]",2,"[""source_native_ecosystem_identity""]",false,[],2026-08-30,"Discovery presence is not operating, traction, outcome, security or JCX-fit evidence."
dsc-09b2820b1644,Vestahome,"[""Vestahome""]",[],[],discovery_only,true,"[""built_environment_ecosystem_discovery_index""]",1,"[""vestahome.com""]","[""https://vestahome.com/""]","[""https://metaprop.com/portfolio""]",[],[],[],"[""MetaProp""]",1,"[""eco-src-df4d5a48f076""]",1,"[""Active/portfolio""]",[],[],[],[],[],[],[],[],"[""https://metaprop.com/portfolio"",""https://vestahome.com/""]",2,"[""source_native_ecosystem_identity""]",false,[],2026-08-30,"Discovery presence is not operating, traction, outcome, security or JCX-fit evidence."
dsc-522a0c51839c,VESTIGAS GmbH,"[""VESTIGAS GmbH""]",[],[],discovery_only,true,"[""built_environment_ecosystem_discovery_index""]",1,[],[],"[""https://cemexventures.com/top-50""]",[],[],[],"[""CEMEX Ventures Top 50 ConTech 2026""]",1,"[""eco-src-2b912773c27a""]",1,"[""Selected for 2026 Top 50""]","[""Supply Chain""]",[],[],[],[],[],[],"[""Supply Chain""]","[""https://cemexventures.com/top-50""]",1,"[""source_native_ecosystem_identity""]",false,[],2026-08-30,"Discovery presence is not operating, traction, outcome, security or JCX-fit evidence."
dsc-68fca1d7dda2,Vestris,"[""Vestris""]",[],[],discovery_only,true,"[""yc_real_estate_construction_2026-08-30""]",1,[],[],"[""https://ycombinator.com/companies/industry/real-estate-and-construction"",""https://ycombinator.com/companies/vestris""]","[""32751""]","[""S2026""]","[""Active""]",[],0,[],0,[],"[""Real-estate finance / insurtech""]","[""L1 Land/site; L3 Capital/finance; L7 Occupancy/tenant; L12 Data/intelligence""]","[""A""]",[],"[""US""]","[""San Francisco""]","[""2""]","[""AI native platform for real estate closings"",""Vestris automates title processing end-to-end, from contract to close, so title shops can close more deals with fewer processors. Title insurance has famously high margins, but slow, manual processing is a constant pain — especially in today's bleeding housing market.""]","[""https://ycombinator.com/companies/industry/real-estate-and-construction"",""https://ycombinator.com/companies/vestris""]",2,"[""source_native_yc_identity""]",false,[],2026-08-30,"Discovery presence is not operating, traction, outcome, security or JCX-fit evidence."
dsc-109b17c3ffe3,Vextrus,"[""Vextrus""]","[""organization""]","[""org-vextrus-988c4a5""]",qualified_core,false,"[""qualified_core""]",1,"[""vextrus.com""]","[""https://vextrus.com/""]","[""https://bd.linkedin.com/company/vextrus""]",[],[],[],[],0,[],0,[],"[""AI-developer-ERP""]","[""L1"",""L5"",""L6""]",[],[],"[""Bangladesh""]",[],[],[],"[""https://bd.linkedin.com/company/vextrus"",""https://vextrus.com/""]",2,"[""qualified_core_identity""]",false,[],2026-08-30,Qualified-core identity; individual claims still require editorial review.
dsc-b84062575211,VINCI,"[""VINCI""]","[""organization""]","[""org-vinci-0e581b1""]",qualified_core,false,"[""qualified_core""]",1,"[""vinci.com""]","[""https://vinci.com/""]",[],[],[],[],[],0,[],0,[],[],"[""L10"",""L4"",""L5"",""L8""]","[""B""]",[],"[""France""]",[],[],[],"[""https://vinci-construction.com/en/engagements/innovation_eng"",""https://vinci.com/"",""https://vinci.com/en/faq""]",3,"[""qualified_core_identity""]",false,[],2026-08-30,Qualified-core identity; individual claims still require editorial review.
dsc-2057455836ed,Virtuo,"[""Virtuo""]",[],[],discovery_only,true,"[""built_environment_ecosystem_discovery_index""]",1,"[""virtuo.com""]","[""https://virtuo.com/""]","[""https://moderneventures.com/portfolio/virtuo""]",[],[],[],"[""Moderne Ventures / Passport""]",1,"[""eco-src-99d06963b429""]",1,"[""Portfolio/Passport listing displayed""]","[""Passport""]",[],[],[],[],[],[],"[""Connected experience platform behind better service, smoother operations, and happier customers — Help your customers stay on top of every step in the homebuilding process — Passport""]","[""https://moderneventures.com/portfolio/virtuo"",""https://virtuo.com/""]",2,"[""source_native_ecosystem_identity""]",false,[],2026-08-30,"Discovery presence is not operating, traction, outcome, security or JCX-fit evidence."
dsc-d27016432995,Visibuilt,"[""Visibuilt""]",[],[],discovery_only,true,"[""built_environment_ecosystem_discovery_index""]",1,[],[],"[""https://cemexventures.com/top-50""]",[],[],[],"[""CEMEX Ventures Top 50 ConTech 2026""]",1,"[""eco-src-085e4e996840""]",1,"[""Selected for 2026 Top 50""]","[""Future of construction""]",[],[],[],[],[],[],"[""Future of construction""]","[""https://cemexventures.com/top-50""]",1,"[""source_native_ecosystem_identity""]",false,[],2026-08-30,"Discovery presence is not operating, traction, outcome, security or JCX-fit evidence."
dsc-03f3f937c9b7,ViSoft,"[""ViSoft""]",[],[],discovery_only,true,"[""built_environment_ecosystem_discovery_index""]",1,"[""visoft-eng.com""]","[""https://visoft-eng.com/""]","[""https://nar-reach.com/israel""]",[],[],[],"[""NAR REACH Israel""]",1,"[""eco-src-eaee85be0bfe""]",1,"[""2026 cohort (or current page cohort)""]",[],[],[],"[""Israel""]",[],[],[],"[""a cloud-based SaaS platform that replaces paper-based QA/QC and manual reporting with structured, real-time digital workflows""]","[""https://nar-reach.com/israel"",""https://visoft-eng.com/""]",2,"[""source_native_ecosystem_identity""]",false,[],2026-08-30,"Discovery presence is not operating, traction, outcome, security or JCX-fit evidence."
dsc-a8970ab87a15,Vizcab,"[""Vizcab""]",[],[],discovery_only,true,"[""built_environment_ecosystem_discovery_index""]",1,"[""vizcab.io""]","[""https://vizcab.io/""]","[""https://brickmortar.vc/portfolio""]",[],[],[],"[""Brick & Mortar Ventures""]",1,"[""eco-src-ff3523989634""]",1,"[""Active investment""]",[],[],[],[],[],[],[],[],"[""https://brickmortar.vc/portfolio"",""https://vizcab.io/""]",2,"[""source_native_ecosystem_identity""]",false,[],2026-08-30,"Discovery presence is not operating, traction, outcome, security or JCX-fit evidence."
dsc-662817ac0708,Vobi,"[""Vobi""]",[],[],discovery_only,true,"[""yc_real_estate_construction_2026-08-30""]",1,[],[],"[""https://ycombinator.com/companies/industry/real-estate-and-construction"",""https://ycombinator.com/companies/vobi""]","[""25965""]","[""W2022""]","[""Active""]",[],0,[],0,[],"[""ConTech / construction operations""]","[""L3 Capital/finance; L4 Design/BIM; L5 Construction; L12 Data/intelligence""]","[""A""]",[],"[""BR""]","[""São Paulo, State of São Paulo, Brazil""]","[""45""]","[""All-in-one project management software for construction SMBs in Latam"",""Vobi is a project management platform for small construction businesses, like home remodeling companies, contractors, and architects. We help them save up to 50% of their time spent on manual work, mainly on the procurement and estimation processes, so they have more time to focus on their core activities. Through Vobi, they can manage projects from start to finish, collaborate with their customers, plan, quote,...""]","[""https://ycombinator.com/companies/industry/real-estate-and-construction"",""https://ycombinator.com/companies/vobi""]",2,"[""source_native_yc_identity""]",false,[],2026-08-30,"Discovery presence is not operating, traction, outcome, security or JCX-fit evidence."
dsc-129ffcbde5ba,Volca,"[""Volca""]",[],[],discovery_only,true,"[""built_environment_ecosystem_discovery_index""]",1,"[""volca.ai""]","[""https://volca.ai/""]","[""https://metaprop.com/portfolio""]",[],[],[],"[""MetaProp""]",1,"[""eco-src-5e188acc23c8""]",1,"[""Active/portfolio""]",[],[],[],[],[],[],[],[],"[""https://metaprop.com/portfolio"",""https://volca.ai/""]",2,"[""source_native_ecosystem_identity""]",false,[],2026-08-30,"Discovery presence is not operating, traction, outcome, security or JCX-fit evidence."
dsc-67e5b19d9cae,Vonovia,"[""Vonovia""]","[""organization""]","[""org-vonovia-41d0ca4""]",qualified_core,false,"[""qualified_core""]",1,"[""vonovia.com""]","[""https://vonovia.com/en""]",[],[],[],[],[],0,[],0,[],"[""European residential owner/operator and services platform""]","[""L1"",""L10"",""L6"",""L7"",""L8""]","[""B""]",[],"[""Germany""]",[],[],[],"[""https://vonovia.com/en"",""https://vonovia.com/en/content/download/310373/file/Vonovia_SE_Annual_Report_2025.pdf"",""https://vonovia.com/en/investors/news-and-publications/results-presentations""]",3,"[""qualified_core_identity""]",false,[],2026-08-30,Qualified-core identity; individual claims still require editorial review.
dsc-95c6f3a28d22,VOOX,"[""VOOX""]",[],[],discovery_only,true,"[""built_environment_ecosystem_discovery_index""]",1,[],[],"[""https://tarongagroup.com/wp-content/uploads/2025/07/RealTechX-Asset-Impact-Booklet-2025-1.pdf""]",[],[],[],"[""Taronga RealTechX / Asset Impact""]",1,"[""eco-src-c4485567a2bb""]",1,"[""Alumni/support history displayed""]",[],[],[],[],[],[],[],[],"[""https://tarongagroup.com/wp-content/uploads/2025/07/RealTechX-Asset-Impact-Booklet-2025-1.pdf""]",1,"[""source_native_ecosystem_identity""]",false,[],2026-08-30,"Discovery presence is not operating, traction, outcome, security or JCX-fit evidence."
dsc-943d8ccc8219,Voyage Control,"[""Voyage Control""]",[],[],discovery_only,true,"[""built_environment_ecosystem_discovery_index""]",1,[],[],"[""https://tarongagroup.com/wp-content/uploads/2025/07/RealTechX-Asset-Impact-Booklet-2025-1.pdf""]",[],[],[],"[""Taronga RealTechX / Asset Impact""]",1,"[""eco-src-4cdcc8ba252f""]",1,"[""Alumni/support history displayed""]",[],[],[],[],[],[],[],[],"[""https://tarongagroup.com/wp-content/uploads/2025/07/RealTechX-Asset-Impact-Booklet-2025-1.pdf""]",1,"[""source_native_ecosystem_identity""]",false,[],2026-08-30,"Discovery presence is not operating, traction, outcome, security or JCX-fit evidence."
dsc-ef97e8824597,VRCollab,"[""VRCollab""]",[],[],discovery_only,true,"[""built_environment_ecosystem_discovery_index""]",1,[],[],"[""https://tarongagroup.com/wp-content/uploads/2025/07/RealTechX-Asset-Impact-Booklet-2025-1.pdf""]",[],[],[],"[""Taronga RealTechX / Asset Impact""]",1,"[""eco-src-8dd72b157e77""]",1,"[""Alumni/support history displayed""]",[],[],[],[],[],[],[],[],"[""https://tarongagroup.com/wp-content/uploads/2025/07/RealTechX-Asset-Impact-Booklet-2025-1.pdf""]",1,"[""source_native_ecosystem_identity""]",false,[],2026-08-30,"Discovery presence is not operating, traction, outcome, security or JCX-fit evidence."
dsc-dbb3b3b6d48b,VTS,"[""VTS""]","[""organization""]","[""org-vts-42d9767""]",qualified_core,false,"[""built_environment_ecosystem_discovery_index"",""qualified_core""]",2,"[""vts.com""]","[""https://vts.com/""]","[""https://fifthwall.com/portfolio?2bddaefa_page=3""]",[],[],[],"[""Fifth Wall""]",1,"[""eco-src-c4c4526ff7f7""]",1,"[""Active/portfolio""]",[],"[""L6"",""L7"",""L8""]","[""B""]",[],"[""United States""]",[],[],"[""VTS is the commercial real estate industry’s leading leasing and asset management platform. Landlords use VTS to maximize portfolio performance by transforming their leasing and asset management process and unlocking real-time insights – enabling them to convert leads to leases 41% faster and build data-led strategies. Brokers can manage their deal pipeline and get tenants into empty spaces faster, collaborate across teams and work easily with their landlord clients using VTS for Brokers. The VTS platform manages more than 10 billion square feet of commercial real estate, has a user base exceeding 35,000 and boasts an impressive client roster that includes global leaders such as Blackstone, Brookfield, GLP, LaSalle Investment Management, Hines, Boston Properties, Oxford Properties, JLL, and CBRE.""]","[""https://fifthwall.com/portfolio?2bddaefa_page=3"",""https://vts.com/""]",2,"[""exact_normalized_name_with_domain_corroboration"",""qualified_core_identity""]",false,[],2026-08-30,Qualified-core identity; individual claims still require editorial review.
dsc-66e8958af6d7,Vyv,"[""Vyv""]",[],[],discovery_only,true,"[""built_environment_ecosystem_discovery_index""]",1,"[""vyv.tech""]","[""https://vyv.tech/""]","[""https://moderneventures.com/portfolio/vyv""]",[],[],[],"[""Moderne Ventures / Passport""]",1,"[""eco-src-4f2f20397ecb""]",1,"[""Portfolio/Passport listing displayed""]","[""Investment""]",[],[],[],[],[],[],"[""Cleaner environments where we live, work and play — Antimicrobial light technology that illuminates and kills germs — Investment""]","[""https://moderneventures.com/portfolio/vyv"",""https://vyv.tech/""]",2,"[""source_native_ecosystem_identity""]",false,[],2026-08-30,"Discovery presence is not operating, traction, outcome, security or JCX-fit evidence."
dsc-e6248eda6938,WakeCap,"[""WakeCap""]","[""organization""]","[""org-wakecap-a08c5b1""]",qualified_core,false,"[""qualified_core""]",1,"[""wakecap.com""]","[""https://wakecap.com/""]",[],[],[],[],[],0,[],0,[],"[""IoT-construction-operations""]","[""L5""]","[""B""]",[],"[""Saudi Arabia""]",[],[],[],"[""https://wakecap.com/"",""https://wakecap.com/news-and-events/wakecap-acquires-crews-by-core"",""https://wakecap.com/news-and-events/wakecap-openspace-partnership""]",3,"[""qualified_core_identity""]",false,[],2026-08-30,Qualified-core identity; individual claims still require editorial review.
dsc-666405a61f3a,Watad,"[""Watad""]","[""organization""]","[""org-watad-43c1925""]",qualified_core,false,"[""built_environment_ecosystem_discovery_index"",""qualified_core""]",2,[],[],"[""https://nar-reach.com/dubai-land-department-second-century-ventures-celebrate-start-of-reach-middle-east"",""https://nar-reach.com/news""]",[],[],[],"[""NAR REACH Middle East""]",1,"[""eco-src-6b84b67aeaaf""]",1,"[""2026 cohort""]","[""Building-material procurement with embedded finance""]","[""L3"",""L5""]","[""B""]","[""Middle East""]","[""United Arab Emirates""]",[],[],"[""AI-powered building-materials procurement platform with embedded finance.""]","[""https://nar-reach.com/dubai-land-department-second-century-ventures-celebrate-start-of-reach-middle-east"",""https://nar-reach.com/news""]",2,"[""exact_normalized_name"",""qualified_core_identity""]",false,[],2026-08-30,Qualified-core identity; individual claims still require editorial review.
dsc-21f93db65a02,Wattbuy,"[""Wattbuy""]",[],[],discovery_only,true,"[""built_environment_ecosystem_discovery_index""]",1,"[""wattbuy.com""]","[""https://wattbuy.com/en""]","[""https://moderneventures.com/portfolio/wattbuy""]",[],[],[],"[""Moderne Ventures / Passport""]",1,"[""eco-src-8433aa0976b9""]",1,"[""Exited (displayed)""]","[""Passport""]",[],[],[],[],[],[],"[""Electricity. Personalized. — Electricity marketplace for residents to compare and choose their electricity provider — Passport""]","[""https://moderneventures.com/portfolio/wattbuy"",""https://wattbuy.com/en""]",2,"[""source_native_ecosystem_identity""]",false,[],2026-08-30,"Discovery presence is not operating, traction, outcome, security or JCX-fit evidence."
dsc-2958b72c956f,Wayleadr,"[""Wayleadr""]",[],[],discovery_only,true,"[""built_environment_ecosystem_discovery_index""]",1,"[""wayleadr.com""]","[""https://wayleadr.com/""]","[""https://moderneventures.com/portfolio/wayleadr""]",[],[],[],"[""Moderne Ventures / Passport""]",1,"[""eco-src-1a0d3dfcdbbf""]",1,"[""Portfolio/Passport listing displayed""]","[""Passport""]",[],[],[],[],[],[],"[""Automated parking operations — Manage resources, reserve workspaces, and welcome visitors with ease — Passport""]","[""https://moderneventures.com/portfolio/wayleadr"",""https://wayleadr.com/""]",2,"[""source_native_ecosystem_identity""]",false,[],2026-08-30,"Discovery presence is not operating, traction, outcome, security or JCX-fit evidence."
dsc-362b81df1b28,Wayline,"[""Wayline""]",[],[],discovery_only,true,"[""yc_real_estate_construction_2026-08-30""]",1,[],[],"[""https://ycombinator.com/companies/industry/real-estate-and-construction"",""https://ycombinator.com/companies/wayline""]","[""30364""]","[""S2025""]","[""Active""]",[],0,[],0,[],"[""Property operations / housing""]","[""L8 FM/maintenance; L12 Data/intelligence""]","[""A""]",[],"[""US""]","[""San Francisco""]","[""5""]","[""AI voice for property managers"",""Wayline is an AI front desk assistant purpose-built for real estate to answer calls and messages 24/7. It’s like an always-on property manager that can convert leads and resolve issues better than any human, day or night. Our AI can be setup in as little as 24 hours and works seamlessly with existing phone/management software. Uniquely, our AI knowledge base is domain-specific to learn and handle the most complex...""]","[""https://ycombinator.com/companies/industry/real-estate-and-construction"",""https://ycombinator.com/companies/wayline""]",2,"[""source_native_yc_identity""]",false,[],2026-08-30,"Discovery presence is not operating, traction, outcome, security or JCX-fit evidence."
dsc-ba902552c835,WeReno,"[""WeReno""]","[""organization""]","[""org-wereno-34fab03""]",qualified_core,false,"[""qualified_core"",""yc_real_estate_construction_2026-08-30""]",2,[],[],"[""https://ycombinator.com/companies/industry/real-estate-and-construction"",""https://ycombinator.com/companies/wereno""]","[""25318""]","[""W2022""]","[""Active""]",[],0,[],0,[],"[""AI owner's representative for renovations and capital projects"",""ConTech / construction operations""]","[""L5"",""L5 Construction; L12 Data/intelligence"",""L8""]","[""A"",""B""]",[],"[""CA"",""Canada""]","[""Toronto, ON, Canada""]","[""12""]","[""AI owner's representative for commercial construction and renovations."",""WeReno is an AI owner's representative that helps building owners plan and manage renovations, capital projects, and property improvements. It automatically analyzes drawings, generates scopes of work, estimates costs, prepares RFQs, coordinates vendors, and tracks project execution, giving owners the capabilities of an experienced owner's rep through software.""]","[""https://ycombinator.com/companies/industry/real-estate-and-construction"",""https://ycombinator.com/companies/wereno""]",2,"[""exact_normalized_name"",""qualified_core_identity""]",false,[],2026-08-30,Qualified-core identity; individual claims still require editorial review.
dsc-4cf36d77bf81,Wesmartpark,"[""Wesmartpark""]",[],[],discovery_only,true,"[""built_environment_ecosystem_discovery_index""]",1,"[""wesmartpark.com""]","[""https://wesmartpark.com/""]","[""https://metaprop.com/portfolio""]",[],[],[],"[""MetaProp""]",1,"[""eco-src-b8ce4b137ecd""]",1,"[""Active/portfolio""]",[],[],[],[],[],[],[],[],"[""https://metaprop.com/portfolio"",""https://wesmartpark.com/""]",2,"[""source_native_ecosystem_identity""]",false,[],2026-08-30,"Discovery presence is not operating, traction, outcome, security or JCX-fit evidence."
dsc-c26f26f83c59,WeWork,"[""WeWork"",""Wework""]","[""organization""]","[""org-wework-8768417""]",qualified_core,false,"[""built_environment_ecosystem_discovery_index"",""qualified_core""]",2,"[""wework.com""]","[""https://wework.com/""]","[""https://metaprop.com/portfolio""]",[],[],[],"[""MetaProp""]",1,"[""eco-src-02370d0030f7""]",1,"[""Exited/marked exited""]",[],"[""L3"",""L6"",""L7"",""L8""]","[""B""]",[],"[""United States""]",[],[],[],"[""https://metaprop.com/portfolio"",""https://njb.uscourts.gov/wework"",""https://sec.gov/Archives/edgar/data/1813756/000119312523274596/d295389d8k.htm"",""https://wework.com/""]",4,"[""exact_normalized_name_with_domain_corroboration"",""qualified_core_identity""]",false,[],2026-08-30,Qualified-core identity; individual claims still require editorial review.
dsc-3e9818aa8a81,Wingtra,"[""Wingtra""]",[],[],discovery_only,true,"[""built_environment_ecosystem_discovery_index""]",1,"[""wingtra.com""]","[""https://wingtra.com/""]","[""https://brickmortar.vc/portfolio""]",[],[],[],"[""Brick & Mortar Ventures""]",1,"[""eco-src-94f1d048f048""]",1,"[""Active investment""]",[],[],[],[],[],[],[],[],"[""https://brickmortar.vc/portfolio"",""https://wingtra.com/""]",2,"[""source_native_ecosystem_identity""]",false,[],2026-08-30,"Discovery presence is not operating, traction, outcome, security or JCX-fit evidence."
dsc-ead8c74663cc,WINT,"[""WINT""]","[""organization""]","[""org-wint-44d2ec1""]",qualified_core,false,"[""qualified_core""]",1,"[""wint.ai""]","[""https://wint.ai/""]",[],[],[],[],[],0,[],0,[],"[""Water leak prevention""]","[""L10"",""L8""]","[""C""]",[],"[""Israel""]",[],[],[],"[""https://tarongagroup.com/realtechx"",""https://wint.ai/""]",2,"[""qualified_core_identity""]",false,[],2026-08-30,Qualified-core identity; individual claims still require editorial review.
dsc-ddc701ee6dac,Wint Water Intelligence,"[""Wint Water Intelligence""]",[],[],discovery_only,true,"[""built_environment_ecosystem_discovery_index""]",1,[],[],"[""https://tarongagroup.com/wp-content/uploads/2025/07/RealTechX-Asset-Impact-Booklet-2025-1.pdf""]",[],[],[],"[""Taronga RealTechX / Asset Impact""]",1,"[""eco-src-628ea768072f""]",1,"[""Alumni/support history displayed""]",[],[],[],[],[],[],[],[],"[""https://tarongagroup.com/wp-content/uploads/2025/07/RealTechX-Asset-Impact-Booklet-2025-1.pdf""]",1,"[""source_native_ecosystem_identity""]",false,[],2026-08-30,"Discovery presence is not operating, traction, outcome, security or JCX-fit evidence."
dsc-914a77e58cfb,WiredScore,"[""WiredScore""]","[""organization""]","[""org-wiredscore-75d1974""]",qualified_core,false,"[""built_environment_ecosystem_discovery_index"",""qualified_core""]",2,"[""wiredscore.com""]","[""https://wiredscore.com/"",""https://wiredscore.com/en""]","[""https://fifthwall.com/portfolio?2bddaefa_page=4"",""https://tarongagroup.com/wp-content/uploads/2025/07/RealTechX-Asset-Impact-Booklet-2025-1.pdf""]",[],[],[],"[""Fifth Wall"",""Taronga RealTechX / Asset Impact""]",2,"[""eco-src-38c014ac5718"",""eco-src-b2e3ccdeab60""]",2,"[""Active/portfolio"",""Alumni/support history displayed""]","[""Digital infrastructure rating""]","[""L12"",""L8""]","[""C""]",[],"[""United Kingdom""]",[],[],"[""WiredScore is the organization behind WiredScore and SmartScore certifications: the internationally recognized digital connectivity and smart building rating systems for real estate, helping landlords design and promote buildings with powerful digital connectivity and smart capabilities. A champion of cutting-edge technology in real estate, WiredScore provides the only two certifications for rating the infrastructure and technological capacity of commercial and residential buildings, ensuring that buildings are set up to meet the expectations of today’s tenants, and are fully future-proof to meet the user needs of tomorrow. The widely recognized WiredScore seal is a trusted symbol that identifies buildings that have been independently certified to provide the best-in-class infrastructure that businesses require to thrive.""]","[""https://fifthwall.com/portfolio?2bddaefa_page=4"",""https://tarongagroup.com/realtechx"",""https://tarongagroup.com/wp-content/uploads/2025/07/RealTechX-Asset-Impact-Booklet-2025-1.pdf"",""https://wiredscore.com/"",""https://wiredscore.com/en""]",5,"[""exact_normalized_name"",""exact_normalized_name_with_domain_corroboration"",""qualified_core_identity""]",false,[],2026-08-30,Qualified-core identity; individual claims still require editorial review.
dsc-343f06f68659,Wolly,"[""Wolly""]",[],[],discovery_only,true,"[""built_environment_ecosystem_discovery_index""]",1,[],[],"[""https://cemexventures.com/top-50""]",[],[],[],"[""CEMEX Ventures Top 50 ConTech 2026""]",1,"[""eco-src-d9bca4368728""]",1,"[""Selected for 2026 Top 50""]","[""Supply Chain""]",[],[],[],[],[],[],"[""Supply Chain""]","[""https://cemexventures.com/top-50""]",1,"[""source_native_ecosystem_identity""]",false,[],2026-08-30,"Discovery presence is not operating, traction, outcome, security or JCX-fit evidence."
dsc-559d66262543,Work Club,"[""Work Club""]",[],[],discovery_only,true,"[""built_environment_ecosystem_discovery_index""]",1,[],[],"[""https://tarongagroup.com/wp-content/uploads/2025/07/RealTechX-Asset-Impact-Booklet-2025-1.pdf""]",[],[],[],"[""Taronga RealTechX / Asset Impact""]",1,"[""eco-src-308cbdbf449e""]",1,"[""Alumni/support history displayed""]",[],[],[],[],[],[],[],[],"[""https://tarongagroup.com/wp-content/uploads/2025/07/RealTechX-Asset-Impact-Booklet-2025-1.pdf""]",1,"[""source_native_ecosystem_identity""]",false,[],2026-08-30,"Discovery presence is not operating, traction, outcome, security or JCX-fit evidence."
dsc-1e11e8004e71,Work&,"[""Work&""]",[],[],discovery_only,true,"[""built_environment_ecosystem_discovery_index""]",1,"[""workandsolutions.com""]","[""http://workandsolutions.com/""]","[""https://moderneventures.com/portfolio/work-and-solutions""]",[],[],[],"[""Moderne Ventures / Passport""]",1,"[""eco-src-6c1c0f57cb03""]",1,"[""Portfolio/Passport listing displayed""]","[""Passport""]",[],[],[],[],[],[],"[""Legally-compliant workplace lactation and wellness solutions — Solutions to seamlessly integrate work, parenthood, and wellbeing on the job — Passport""]","[""http://workandsolutions.com/"",""https://moderneventures.com/portfolio/work-and-solutions""]",2,"[""source_native_ecosystem_identity""]",false,[],2026-08-30,"Discovery presence is not operating, traction, outcome, security or JCX-fit evidence."
dsc-f9a0806a63bc,Workbox,"[""Workbox""]",[],[],discovery_only,true,"[""built_environment_ecosystem_discovery_index""]",1,"[""workboxcompany.com""]","[""https://workboxcompany.com/""]","[""https://moderneventures.com/portfolio/workbox""]",[],[],[],"[""Moderne Ventures / Passport""]",1,"[""eco-src-cf2cf941e90a""]",1,"[""Portfolio/Passport listing displayed""]","[""Passport""]",[],[],[],[],[],[],"[""Flex office operator — Flexible office solutions for growth stage businesses that drive value for commercial owners — Passport""]","[""https://moderneventures.com/portfolio/workbox"",""https://workboxcompany.com/""]",2,"[""source_native_ecosystem_identity""]",false,[],2026-08-30,"Discovery presence is not operating, traction, outcome, security or JCX-fit evidence."
dsc-c13c2eff0d18,Wyl,"[""Wyl""]",[],[],discovery_only,true,"[""built_environment_ecosystem_discovery_index""]",1,"[""wyl.co""]","[""https://wyl.co/""]","[""https://moderneventures.com/portfolio/wyl""]",[],[],[],"[""Moderne Ventures / Passport""]",1,"[""eco-src-d4c6d001c540""]",1,"[""Portfolio/Passport listing displayed""]","[""Passport""]",[],[],[],[],[],[],"[""Making renting more transparent for residents and home providers — Platform facilitates communication between residents and owners/operators re: living experiences — Passport""]","[""https://moderneventures.com/portfolio/wyl"",""https://wyl.co/""]",2,"[""source_native_ecosystem_identity""]",false,[],2026-08-30,"Discovery presence is not operating, traction, outcome, security or JCX-fit evidence."
dsc-20a413e809c2,Xeal,"[""Xeal""]",[],[],discovery_only,true,"[""built_environment_ecosystem_discovery_index""]",1,"[""xealenergy.com""]","[""https://xealenergy.com/""]","[""https://moderneventures.com/portfolio/xeal""]",[],[],[],"[""Moderne Ventures / Passport""]",1,"[""eco-src-fe7e3071e7c5""]",1,"[""Portfolio/Passport listing displayed""]","[""Investment""]",[],[],[],[],[],[],"[""Payments when connectivity fails — Future-proofing anything that needs 100% guaranteed connectivity to transact: starting with EV charging now, and deploying in ATMs, healthcare systems + more in the future — Investment""]","[""https://moderneventures.com/portfolio/xeal"",""https://xealenergy.com/""]",2,"[""source_native_ecosystem_identity""]",false,[],2026-08-30,"Discovery presence is not operating, traction, outcome, security or JCX-fit evidence."
dsc-453954054f43,XREI,"[""XREI""]",[],[],discovery_only,true,"[""built_environment_ecosystem_discovery_index""]",1,"[""xrei.co""]","[""https://xrei.co/""]","[""https://nar-reach.com/israel""]",[],[],[],"[""NAR REACH Israel""]",1,"[""eco-src-3332b85353ed""]",1,"[""2026 cohort (or current page cohort)""]",[],[],[],"[""Israel""]",[],[],[],"[""Personalized property scoring, deal pipeline management, and portfolio analytics""]","[""https://nar-reach.com/israel"",""https://xrei.co/""]",2,"[""source_native_ecosystem_identity""]",false,[],2026-08-30,"Discovery presence is not operating, traction, outcome, security or JCX-fit evidence."
dsc-6722645454fa,Yamori,"[""Yamori""]",[],[],discovery_only,true,"[""built_environment_ecosystem_discovery_index""]",1,"[""yamori.co.jp""]","[""https://yamori.co.jp/""]","[""https://metaprop.com/portfolio""]",[],[],[],"[""MetaProp""]",1,"[""eco-src-6b5c217588ac""]",1,"[""Active/portfolio""]",[],[],[],[],[],[],[],[],"[""https://metaprop.com/portfolio"",""https://yamori.co.jp/""]",2,"[""source_native_ecosystem_identity""]",false,[],2026-08-30,"Discovery presence is not operating, traction, outcome, security or JCX-fit evidence."
dsc-799b262dbe38,Yardi,"[""Yardi""]","[""organization""]","[""org-yardi-f113060""]",qualified_core,false,"[""qualified_core""]",1,"[""yardi.com""]","[""https://yardi.com/""]",[],[],[],[],[],0,[],0,[],"[""Property management ERP""]","[""L3"",""L6"",""L7"",""L8""]",[],[],"[""United States""]",[],[],[],"[""https://yardi.com/""]",1,"[""qualified_core_identity""]",false,[],2026-08-30,Qualified-core identity; individual claims still require editorial review.
dsc-578f75fb4a8a,Yave,"[""Yave""]",[],[],discovery_only,true,"[""built_environment_ecosystem_discovery_index""]",1,"[""yave.mx""]","[""https://yave.mx/""]","[""https://metaprop.com/portfolio""]",[],[],[],"[""MetaProp""]",1,"[""eco-src-ed15fceb2eae""]",1,"[""Active/portfolio""]",[],[],[],[],[],[],[],[],"[""https://metaprop.com/portfolio"",""https://yave.mx/""]",2,"[""source_native_ecosystem_identity""]",false,[],2026-08-30,"Discovery presence is not operating, traction, outcome, security or JCX-fit evidence."
dsc-76248c2af80e,Ynomia,"[""Ynomia""]",[],[],discovery_only,true,"[""built_environment_ecosystem_discovery_index""]",1,"[""ynomia.io""]","[""https://ynomia.io/home""]","[""https://brickmortar.vc/portfolio"",""https://tarongagroup.com/wp-content/uploads/2025/07/RealTechX-Asset-Impact-Booklet-2025-1.pdf""]",[],[],[],"[""Brick & Mortar Ventures"",""Taronga RealTechX / Asset Impact""]",2,"[""eco-src-595c3aa3d076"",""eco-src-b1f1dc511fc3""]",2,"[""Alumni/support history displayed"",""Exit""]",[],[],[],[],[],[],[],[],"[""https://brickmortar.vc/portfolio"",""https://tarongagroup.com/wp-content/uploads/2025/07/RealTechX-Asset-Impact-Booklet-2025-1.pdf"",""https://ynomia.io/home""]",3,"[""exact_normalized_name"",""source_native_ecosystem_identity""]",false,[],2026-08-30,"Discovery presence is not operating, traction, outcome, security or JCX-fit evidence."
dsc-cebb50cab9c6,You Got Listings,"[""You Got Listings""]",[],[],discovery_only,true,"[""yc_real_estate_construction_2026-08-30""]",1,[],[],"[""https://ycombinator.com/companies/industry/real-estate-and-construction"",""https://ycombinator.com/companies/you-got-listings-inc""]","[""147""]","[""W2011""]","[""Active""]",[],0,[],0,[],"[""Property operations / housing""]","[""L6 Marketing/sales; L7 Occupancy/tenant; L8 FM/maintenance; L12 Data/intelligence""]","[""A""]",[],[],[],"[""3""]","[""All-in-one apartment Marketing Platform for brokerages and landlords."",""You Got Listings is an all-in-one apartment Marketing Platform for brokerages and management companies. Founded in 2009, You Got Listings through innovation and automation has helped push over 3 Million properties in front of prospect renters. We are here to provide the rentals industry with the most comprehensive online marketing solution.""]","[""https://ycombinator.com/companies/industry/real-estate-and-construction"",""https://ycombinator.com/companies/you-got-listings-inc""]",2,"[""source_native_yc_identity""]",false,[],2026-08-30,"Discovery presence is not operating, traction, outcome, security or JCX-fit evidence."
dsc-547c6d12071c,Younity,"[""Younity""]",[],[],discovery_only,true,"[""built_environment_ecosystem_discovery_index""]",1,"[""younity.io""]","[""http://younity.io/""]","[""https://metaprop.com/portfolio""]",[],[],[],"[""MetaProp""]",1,"[""eco-src-4c2aa509d6ae""]",1,"[""Active/portfolio""]",[],[],[],[],[],[],[],[],"[""http://younity.io/"",""https://metaprop.com/portfolio""]",2,"[""source_native_ecosystem_identity""]",false,[],2026-08-30,"Discovery presence is not operating, traction, outcome, security or JCX-fit evidence."
dsc-af1c8fb15c9d,Zapiio,"[""Zapiio""]",[],[],discovery_only,true,"[""built_environment_ecosystem_discovery_index""]",1,"[""zapiio.io""]","[""http://zapiio.io/""]","[""https://nar-reach.com/australia-and-newzealand""]",[],[],[],"[""NAR REACH Australia & New Zealand""]",1,"[""eco-src-d0601d4a0086""]",1,"[""2026 cohort (or current page cohort)""]",[],[],[],"[""Australia/New Zealand""]",[],[],[],"[""A professional collaboration and intelligence platform that streamlines workflows, connects teams, and optimises client outcomes across property and adjacent industries.""]","[""http://zapiio.io/"",""https://nar-reach.com/australia-and-newzealand""]",2,"[""source_native_ecosystem_identity""]",false,[],2026-08-30,"Discovery presence is not operating, traction, outcome, security or JCX-fit evidence."
dsc-efe88d775f20,Zebel,"[""Zebel""]",[],[],discovery_only,true,"[""built_environment_ecosystem_discovery_index""]",1,"[""zebel.io""]","[""https://zebel.io/""]","[""https://moderneventures.com/portfolio/zebel""]",[],[],[],"[""Moderne Ventures / Passport""]",1,"[""eco-src-ffa4630ed6f7""]",1,"[""Portfolio/Passport listing displayed""]","[""Passport""]",[],[],[],[],[],[],"[""Construction project estimating software — Pre-construction data analytics platform — Passport""]","[""https://moderneventures.com/portfolio/zebel"",""https://zebel.io/""]",2,"[""source_native_ecosystem_identity""]",false,[],2026-08-30,"Discovery presence is not operating, traction, outcome, security or JCX-fit evidence."
dsc-04dd6cecead3,Zeguro,"[""Zeguro""]",[],[],discovery_only,true,"[""built_environment_ecosystem_discovery_index""]",1,"[""zeguro.com""]","[""https://zeguro.com/""]","[""https://moderneventures.com/portfolio/zeguro""]",[],[],[],"[""Moderne Ventures / Passport""]",1,"[""eco-src-2157d47d7a2b""]",1,"[""Exited (displayed)""]","[""Passport""]",[],[],[],[],[],[],"[""Cybersecurity. Simplified. — SMBs can easily manage cyber risk with cybersecurity and insurance in one comprehensive package. Acquired by HSB. — Passport""]","[""https://moderneventures.com/portfolio/zeguro"",""https://zeguro.com/""]",2,"[""source_native_ecosystem_identity""]",false,[],2026-08-30,"Discovery presence is not operating, traction, outcome, security or JCX-fit evidence."
dsc-1f3d3c0c0fc2,Zenatix,"[""Zenatix""]","[""organization""]","[""org-zenatix-bb347b7""]",qualified_core,false,"[""qualified_core""]",1,"[""zenatix.com""]","[""https://zenatix.com/""]",[],[],[],[],[],0,[],0,[],"[""smart-building-energy""]","[""L10""]","[""B""]",[],"[""India""]",[],[],[],"[""https://zenatix.com/"",""https://zenatix.com/about""]",2,"[""qualified_core_identity""]",false,[],2026-08-30,Qualified-core identity; individual claims still require editorial review.
dsc-c55aa19be655,ZeroDown,"[""ZeroDown""]",[],[],discovery_only,true,"[""yc_real_estate_construction_2026-08-30""]",1,[],[],"[""https://ycombinator.com/companies/industry/real-estate-and-construction"",""https://ycombinator.com/companies/zerodown""]","[""12391""]","[""W2019""]","[""Acquired""]",[],0,[],0,[],"[""Real-estate finance / insurtech""]","[""L3 Capital/finance; L7 Occupancy/tenant""]","[""B""]",[],"[""US""]","[""San Francisco""]","[""13""]","[""Find beautiful homes"",""What used to be an integral part of the American Dream, or at least a check mark on the way to adulthood, is now well beyond reach for many of us. And nobody bears the brunt of the current housing crisis more than young folks, who, compared to their parents and grandparents, find themselves saddled with more debt and in possession of fewer assets. But it doesn't have to be this way. At ZeroDown, we're driven by...""]","[""https://ycombinator.com/companies/industry/real-estate-and-construction"",""https://ycombinator.com/companies/zerodown""]",2,"[""source_native_yc_identity""]",false,[],2026-08-30,"Discovery presence is not operating, traction, outcome, security or JCX-fit evidence."
dsc-321ab1d259aa,ZeroKey,"[""ZeroKey""]",[],[],discovery_only,true,"[""built_environment_ecosystem_discovery_index""]",1,"[""zerokey.com""]","[""https://zerokey.com/""]","[""https://brickmortar.vc/portfolio""]",[],[],[],"[""Brick & Mortar Ventures""]",1,"[""eco-src-5bfad6914142""]",1,"[""Active investment""]",[],[],[],[],[],[],[],[],"[""https://brickmortar.vc/portfolio"",""https://zerokey.com/""]",2,"[""source_native_ecosystem_identity""]",false,[],2026-08-30,"Discovery presence is not operating, traction, outcome, security or JCX-fit evidence."
dsc-3fcf272d8467,ZestyAI,"[""ZestyAI""]","[""organization""]","[""org-zestyai-c21da1c""]",qualified_core,false,"[""qualified_core""]",1,"[""zesty.ai""]","[""https://zesty.ai/""]",[],[],[],[],[],0,[],0,[],"[""AI property risk intelligence for insurance inspection and mitigation""]","[""L1"",""L10"",""L8"",""L9""]","[""B""]",[],"[""United States""]",[],[],[],"[""https://zesty.ai/""]",1,"[""qualified_core_identity""]",false,[],2026-08-30,Qualified-core identity; individual claims still require editorial review.
dsc-1cb6468c7d84,Zeus,"[""Zeus""]",[],[],discovery_only,true,"[""yc_real_estate_construction_2026-08-30""]",1,[],[],"[""https://ycombinator.com/companies/industry/real-estate-and-construction"",""https://ycombinator.com/companies/zeus""]","[""128""]","[""S2011""]","[""Acquired""]",[],0,[],0,[],"[""Property operations / housing""]","[""L7 Occupancy/tenant; L8 FM/maintenance""]","[""A""]",[],"[""US""]","[""San Francisco""]","[""200""]","[""Tech-enabled property manager focused on corporate rentals; Acquired…""]","[""https://ycombinator.com/companies/industry/real-estate-and-construction"",""https://ycombinator.com/companies/zeus""]",2,"[""source_native_yc_identity""]",false,[],2026-08-30,"Discovery presence is not operating, traction, outcome, security or JCX-fit evidence."
dsc-8ec04dcd2734,ZiffyHomes,"[""ZiffyHomes""]",[],[],discovery_only,true,"[""yc_real_estate_construction_2026-08-30""]",1,[],[],"[""https://ycombinator.com/companies/industry/real-estate-and-construction"",""https://ycombinator.com/companies/ziffyhomes""]","[""1995""]","[""S2018""]","[""Active""]",[],0,[],0,[],"[""Real-estate software / adjacent""]","[""L7 Occupancy/tenant""]","[""B""]",[],"[""IN""]","[""Gurugram, Haryana, India""]","[""57""]","[""ZiffyHomes is a living solace for young professionals with beautiful living spaces, vibrant community, excellent services and full time support to all our customers. We work towards providing the highest standards of living for young professionals and saving them from woes of house hunt. We wish to provide a space for them where they can flourish. Founded by Saurabh Kumar & Sanchal Ranjan where they are..."",""ZiffyHomes is managed corporate housing for white collar employees in…""]","[""https://ycombinator.com/companies/industry/real-estate-and-construction"",""https://ycombinator.com/companies/ziffyhomes""]",2,"[""source_native_yc_identity""]",false,[],2026-08-30,"Discovery presence is not operating, traction, outcome, security or JCX-fit evidence."
dsc-d269aab61704,Zillow,"[""Zillow""]","[""organization""]","[""org-zillow-d3dd627""]",qualified_core,false,"[""built_environment_ecosystem_discovery_index"",""qualified_core""]",2,"[""zillow.com""]","[""https://zillow.com/""]","[""https://metaprop.com/portfolio""]",[],[],[],"[""MetaProp""]",1,"[""eco-src-c07c986a3eb0""]",1,"[""Exited/marked exited""]","[""Property marketplace""]","[""L1"",""L12"",""L6"",""L7""]",[],[],"[""United States""]",[],[],[],"[""https://metaprop.com/portfolio"",""https://zillow.com/""]",2,"[""exact_normalized_name_with_domain_corroboration"",""qualified_core_identity""]",false,[],2026-08-30,Qualified-core identity; individual claims still require editorial review.
dsc-dd9afe820b6e,Zorba,"[""Zorba""]",[],[],discovery_only,true,"[""yc_real_estate_construction_2026-08-30""]",1,[],[],"[""https://ycombinator.com/companies/industry/real-estate-and-construction"",""https://ycombinator.com/companies/zorba""]","[""25573""]","[""W2022""]","[""Active""]",[],0,[],0,[],"[""Property data / transaction infrastructure""]","[""L2 Feasibility; L4 Design/BIM; L6 Marketing/sales; L12 Data/intelligence""]","[""A""]",[],"[""US""]","[""St. Petersburg, FL, USA""]",[],"[""AI copilot for real-estate sales teams, powered by proprietary data"",""Zorba is a real estate sales AI copilot, powered by proprietary vertical data, designed to help sales and customer success teams grow their client base and improve retention. It's used and trusted by both Fortune 500 and mid-market firms. With a multi-layered, LLM-driven engine, we’ve built a proprietary dataset of consolidated real estate entities, delivering real-time insights tailored specifically for the...""]","[""https://ycombinator.com/companies/industry/real-estate-and-construction"",""https://ycombinator.com/companies/zorba""]",2,"[""source_native_yc_identity""]",false,[],2026-08-30,"Discovery presence is not operating, traction, outcome, security or JCX-fit evidence."
