assertion_id,entity_id,entity_name,field_name,asserted_value,source_dataset,source_urls_json,observed_or_retrieved_at,legacy_evidence_grade,review_status
ast-9560e4a86a98,org-31ventures-1867c79,31VENTURES,canonical_url,https://www.31ventures.jp/en/,global_real_estate_pioneers_agent.csv,"[""https://31ventures.jp/en"",""https://31ventures.jp/en/about"",""https://31ventures.jp/en/case"",""https://31ventures.jp/en/fund""]",2026-08-30,A,preserved_source_assertion
ast-9bf34e270228,org-31ventures-1867c79,31VENTURES,entity_type,developer-led CVC venture client,global_real_estate_pioneers_agent.csv,"[""https://31ventures.jp/en"",""https://31ventures.jp/en/about"",""https://31ventures.jp/en/case"",""https://31ventures.jp/en/fund""]",2026-08-30,A,preserved_source_assertion
ast-cf3b5ebd6a58,org-31ventures-1867c79,31VENTURES,evidence_grade,A,global_real_estate_pioneers_agent.csv,"[""https://31ventures.jp/en"",""https://31ventures.jp/en/about"",""https://31ventures.jp/en/case"",""https://31ventures.jp/en/fund""]",2026-08-30,A,preserved_source_assertion
ast-da93c1bee18c,org-31ventures-1867c79,31VENTURES,hq_country,Japan,global_real_estate_pioneers_agent.csv,"[""https://31ventures.jp/en"",""https://31ventures.jp/en/about"",""https://31ventures.jp/en/case"",""https://31ventures.jp/en/fund""]",2026-08-30,A,preserved_source_assertion
ast-e4bbe9f9269d,org-31ventures-1867c79,31VENTURES,primary_lifecycle,L/S/H/O/E,global_real_estate_pioneers_agent.csv,"[""https://31ventures.jp/en"",""https://31ventures.jp/en/about"",""https://31ventures.jp/en/case"",""https://31ventures.jp/en/fund""]",2026-08-30,A,preserved_source_assertion
ast-805f4c8b57cb,org-31ventures-1867c79,31VENTURES,relevance_tier,A,global_real_estate_pioneers_agent.csv,"[""https://31ventures.jp/en"",""https://31ventures.jp/en/about"",""https://31ventures.jp/en/case"",""https://31ventures.jp/en/fund""]",2026-08-30,A,preserved_source_assertion
ast-07f552b9e161,org-31ventures-1867c79,31VENTURES,status,active,global_real_estate_pioneers_agent.csv,"[""https://31ventures.jp/en"",""https://31ventures.jp/en/about"",""https://31ventures.jp/en/case"",""https://31ventures.jp/en/fund""]",2026-08-30,A,preserved_source_assertion
ast-1330ec0e7fe7,org-99-group-12db5df,99-Group,business_model,advertising-subscriptions-data,regional_companies_agent.csv,"[""https://99.co/"",""https://99.co/about-us"",""https://99.co/about-us/indonesia""]",2026-08-30,B,preserved_source_assertion
ast-e4401e376a01,org-99-group-12db5df,99-Group,canonical_url,https://www.99.co/,regional_companies_agent.csv,"[""https://99.co/"",""https://99.co/about-us"",""https://99.co/about-us/indonesia""]",2026-08-30,B,preserved_source_assertion
ast-a1ee08160359,org-99-group-12db5df,99-Group,category,SEA-portal-data,regional_companies_agent.csv,"[""https://99.co/"",""https://99.co/about-us"",""https://99.co/about-us/indonesia""]",2026-08-30,B,preserved_source_assertion
ast-c3849e1af39d,org-99-group-12db5df,99-Group,cohort_or_ecosystem,East-Ventures-Sequoia-Gaw,regional_companies_agent.csv,"[""https://99.co/"",""https://99.co/about-us"",""https://99.co/about-us/indonesia""]",2026-08-30,B,preserved_source_assertion
ast-16e73f29294b,org-99-group-12db5df,99-Group,entity_type,private-growth,regional_companies_agent.csv,"[""https://99.co/"",""https://99.co/about-us"",""https://99.co/about-us/indonesia""]",2026-08-30,B,preserved_source_assertion
ast-a4af8b4dbdc7,org-99-group-12db5df,99-Group,evidence_grade,B,regional_companies_agent.csv,"[""https://99.co/"",""https://99.co/about-us"",""https://99.co/about-us/indonesia""]",2026-08-30,B,preserved_source_assertion
ast-a54fb5f5bb21,org-99-group-12db5df,99-Group,founding_year,2014,regional_companies_agent.csv,"[""https://99.co/"",""https://99.co/about-us"",""https://99.co/about-us/indonesia""]",2026-08-30,B,preserved_source_assertion
ast-0814d44703ff,org-99-group-12db5df,99-Group,hq_country,Singapore,regional_companies_agent.csv,"[""https://99.co/"",""https://99.co/about-us"",""https://99.co/about-us/indonesia""]",2026-08-30,B,preserved_source_assertion
ast-26c526ff0c37,org-99-group-12db5df,99-Group,maturity,scale,regional_companies_agent.csv,"[""https://99.co/"",""https://99.co/about-us"",""https://99.co/about-us/indonesia""]",2026-08-30,B,preserved_source_assertion
ast-54a111e7a36b,org-99-group-12db5df,99-Group,primary_lifecycle,property-discovery-advertising,regional_companies_agent.csv,"[""https://99.co/"",""https://99.co/about-us"",""https://99.co/about-us/indonesia""]",2026-08-30,B,preserved_source_assertion
ast-053fe9421019,org-99-group-12db5df,99-Group,relevance_tier,B,regional_companies_agent.csv,"[""https://99.co/"",""https://99.co/about-us"",""https://99.co/about-us/indonesia""]",2026-08-30,B,preserved_source_assertion
ast-88600dfe67df,org-99-group-12db5df,99-Group,secondary_lifecycle,market-intelligence-valuation-finance,regional_companies_agent.csv,"[""https://99.co/"",""https://99.co/about-us"",""https://99.co/about-us/indonesia""]",2026-08-30,B,preserved_source_assertion
ast-f7e033e26814,org-99-group-12db5df,99-Group,status,active,regional_companies_agent.csv,"[""https://99.co/"",""https://99.co/about-us"",""https://99.co/about-us/indonesia""]",2026-08-30,B,preserved_source_assertion
ast-84adf59b9296,org-99-group-12db5df,99-Group,status_as_of,2026-08-30,regional_companies_agent.csv,"[""https://99.co/"",""https://99.co/about-us"",""https://99.co/about-us/indonesia""]",2026-08-30,B,preserved_source_assertion
ast-3fe1b456f52b,org-accor-ce52bb6,Accor,business_model,"digital guest interaction, loyalty, hospitality operations and sustainability reporting",operator_coverage_additions.csv,"[""https://assets.group.accor.com/yrj0orc8tx24/dwdklcBVai21ztMLgb3A5/e53a5c4937c07351b855819fd097b8a6/ACCOR_DEU2025_MEL_US_270326.pdf"",""https://group.accor.com/en"",""https://group.accor.com/en/documents-publications"",""https://group.accor.com/en/finance/esg-reporting-ratings""]",2026-08-30,B,preserved_source_assertion
ast-422481052a00,org-accor-ce52bb6,Accor,canonical_url,https://group.accor.com/en/,operator_coverage_additions.csv,"[""https://assets.group.accor.com/yrj0orc8tx24/dwdklcBVai21ztMLgb3A5/e53a5c4937c07351b855819fd097b8a6/ACCOR_DEU2025_MEL_US_270326.pdf"",""https://group.accor.com/en"",""https://group.accor.com/en/documents-publications"",""https://group.accor.com/en/finance/esg-reporting-ratings""]",2026-08-30,B,preserved_source_assertion
ast-67d30adac53b,org-accor-ce52bb6,Accor,category,global multi-segment hospitality platform,operator_coverage_additions.csv,"[""https://assets.group.accor.com/yrj0orc8tx24/dwdklcBVai21ztMLgb3A5/e53a5c4937c07351b855819fd097b8a6/ACCOR_DEU2025_MEL_US_270326.pdf"",""https://group.accor.com/en"",""https://group.accor.com/en/documents-publications"",""https://group.accor.com/en/finance/esg-reporting-ratings""]",2026-08-30,B,preserved_source_assertion
ast-67facbdc5bdc,org-accor-ce52bb6,Accor,cohort_or_ecosystem,Independent,operator_coverage_additions.csv,"[""https://assets.group.accor.com/yrj0orc8tx24/dwdklcBVai21ztMLgb3A5/e53a5c4937c07351b855819fd097b8a6/ACCOR_DEU2025_MEL_US_270326.pdf"",""https://group.accor.com/en"",""https://group.accor.com/en/documents-publications"",""https://group.accor.com/en/finance/esg-reporting-ratings""]",2026-08-30,B,preserved_source_assertion
ast-73f020c04069,org-accor-ce52bb6,Accor,entity_type,"asset-light hotel, residence, rental, workspace and experience platform",operator_coverage_additions.csv,"[""https://assets.group.accor.com/yrj0orc8tx24/dwdklcBVai21ztMLgb3A5/e53a5c4937c07351b855819fd097b8a6/ACCOR_DEU2025_MEL_US_270326.pdf"",""https://group.accor.com/en"",""https://group.accor.com/en/documents-publications"",""https://group.accor.com/en/finance/esg-reporting-ratings""]",2026-08-30,B,preserved_source_assertion
ast-dc0e417e5c07,org-accor-ce52bb6,Accor,evidence_grade,B,operator_coverage_additions.csv,"[""https://assets.group.accor.com/yrj0orc8tx24/dwdklcBVai21ztMLgb3A5/e53a5c4937c07351b855819fd097b8a6/ACCOR_DEU2025_MEL_US_270326.pdf"",""https://group.accor.com/en"",""https://group.accor.com/en/documents-publications"",""https://group.accor.com/en/finance/esg-reporting-ratings""]",2026-08-30,B,preserved_source_assertion
ast-9d5f520e8f6f,org-accor-ce52bb6,Accor,founding_year,1967,operator_coverage_additions.csv,"[""https://assets.group.accor.com/yrj0orc8tx24/dwdklcBVai21ztMLgb3A5/e53a5c4937c07351b855819fd097b8a6/ACCOR_DEU2025_MEL_US_270326.pdf"",""https://group.accor.com/en"",""https://group.accor.com/en/documents-publications"",""https://group.accor.com/en/finance/esg-reporting-ratings""]",2026-08-30,B,preserved_source_assertion
ast-942982e23ac7,org-accor-ce52bb6,Accor,hq_country,France,operator_coverage_additions.csv,"[""https://assets.group.accor.com/yrj0orc8tx24/dwdklcBVai21ztMLgb3A5/e53a5c4937c07351b855819fd097b8a6/ACCOR_DEU2025_MEL_US_270326.pdf"",""https://group.accor.com/en"",""https://group.accor.com/en/documents-publications"",""https://group.accor.com/en/finance/esg-reporting-ratings""]",2026-08-30,B,preserved_source_assertion
ast-ab8bf2434263,org-accor-ce52bb6,Accor,maturity,scale platform,operator_coverage_additions.csv,"[""https://assets.group.accor.com/yrj0orc8tx24/dwdklcBVai21ztMLgb3A5/e53a5c4937c07351b855819fd097b8a6/ACCOR_DEU2025_MEL_US_270326.pdf"",""https://group.accor.com/en"",""https://group.accor.com/en/documents-publications"",""https://group.accor.com/en/finance/esg-reporting-ratings""]",2026-08-30,B,preserved_source_assertion
ast-bed998bc1599,org-accor-ce52bb6,Accor,primary_lifecycle,D/S/H/O/E/F,operator_coverage_additions.csv,"[""https://assets.group.accor.com/yrj0orc8tx24/dwdklcBVai21ztMLgb3A5/e53a5c4937c07351b855819fd097b8a6/ACCOR_DEU2025_MEL_US_270326.pdf"",""https://group.accor.com/en"",""https://group.accor.com/en/documents-publications"",""https://group.accor.com/en/finance/esg-reporting-ratings""]",2026-08-30,B,preserved_source_assertion
ast-6df999974a77,org-accor-ce52bb6,Accor,relevance_tier,B,operator_coverage_additions.csv,"[""https://assets.group.accor.com/yrj0orc8tx24/dwdklcBVai21ztMLgb3A5/e53a5c4937c07351b855819fd097b8a6/ACCOR_DEU2025_MEL_US_270326.pdf"",""https://group.accor.com/en"",""https://group.accor.com/en/documents-publications"",""https://group.accor.com/en/finance/esg-reporting-ratings""]",2026-08-30,B,preserved_source_assertion
ast-d7e054e09012,org-accor-ce52bb6,Accor,secondary_lifecycle,F,operator_coverage_additions.csv,"[""https://assets.group.accor.com/yrj0orc8tx24/dwdklcBVai21ztMLgb3A5/e53a5c4937c07351b855819fd097b8a6/ACCOR_DEU2025_MEL_US_270326.pdf"",""https://group.accor.com/en"",""https://group.accor.com/en/documents-publications"",""https://group.accor.com/en/finance/esg-reporting-ratings""]",2026-08-30,B,preserved_source_assertion
ast-416dec616cdd,org-accor-ce52bb6,Accor,status,active,operator_coverage_additions.csv,"[""https://assets.group.accor.com/yrj0orc8tx24/dwdklcBVai21ztMLgb3A5/e53a5c4937c07351b855819fd097b8a6/ACCOR_DEU2025_MEL_US_270326.pdf"",""https://group.accor.com/en"",""https://group.accor.com/en/documents-publications"",""https://group.accor.com/en/finance/esg-reporting-ratings""]",2026-08-30,B,preserved_source_assertion
ast-9dbe80460ae1,org-accor-ce52bb6,Accor,status_as_of,2026-08-30,operator_coverage_additions.csv,"[""https://assets.group.accor.com/yrj0orc8tx24/dwdklcBVai21ztMLgb3A5/e53a5c4937c07351b855819fd097b8a6/ACCOR_DEU2025_MEL_US_270326.pdf"",""https://group.accor.com/en"",""https://group.accor.com/en/documents-publications"",""https://group.accor.com/en/finance/esg-reporting-ratings""]",2026-08-30,B,preserved_source_assertion
ast-98e6f6ceb63c,org-agave-d371575,Agave,business_model,API SaaS,coverage_gap_additions.csv,"[""https://ycombinator.com/companies/agave""]",2026-08-30,A,preserved_source_assertion
ast-8ce27a79dc09,org-agave-d371575,Agave,canonical_url,https://www.ycombinator.com/companies/agave,coverage_gap_additions.csv,"[""https://ycombinator.com/companies/agave""]",2026-08-30,A,preserved_source_assertion
ast-646719ea88e5,org-agave-d371575,Agave,category,financial operations APIs and AI for construction,coverage_gap_additions.csv,"[""https://ycombinator.com/companies/agave""]",2026-08-30,A,preserved_source_assertion
ast-2f2e9fbb7a6f,org-agave-d371575,Agave,cohort_or_ecosystem,Y Combinator W2022,coverage_gap_additions.csv,"[""https://ycombinator.com/companies/agave""]",2026-08-30,A,preserved_source_assertion
ast-1a072e983d24,org-agave-d371575,Agave,entity_type,private startup,coverage_gap_additions.csv,"[""https://ycombinator.com/companies/agave""]",2026-08-30,A,preserved_source_assertion
ast-207e42897c93,org-agave-d371575,Agave,evidence_grade,A,coverage_gap_additions.csv,"[""https://ycombinator.com/companies/agave""]",2026-08-30,A,preserved_source_assertion
ast-873d67243ab2,org-agave-d371575,Agave,founding_year,2022,coverage_gap_additions.csv,"[""https://ycombinator.com/companies/agave""]",2026-08-30,A,preserved_source_assertion
ast-b0e599e8842d,org-agave-d371575,Agave,hq_country,United States,coverage_gap_additions.csv,"[""https://ycombinator.com/companies/agave""]",2026-08-30,A,preserved_source_assertion
ast-f46c1c646943,org-agave-d371575,Agave,maturity,scaleup,coverage_gap_additions.csv,"[""https://ycombinator.com/companies/agave""]",2026-08-30,A,preserved_source_assertion
ast-079feddab208,org-agave-d371575,Agave,primary_lifecycle,L5 Construction,coverage_gap_additions.csv,"[""https://ycombinator.com/companies/agave""]",2026-08-30,A,preserved_source_assertion
ast-0268aed1a167,org-agave-d371575,Agave,relevance_tier,B,coverage_gap_additions.csv,"[""https://ycombinator.com/companies/agave""]",2026-08-30,A,preserved_source_assertion
ast-8e4210540f83,org-agave-d371575,Agave,secondary_lifecycle,L3 Capital/finance,coverage_gap_additions.csv,"[""https://ycombinator.com/companies/agave""]",2026-08-30,A,preserved_source_assertion
ast-2f6d4ebb0154,org-agave-d371575,Agave,status,active,coverage_gap_additions.csv,"[""https://ycombinator.com/companies/agave""]",2026-08-30,A,preserved_source_assertion
ast-e5646cff5bd8,org-agave-d371575,Agave,status_as_of,2026-08-30,coverage_gap_additions.csv,"[""https://ycombinator.com/companies/agave""]",2026-08-30,A,preserved_source_assertion
ast-f0472c7d5640,org-ai-realestate-d2e60f1,Ai.realestate,business_model,SaaS/AI,proptech_startups_agent.csv,"[""https://nar-reach.com/second-century-ventures-announces-6-technology-companies-for-2026-reach-scale-up-program""]",2026-08-30,A,preserved_source_assertion
ast-4fadad6c890b,org-ai-realestate-d2e60f1,Ai.realestate,canonical_url,https://www.nar-reach.com/second-century-ventures-announces-6-technology-companies-for-2026-reach-scale-up-program,proptech_startups_agent.csv,"[""https://nar-reach.com/second-century-ventures-announces-6-technology-companies-for-2026-reach-scale-up-program""]",2026-08-30,A,preserved_source_assertion
ast-b0b83d298c77,org-ai-realestate-d2e60f1,Ai.realestate,category,Real-estate data intelligence,proptech_startups_agent.csv,"[""https://nar-reach.com/second-century-ventures-announces-6-technology-companies-for-2026-reach-scale-up-program""]",2026-08-30,A,preserved_source_assertion
ast-db55b99f8cdc,org-ai-realestate-d2e60f1,Ai.realestate,cohort_or_ecosystem,NAR REACH US Residential 2026,proptech_startups_agent.csv,"[""https://nar-reach.com/second-century-ventures-announces-6-technology-companies-for-2026-reach-scale-up-program""]",2026-08-30,A,preserved_source_assertion
ast-56020d828749,org-ai-realestate-d2e60f1,Ai.realestate,entity_type,Company,proptech_startups_agent.csv,"[""https://nar-reach.com/second-century-ventures-announces-6-technology-companies-for-2026-reach-scale-up-program""]",2026-08-30,A,preserved_source_assertion
ast-90dd9b5c5271,org-ai-realestate-d2e60f1,Ai.realestate,evidence_grade,A,proptech_startups_agent.csv,"[""https://nar-reach.com/second-century-ventures-announces-6-technology-companies-for-2026-reach-scale-up-program""]",2026-08-30,A,preserved_source_assertion
ast-bdb2e18f8f1d,org-ai-realestate-d2e60f1,Ai.realestate,founding_year,Unknown,proptech_startups_agent.csv,"[""https://nar-reach.com/second-century-ventures-announces-6-technology-companies-for-2026-reach-scale-up-program""]",2026-08-30,A,preserved_source_assertion
ast-02877ff7eba0,org-ai-realestate-d2e60f1,Ai.realestate,hq_country,United States,proptech_startups_agent.csv,"[""https://nar-reach.com/second-century-ventures-announces-6-technology-companies-for-2026-reach-scale-up-program""]",2026-08-30,A,preserved_source_assertion
ast-23316725ca67,org-ai-realestate-d2e60f1,Ai.realestate,maturity,Early,proptech_startups_agent.csv,"[""https://nar-reach.com/second-century-ventures-announces-6-technology-companies-for-2026-reach-scale-up-program""]",2026-08-30,A,preserved_source_assertion
ast-80178bf79f65,org-ai-realestate-d2e60f1,Ai.realestate,primary_lifecycle,Sales,proptech_startups_agent.csv,"[""https://nar-reach.com/second-century-ventures-announces-6-technology-companies-for-2026-reach-scale-up-program""]",2026-08-30,A,preserved_source_assertion
ast-21fcf6871568,org-ai-realestate-d2e60f1,Ai.realestate,relevance_tier,B,proptech_startups_agent.csv,"[""https://nar-reach.com/second-century-ventures-announces-6-technology-companies-for-2026-reach-scale-up-program""]",2026-08-30,A,preserved_source_assertion
ast-ac68bf15ac92,org-ai-realestate-d2e60f1,Ai.realestate,secondary_lifecycle,Data,proptech_startups_agent.csv,"[""https://nar-reach.com/second-century-ventures-announces-6-technology-companies-for-2026-reach-scale-up-program""]",2026-08-30,A,preserved_source_assertion
ast-755c9b19895c,org-ai-realestate-d2e60f1,Ai.realestate,status,Selected 2026 cohort,proptech_startups_agent.csv,"[""https://nar-reach.com/second-century-ventures-announces-6-technology-companies-for-2026-reach-scale-up-program""]",2026-08-30,A,preserved_source_assertion
ast-a492927002bf,org-ai-realestate-d2e60f1,Ai.realestate,status_as_of,2026-08-30,proptech_startups_agent.csv,"[""https://nar-reach.com/second-century-ventures-announces-6-technology-companies-for-2026-reach-scale-up-program""]",2026-08-30,A,preserved_source_assertion
ast-0960df96442c,org-alchemist-built-world-adjacent-portfolio-c108545,Alchemist built-world adjacent portfolio,business_model,Portfolio/program,proptech_startups_agent.csv,"[""https://alchemistaccelerator.com/portfolio-2""]",2026-08-30,A,preserved_source_assertion
ast-ae983bf5c161,org-alchemist-built-world-adjacent-portfolio-c108545,Alchemist built-world adjacent portfolio,canonical_url,https://www.alchemistaccelerator.com/portfolio-2,proptech_startups_agent.csv,"[""https://alchemistaccelerator.com/portfolio-2""]",2026-08-30,A,preserved_source_assertion
ast-00e005ea9f71,org-alchemist-built-world-adjacent-portfolio-c108545,Alchemist built-world adjacent portfolio,category,Enterprise/deeptech ecosystem index,proptech_startups_agent.csv,"[""https://alchemistaccelerator.com/portfolio-2""]",2026-08-30,A,preserved_source_assertion
ast-16d368e917c9,org-alchemist-built-world-adjacent-portfolio-c108545,Alchemist built-world adjacent portfolio,cohort_or_ecosystem,Alchemist,proptech_startups_agent.csv,"[""https://alchemistaccelerator.com/portfolio-2""]",2026-08-30,A,preserved_source_assertion
ast-3cb0ed83526a,org-alchemist-built-world-adjacent-portfolio-c108545,Alchemist built-world adjacent portfolio,entity_type,Accelerator,proptech_startups_agent.csv,"[""https://alchemistaccelerator.com/portfolio-2""]",2026-08-30,A,preserved_source_assertion
ast-af284bcda959,org-alchemist-built-world-adjacent-portfolio-c108545,Alchemist built-world adjacent portfolio,evidence_grade,A,proptech_startups_agent.csv,"[""https://alchemistaccelerator.com/portfolio-2""]",2026-08-30,A,preserved_source_assertion
ast-3dff0d1c7572,org-alchemist-built-world-adjacent-portfolio-c108545,Alchemist built-world adjacent portfolio,founding_year,2012,proptech_startups_agent.csv,"[""https://alchemistaccelerator.com/portfolio-2""]",2026-08-30,A,preserved_source_assertion
ast-98a0de148ed5,org-alchemist-built-world-adjacent-portfolio-c108545,Alchemist built-world adjacent portfolio,hq_country,United States,proptech_startups_agent.csv,"[""https://alchemistaccelerator.com/portfolio-2""]",2026-08-30,A,preserved_source_assertion
ast-1dd3655e08dd,org-alchemist-built-world-adjacent-portfolio-c108545,Alchemist built-world adjacent portfolio,maturity,Portfolio index,proptech_startups_agent.csv,"[""https://alchemistaccelerator.com/portfolio-2""]",2026-08-30,A,preserved_source_assertion
ast-5d6950799ef4,org-alchemist-built-world-adjacent-portfolio-c108545,Alchemist built-world adjacent portfolio,primary_lifecycle,Construction,proptech_startups_agent.csv,"[""https://alchemistaccelerator.com/portfolio-2""]",2026-08-30,A,preserved_source_assertion
ast-b510cc871b7b,org-alchemist-built-world-adjacent-portfolio-c108545,Alchemist built-world adjacent portfolio,relevance_tier,C,proptech_startups_agent.csv,"[""https://alchemistaccelerator.com/portfolio-2""]",2026-08-30,A,preserved_source_assertion
ast-dd26ad4371d1,org-alchemist-built-world-adjacent-portfolio-c108545,Alchemist built-world adjacent portfolio,secondary_lifecycle,AI,proptech_startups_agent.csv,"[""https://alchemistaccelerator.com/portfolio-2""]",2026-08-30,A,preserved_source_assertion
ast-fae81a932793,org-alchemist-built-world-adjacent-portfolio-c108545,Alchemist built-world adjacent portfolio,status,Active index,proptech_startups_agent.csv,"[""https://alchemistaccelerator.com/portfolio-2""]",2026-08-30,A,preserved_source_assertion
ast-7c4bd315ac58,org-alchemist-built-world-adjacent-portfolio-c108545,Alchemist built-world adjacent portfolio,status_as_of,2026-08-30,proptech_startups_agent.csv,"[""https://alchemistaccelerator.com/portfolio-2""]",2026-08-30,A,preserved_source_assertion
ast-68e2a8c966dd,org-aldar-properties-4218e8b,Aldar Properties,canonical_url,https://www.aldar.com/,global_real_estate_pioneers_agent.csv,"[""https://aldar.com/"",""https://aldar.com/aldar-report2024/documents/aldar-annual-report-2024_compressed-1.pdf"",""https://cdn.aldar.com/en/news-and-media/aldar-fy-2024-financial-results""]",2026-08-30,A,preserved_source_assertion
ast-365fe188ef8a,org-aldar-properties-4218e8b,Aldar Properties,entity_type,developer asset manager education hospitality,global_real_estate_pioneers_agent.csv,"[""https://aldar.com/"",""https://aldar.com/aldar-report2024/documents/aldar-annual-report-2024_compressed-1.pdf"",""https://cdn.aldar.com/en/news-and-media/aldar-fy-2024-financial-results""]",2026-08-30,A,preserved_source_assertion
ast-ccabdc2dceb8,org-aldar-properties-4218e8b,Aldar Properties,evidence_grade,A,global_real_estate_pioneers_agent.csv,"[""https://aldar.com/"",""https://aldar.com/aldar-report2024/documents/aldar-annual-report-2024_compressed-1.pdf"",""https://cdn.aldar.com/en/news-and-media/aldar-fy-2024-financial-results""]",2026-08-30,A,preserved_source_assertion
ast-5c899213c095,org-aldar-properties-4218e8b,Aldar Properties,hq_country,United Arab Emirates,global_real_estate_pioneers_agent.csv,"[""https://aldar.com/"",""https://aldar.com/aldar-report2024/documents/aldar-annual-report-2024_compressed-1.pdf"",""https://cdn.aldar.com/en/news-and-media/aldar-fy-2024-financial-results""]",2026-08-30,A,preserved_source_assertion
ast-41ffdd8c44a5,org-aldar-properties-4218e8b,Aldar Properties,primary_lifecycle,L/S/F/H/O/E,global_real_estate_pioneers_agent.csv,"[""https://aldar.com/"",""https://aldar.com/aldar-report2024/documents/aldar-annual-report-2024_compressed-1.pdf"",""https://cdn.aldar.com/en/news-and-media/aldar-fy-2024-financial-results""]",2026-08-30,A,preserved_source_assertion
ast-ba5ccd9399f3,org-aldar-properties-4218e8b,Aldar Properties,relevance_tier,A,global_real_estate_pioneers_agent.csv,"[""https://aldar.com/"",""https://aldar.com/aldar-report2024/documents/aldar-annual-report-2024_compressed-1.pdf"",""https://cdn.aldar.com/en/news-and-media/aldar-fy-2024-financial-results""]",2026-08-30,A,preserved_source_assertion
ast-b105619d2bba,org-aldar-properties-4218e8b,Aldar Properties,status,active,global_real_estate_pioneers_agent.csv,"[""https://aldar.com/"",""https://aldar.com/aldar-report2024/documents/aldar-annual-report-2024_compressed-1.pdf"",""https://cdn.aldar.com/en/news-and-media/aldar-fy-2024-financial-results""]",2026-08-30,A,preserved_source_assertion
ast-1b8404827a7b,org-alice-technologies-3d2a5de,ALICE Technologies,business_model,enterprise SaaS subscription and implementation,final_residual_additions.csv,"[""https://alicetechnologies.com/"",""https://alicetechnologies.com/construction-optioneering"",""https://brickmortar.vc/portfolio"",""https://spark.jllt.com/portfolio""]",2026-08-30,A,preserved_source_assertion
ast-054e39a88b7b,org-alice-technologies-3d2a5de,ALICE Technologies,canonical_url,https://www.alicetechnologies.com/,final_residual_additions.csv,"[""https://alicetechnologies.com/"",""https://alicetechnologies.com/construction-optioneering"",""https://brickmortar.vc/portfolio"",""https://spark.jllt.com/portfolio""]",2026-08-30,A,preserved_source_assertion
ast-1c6f5b627ceb,org-alice-technologies-3d2a5de,ALICE Technologies,category,AI construction scheduling simulation and optioneering,final_residual_additions.csv,"[""https://alicetechnologies.com/"",""https://alicetechnologies.com/construction-optioneering"",""https://brickmortar.vc/portfolio"",""https://spark.jllt.com/portfolio""]",2026-08-30,A,preserved_source_assertion
ast-d1e9859ec291,org-alice-technologies-3d2a5de,ALICE Technologies,cohort_or_ecosystem,Brick & Mortar Ventures || JLL Spark,final_residual_additions.csv,"[""https://alicetechnologies.com/"",""https://alicetechnologies.com/construction-optioneering"",""https://brickmortar.vc/portfolio"",""https://spark.jllt.com/portfolio""]",2026-08-30,A,preserved_source_assertion
ast-9928f97233a7,org-alice-technologies-3d2a5de,ALICE Technologies,entity_type,private company,final_residual_additions.csv,"[""https://alicetechnologies.com/"",""https://alicetechnologies.com/construction-optioneering"",""https://brickmortar.vc/portfolio"",""https://spark.jllt.com/portfolio""]",2026-08-30,A,preserved_source_assertion
ast-a63517bae605,org-alice-technologies-3d2a5de,ALICE Technologies,evidence_grade,A,final_residual_additions.csv,"[""https://alicetechnologies.com/"",""https://alicetechnologies.com/construction-optioneering"",""https://brickmortar.vc/portfolio"",""https://spark.jllt.com/portfolio""]",2026-08-30,A,preserved_source_assertion
ast-64c3c1b6c370,org-alice-technologies-3d2a5de,ALICE Technologies,hq_country,United States,final_residual_additions.csv,"[""https://alicetechnologies.com/"",""https://alicetechnologies.com/construction-optioneering"",""https://brickmortar.vc/portfolio"",""https://spark.jllt.com/portfolio""]",2026-08-30,A,preserved_source_assertion
ast-3a9c5302e861,org-alice-technologies-3d2a5de,ALICE Technologies,maturity,scaleup,final_residual_additions.csv,"[""https://alicetechnologies.com/"",""https://alicetechnologies.com/construction-optioneering"",""https://brickmortar.vc/portfolio"",""https://spark.jllt.com/portfolio""]",2026-08-30,A,preserved_source_assertion
ast-658369e7ca3c,org-alice-technologies-3d2a5de,ALICE Technologies,primary_lifecycle,L5 Construction delivery,final_residual_additions.csv,"[""https://alicetechnologies.com/"",""https://alicetechnologies.com/construction-optioneering"",""https://brickmortar.vc/portfolio"",""https://spark.jllt.com/portfolio""]",2026-08-30,A,preserved_source_assertion
ast-2dc3f8ea909c,org-alice-technologies-3d2a5de,ALICE Technologies,relevance_tier,A,final_residual_additions.csv,"[""https://alicetechnologies.com/"",""https://alicetechnologies.com/construction-optioneering"",""https://brickmortar.vc/portfolio"",""https://spark.jllt.com/portfolio""]",2026-08-30,A,preserved_source_assertion
ast-cdc0788d92e8,org-alice-technologies-3d2a5de,ALICE Technologies,secondary_lifecycle,L2 Feasibility; L4 Design and preconstruction; L9 Portfolio management,final_residual_additions.csv,"[""https://alicetechnologies.com/"",""https://alicetechnologies.com/construction-optioneering"",""https://brickmortar.vc/portfolio"",""https://spark.jllt.com/portfolio""]",2026-08-30,A,preserved_source_assertion
ast-62d31b9b2e70,org-alice-technologies-3d2a5de,ALICE Technologies,status,active,final_residual_additions.csv,"[""https://alicetechnologies.com/"",""https://alicetechnologies.com/construction-optioneering"",""https://brickmortar.vc/portfolio"",""https://spark.jllt.com/portfolio""]",2026-08-30,A,preserved_source_assertion
ast-9a3a4d390628,org-alice-technologies-3d2a5de,ALICE Technologies,status_as_of,2026-08-30,final_residual_additions.csv,"[""https://alicetechnologies.com/"",""https://alicetechnologies.com/construction-optioneering"",""https://brickmortar.vc/portfolio"",""https://spark.jllt.com/portfolio""]",2026-08-30,A,preserved_source_assertion
ast-21d9388f5668,org-altus-group-argus-intelligence-argus-enterprise-3e9e2c7,Altus Group ARGUS Intelligence / ARGUS Enterprise,business_model,enterprise software licensing and cloud services,enterprise_platform_additions.csv,"[""https://altusgroup.com/argus"",""https://altusgroup.com/solutions/argus-enterprise"",""https://assets.ctfassets.net/8jgyidtgyr4v/5JvyDH3YNv4OXX5GbjMkvl/2a9d210f709762517c3e55477457ac3f/Altus_Group_Limited_MDA_2025Q4.pdf""]",2026-08-30,A,preserved_source_assertion
ast-fa267deef05d,org-altus-group-argus-intelligence-argus-enterprise-3e9e2c7,Altus Group ARGUS Intelligence / ARGUS Enterprise,canonical_url,https://www.altusgroup.com/solutions/argus-enterprise/,enterprise_platform_additions.csv,"[""https://altusgroup.com/argus"",""https://altusgroup.com/solutions/argus-enterprise"",""https://assets.ctfassets.net/8jgyidtgyr4v/5JvyDH3YNv4OXX5GbjMkvl/2a9d210f709762517c3e55477457ac3f/Altus_Group_Limited_MDA_2025Q4.pdf""]",2026-08-30,A,preserved_source_assertion
ast-71652f7bb369,org-altus-group-argus-intelligence-argus-enterprise-3e9e2c7,Altus Group ARGUS Intelligence / ARGUS Enterprise,category,commercial real-estate valuation cash-flow forecasting and portfolio intelligence,enterprise_platform_additions.csv,"[""https://altusgroup.com/argus"",""https://altusgroup.com/solutions/argus-enterprise"",""https://assets.ctfassets.net/8jgyidtgyr4v/5JvyDH3YNv4OXX5GbjMkvl/2a9d210f709762517c3e55477457ac3f/Altus_Group_Limited_MDA_2025Q4.pdf""]",2026-08-30,A,preserved_source_assertion
ast-7c69164b7eaa,org-altus-group-argus-intelligence-argus-enterprise-3e9e2c7,Altus Group ARGUS Intelligence / ARGUS Enterprise,cohort_or_ecosystem,Independent,enterprise_platform_additions.csv,"[""https://altusgroup.com/argus"",""https://altusgroup.com/solutions/argus-enterprise"",""https://assets.ctfassets.net/8jgyidtgyr4v/5JvyDH3YNv4OXX5GbjMkvl/2a9d210f709762517c3e55477457ac3f/Altus_Group_Limited_MDA_2025Q4.pdf""]",2026-08-30,A,preserved_source_assertion
ast-a66463e9933d,org-altus-group-argus-intelligence-argus-enterprise-3e9e2c7,Altus Group ARGUS Intelligence / ARGUS Enterprise,entity_type,public company,enterprise_platform_additions.csv,"[""https://altusgroup.com/argus"",""https://altusgroup.com/solutions/argus-enterprise"",""https://assets.ctfassets.net/8jgyidtgyr4v/5JvyDH3YNv4OXX5GbjMkvl/2a9d210f709762517c3e55477457ac3f/Altus_Group_Limited_MDA_2025Q4.pdf""]",2026-08-30,A,preserved_source_assertion
ast-cb9953c2a600,org-altus-group-argus-intelligence-argus-enterprise-3e9e2c7,Altus Group ARGUS Intelligence / ARGUS Enterprise,evidence_grade,A,enterprise_platform_additions.csv,"[""https://altusgroup.com/argus"",""https://altusgroup.com/solutions/argus-enterprise"",""https://assets.ctfassets.net/8jgyidtgyr4v/5JvyDH3YNv4OXX5GbjMkvl/2a9d210f709762517c3e55477457ac3f/Altus_Group_Limited_MDA_2025Q4.pdf""]",2026-08-30,A,preserved_source_assertion
ast-ce9970c23906,org-altus-group-argus-intelligence-argus-enterprise-3e9e2c7,Altus Group ARGUS Intelligence / ARGUS Enterprise,founding_year,unknown,enterprise_platform_additions.csv,"[""https://altusgroup.com/argus"",""https://altusgroup.com/solutions/argus-enterprise"",""https://assets.ctfassets.net/8jgyidtgyr4v/5JvyDH3YNv4OXX5GbjMkvl/2a9d210f709762517c3e55477457ac3f/Altus_Group_Limited_MDA_2025Q4.pdf""]",2026-08-30,A,preserved_source_assertion
ast-cff7c1aa32b8,org-altus-group-argus-intelligence-argus-enterprise-3e9e2c7,Altus Group ARGUS Intelligence / ARGUS Enterprise,hq_country,Canada,enterprise_platform_additions.csv,"[""https://altusgroup.com/argus"",""https://altusgroup.com/solutions/argus-enterprise"",""https://assets.ctfassets.net/8jgyidtgyr4v/5JvyDH3YNv4OXX5GbjMkvl/2a9d210f709762517c3e55477457ac3f/Altus_Group_Limited_MDA_2025Q4.pdf""]",2026-08-30,A,preserved_source_assertion
ast-c9f1e07c86af,org-altus-group-argus-intelligence-argus-enterprise-3e9e2c7,Altus Group ARGUS Intelligence / ARGUS Enterprise,maturity,enterprise,enterprise_platform_additions.csv,"[""https://altusgroup.com/argus"",""https://altusgroup.com/solutions/argus-enterprise"",""https://assets.ctfassets.net/8jgyidtgyr4v/5JvyDH3YNv4OXX5GbjMkvl/2a9d210f709762517c3e55477457ac3f/Altus_Group_Limited_MDA_2025Q4.pdf""]",2026-08-30,A,preserved_source_assertion
ast-314c58b67b20,org-altus-group-argus-intelligence-argus-enterprise-3e9e2c7,Altus Group ARGUS Intelligence / ARGUS Enterprise,primary_lifecycle,L2 Feasibility,enterprise_platform_additions.csv,"[""https://altusgroup.com/argus"",""https://altusgroup.com/solutions/argus-enterprise"",""https://assets.ctfassets.net/8jgyidtgyr4v/5JvyDH3YNv4OXX5GbjMkvl/2a9d210f709762517c3e55477457ac3f/Altus_Group_Limited_MDA_2025Q4.pdf""]",2026-08-30,A,preserved_source_assertion
ast-ca81aa8cfdbf,org-altus-group-argus-intelligence-argus-enterprise-3e9e2c7,Altus Group ARGUS Intelligence / ARGUS Enterprise,relevance_tier,A,enterprise_platform_additions.csv,"[""https://altusgroup.com/argus"",""https://altusgroup.com/solutions/argus-enterprise"",""https://assets.ctfassets.net/8jgyidtgyr4v/5JvyDH3YNv4OXX5GbjMkvl/2a9d210f709762517c3e55477457ac3f/Altus_Group_Limited_MDA_2025Q4.pdf""]",2026-08-30,A,preserved_source_assertion
ast-c7376c7d526a,org-altus-group-argus-intelligence-argus-enterprise-3e9e2c7,Altus Group ARGUS Intelligence / ARGUS Enterprise,secondary_lifecycle,L3 Capital/finance/L9 Portfolio,enterprise_platform_additions.csv,"[""https://altusgroup.com/argus"",""https://altusgroup.com/solutions/argus-enterprise"",""https://assets.ctfassets.net/8jgyidtgyr4v/5JvyDH3YNv4OXX5GbjMkvl/2a9d210f709762517c3e55477457ac3f/Altus_Group_Limited_MDA_2025Q4.pdf""]",2026-08-30,A,preserved_source_assertion
ast-164c8500cc24,org-altus-group-argus-intelligence-argus-enterprise-3e9e2c7,Altus Group ARGUS Intelligence / ARGUS Enterprise,status,active,enterprise_platform_additions.csv,"[""https://altusgroup.com/argus"",""https://altusgroup.com/solutions/argus-enterprise"",""https://assets.ctfassets.net/8jgyidtgyr4v/5JvyDH3YNv4OXX5GbjMkvl/2a9d210f709762517c3e55477457ac3f/Altus_Group_Limited_MDA_2025Q4.pdf""]",2026-08-30,A,preserved_source_assertion
ast-e02abd7dd041,org-altus-group-argus-intelligence-argus-enterprise-3e9e2c7,Altus Group ARGUS Intelligence / ARGUS Enterprise,status_as_of,2026-08-30,enterprise_platform_additions.csv,"[""https://altusgroup.com/argus"",""https://altusgroup.com/solutions/argus-enterprise"",""https://assets.ctfassets.net/8jgyidtgyr4v/5JvyDH3YNv4OXX5GbjMkvl/2a9d210f709762517c3e55477457ac3f/Altus_Group_Limited_MDA_2025Q4.pdf""]",2026-08-30,A,preserved_source_assertion
ast-d8ae091fc609,org-ampd-energy-d47df2a,Ampd Energy,business_model,Hardware plus software,proptech_startups_agent.csv,"[""https://ampd.energy/"",""https://tarongagroup.com/realtechx""]",2026-08-30,B,preserved_source_assertion
ast-4b3a8436f10f,org-ampd-energy-d47df2a,Ampd Energy,canonical_url,https://www.ampd.energy/,proptech_startups_agent.csv,"[""https://ampd.energy/"",""https://tarongagroup.com/realtechx""]",2026-08-30,B,preserved_source_assertion
ast-c9c0d3a07c0a,org-ampd-energy-d47df2a,Ampd Energy,category,Construction batteries,proptech_startups_agent.csv,"[""https://ampd.energy/"",""https://tarongagroup.com/realtechx""]",2026-08-30,B,preserved_source_assertion
ast-b4ef31a76d86,org-ampd-energy-d47df2a,Ampd Energy,cohort_or_ecosystem,Taronga RealTechX,proptech_startups_agent.csv,"[""https://ampd.energy/"",""https://tarongagroup.com/realtechx""]",2026-08-30,B,preserved_source_assertion
ast-93b9897b883a,org-ampd-energy-d47df2a,Ampd Energy,entity_type,Company,proptech_startups_agent.csv,"[""https://ampd.energy/"",""https://tarongagroup.com/realtechx""]",2026-08-30,B,preserved_source_assertion
ast-12a17c4e1efd,org-ampd-energy-d47df2a,Ampd Energy,evidence_grade,B,proptech_startups_agent.csv,"[""https://ampd.energy/"",""https://tarongagroup.com/realtechx""]",2026-08-30,B,preserved_source_assertion
ast-113f46ff3b2b,org-ampd-energy-d47df2a,Ampd Energy,founding_year,Unknown,proptech_startups_agent.csv,"[""https://ampd.energy/"",""https://tarongagroup.com/realtechx""]",2026-08-30,B,preserved_source_assertion
ast-6e7bce1cd3d5,org-ampd-energy-d47df2a,Ampd Energy,hq_country,Australia,proptech_startups_agent.csv,"[""https://ampd.energy/"",""https://tarongagroup.com/realtechx""]",2026-08-30,B,preserved_source_assertion
ast-ae9940768317,org-ampd-energy-d47df2a,Ampd Energy,maturity,Scaleup,proptech_startups_agent.csv,"[""https://ampd.energy/"",""https://tarongagroup.com/realtechx""]",2026-08-30,B,preserved_source_assertion
ast-b1a71ce23784,org-ampd-energy-d47df2a,Ampd Energy,primary_lifecycle,Construction,proptech_startups_agent.csv,"[""https://ampd.energy/"",""https://tarongagroup.com/realtechx""]",2026-08-30,B,preserved_source_assertion
ast-8909c7df73ed,org-ampd-energy-d47df2a,Ampd Energy,relevance_tier,C,proptech_startups_agent.csv,"[""https://ampd.energy/"",""https://tarongagroup.com/realtechx""]",2026-08-30,B,preserved_source_assertion
ast-20231e3a985b,org-ampd-energy-d47df2a,Ampd Energy,secondary_lifecycle,Climate,proptech_startups_agent.csv,"[""https://ampd.energy/"",""https://tarongagroup.com/realtechx""]",2026-08-30,B,preserved_source_assertion
ast-197d69ef5338,org-ampd-energy-d47df2a,Ampd Energy,status,Active,proptech_startups_agent.csv,"[""https://ampd.energy/"",""https://tarongagroup.com/realtechx""]",2026-08-30,B,preserved_source_assertion
ast-146cdff114e1,org-ampd-energy-d47df2a,Ampd Energy,status_as_of,2026-08-30,proptech_startups_agent.csv,"[""https://ampd.energy/"",""https://tarongagroup.com/realtechx""]",2026-08-30,B,preserved_source_assertion
ast-c9ffe33aa13d,org-appfolio-fa66ac8,AppFolio,business_model,SaaS,proptech_startups_agent.csv,"[""https://appfolio.com/""]",2026-08-30,A,preserved_source_assertion
ast-e0b4105deaa6,org-appfolio-fa66ac8,AppFolio,canonical_url,https://www.appfolio.com/,global_real_estate_pioneers_agent.csv,"[""https://appfolio.com/""]",2026-08-30,C,preserved_source_assertion
ast-e26631f91e31,org-appfolio-fa66ac8,AppFolio,canonical_url,https://www.appfolio.com/,proptech_startups_agent.csv,"[""https://appfolio.com/""]",2026-08-30,A,preserved_source_assertion
ast-3e80a0911fd7,org-appfolio-fa66ac8,AppFolio,category,Property management platform,proptech_startups_agent.csv,"[""https://appfolio.com/""]",2026-08-30,A,preserved_source_assertion
ast-7f2430e3f836,org-appfolio-fa66ac8,AppFolio,cohort_or_ecosystem,Independent,proptech_startups_agent.csv,"[""https://appfolio.com/""]",2026-08-30,A,preserved_source_assertion
ast-22699806c2f3,org-appfolio-fa66ac8,AppFolio,entity_type,Company,proptech_startups_agent.csv,"[""https://appfolio.com/""]",2026-08-30,A,preserved_source_assertion
ast-5ad9883d3a2d,org-appfolio-fa66ac8,AppFolio,entity_type,property management software,global_real_estate_pioneers_agent.csv,"[""https://appfolio.com/""]",2026-08-30,C,preserved_source_assertion
ast-8d1a20c32e4a,org-appfolio-fa66ac8,AppFolio,evidence_grade,A,proptech_startups_agent.csv,"[""https://appfolio.com/""]",2026-08-30,A,preserved_source_assertion
ast-d76341c78714,org-appfolio-fa66ac8,AppFolio,evidence_grade,C,global_real_estate_pioneers_agent.csv,"[""https://appfolio.com/""]",2026-08-30,C,preserved_source_assertion
ast-05b88f51e9df,org-appfolio-fa66ac8,AppFolio,founding_year,2006,proptech_startups_agent.csv,"[""https://appfolio.com/""]",2026-08-30,A,preserved_source_assertion
ast-2cf1b9fc24b3,org-appfolio-fa66ac8,AppFolio,hq_country,United States,global_real_estate_pioneers_agent.csv,"[""https://appfolio.com/""]",2026-08-30,C,preserved_source_assertion
ast-820b8f39f327,org-appfolio-fa66ac8,AppFolio,hq_country,United States,proptech_startups_agent.csv,"[""https://appfolio.com/""]",2026-08-30,A,preserved_source_assertion
ast-71f060a5cfb5,org-appfolio-fa66ac8,AppFolio,maturity,Public,proptech_startups_agent.csv,"[""https://appfolio.com/""]",2026-08-30,A,preserved_source_assertion
ast-3419c815b852,org-appfolio-fa66ac8,AppFolio,primary_lifecycle,F/S/H/O,global_real_estate_pioneers_agent.csv,"[""https://appfolio.com/""]",2026-08-30,C,preserved_source_assertion
ast-bc80bc5ad2d7,org-appfolio-fa66ac8,AppFolio,primary_lifecycle,Operations,proptech_startups_agent.csv,"[""https://appfolio.com/""]",2026-08-30,A,preserved_source_assertion
ast-0f363cebdb24,org-appfolio-fa66ac8,AppFolio,relevance_tier,A,proptech_startups_agent.csv,"[""https://appfolio.com/""]",2026-08-30,A,preserved_source_assertion
ast-ef157f18855a,org-appfolio-fa66ac8,AppFolio,relevance_tier,B,global_real_estate_pioneers_agent.csv,"[""https://appfolio.com/""]",2026-08-30,C,preserved_source_assertion
ast-167b6d2131aa,org-appfolio-fa66ac8,AppFolio,secondary_lifecycle,Sales,proptech_startups_agent.csv,"[""https://appfolio.com/""]",2026-08-30,A,preserved_source_assertion
ast-3c682a399934,org-appfolio-fa66ac8,AppFolio,status,Active,proptech_startups_agent.csv,"[""https://appfolio.com/""]",2026-08-30,A,preserved_source_assertion
ast-f97bdc08058b,org-appfolio-fa66ac8,AppFolio,status,active,global_real_estate_pioneers_agent.csv,"[""https://appfolio.com/""]",2026-08-30,C,preserved_source_assertion
ast-acf2a866bfc0,org-appfolio-fa66ac8,AppFolio,status_as_of,2026-08-30,proptech_startups_agent.csv,"[""https://appfolio.com/""]",2026-08-30,A,preserved_source_assertion
ast-3fe999b07e94,org-apply-design-73f51a0,Apply Design,business_model,subscription SaaS,coverage_gap_additions.csv,"[""https://ycombinator.com/companies/apply-design""]",2026-08-30,A,preserved_source_assertion
ast-ffafb89c9e21,org-apply-design-73f51a0,Apply Design,canonical_url,https://www.ycombinator.com/companies/apply-design,coverage_gap_additions.csv,"[""https://ycombinator.com/companies/apply-design""]",2026-08-30,A,preserved_source_assertion
ast-46128c44aaef,org-apply-design-73f51a0,Apply Design,category,AI virtual staging for property marketing,coverage_gap_additions.csv,"[""https://ycombinator.com/companies/apply-design""]",2026-08-30,A,preserved_source_assertion
ast-3a143bc956f4,org-apply-design-73f51a0,Apply Design,cohort_or_ecosystem,Y Combinator S2022,coverage_gap_additions.csv,"[""https://ycombinator.com/companies/apply-design""]",2026-08-30,A,preserved_source_assertion
ast-4b3a33f529a7,org-apply-design-73f51a0,Apply Design,entity_type,private startup,coverage_gap_additions.csv,"[""https://ycombinator.com/companies/apply-design""]",2026-08-30,A,preserved_source_assertion
ast-960680320236,org-apply-design-73f51a0,Apply Design,evidence_grade,A,coverage_gap_additions.csv,"[""https://ycombinator.com/companies/apply-design""]",2026-08-30,A,preserved_source_assertion
ast-58fdfd7f648b,org-apply-design-73f51a0,Apply Design,founding_year,2022,coverage_gap_additions.csv,"[""https://ycombinator.com/companies/apply-design""]",2026-08-30,A,preserved_source_assertion
ast-e93b17209c8a,org-apply-design-73f51a0,Apply Design,hq_country,Israel,coverage_gap_additions.csv,"[""https://ycombinator.com/companies/apply-design""]",2026-08-30,A,preserved_source_assertion
ast-4c498423f368,org-apply-design-73f51a0,Apply Design,maturity,scaleup,coverage_gap_additions.csv,"[""https://ycombinator.com/companies/apply-design""]",2026-08-30,A,preserved_source_assertion
ast-6c5e09e6224f,org-apply-design-73f51a0,Apply Design,primary_lifecycle,L6 Marketing/sales,coverage_gap_additions.csv,"[""https://ycombinator.com/companies/apply-design""]",2026-08-30,A,preserved_source_assertion
ast-cae769dfb4da,org-apply-design-73f51a0,Apply Design,relevance_tier,C,coverage_gap_additions.csv,"[""https://ycombinator.com/companies/apply-design""]",2026-08-30,A,preserved_source_assertion
ast-cf94730f53b6,org-apply-design-73f51a0,Apply Design,secondary_lifecycle,L11 Handover/end-of-life,coverage_gap_additions.csv,"[""https://ycombinator.com/companies/apply-design""]",2026-08-30,A,preserved_source_assertion
ast-07abcd5c584d,org-apply-design-73f51a0,Apply Design,status,active,coverage_gap_additions.csv,"[""https://ycombinator.com/companies/apply-design""]",2026-08-30,A,preserved_source_assertion
ast-7862109792b4,org-apply-design-73f51a0,Apply Design,status_as_of,2026-08-30,coverage_gap_additions.csv,"[""https://ycombinator.com/companies/apply-design""]",2026-08-30,A,preserved_source_assertion
ast-1e35f4747b87,org-archilabs-8f4d23e,ArchiLabs,canonical_url,https://www.ycombinator.com/companies/archilabs,global_real_estate_pioneers_agent.csv,"[""https://ycombinator.com/companies/archilabs""]",2026-08-30,D,preserved_source_assertion
ast-c895bd872739,org-archilabs-8f4d23e,ArchiLabs,entity_type,YC data-centre design startup,global_real_estate_pioneers_agent.csv,"[""https://ycombinator.com/companies/archilabs""]",2026-08-30,D,preserved_source_assertion
ast-e497678e118c,org-archilabs-8f4d23e,ArchiLabs,evidence_grade,D,global_real_estate_pioneers_agent.csv,"[""https://ycombinator.com/companies/archilabs""]",2026-08-30,D,preserved_source_assertion
ast-28a144623e91,org-archilabs-8f4d23e,ArchiLabs,hq_country,United States,global_real_estate_pioneers_agent.csv,"[""https://ycombinator.com/companies/archilabs""]",2026-08-30,D,preserved_source_assertion
ast-3f381ece2743,org-archilabs-8f4d23e,ArchiLabs,primary_lifecycle,D/C,global_real_estate_pioneers_agent.csv,"[""https://ycombinator.com/companies/archilabs""]",2026-08-30,D,preserved_source_assertion
ast-ddbf2952122e,org-archilabs-8f4d23e,ArchiLabs,relevance_tier,C,global_real_estate_pioneers_agent.csv,"[""https://ycombinator.com/companies/archilabs""]",2026-08-30,D,preserved_source_assertion
ast-6b29f0d00ca4,org-archilabs-8f4d23e,ArchiLabs,status,watchlist,global_real_estate_pioneers_agent.csv,"[""https://ycombinator.com/companies/archilabs""]",2026-08-30,D,preserved_source_assertion
ast-96f56c1367b6,org-archistar-2a1bcac,Archistar,business_model,subscription-data-pilots,regional_companies_agent.csv,"[""https://archistar.ai/"",""https://archistar.ai/for-property-developers-legacy"",""https://planning.nsw.gov.au/news/nsw-government-bringing-planning-21st-century""]",2026-08-30,A,preserved_source_assertion
ast-b1a7482a3e62,org-archistar-2a1bcac,Archistar,canonical_url,https://www.archistar.ai/,regional_companies_agent.csv,"[""https://archistar.ai/"",""https://archistar.ai/for-property-developers-legacy"",""https://planning.nsw.gov.au/news/nsw-government-bringing-planning-21st-century""]",2026-08-30,A,preserved_source_assertion
ast-18db085beca3,org-archistar-2a1bcac,Archistar,category,AI-feasibility-planning,regional_companies_agent.csv,"[""https://archistar.ai/"",""https://archistar.ai/for-property-developers-legacy"",""https://planning.nsw.gov.au/news/nsw-government-bringing-planning-21st-century""]",2026-08-30,A,preserved_source_assertion
ast-a8f4a27b103e,org-archistar-2a1bcac,Archistar,cohort_or_ecosystem,NSW-AI-Planning-panel-government-grant,regional_companies_agent.csv,"[""https://archistar.ai/"",""https://archistar.ai/for-property-developers-legacy"",""https://planning.nsw.gov.au/news/nsw-government-bringing-planning-21st-century""]",2026-08-30,A,preserved_source_assertion
ast-10534deca5f5,org-archistar-2a1bcac,Archistar,entity_type,private-startup,regional_companies_agent.csv,"[""https://archistar.ai/"",""https://archistar.ai/for-property-developers-legacy"",""https://planning.nsw.gov.au/news/nsw-government-bringing-planning-21st-century""]",2026-08-30,A,preserved_source_assertion
ast-6754dd25d199,org-archistar-2a1bcac,Archistar,evidence_grade,A,regional_companies_agent.csv,"[""https://archistar.ai/"",""https://archistar.ai/for-property-developers-legacy"",""https://planning.nsw.gov.au/news/nsw-government-bringing-planning-21st-century""]",2026-08-30,A,preserved_source_assertion
ast-0a1017a02f57,org-archistar-2a1bcac,Archistar,founding_year,Unknown,regional_companies_agent.csv,"[""https://archistar.ai/"",""https://archistar.ai/for-property-developers-legacy"",""https://planning.nsw.gov.au/news/nsw-government-bringing-planning-21st-century""]",2026-08-30,A,preserved_source_assertion
ast-f4337bb2eb3a,org-archistar-2a1bcac,Archistar,hq_country,Australia,regional_companies_agent.csv,"[""https://archistar.ai/"",""https://archistar.ai/for-property-developers-legacy"",""https://planning.nsw.gov.au/news/nsw-government-bringing-planning-21st-century""]",2026-08-30,A,preserved_source_assertion
ast-27a170308645,org-archistar-2a1bcac,Archistar,maturity,scale,regional_companies_agent.csv,"[""https://archistar.ai/"",""https://archistar.ai/for-property-developers-legacy"",""https://planning.nsw.gov.au/news/nsw-government-bringing-planning-21st-century""]",2026-08-30,A,preserved_source_assertion
ast-5d94b33f0894,org-archistar-2a1bcac,Archistar,primary_lifecycle,site-selection-feasibility,regional_companies_agent.csv,"[""https://archistar.ai/"",""https://archistar.ai/for-property-developers-legacy"",""https://planning.nsw.gov.au/news/nsw-government-bringing-planning-21st-century""]",2026-08-30,A,preserved_source_assertion
ast-818744607213,org-archistar-2a1bcac,Archistar,relevance_tier,A,regional_companies_agent.csv,"[""https://archistar.ai/"",""https://archistar.ai/for-property-developers-legacy"",""https://planning.nsw.gov.au/news/nsw-government-bringing-planning-21st-century""]",2026-08-30,A,preserved_source_assertion
ast-59b52b5c12ce,org-archistar-2a1bcac,Archistar,secondary_lifecycle,3D-generative-design-applications,regional_companies_agent.csv,"[""https://archistar.ai/"",""https://archistar.ai/for-property-developers-legacy"",""https://planning.nsw.gov.au/news/nsw-government-bringing-planning-21st-century""]",2026-08-30,A,preserved_source_assertion
ast-d3989159eeb1,org-archistar-2a1bcac,Archistar,status,active,regional_companies_agent.csv,"[""https://archistar.ai/"",""https://archistar.ai/for-property-developers-legacy"",""https://planning.nsw.gov.au/news/nsw-government-bringing-planning-21st-century""]",2026-08-30,A,preserved_source_assertion
ast-98438b4b9d0d,org-archistar-2a1bcac,Archistar,status_as_of,2026-08-30,regional_companies_agent.csv,"[""https://archistar.ai/"",""https://archistar.ai/for-property-developers-legacy"",""https://planning.nsw.gov.au/news/nsw-government-bringing-planning-21st-century""]",2026-08-30,A,preserved_source_assertion
ast-3008de409cc4,org-asano-7c359e8,Asano,business_model,SaaS/data,proptech_startups_agent.csv,"[""https://nar-reach.com/news""]",2026-08-30,A,preserved_source_assertion
ast-fc379248a5c5,org-asano-7c359e8,Asano,canonical_url,https://www.nar-reach.com/news,proptech_startups_agent.csv,"[""https://nar-reach.com/news""]",2026-08-30,A,preserved_source_assertion
ast-d2466310857a,org-asano-7c359e8,Asano,category,Development intelligence,proptech_startups_agent.csv,"[""https://nar-reach.com/news""]",2026-08-30,A,preserved_source_assertion
ast-4bfb4afcac68,org-asano-7c359e8,Asano,cohort_or_ecosystem,NAR REACH Middle East 2026,proptech_startups_agent.csv,"[""https://nar-reach.com/news""]",2026-08-30,A,preserved_source_assertion
ast-183e1cc8aba9,org-asano-7c359e8,Asano,entity_type,Company,proptech_startups_agent.csv,"[""https://nar-reach.com/news""]",2026-08-30,A,preserved_source_assertion
ast-8eb0095339d0,org-asano-7c359e8,Asano,evidence_grade,A,proptech_startups_agent.csv,"[""https://nar-reach.com/news""]",2026-08-30,A,preserved_source_assertion
ast-206815172c2e,org-asano-7c359e8,Asano,founding_year,Unknown,proptech_startups_agent.csv,"[""https://nar-reach.com/news""]",2026-08-30,A,preserved_source_assertion
ast-b68cfd61b75a,org-asano-7c359e8,Asano,hq_country,United Arab Emirates,proptech_startups_agent.csv,"[""https://nar-reach.com/news""]",2026-08-30,A,preserved_source_assertion
ast-3339b92d701e,org-asano-7c359e8,Asano,maturity,Early,proptech_startups_agent.csv,"[""https://nar-reach.com/news""]",2026-08-30,A,preserved_source_assertion
ast-d730125b2df0,org-asano-7c359e8,Asano,primary_lifecycle,Land,proptech_startups_agent.csv,"[""https://nar-reach.com/news""]",2026-08-30,A,preserved_source_assertion
ast-58b7eb67d458,org-asano-7c359e8,Asano,relevance_tier,B,proptech_startups_agent.csv,"[""https://nar-reach.com/news""]",2026-08-30,A,preserved_source_assertion
ast-71f3f4b9ba9a,org-asano-7c359e8,Asano,secondary_lifecycle,Finance,proptech_startups_agent.csv,"[""https://nar-reach.com/news""]",2026-08-30,A,preserved_source_assertion
ast-ca25a7061ee1,org-asano-7c359e8,Asano,status,Selected 2026 cohort,proptech_startups_agent.csv,"[""https://nar-reach.com/news""]",2026-08-30,A,preserved_source_assertion
ast-e762a3034cfe,org-asano-7c359e8,Asano,status_as_of,2026-08-30,proptech_startups_agent.csv,"[""https://nar-reach.com/news""]",2026-08-30,A,preserved_source_assertion
ast-2774a3aa7e24,org-assembly-hoa-ccdf571,Assembly HOA,business_model,managed service plus software,coverage_gap_additions.csv,"[""https://ycombinator.com/companies/assembly-hoa""]",2026-08-30,A,preserved_source_assertion
ast-a483d47702c9,org-assembly-hoa-ccdf571,Assembly HOA,canonical_url,https://www.ycombinator.com/companies/assembly-hoa,coverage_gap_additions.csv,"[""https://ycombinator.com/companies/assembly-hoa""]",2026-08-30,A,preserved_source_assertion
ast-14ba00e116fc,org-assembly-hoa-ccdf571,Assembly HOA,category,AI-native HOA management and community operations,coverage_gap_additions.csv,"[""https://ycombinator.com/companies/assembly-hoa""]",2026-08-30,A,preserved_source_assertion
ast-dd587f1e3bbe,org-assembly-hoa-ccdf571,Assembly HOA,cohort_or_ecosystem,Y Combinator S2024,coverage_gap_additions.csv,"[""https://ycombinator.com/companies/assembly-hoa""]",2026-08-30,A,preserved_source_assertion
ast-7db07d370582,org-assembly-hoa-ccdf571,Assembly HOA,entity_type,private startup,coverage_gap_additions.csv,"[""https://ycombinator.com/companies/assembly-hoa""]",2026-08-30,A,preserved_source_assertion
ast-37e5bfd8a6c3,org-assembly-hoa-ccdf571,Assembly HOA,evidence_grade,A,coverage_gap_additions.csv,"[""https://ycombinator.com/companies/assembly-hoa""]",2026-08-30,A,preserved_source_assertion
ast-78f6b3810e47,org-assembly-hoa-ccdf571,Assembly HOA,founding_year,2024,coverage_gap_additions.csv,"[""https://ycombinator.com/companies/assembly-hoa""]",2026-08-30,A,preserved_source_assertion
ast-14122e60a4b4,org-assembly-hoa-ccdf571,Assembly HOA,hq_country,United States,coverage_gap_additions.csv,"[""https://ycombinator.com/companies/assembly-hoa""]",2026-08-30,A,preserved_source_assertion
ast-777b84915c85,org-assembly-hoa-ccdf571,Assembly HOA,maturity,early-growth,coverage_gap_additions.csv,"[""https://ycombinator.com/companies/assembly-hoa""]",2026-08-30,A,preserved_source_assertion
ast-8b6498d50a14,org-assembly-hoa-ccdf571,Assembly HOA,primary_lifecycle,L8 Property operations,coverage_gap_additions.csv,"[""https://ycombinator.com/companies/assembly-hoa""]",2026-08-30,A,preserved_source_assertion
ast-17b5169a9536,org-assembly-hoa-ccdf571,Assembly HOA,relevance_tier,B,coverage_gap_additions.csv,"[""https://ycombinator.com/companies/assembly-hoa""]",2026-08-30,A,preserved_source_assertion
ast-de1b6ec76f64,org-assembly-hoa-ccdf571,Assembly HOA,secondary_lifecycle,L7 Occupancy,coverage_gap_additions.csv,"[""https://ycombinator.com/companies/assembly-hoa""]",2026-08-30,A,preserved_source_assertion
ast-95d81b60b7d3,org-assembly-hoa-ccdf571,Assembly HOA,status,active,coverage_gap_additions.csv,"[""https://ycombinator.com/companies/assembly-hoa""]",2026-08-30,A,preserved_source_assertion
ast-de2123ee6bf5,org-assembly-hoa-ccdf571,Assembly HOA,status_as_of,2026-08-30,coverage_gap_additions.csv,"[""https://ycombinator.com/companies/assembly-hoa""]",2026-08-30,A,preserved_source_assertion
ast-09cb78dec680,org-association-online-7880320,Association Online,business_model,SaaS,proptech_startups_agent.csv,"[""https://nar-reach.com/second-century-ventures-announces-6-technology-companies-for-2026-reach-scale-up-program""]",2026-08-30,A,preserved_source_assertion
ast-5d8f5eff147b,org-association-online-7880320,Association Online,canonical_url,https://www.nar-reach.com/second-century-ventures-announces-6-technology-companies-for-2026-reach-scale-up-program,proptech_startups_agent.csv,"[""https://nar-reach.com/second-century-ventures-announces-6-technology-companies-for-2026-reach-scale-up-program""]",2026-08-30,A,preserved_source_assertion
ast-e56995b648ab,org-association-online-7880320,Association Online,category,HOA data/transparency,proptech_startups_agent.csv,"[""https://nar-reach.com/second-century-ventures-announces-6-technology-companies-for-2026-reach-scale-up-program""]",2026-08-30,A,preserved_source_assertion
ast-874e9e460f00,org-association-online-7880320,Association Online,cohort_or_ecosystem,NAR REACH US Residential 2026,proptech_startups_agent.csv,"[""https://nar-reach.com/second-century-ventures-announces-6-technology-companies-for-2026-reach-scale-up-program""]",2026-08-30,A,preserved_source_assertion
ast-50d5187ee21c,org-association-online-7880320,Association Online,entity_type,Company,proptech_startups_agent.csv,"[""https://nar-reach.com/second-century-ventures-announces-6-technology-companies-for-2026-reach-scale-up-program""]",2026-08-30,A,preserved_source_assertion
ast-0e83d0a5a1bf,org-association-online-7880320,Association Online,evidence_grade,A,proptech_startups_agent.csv,"[""https://nar-reach.com/second-century-ventures-announces-6-technology-companies-for-2026-reach-scale-up-program""]",2026-08-30,A,preserved_source_assertion
ast-7bfc2bd38976,org-association-online-7880320,Association Online,founding_year,Unknown,proptech_startups_agent.csv,"[""https://nar-reach.com/second-century-ventures-announces-6-technology-companies-for-2026-reach-scale-up-program""]",2026-08-30,A,preserved_source_assertion
ast-e1e4b19cafc4,org-association-online-7880320,Association Online,hq_country,United States,proptech_startups_agent.csv,"[""https://nar-reach.com/second-century-ventures-announces-6-technology-companies-for-2026-reach-scale-up-program""]",2026-08-30,A,preserved_source_assertion
ast-fe6f61844296,org-association-online-7880320,Association Online,maturity,Early,proptech_startups_agent.csv,"[""https://nar-reach.com/second-century-ventures-announces-6-technology-companies-for-2026-reach-scale-up-program""]",2026-08-30,A,preserved_source_assertion
ast-1532980d3ef2,org-association-online-7880320,Association Online,primary_lifecycle,Transaction,proptech_startups_agent.csv,"[""https://nar-reach.com/second-century-ventures-announces-6-technology-companies-for-2026-reach-scale-up-program""]",2026-08-30,A,preserved_source_assertion
ast-3af1365e3a73,org-association-online-7880320,Association Online,relevance_tier,B,proptech_startups_agent.csv,"[""https://nar-reach.com/second-century-ventures-announces-6-technology-companies-for-2026-reach-scale-up-program""]",2026-08-30,A,preserved_source_assertion
ast-80cbd81c2150,org-association-online-7880320,Association Online,secondary_lifecycle,Legal,proptech_startups_agent.csv,"[""https://nar-reach.com/second-century-ventures-announces-6-technology-companies-for-2026-reach-scale-up-program""]",2026-08-30,A,preserved_source_assertion
ast-b3ac4da3bf2c,org-association-online-7880320,Association Online,status,Selected 2026 cohort,proptech_startups_agent.csv,"[""https://nar-reach.com/second-century-ventures-announces-6-technology-companies-for-2026-reach-scale-up-program""]",2026-08-30,A,preserved_source_assertion
ast-4c93b376492b,org-association-online-7880320,Association Online,status_as_of,2026-08-30,proptech_startups_agent.csv,"[""https://nar-reach.com/second-century-ventures-announces-6-technology-companies-for-2026-reach-scale-up-program""]",2026-08-30,A,preserved_source_assertion
ast-8934311a9765,org-auar-c47f01d,AUAR,business_model,hardware plus deployment services,startup_core_additions.csv,"[""https://auar.io/"",""https://auar.io/how-it-works"",""https://shadow.vc/investments/auar""]",2026-08-30,A,preserved_source_assertion
ast-cf168479562c,org-auar-c47f01d,AUAR,canonical_url,https://auar.io/,startup_core_additions.csv,"[""https://auar.io/"",""https://auar.io/how-it-works"",""https://shadow.vc/investments/auar""]",2026-08-30,A,preserved_source_assertion
ast-f4885b1404ff,org-auar-c47f01d,AUAR,category,automated architecture and modular construction robotics,startup_core_additions.csv,"[""https://auar.io/"",""https://auar.io/how-it-works"",""https://shadow.vc/investments/auar""]",2026-08-30,A,preserved_source_assertion
ast-527e7cd479d8,org-auar-c47f01d,AUAR,cohort_or_ecosystem,Shadow Ventures,startup_core_additions.csv,"[""https://auar.io/"",""https://auar.io/how-it-works"",""https://shadow.vc/investments/auar""]",2026-08-30,A,preserved_source_assertion
ast-bfd9d3c6a7bb,org-auar-c47f01d,AUAR,entity_type,private company,startup_core_additions.csv,"[""https://auar.io/"",""https://auar.io/how-it-works"",""https://shadow.vc/investments/auar""]",2026-08-30,A,preserved_source_assertion
ast-c81923537a83,org-auar-c47f01d,AUAR,evidence_grade,A,startup_core_additions.csv,"[""https://auar.io/"",""https://auar.io/how-it-works"",""https://shadow.vc/investments/auar""]",2026-08-30,A,preserved_source_assertion
ast-639c73beffb7,org-auar-c47f01d,AUAR,hq_country,United Kingdom,startup_core_additions.csv,"[""https://auar.io/"",""https://auar.io/how-it-works"",""https://shadow.vc/investments/auar""]",2026-08-30,A,preserved_source_assertion
ast-85f23cda7447,org-auar-c47f01d,AUAR,maturity,seed,startup_core_additions.csv,"[""https://auar.io/"",""https://auar.io/how-it-works"",""https://shadow.vc/investments/auar""]",2026-08-30,A,preserved_source_assertion
ast-63159e9d57b5,org-auar-c47f01d,AUAR,primary_lifecycle,L5 Construction,startup_core_additions.csv,"[""https://auar.io/"",""https://auar.io/how-it-works"",""https://shadow.vc/investments/auar""]",2026-08-30,A,preserved_source_assertion
ast-089712e56446,org-auar-c47f01d,AUAR,relevance_tier,A,startup_core_additions.csv,"[""https://auar.io/"",""https://auar.io/how-it-works"",""https://shadow.vc/investments/auar""]",2026-08-30,A,preserved_source_assertion
ast-290f7d7013d5,org-auar-c47f01d,AUAR,secondary_lifecycle,L4 Design,startup_core_additions.csv,"[""https://auar.io/"",""https://auar.io/how-it-works"",""https://shadow.vc/investments/auar""]",2026-08-30,A,preserved_source_assertion
ast-9c63e2b9c631,org-auar-c47f01d,AUAR,status,active,startup_core_additions.csv,"[""https://auar.io/"",""https://auar.io/how-it-works"",""https://shadow.vc/investments/auar""]",2026-08-30,A,preserved_source_assertion
ast-a69d2e311762,org-auar-c47f01d,AUAR,status_as_of,2026-08-30,startup_core_additions.csv,"[""https://auar.io/"",""https://auar.io/how-it-works"",""https://shadow.vc/investments/auar""]",2026-08-30,A,preserved_source_assertion
ast-715fbcdd9062,org-aurora-solar-62db3f0,Aurora Solar,business_model,SaaS,proptech_startups_agent.csv,"[""https://aurorasolar.com/"",""https://fifthwall.com/portfolio""]",2026-08-30,A,preserved_source_assertion
ast-4d26eb7ac650,org-aurora-solar-62db3f0,Aurora Solar,canonical_url,https://www.aurorasolar.com/,proptech_startups_agent.csv,"[""https://aurorasolar.com/"",""https://fifthwall.com/portfolio""]",2026-08-30,A,preserved_source_assertion
ast-c8d14952e3ac,org-aurora-solar-62db3f0,Aurora Solar,category,Solar design sales finance,proptech_startups_agent.csv,"[""https://aurorasolar.com/"",""https://fifthwall.com/portfolio""]",2026-08-30,A,preserved_source_assertion
ast-34f5ccbdb9f6,org-aurora-solar-62db3f0,Aurora Solar,cohort_or_ecosystem,Fifth Wall,proptech_startups_agent.csv,"[""https://aurorasolar.com/"",""https://fifthwall.com/portfolio""]",2026-08-30,A,preserved_source_assertion
ast-cc827eb3dd9f,org-aurora-solar-62db3f0,Aurora Solar,entity_type,Company,proptech_startups_agent.csv,"[""https://aurorasolar.com/"",""https://fifthwall.com/portfolio""]",2026-08-30,A,preserved_source_assertion
ast-00aace276377,org-aurora-solar-62db3f0,Aurora Solar,evidence_grade,A,proptech_startups_agent.csv,"[""https://aurorasolar.com/"",""https://fifthwall.com/portfolio""]",2026-08-30,A,preserved_source_assertion
ast-b890de303ad8,org-aurora-solar-62db3f0,Aurora Solar,founding_year,2013,proptech_startups_agent.csv,"[""https://aurorasolar.com/"",""https://fifthwall.com/portfolio""]",2026-08-30,A,preserved_source_assertion
ast-c92040ed4aa3,org-aurora-solar-62db3f0,Aurora Solar,hq_country,United States,proptech_startups_agent.csv,"[""https://aurorasolar.com/"",""https://fifthwall.com/portfolio""]",2026-08-30,A,preserved_source_assertion
ast-2fa866442e1d,org-aurora-solar-62db3f0,Aurora Solar,maturity,Scaleup,proptech_startups_agent.csv,"[""https://aurorasolar.com/"",""https://fifthwall.com/portfolio""]",2026-08-30,A,preserved_source_assertion
ast-31512b8adc9f,org-aurora-solar-62db3f0,Aurora Solar,primary_lifecycle,Climate,proptech_startups_agent.csv,"[""https://aurorasolar.com/"",""https://fifthwall.com/portfolio""]",2026-08-30,A,preserved_source_assertion
ast-2081b6c04a23,org-aurora-solar-62db3f0,Aurora Solar,relevance_tier,A,proptech_startups_agent.csv,"[""https://aurorasolar.com/"",""https://fifthwall.com/portfolio""]",2026-08-30,A,preserved_source_assertion
ast-270686384629,org-aurora-solar-62db3f0,Aurora Solar,secondary_lifecycle,Sales,proptech_startups_agent.csv,"[""https://aurorasolar.com/"",""https://fifthwall.com/portfolio""]",2026-08-30,A,preserved_source_assertion
ast-bb3c48c6f11d,org-aurora-solar-62db3f0,Aurora Solar,status,Active,proptech_startups_agent.csv,"[""https://aurorasolar.com/"",""https://fifthwall.com/portfolio""]",2026-08-30,A,preserved_source_assertion
ast-88c45837eacb,org-aurora-solar-62db3f0,Aurora Solar,status_as_of,2026-08-30,proptech_startups_agent.csv,"[""https://aurorasolar.com/"",""https://fifthwall.com/portfolio""]",2026-08-30,A,preserved_source_assertion
ast-9a0a183f4ea7,org-aurum-proptech-3c687dc,Aurum-PropTech,business_model,portfolio-SaaS-transactions,regional_companies_agent.csv,"[""https://aurumproptech.in/"",""https://aurumproptech.in/about""]",2026-08-30,A,preserved_source_assertion
ast-44cac99ac9cd,org-aurum-proptech-3c687dc,Aurum-PropTech,canonical_url,https://www.aurumproptech.in/,regional_companies_agent.csv,"[""https://aurumproptech.in/"",""https://aurumproptech.in/about""]",2026-08-30,A,preserved_source_assertion
ast-f5f46a3d85f4,org-aurum-proptech-3c687dc,Aurum-PropTech,category,integrated-PropTech-holding,regional_companies_agent.csv,"[""https://aurumproptech.in/"",""https://aurumproptech.in/about""]",2026-08-30,A,preserved_source_assertion
ast-9df2546f4cfd,org-aurum-proptech-3c687dc,Aurum-PropTech,cohort_or_ecosystem,NSE-BSE-Aurum-ecosystem,regional_companies_agent.csv,"[""https://aurumproptech.in/"",""https://aurumproptech.in/about""]",2026-08-30,A,preserved_source_assertion
ast-37ad1ddabfac,org-aurum-proptech-3c687dc,Aurum-PropTech,entity_type,public-company,regional_companies_agent.csv,"[""https://aurumproptech.in/"",""https://aurumproptech.in/about""]",2026-08-30,A,preserved_source_assertion
ast-69534b8bd762,org-aurum-proptech-3c687dc,Aurum-PropTech,evidence_grade,A,regional_companies_agent.csv,"[""https://aurumproptech.in/"",""https://aurumproptech.in/about""]",2026-08-30,A,preserved_source_assertion
ast-b361110dba6a,org-aurum-proptech-3c687dc,Aurum-PropTech,founding_year,Unknown,regional_companies_agent.csv,"[""https://aurumproptech.in/"",""https://aurumproptech.in/about""]",2026-08-30,A,preserved_source_assertion
ast-721abfccb7af,org-aurum-proptech-3c687dc,Aurum-PropTech,hq_country,India,regional_companies_agent.csv,"[""https://aurumproptech.in/"",""https://aurumproptech.in/about""]",2026-08-30,A,preserved_source_assertion
ast-bfc665b0fd6b,org-aurum-proptech-3c687dc,Aurum-PropTech,maturity,scale,regional_companies_agent.csv,"[""https://aurumproptech.in/"",""https://aurumproptech.in/about""]",2026-08-30,A,preserved_source_assertion
ast-288186ac7d9d,org-aurum-proptech-3c687dc,Aurum-PropTech,primary_lifecycle,property-data-capital-platforms,regional_companies_agent.csv,"[""https://aurumproptech.in/"",""https://aurumproptech.in/about""]",2026-08-30,A,preserved_source_assertion
ast-b368ee7b9c1f,org-aurum-proptech-3c687dc,Aurum-PropTech,relevance_tier,A,regional_companies_agent.csv,"[""https://aurumproptech.in/"",""https://aurumproptech.in/about""]",2026-08-30,A,preserved_source_assertion
ast-bacfc04d60ad,org-aurum-proptech-3c687dc,Aurum-PropTech,secondary_lifecycle,rental-analytics-investment,regional_companies_agent.csv,"[""https://aurumproptech.in/"",""https://aurumproptech.in/about""]",2026-08-30,A,preserved_source_assertion
ast-0751b55744e9,org-aurum-proptech-3c687dc,Aurum-PropTech,status,active-listed,regional_companies_agent.csv,"[""https://aurumproptech.in/"",""https://aurumproptech.in/about""]",2026-08-30,A,preserved_source_assertion
ast-44c5b47e7057,org-aurum-proptech-3c687dc,Aurum-PropTech,status_as_of,2026-08-30,regional_companies_agent.csv,"[""https://aurumproptech.in/"",""https://aurumproptech.in/about""]",2026-08-30,A,preserved_source_assertion
ast-e0caa4efa781,org-autodesk-construction-cloud-1c9b0c9,Autodesk Construction Cloud,canonical_url,https://construction.autodesk.com/,global_real_estate_pioneers_agent.csv,"[""https://construction.autodesk.com/""]",2026-08-30,B,preserved_source_assertion
ast-1f00950c258e,org-autodesk-construction-cloud-1c9b0c9,Autodesk Construction Cloud,entity_type,design and construction software,global_real_estate_pioneers_agent.csv,"[""https://construction.autodesk.com/""]",2026-08-30,B,preserved_source_assertion
ast-a8e87be852f1,org-autodesk-construction-cloud-1c9b0c9,Autodesk Construction Cloud,evidence_grade,B,global_real_estate_pioneers_agent.csv,"[""https://construction.autodesk.com/""]",2026-08-30,B,preserved_source_assertion
ast-af4d8d284d50,org-autodesk-construction-cloud-1c9b0c9,Autodesk Construction Cloud,hq_country,United States,global_real_estate_pioneers_agent.csv,"[""https://construction.autodesk.com/""]",2026-08-30,B,preserved_source_assertion
ast-53c9ed4d28d2,org-autodesk-construction-cloud-1c9b0c9,Autodesk Construction Cloud,primary_lifecycle,D/C,global_real_estate_pioneers_agent.csv,"[""https://construction.autodesk.com/""]",2026-08-30,B,preserved_source_assertion
ast-0e4779249246,org-autodesk-construction-cloud-1c9b0c9,Autodesk Construction Cloud,relevance_tier,B,global_real_estate_pioneers_agent.csv,"[""https://construction.autodesk.com/""]",2026-08-30,B,preserved_source_assertion
ast-2e5730815f2b,org-autodesk-construction-cloud-1c9b0c9,Autodesk Construction Cloud,status,active,global_real_estate_pioneers_agent.csv,"[""https://construction.autodesk.com/""]",2026-08-30,B,preserved_source_assertion
ast-7065326c683f,org-autodesk-construction-cloud-1c9b0c9,Autodesk Construction Cloud / Forma,business_model,Enterprise SaaS,proptech_startups_agent.csv,"[""https://construction.autodesk.com/"",""https://construction.autodesk.com/resources/customer-success-stories/boustead-projects-cuts-rework-by-20-and-saves-months-on-handovers-with-autodesk-forma-2""]",2026-08-30,A,preserved_source_assertion
ast-bf565ebeae1c,org-autodesk-construction-cloud-1c9b0c9,Autodesk Construction Cloud / Forma,canonical_url,https://construction.autodesk.com/,proptech_startups_agent.csv,"[""https://construction.autodesk.com/"",""https://construction.autodesk.com/resources/customer-success-stories/boustead-projects-cuts-rework-by-20-and-saves-months-on-handovers-with-autodesk-forma-2""]",2026-08-30,A,preserved_source_assertion
ast-b04e134d08da,org-autodesk-construction-cloud-1c9b0c9,Autodesk Construction Cloud / Forma,category,BIM/CDE,proptech_startups_agent.csv,"[""https://construction.autodesk.com/"",""https://construction.autodesk.com/resources/customer-success-stories/boustead-projects-cuts-rework-by-20-and-saves-months-on-handovers-with-autodesk-forma-2""]",2026-08-30,A,preserved_source_assertion
ast-c7032be8f0a0,org-autodesk-construction-cloud-1c9b0c9,Autodesk Construction Cloud / Forma,cohort_or_ecosystem,Enterprise,proptech_startups_agent.csv,"[""https://construction.autodesk.com/"",""https://construction.autodesk.com/resources/customer-success-stories/boustead-projects-cuts-rework-by-20-and-saves-months-on-handovers-with-autodesk-forma-2""]",2026-08-30,A,preserved_source_assertion
ast-bc7b3fb471b6,org-autodesk-construction-cloud-1c9b0c9,Autodesk Construction Cloud / Forma,entity_type,Company,proptech_startups_agent.csv,"[""https://construction.autodesk.com/"",""https://construction.autodesk.com/resources/customer-success-stories/boustead-projects-cuts-rework-by-20-and-saves-months-on-handovers-with-autodesk-forma-2""]",2026-08-30,A,preserved_source_assertion
ast-4c33376b7e67,org-autodesk-construction-cloud-1c9b0c9,Autodesk Construction Cloud / Forma,evidence_grade,A,proptech_startups_agent.csv,"[""https://construction.autodesk.com/"",""https://construction.autodesk.com/resources/customer-success-stories/boustead-projects-cuts-rework-by-20-and-saves-months-on-handovers-with-autodesk-forma-2""]",2026-08-30,A,preserved_source_assertion
ast-3537fab2e8f3,org-autodesk-construction-cloud-1c9b0c9,Autodesk Construction Cloud / Forma,founding_year,Unknown,proptech_startups_agent.csv,"[""https://construction.autodesk.com/"",""https://construction.autodesk.com/resources/customer-success-stories/boustead-projects-cuts-rework-by-20-and-saves-months-on-handovers-with-autodesk-forma-2""]",2026-08-30,A,preserved_source_assertion
ast-f31cb2dc5020,org-autodesk-construction-cloud-1c9b0c9,Autodesk Construction Cloud / Forma,hq_country,United States,proptech_startups_agent.csv,"[""https://construction.autodesk.com/"",""https://construction.autodesk.com/resources/customer-success-stories/boustead-projects-cuts-rework-by-20-and-saves-months-on-handovers-with-autodesk-forma-2""]",2026-08-30,A,preserved_source_assertion
ast-58f21ea26de9,org-autodesk-construction-cloud-1c9b0c9,Autodesk Construction Cloud / Forma,maturity,Enterprise,proptech_startups_agent.csv,"[""https://construction.autodesk.com/"",""https://construction.autodesk.com/resources/customer-success-stories/boustead-projects-cuts-rework-by-20-and-saves-months-on-handovers-with-autodesk-forma-2""]",2026-08-30,A,preserved_source_assertion
ast-778f3d242553,org-autodesk-construction-cloud-1c9b0c9,Autodesk Construction Cloud / Forma,primary_lifecycle,Design,proptech_startups_agent.csv,"[""https://construction.autodesk.com/"",""https://construction.autodesk.com/resources/customer-success-stories/boustead-projects-cuts-rework-by-20-and-saves-months-on-handovers-with-autodesk-forma-2""]",2026-08-30,A,preserved_source_assertion
ast-8654f2d3fbdf,org-autodesk-construction-cloud-1c9b0c9,Autodesk Construction Cloud / Forma,relevance_tier,A,proptech_startups_agent.csv,"[""https://construction.autodesk.com/"",""https://construction.autodesk.com/resources/customer-success-stories/boustead-projects-cuts-rework-by-20-and-saves-months-on-handovers-with-autodesk-forma-2""]",2026-08-30,A,preserved_source_assertion
ast-6e4b6623366c,org-autodesk-construction-cloud-1c9b0c9,Autodesk Construction Cloud / Forma,secondary_lifecycle,Construction,proptech_startups_agent.csv,"[""https://construction.autodesk.com/"",""https://construction.autodesk.com/resources/customer-success-stories/boustead-projects-cuts-rework-by-20-and-saves-months-on-handovers-with-autodesk-forma-2""]",2026-08-30,A,preserved_source_assertion
ast-51d9a3467e94,org-autodesk-construction-cloud-1c9b0c9,Autodesk Construction Cloud / Forma,status,Active,proptech_startups_agent.csv,"[""https://construction.autodesk.com/"",""https://construction.autodesk.com/resources/customer-success-stories/boustead-projects-cuts-rework-by-20-and-saves-months-on-handovers-with-autodesk-forma-2""]",2026-08-30,A,preserved_source_assertion
ast-962f3bd2a3fb,org-autodesk-construction-cloud-1c9b0c9,Autodesk Construction Cloud / Forma,status_as_of,2026-08-30,proptech_startups_agent.csv,"[""https://construction.autodesk.com/"",""https://construction.autodesk.com/resources/customer-success-stories/boustead-projects-cuts-rework-by-20-and-saves-months-on-handovers-with-autodesk-forma-2""]",2026-08-30,A,preserved_source_assertion
ast-2a2a5d1eb9ec,org-automax-ai-d3cbf41,Automax.ai,business_model,AI SaaS,proptech_startups_agent.csv,"[""https://ycombinator.com/companies/automax-ai""]",2026-08-30,A,preserved_source_assertion
ast-b9f74c35c2a1,org-automax-ai-d3cbf41,Automax.ai,canonical_url,https://www.ycombinator.com/companies/automax-ai,proptech_startups_agent.csv,"[""https://ycombinator.com/companies/automax-ai""]",2026-08-30,A,preserved_source_assertion
ast-e44dfc48def2,org-automax-ai-d3cbf41,Automax.ai,category,AI appraisal,proptech_startups_agent.csv,"[""https://ycombinator.com/companies/automax-ai""]",2026-08-30,A,preserved_source_assertion
ast-afaf2e907052,org-automax-ai-d3cbf41,Automax.ai,cohort_or_ecosystem,YC F2025,proptech_startups_agent.csv,"[""https://ycombinator.com/companies/automax-ai""]",2026-08-30,A,preserved_source_assertion
ast-b4aa83e23b5e,org-automax-ai-d3cbf41,Automax.ai,entity_type,Company,proptech_startups_agent.csv,"[""https://ycombinator.com/companies/automax-ai""]",2026-08-30,A,preserved_source_assertion
ast-4bb7d6313f8c,org-automax-ai-d3cbf41,Automax.ai,evidence_grade,A,proptech_startups_agent.csv,"[""https://ycombinator.com/companies/automax-ai""]",2026-08-30,A,preserved_source_assertion
ast-2c7536a276b7,org-automax-ai-d3cbf41,Automax.ai,founding_year,Unknown,proptech_startups_agent.csv,"[""https://ycombinator.com/companies/automax-ai""]",2026-08-30,A,preserved_source_assertion
ast-923a86b93b99,org-automax-ai-d3cbf41,Automax.ai,hq_country,United States,proptech_startups_agent.csv,"[""https://ycombinator.com/companies/automax-ai""]",2026-08-30,A,preserved_source_assertion
ast-60cdecc72460,org-automax-ai-d3cbf41,Automax.ai,maturity,Very early,proptech_startups_agent.csv,"[""https://ycombinator.com/companies/automax-ai""]",2026-08-30,A,preserved_source_assertion
ast-362472d074fb,org-automax-ai-d3cbf41,Automax.ai,primary_lifecycle,Land,proptech_startups_agent.csv,"[""https://ycombinator.com/companies/automax-ai""]",2026-08-30,A,preserved_source_assertion
ast-cd0789cab83c,org-automax-ai-d3cbf41,Automax.ai,relevance_tier,B,proptech_startups_agent.csv,"[""https://ycombinator.com/companies/automax-ai""]",2026-08-30,A,preserved_source_assertion
ast-1ef259354555,org-automax-ai-d3cbf41,Automax.ai,secondary_lifecycle,Finance,proptech_startups_agent.csv,"[""https://ycombinator.com/companies/automax-ai""]",2026-08-30,A,preserved_source_assertion
ast-fd8c8c54e844,org-automax-ai-d3cbf41,Automax.ai,status,Active,proptech_startups_agent.csv,"[""https://ycombinator.com/companies/automax-ai""]",2026-08-30,A,preserved_source_assertion
ast-7c4f1155cbda,org-automax-ai-d3cbf41,Automax.ai,status_as_of,2026-08-30,proptech_startups_agent.csv,"[""https://ycombinator.com/companies/automax-ai""]",2026-08-30,A,preserved_source_assertion
ast-b71c7a8e08bd,org-avalonbay-communities-7170354,AvalonBay Communities,canonical_url,https://investors.avalonbay.com/,global_real_estate_pioneers_agent.csv,"[""https://investors.avalonbay.com/""]",2026-08-30,C,preserved_source_assertion
ast-5daa9db3ed58,org-avalonbay-communities-7170354,AvalonBay Communities,entity_type,multifamily REIT,global_real_estate_pioneers_agent.csv,"[""https://investors.avalonbay.com/""]",2026-08-30,C,preserved_source_assertion
ast-ccc437fc6647,org-avalonbay-communities-7170354,AvalonBay Communities,evidence_grade,C,global_real_estate_pioneers_agent.csv,"[""https://investors.avalonbay.com/""]",2026-08-30,C,preserved_source_assertion
ast-316824f6123d,org-avalonbay-communities-7170354,AvalonBay Communities,hq_country,United States,global_real_estate_pioneers_agent.csv,"[""https://investors.avalonbay.com/""]",2026-08-30,C,preserved_source_assertion
ast-41cbcaa585d4,org-avalonbay-communities-7170354,AvalonBay Communities,primary_lifecycle,S/H/O/E,global_real_estate_pioneers_agent.csv,"[""https://investors.avalonbay.com/""]",2026-08-30,C,preserved_source_assertion
ast-0cda0b1288cf,org-avalonbay-communities-7170354,AvalonBay Communities,relevance_tier,B,global_real_estate_pioneers_agent.csv,"[""https://investors.avalonbay.com/""]",2026-08-30,C,preserved_source_assertion
ast-5a59e1b14288,org-avalonbay-communities-7170354,AvalonBay Communities,status,active,global_real_estate_pioneers_agent.csv,"[""https://investors.avalonbay.com/""]",2026-08-30,C,preserved_source_assertion
ast-c29320ee13a8,org-averyiq-55a4cc0,AveryIQ,business_model,AI SaaS,proptech_startups_agent.csv,"[""https://ycombinator.com/companies/averyiq""]",2026-08-30,A,preserved_source_assertion
ast-10416c1f8c14,org-averyiq-55a4cc0,AveryIQ,canonical_url,https://www.ycombinator.com/companies/averyiq,proptech_startups_agent.csv,"[""https://ycombinator.com/companies/averyiq""]",2026-08-30,A,preserved_source_assertion
ast-6ed8253216fb,org-averyiq-55a4cc0,AveryIQ,category,AI property manager,proptech_startups_agent.csv,"[""https://ycombinator.com/companies/averyiq""]",2026-08-30,A,preserved_source_assertion
ast-a96b0b695efe,org-averyiq-55a4cc0,AveryIQ,cohort_or_ecosystem,YC W2024,proptech_startups_agent.csv,"[""https://ycombinator.com/companies/averyiq""]",2026-08-30,A,preserved_source_assertion
ast-5bca83af54dc,org-averyiq-55a4cc0,AveryIQ,entity_type,Company,proptech_startups_agent.csv,"[""https://ycombinator.com/companies/averyiq""]",2026-08-30,A,preserved_source_assertion
ast-eaecd7b31900,org-averyiq-55a4cc0,AveryIQ,evidence_grade,A,proptech_startups_agent.csv,"[""https://ycombinator.com/companies/averyiq""]",2026-08-30,A,preserved_source_assertion
ast-9ad66020c6d6,org-averyiq-55a4cc0,AveryIQ,founding_year,Unknown,proptech_startups_agent.csv,"[""https://ycombinator.com/companies/averyiq""]",2026-08-30,A,preserved_source_assertion
ast-9291ff6976fd,org-averyiq-55a4cc0,AveryIQ,hq_country,United States,proptech_startups_agent.csv,"[""https://ycombinator.com/companies/averyiq""]",2026-08-30,A,preserved_source_assertion
ast-131ee12638f7,org-averyiq-55a4cc0,AveryIQ,maturity,Early,proptech_startups_agent.csv,"[""https://ycombinator.com/companies/averyiq""]",2026-08-30,A,preserved_source_assertion
ast-f1f40a2ae2e2,org-averyiq-55a4cc0,AveryIQ,primary_lifecycle,Operations,proptech_startups_agent.csv,"[""https://ycombinator.com/companies/averyiq""]",2026-08-30,A,preserved_source_assertion
ast-2c5e304a13f6,org-averyiq-55a4cc0,AveryIQ,relevance_tier,B,proptech_startups_agent.csv,"[""https://ycombinator.com/companies/averyiq""]",2026-08-30,A,preserved_source_assertion
ast-86765db87b9b,org-averyiq-55a4cc0,AveryIQ,secondary_lifecycle,Sales,proptech_startups_agent.csv,"[""https://ycombinator.com/companies/averyiq""]",2026-08-30,A,preserved_source_assertion
ast-14eaf7f5b749,org-averyiq-55a4cc0,AveryIQ,status,Active,proptech_startups_agent.csv,"[""https://ycombinator.com/companies/averyiq""]",2026-08-30,A,preserved_source_assertion
ast-2d3772af1562,org-averyiq-55a4cc0,AveryIQ,status_as_of,2026-08-30,proptech_startups_agent.csv,"[""https://ycombinator.com/companies/averyiq""]",2026-08-30,A,preserved_source_assertion
ast-b992e9fd7c57,org-banner-37f93a0,Banner,business_model,SaaS,proptech_startups_agent.csv,"[""https://ycombinator.com/companies/banner""]",2026-08-30,B,preserved_source_assertion
ast-2d3dd6014001,org-banner-37f93a0,Banner,canonical_url,https://www.ycombinator.com/companies/banner,proptech_startups_agent.csv,"[""https://ycombinator.com/companies/banner""]",2026-08-30,B,preserved_source_assertion
ast-11ede501d2b9,org-banner-37f93a0,Banner,category,Real-estate operating system,proptech_startups_agent.csv,"[""https://ycombinator.com/companies/banner""]",2026-08-30,B,preserved_source_assertion
ast-2ead4f6a5ca8,org-banner-37f93a0,Banner,cohort_or_ecosystem,YC S2019,proptech_startups_agent.csv,"[""https://ycombinator.com/companies/banner""]",2026-08-30,B,preserved_source_assertion
ast-20300c8795d7,org-banner-37f93a0,Banner,entity_type,Company,proptech_startups_agent.csv,"[""https://ycombinator.com/companies/banner""]",2026-08-30,B,preserved_source_assertion
ast-3113b7fe0839,org-banner-37f93a0,Banner,evidence_grade,B,proptech_startups_agent.csv,"[""https://ycombinator.com/companies/banner""]",2026-08-30,B,preserved_source_assertion
ast-215e150eea54,org-banner-37f93a0,Banner,founding_year,2019,proptech_startups_agent.csv,"[""https://ycombinator.com/companies/banner""]",2026-08-30,B,preserved_source_assertion
ast-38d142e2ce4c,org-banner-37f93a0,Banner,hq_country,United States,proptech_startups_agent.csv,"[""https://ycombinator.com/companies/banner""]",2026-08-30,B,preserved_source_assertion
ast-ee28e93948d0,org-banner-37f93a0,Banner,maturity,Scaleup,proptech_startups_agent.csv,"[""https://ycombinator.com/companies/banner""]",2026-08-30,B,preserved_source_assertion
ast-ef2f8972037f,org-banner-37f93a0,Banner,primary_lifecycle,Operations,proptech_startups_agent.csv,"[""https://ycombinator.com/companies/banner""]",2026-08-30,B,preserved_source_assertion
ast-089dbee527c6,org-banner-37f93a0,Banner,relevance_tier,A,proptech_startups_agent.csv,"[""https://ycombinator.com/companies/banner""]",2026-08-30,B,preserved_source_assertion
ast-b58df99939b1,org-banner-37f93a0,Banner,secondary_lifecycle,Data,proptech_startups_agent.csv,"[""https://ycombinator.com/companies/banner""]",2026-08-30,B,preserved_source_assertion
ast-dfdc2b5a39b8,org-banner-37f93a0,Banner,status,Active,proptech_startups_agent.csv,"[""https://ycombinator.com/companies/banner""]",2026-08-30,B,preserved_source_assertion
ast-38d80d9fc19e,org-banner-37f93a0,Banner,status_as_of,2026-08-30,proptech_startups_agent.csv,"[""https://ycombinator.com/companies/banner""]",2026-08-30,B,preserved_source_assertion
ast-5c80c6d7f789,org-barikoi-0f8853c,Barikoi,business_model,API-SaaS-enterprise,regional_companies_agent.csv,"[""https://barikoi.com/"",""https://crunchbase.com/organization/barikoi"",""https://linkedin.com/posts/idlc-asset-management-limited_idlc-venture-capitalhas-made-an-equity-investment-activity-7196948544384098304-EgcV""]",2026-08-30,B/A,preserved_source_assertion
ast-6fe77a9f004b,org-barikoi-0f8853c,Barikoi,canonical_url,https://barikoi.com/,regional_companies_agent.csv,"[""https://barikoi.com/"",""https://crunchbase.com/organization/barikoi"",""https://linkedin.com/posts/idlc-asset-management-limited_idlc-venture-capitalhas-made-an-equity-investment-activity-7196948544384098304-EgcV""]",2026-08-30,B/A,preserved_source_assertion
ast-0f97dc10b78c,org-barikoi-0f8853c,Barikoi,category,geospatial-APIs,regional_companies_agent.csv,"[""https://barikoi.com/"",""https://crunchbase.com/organization/barikoi"",""https://linkedin.com/posts/idlc-asset-management-limited_idlc-venture-capitalhas-made-an-equity-investment-activity-7196948544384098304-EgcV""]",2026-08-30,B/A,preserved_source_assertion
ast-57a5f5978fce,org-barikoi-0f8853c,Barikoi,cohort_or_ecosystem,Iterative-IDLC-AcceliCITY,regional_companies_agent.csv,"[""https://barikoi.com/"",""https://crunchbase.com/organization/barikoi"",""https://linkedin.com/posts/idlc-asset-management-limited_idlc-venture-capitalhas-made-an-equity-investment-activity-7196948544384098304-EgcV""]",2026-08-30,B/A,preserved_source_assertion
ast-db5737da1dca,org-barikoi-0f8853c,Barikoi,entity_type,private-startup,regional_companies_agent.csv,"[""https://barikoi.com/"",""https://crunchbase.com/organization/barikoi"",""https://linkedin.com/posts/idlc-asset-management-limited_idlc-venture-capitalhas-made-an-equity-investment-activity-7196948544384098304-EgcV""]",2026-08-30,B/A,preserved_source_assertion
ast-5827fb3a2e54,org-barikoi-0f8853c,Barikoi,evidence_grade,B/A,regional_companies_agent.csv,"[""https://barikoi.com/"",""https://crunchbase.com/organization/barikoi"",""https://linkedin.com/posts/idlc-asset-management-limited_idlc-venture-capitalhas-made-an-equity-investment-activity-7196948544384098304-EgcV""]",2026-08-30,B/A,preserved_source_assertion
ast-de2de4b82e05,org-barikoi-0f8853c,Barikoi,founding_year,2017,regional_companies_agent.csv,"[""https://barikoi.com/"",""https://crunchbase.com/organization/barikoi"",""https://linkedin.com/posts/idlc-asset-management-limited_idlc-venture-capitalhas-made-an-equity-investment-activity-7196948544384098304-EgcV""]",2026-08-30,B/A,preserved_source_assertion
ast-110c083313d4,org-barikoi-0f8853c,Barikoi,hq_country,Bangladesh,regional_companies_agent.csv,"[""https://barikoi.com/"",""https://crunchbase.com/organization/barikoi"",""https://linkedin.com/posts/idlc-asset-management-limited_idlc-venture-capitalhas-made-an-equity-investment-activity-7196948544384098304-EgcV""]",2026-08-30,B/A,preserved_source_assertion
ast-cd9044acf357,org-barikoi-0f8853c,Barikoi,maturity,early-growth,regional_companies_agent.csv,"[""https://barikoi.com/"",""https://crunchbase.com/organization/barikoi"",""https://linkedin.com/posts/idlc-asset-management-limited_idlc-venture-capitalhas-made-an-equity-investment-activity-7196948544384098304-EgcV""]",2026-08-30,B/A,preserved_source_assertion
ast-8bfd93c48f3c,org-barikoi-0f8853c,Barikoi,primary_lifecycle,site-selection-location,regional_companies_agent.csv,"[""https://barikoi.com/"",""https://crunchbase.com/organization/barikoi"",""https://linkedin.com/posts/idlc-asset-management-limited_idlc-venture-capitalhas-made-an-equity-investment-activity-7196948544384098304-EgcV""]",2026-08-30,B/A,preserved_source_assertion
ast-971821df84a7,org-barikoi-0f8853c,Barikoi,relevance_tier,A/B,regional_companies_agent.csv,"[""https://barikoi.com/"",""https://crunchbase.com/organization/barikoi"",""https://linkedin.com/posts/idlc-asset-management-limited_idlc-venture-capitalhas-made-an-equity-investment-activity-7196948544384098304-EgcV""]",2026-08-30,B/A,preserved_source_assertion
ast-f91bd612c504,org-barikoi-0f8853c,Barikoi,secondary_lifecycle,logistics-address-normalization,regional_companies_agent.csv,"[""https://barikoi.com/"",""https://crunchbase.com/organization/barikoi"",""https://linkedin.com/posts/idlc-asset-management-limited_idlc-venture-capitalhas-made-an-equity-investment-activity-7196948544384098304-EgcV""]",2026-08-30,B/A,preserved_source_assertion
ast-fae7dd31842f,org-barikoi-0f8853c,Barikoi,status,active,regional_companies_agent.csv,"[""https://barikoi.com/"",""https://crunchbase.com/organization/barikoi"",""https://linkedin.com/posts/idlc-asset-management-limited_idlc-venture-capitalhas-made-an-equity-investment-activity-7196948544384098304-EgcV""]",2026-08-30,B/A,preserved_source_assertion
ast-b52a29de2f01,org-barikoi-0f8853c,Barikoi,status_as_of,2026-08-30,regional_companies_agent.csv,"[""https://barikoi.com/"",""https://crunchbase.com/organization/barikoi"",""https://linkedin.com/posts/idlc-asset-management-limited_idlc-venture-capitalhas-made-an-equity-investment-activity-7196948544384098304-EgcV""]",2026-08-30,B/A,preserved_source_assertion
ast-d480c53344cf,org-bentley-systems-ecbac87,Bentley Systems,business_model,enterprise software licensing and cloud services,coverage_gap_additions.csv,"[""https://bentley.com/en/products/itwin-iot"",""https://bentley.com/en/products/itwin-platform""]",2026-08-30,A,preserved_source_assertion
ast-90478f7d12bb,org-bentley-systems-ecbac87,Bentley Systems,canonical_url,https://www.bentley.com/en/products/itwin-platform/,coverage_gap_additions.csv,"[""https://bentley.com/en/products/itwin-iot"",""https://bentley.com/en/products/itwin-platform""]",2026-08-30,A,preserved_source_assertion
ast-8665acb11838,org-bentley-systems-ecbac87,Bentley Systems,category,infrastructure digital twins and engineering data platform,coverage_gap_additions.csv,"[""https://bentley.com/en/products/itwin-iot"",""https://bentley.com/en/products/itwin-platform""]",2026-08-30,A,preserved_source_assertion
ast-fdb8e0060604,org-bentley-systems-ecbac87,Bentley Systems,cohort_or_ecosystem,Public,coverage_gap_additions.csv,"[""https://bentley.com/en/products/itwin-iot"",""https://bentley.com/en/products/itwin-platform""]",2026-08-30,A,preserved_source_assertion
ast-d42426f802b8,org-bentley-systems-ecbac87,Bentley Systems,entity_type,public company,coverage_gap_additions.csv,"[""https://bentley.com/en/products/itwin-iot"",""https://bentley.com/en/products/itwin-platform""]",2026-08-30,A,preserved_source_assertion
ast-9705e0f8e205,org-bentley-systems-ecbac87,Bentley Systems,evidence_grade,A,coverage_gap_additions.csv,"[""https://bentley.com/en/products/itwin-iot"",""https://bentley.com/en/products/itwin-platform""]",2026-08-30,A,preserved_source_assertion
ast-b9e5908dde5b,org-bentley-systems-ecbac87,Bentley Systems,founding_year,1984,coverage_gap_additions.csv,"[""https://bentley.com/en/products/itwin-iot"",""https://bentley.com/en/products/itwin-platform""]",2026-08-30,A,preserved_source_assertion
ast-e51fedca812c,org-bentley-systems-ecbac87,Bentley Systems,hq_country,United States,coverage_gap_additions.csv,"[""https://bentley.com/en/products/itwin-iot"",""https://bentley.com/en/products/itwin-platform""]",2026-08-30,A,preserved_source_assertion
ast-630921522eb1,org-bentley-systems-ecbac87,Bentley Systems,maturity,enterprise,coverage_gap_additions.csv,"[""https://bentley.com/en/products/itwin-iot"",""https://bentley.com/en/products/itwin-platform""]",2026-08-30,A,preserved_source_assertion
ast-f8c8d80585d8,org-bentley-systems-ecbac87,Bentley Systems,primary_lifecycle,L4 Design,coverage_gap_additions.csv,"[""https://bentley.com/en/products/itwin-iot"",""https://bentley.com/en/products/itwin-platform""]",2026-08-30,A,preserved_source_assertion
ast-4225419cec25,org-bentley-systems-ecbac87,Bentley Systems,relevance_tier,A,coverage_gap_additions.csv,"[""https://bentley.com/en/products/itwin-iot"",""https://bentley.com/en/products/itwin-platform""]",2026-08-30,A,preserved_source_assertion
ast-ef008f549ce7,org-bentley-systems-ecbac87,Bentley Systems,secondary_lifecycle,L5 Construction/L8 Property operations/L9 Portfolio,coverage_gap_additions.csv,"[""https://bentley.com/en/products/itwin-iot"",""https://bentley.com/en/products/itwin-platform""]",2026-08-30,A,preserved_source_assertion
ast-bf72e43aaef9,org-bentley-systems-ecbac87,Bentley Systems,status,active,coverage_gap_additions.csv,"[""https://bentley.com/en/products/itwin-iot"",""https://bentley.com/en/products/itwin-platform""]",2026-08-30,A,preserved_source_assertion
ast-4fb0b51f2d7d,org-bentley-systems-ecbac87,Bentley Systems,status_as_of,2026-08-30,coverage_gap_additions.csv,"[""https://bentley.com/en/products/itwin-iot"",""https://bentley.com/en/products/itwin-platform""]",2026-08-30,A,preserved_source_assertion
ast-23634b401458,org-biomason-5aaaaad,Biomason,business_model,technology partnerships manufacturing and licensing,final_residual_additions.csv,"[""https://2150.vc/investments/biomason"",""https://biomason.com/"",""https://biomason.com/biocement""]",2026-08-30,A,preserved_source_assertion
ast-c5a30d10be3a,org-biomason-5aaaaad,Biomason,canonical_url,https://biomason.com/,final_residual_additions.csv,"[""https://2150.vc/investments/biomason"",""https://biomason.com/"",""https://biomason.com/biocement""]",2026-08-30,A,preserved_source_assertion
ast-e48447660aba,org-biomason-5aaaaad,Biomason,category,biotechnology-derived cement and concrete binder,final_residual_additions.csv,"[""https://2150.vc/investments/biomason"",""https://biomason.com/"",""https://biomason.com/biocement""]",2026-08-30,A,preserved_source_assertion
ast-33a92f555e2f,org-biomason-5aaaaad,Biomason,cohort_or_ecosystem,2150,final_residual_additions.csv,"[""https://2150.vc/investments/biomason"",""https://biomason.com/"",""https://biomason.com/biocement""]",2026-08-30,A,preserved_source_assertion
ast-397035f31fc8,org-biomason-5aaaaad,Biomason,entity_type,private materials technology company,final_residual_additions.csv,"[""https://2150.vc/investments/biomason"",""https://biomason.com/"",""https://biomason.com/biocement""]",2026-08-30,A,preserved_source_assertion
ast-fcd67dec6a63,org-biomason-5aaaaad,Biomason,evidence_grade,A,final_residual_additions.csv,"[""https://2150.vc/investments/biomason"",""https://biomason.com/"",""https://biomason.com/biocement""]",2026-08-30,A,preserved_source_assertion
ast-ced7b395ebf9,org-biomason-5aaaaad,Biomason,founding_year,2012,final_residual_additions.csv,"[""https://2150.vc/investments/biomason"",""https://biomason.com/"",""https://biomason.com/biocement""]",2026-08-30,A,preserved_source_assertion
ast-f7499e73ed8d,org-biomason-5aaaaad,Biomason,hq_country,United States,final_residual_additions.csv,"[""https://2150.vc/investments/biomason"",""https://biomason.com/"",""https://biomason.com/biocement""]",2026-08-30,A,preserved_source_assertion
ast-58280e57fdbb,org-biomason-5aaaaad,Biomason,maturity,commercial demonstration,final_residual_additions.csv,"[""https://2150.vc/investments/biomason"",""https://biomason.com/"",""https://biomason.com/biocement""]",2026-08-30,A,preserved_source_assertion
ast-6eeca89357b2,org-biomason-5aaaaad,Biomason,primary_lifecycle,L10 ESG climate and resilience,final_residual_additions.csv,"[""https://2150.vc/investments/biomason"",""https://biomason.com/"",""https://biomason.com/biocement""]",2026-08-30,A,preserved_source_assertion
ast-082ec2e07298,org-biomason-5aaaaad,Biomason,relevance_tier,B,final_residual_additions.csv,"[""https://2150.vc/investments/biomason"",""https://biomason.com/"",""https://biomason.com/biocement""]",2026-08-30,A,preserved_source_assertion
ast-40200c2fddec,org-biomason-5aaaaad,Biomason,secondary_lifecycle,L5 Construction delivery,final_residual_additions.csv,"[""https://2150.vc/investments/biomason"",""https://biomason.com/"",""https://biomason.com/biocement""]",2026-08-30,A,preserved_source_assertion
ast-573f840b26de,org-biomason-5aaaaad,Biomason,status,active,final_residual_additions.csv,"[""https://2150.vc/investments/biomason"",""https://biomason.com/"",""https://biomason.com/biocement""]",2026-08-30,A,preserved_source_assertion
ast-16d769befd3b,org-biomason-5aaaaad,Biomason,status_as_of,2026-08-30,final_residual_additions.csv,"[""https://2150.vc/investments/biomason"",""https://biomason.com/"",""https://biomason.com/biocement""]",2026-08-30,A,preserved_source_assertion
ast-c659c1f73c58,org-blackstone-86cff53,Blackstone,business_model,capital allocation plus operating platforms and strategic investments,operator_coverage_additions.csv,"[""https://blackstone.com/"",""https://blackstone.com/insights/article/behind-the-deal-airtrunk"",""https://blackstone.com/investing-in-ai"",""https://ir.blackstone.com/sec-filings/sec-filings-details/default.aspx?FilingId=19199346""]",2026-08-30,A,preserved_source_assertion
ast-464b86356a9a,org-blackstone-86cff53,Blackstone,canonical_url,https://www.blackstone.com/,operator_coverage_additions.csv,"[""https://blackstone.com/"",""https://blackstone.com/insights/article/behind-the-deal-airtrunk"",""https://blackstone.com/investing-in-ai"",""https://ir.blackstone.com/sec-filings/sec-filings-details/default.aspx?FilingId=19199346""]",2026-08-30,A,preserved_source_assertion
ast-6c907c012113,org-blackstone-86cff53,Blackstone,category,global real-assets owner-manager and digital-infrastructure investor,operator_coverage_additions.csv,"[""https://blackstone.com/"",""https://blackstone.com/insights/article/behind-the-deal-airtrunk"",""https://blackstone.com/investing-in-ai"",""https://ir.blackstone.com/sec-filings/sec-filings-details/default.aspx?FilingId=19199346""]",2026-08-30,A,preserved_source_assertion
ast-6916c6dfef64,org-blackstone-86cff53,Blackstone,cohort_or_ecosystem,Independent,operator_coverage_additions.csv,"[""https://blackstone.com/"",""https://blackstone.com/insights/article/behind-the-deal-airtrunk"",""https://blackstone.com/investing-in-ai"",""https://ir.blackstone.com/sec-filings/sec-filings-details/default.aspx?FilingId=19199346""]",2026-08-30,A,preserved_source_assertion
ast-63b00571b939,org-blackstone-86cff53,Blackstone,entity_type,owner/manager and investment platform,operator_coverage_additions.csv,"[""https://blackstone.com/"",""https://blackstone.com/insights/article/behind-the-deal-airtrunk"",""https://blackstone.com/investing-in-ai"",""https://ir.blackstone.com/sec-filings/sec-filings-details/default.aspx?FilingId=19199346""]",2026-08-30,A,preserved_source_assertion
ast-78a4ec1fd0d1,org-blackstone-86cff53,Blackstone,evidence_grade,A,operator_coverage_additions.csv,"[""https://blackstone.com/"",""https://blackstone.com/insights/article/behind-the-deal-airtrunk"",""https://blackstone.com/investing-in-ai"",""https://ir.blackstone.com/sec-filings/sec-filings-details/default.aspx?FilingId=19199346""]",2026-08-30,A,preserved_source_assertion
ast-c784d7bbbbc1,org-blackstone-86cff53,Blackstone,founding_year,1985,operator_coverage_additions.csv,"[""https://blackstone.com/"",""https://blackstone.com/insights/article/behind-the-deal-airtrunk"",""https://blackstone.com/investing-in-ai"",""https://ir.blackstone.com/sec-filings/sec-filings-details/default.aspx?FilingId=19199346""]",2026-08-30,A,preserved_source_assertion
ast-fc84a0b5a9fc,org-blackstone-86cff53,Blackstone,hq_country,United States,operator_coverage_additions.csv,"[""https://blackstone.com/"",""https://blackstone.com/insights/article/behind-the-deal-airtrunk"",""https://blackstone.com/investing-in-ai"",""https://ir.blackstone.com/sec-filings/sec-filings-details/default.aspx?FilingId=19199346""]",2026-08-30,A,preserved_source_assertion
ast-f9bcb1a9ca3c,org-blackstone-86cff53,Blackstone,maturity,scale platform,operator_coverage_additions.csv,"[""https://blackstone.com/"",""https://blackstone.com/insights/article/behind-the-deal-airtrunk"",""https://blackstone.com/investing-in-ai"",""https://ir.blackstone.com/sec-filings/sec-filings-details/default.aspx?FilingId=19199346""]",2026-08-30,A,preserved_source_assertion
ast-5fddede1abc2,org-blackstone-86cff53,Blackstone,primary_lifecycle,L/F/O/E,operator_coverage_additions.csv,"[""https://blackstone.com/"",""https://blackstone.com/insights/article/behind-the-deal-airtrunk"",""https://blackstone.com/investing-in-ai"",""https://ir.blackstone.com/sec-filings/sec-filings-details/default.aspx?FilingId=19199346""]",2026-08-30,A,preserved_source_assertion
ast-4a936bdb6b8a,org-blackstone-86cff53,Blackstone,relevance_tier,A,operator_coverage_additions.csv,"[""https://blackstone.com/"",""https://blackstone.com/insights/article/behind-the-deal-airtrunk"",""https://blackstone.com/investing-in-ai"",""https://ir.blackstone.com/sec-filings/sec-filings-details/default.aspx?FilingId=19199346""]",2026-08-30,A,preserved_source_assertion
ast-73bb78509f46,org-blackstone-86cff53,Blackstone,secondary_lifecycle,L/D/C/O/E,operator_coverage_additions.csv,"[""https://blackstone.com/"",""https://blackstone.com/insights/article/behind-the-deal-airtrunk"",""https://blackstone.com/investing-in-ai"",""https://ir.blackstone.com/sec-filings/sec-filings-details/default.aspx?FilingId=19199346""]",2026-08-30,A,preserved_source_assertion
ast-9001b2b56b63,org-blackstone-86cff53,Blackstone,status,active,operator_coverage_additions.csv,"[""https://blackstone.com/"",""https://blackstone.com/insights/article/behind-the-deal-airtrunk"",""https://blackstone.com/investing-in-ai"",""https://ir.blackstone.com/sec-filings/sec-filings-details/default.aspx?FilingId=19199346""]",2026-08-30,A,preserved_source_assertion
ast-9d01424b9c51,org-blackstone-86cff53,Blackstone,status_as_of,2026-08-30,operator_coverage_additions.csv,"[""https://blackstone.com/"",""https://blackstone.com/insights/article/behind-the-deal-airtrunk"",""https://blackstone.com/investing-in-ai"",""https://ir.blackstone.com/sec-filings/sec-filings-details/default.aspx?FilingId=19199346""]",2026-08-30,A,preserved_source_assertion
ast-6c3d133667a2,org-blend-f9b1cd1,Blend,business_model,Enterprise SaaS/API,proptech_startups_agent.csv,"[""https://blend.com/"",""https://fifthwall.com/portfolio""]",2026-08-30,A,preserved_source_assertion
ast-1da07a2820a5,org-blend-f9b1cd1,Blend,canonical_url,https://www.blend.com/,proptech_startups_agent.csv,"[""https://blend.com/"",""https://fifthwall.com/portfolio""]",2026-08-30,A,preserved_source_assertion
ast-32d348a9076f,org-blend-f9b1cd1,Blend,category,Digital mortgage lending,proptech_startups_agent.csv,"[""https://blend.com/"",""https://fifthwall.com/portfolio""]",2026-08-30,A,preserved_source_assertion
ast-c6ac736a9ccc,org-blend-f9b1cd1,Blend,cohort_or_ecosystem,Fifth Wall,proptech_startups_agent.csv,"[""https://blend.com/"",""https://fifthwall.com/portfolio""]",2026-08-30,A,preserved_source_assertion
ast-c972e74524ab,org-blend-f9b1cd1,Blend,entity_type,Company,proptech_startups_agent.csv,"[""https://blend.com/"",""https://fifthwall.com/portfolio""]",2026-08-30,A,preserved_source_assertion
ast-c5f9aa5536fd,org-blend-f9b1cd1,Blend,evidence_grade,A,proptech_startups_agent.csv,"[""https://blend.com/"",""https://fifthwall.com/portfolio""]",2026-08-30,A,preserved_source_assertion
ast-453d1b7a36a0,org-blend-f9b1cd1,Blend,founding_year,2012,proptech_startups_agent.csv,"[""https://blend.com/"",""https://fifthwall.com/portfolio""]",2026-08-30,A,preserved_source_assertion
ast-d44989785fe2,org-blend-f9b1cd1,Blend,hq_country,United States,proptech_startups_agent.csv,"[""https://blend.com/"",""https://fifthwall.com/portfolio""]",2026-08-30,A,preserved_source_assertion
ast-8ecb40207711,org-blend-f9b1cd1,Blend,maturity,Public,proptech_startups_agent.csv,"[""https://blend.com/"",""https://fifthwall.com/portfolio""]",2026-08-30,A,preserved_source_assertion
ast-50d79d469b57,org-blend-f9b1cd1,Blend,primary_lifecycle,Finance,proptech_startups_agent.csv,"[""https://blend.com/"",""https://fifthwall.com/portfolio""]",2026-08-30,A,preserved_source_assertion
ast-3d7063fb5cda,org-blend-f9b1cd1,Blend,relevance_tier,A,proptech_startups_agent.csv,"[""https://blend.com/"",""https://fifthwall.com/portfolio""]",2026-08-30,A,preserved_source_assertion
ast-3f03b2017580,org-blend-f9b1cd1,Blend,secondary_lifecycle,Transaction,proptech_startups_agent.csv,"[""https://blend.com/"",""https://fifthwall.com/portfolio""]",2026-08-30,A,preserved_source_assertion
ast-ae70b6ff1dc9,org-blend-f9b1cd1,Blend,status,Active,proptech_startups_agent.csv,"[""https://blend.com/"",""https://fifthwall.com/portfolio""]",2026-08-30,A,preserved_source_assertion
ast-6a39503e4cdf,org-blend-f9b1cd1,Blend,status_as_of,2026-08-30,proptech_startups_agent.csv,"[""https://blend.com/"",""https://fifthwall.com/portfolio""]",2026-08-30,A,preserved_source_assertion
ast-b239ad7c51b1,org-bouygues-construction-da06c6d,Bouygues Construction,canonical_url,https://www.bouygues-construction.com/,global_real_estate_pioneers_agent.csv,"[""https://bouygues-construction.com/"",""https://bouygues-construction.com/sites/default/files/bycn_financier_gb_2024_0.pdf"",""https://bouygues.com/integrated-report-2024/doc/article/29""]",2026-08-30,A,preserved_source_assertion
ast-3bf5517eec2d,org-bouygues-construction-da06c6d,Bouygues Construction,entity_type,construction contractor developer,global_real_estate_pioneers_agent.csv,"[""https://bouygues-construction.com/"",""https://bouygues-construction.com/sites/default/files/bycn_financier_gb_2024_0.pdf"",""https://bouygues.com/integrated-report-2024/doc/article/29""]",2026-08-30,A,preserved_source_assertion
ast-0564447d84eb,org-bouygues-construction-da06c6d,Bouygues Construction,evidence_grade,A,global_real_estate_pioneers_agent.csv,"[""https://bouygues-construction.com/"",""https://bouygues-construction.com/sites/default/files/bycn_financier_gb_2024_0.pdf"",""https://bouygues.com/integrated-report-2024/doc/article/29""]",2026-08-30,A,preserved_source_assertion
ast-0db47e311353,org-bouygues-construction-da06c6d,Bouygues Construction,hq_country,France,global_real_estate_pioneers_agent.csv,"[""https://bouygues-construction.com/"",""https://bouygues-construction.com/sites/default/files/bycn_financier_gb_2024_0.pdf"",""https://bouygues.com/integrated-report-2024/doc/article/29""]",2026-08-30,A,preserved_source_assertion
ast-3e485a5c26e0,org-bouygues-construction-da06c6d,Bouygues Construction,primary_lifecycle,D/C/E,global_real_estate_pioneers_agent.csv,"[""https://bouygues-construction.com/"",""https://bouygues-construction.com/sites/default/files/bycn_financier_gb_2024_0.pdf"",""https://bouygues.com/integrated-report-2024/doc/article/29""]",2026-08-30,A,preserved_source_assertion
ast-cfc16e90eeaa,org-bouygues-construction-da06c6d,Bouygues Construction,relevance_tier,A,global_real_estate_pioneers_agent.csv,"[""https://bouygues-construction.com/"",""https://bouygues-construction.com/sites/default/files/bycn_financier_gb_2024_0.pdf"",""https://bouygues.com/integrated-report-2024/doc/article/29""]",2026-08-30,A,preserved_source_assertion
ast-eead7947129d,org-bouygues-construction-da06c6d,Bouygues Construction,status,active,global_real_estate_pioneers_agent.csv,"[""https://bouygues-construction.com/"",""https://bouygues-construction.com/sites/default/files/bycn_financier_gb_2024_0.pdf"",""https://bouygues.com/integrated-report-2024/doc/article/29""]",2026-08-30,A,preserved_source_assertion
ast-6bb3f7f9cf0f,org-bpc-2d7019e,BPC,business_model,Unknown,regional_companies_agent.csv,"[""https://wikipedia.org/wiki/BPC""]",2026-08-30,D,preserved_source_assertion
ast-d3fadbb2d1cf,org-bpc-2d7019e,BPC,canonical_url,unknown,regional_companies_agent.csv,"[""https://wikipedia.org/wiki/BPC""]",2026-08-30,D,preserved_source_assertion
ast-7e094b514af8,org-bpc-2d7019e,BPC,category,unresolved,regional_companies_agent.csv,"[""https://wikipedia.org/wiki/BPC""]",2026-08-30,D,preserved_source_assertion
ast-cd1d0939758f,org-bpc-2d7019e,BPC,cohort_or_ecosystem,identity-unresolved,regional_companies_agent.csv,"[""https://wikipedia.org/wiki/BPC""]",2026-08-30,D,preserved_source_assertion
ast-370dac3384ee,org-bpc-2d7019e,BPC,entity_type,Unknown,regional_companies_agent.csv,"[""https://wikipedia.org/wiki/BPC""]",2026-08-30,D,preserved_source_assertion
ast-fbef5e1256d5,org-bpc-2d7019e,BPC,evidence_grade,D,regional_companies_agent.csv,"[""https://wikipedia.org/wiki/BPC""]",2026-08-30,D,preserved_source_assertion
ast-a63505e8603e,org-bpc-2d7019e,BPC,founding_year,Unknown,regional_companies_agent.csv,"[""https://wikipedia.org/wiki/BPC""]",2026-08-30,D,preserved_source_assertion
ast-996cf83654ea,org-bpc-2d7019e,BPC,hq_country,Bangladesh,regional_companies_agent.csv,"[""https://wikipedia.org/wiki/BPC""]",2026-08-30,D,preserved_source_assertion
ast-cbd83d4272b2,org-bpc-2d7019e,BPC,maturity,Unknown,regional_companies_agent.csv,"[""https://wikipedia.org/wiki/BPC""]",2026-08-30,D,preserved_source_assertion
ast-a3c930231af3,org-bpc-2d7019e,BPC,primary_lifecycle,Unknown,regional_companies_agent.csv,"[""https://wikipedia.org/wiki/BPC""]",2026-08-30,D,preserved_source_assertion
ast-7091334f4698,org-bpc-2d7019e,BPC,relevance_tier,C,regional_companies_agent.csv,"[""https://wikipedia.org/wiki/BPC""]",2026-08-30,D,preserved_source_assertion
ast-4e564d73aa98,org-bpc-2d7019e,BPC,secondary_lifecycle,Unknown,regional_companies_agent.csv,"[""https://wikipedia.org/wiki/BPC""]",2026-08-30,D,preserved_source_assertion
ast-f38c0d4c94db,org-bpc-2d7019e,BPC,status,unresolved,regional_companies_agent.csv,"[""https://wikipedia.org/wiki/BPC""]",2026-08-30,D,preserved_source_assertion
ast-d7464ff284ca,org-bpc-2d7019e,BPC,status_as_of,2026-08-30,regional_companies_agent.csv,"[""https://wikipedia.org/wiki/BPC""]",2026-08-30,D,preserved_source_assertion
ast-494be6516e28,org-bproperty-79a37ab,Bproperty,business_model,listing-and-transaction-fees,regional_companies_agent.csv,"[""https://bproperty.com/"",""https://bproperty.com/about-us"",""https://bproperty.com/terms-of-use"",""https://bssnews.net/business/107809""]",2026-08-30,A/B,preserved_source_assertion
ast-f81f86d632ab,org-bproperty-79a37ab,Bproperty,business_model,Marketplace/leads,proptech_startups_agent.csv,"[""https://bproperty.com/about-us""]",2026-08-30,A,preserved_source_assertion
ast-438f5c6ba738,org-bproperty-79a37ab,Bproperty,canonical_url,https://www.bproperty.com/,regional_companies_agent.csv,"[""https://bproperty.com/"",""https://bproperty.com/about-us"",""https://bproperty.com/terms-of-use"",""https://bssnews.net/business/107809""]",2026-08-30,A/B,preserved_source_assertion
ast-7b52f8ae69b7,org-bproperty-79a37ab,Bproperty,canonical_url,https://www.bproperty.com/about-us,proptech_startups_agent.csv,"[""https://bproperty.com/about-us""]",2026-08-30,A,preserved_source_assertion
ast-97e4e1b34231,org-bproperty-79a37ab,Bproperty,category,Marketplace valuation mortgage,proptech_startups_agent.csv,"[""https://bproperty.com/about-us""]",2026-08-30,A,preserved_source_assertion
ast-d0778e0a1aa4,org-bproperty-79a37ab,Bproperty,category,property-marketplace,regional_companies_agent.csv,"[""https://bproperty.com/"",""https://bproperty.com/about-us"",""https://bproperty.com/terms-of-use"",""https://bssnews.net/business/107809""]",2026-08-30,A/B,preserved_source_assertion
ast-2678be86057b,org-bproperty-79a37ab,Bproperty,cohort_or_ecosystem,EMPG-DCG-history,regional_companies_agent.csv,"[""https://bproperty.com/"",""https://bproperty.com/about-us"",""https://bproperty.com/terms-of-use"",""https://bssnews.net/business/107809""]",2026-08-30,A/B,preserved_source_assertion
ast-78769f2ad85e,org-bproperty-79a37ab,Bproperty,cohort_or_ecosystem,Independent,proptech_startups_agent.csv,"[""https://bproperty.com/about-us""]",2026-08-30,A,preserved_source_assertion
ast-5263bbf4ed87,org-bproperty-79a37ab,Bproperty,entity_type,private-company,regional_companies_agent.csv,"[""https://bproperty.com/"",""https://bproperty.com/about-us"",""https://bproperty.com/terms-of-use"",""https://bssnews.net/business/107809""]",2026-08-30,A/B,preserved_source_assertion
ast-5a3be67f1dd9,org-bproperty-79a37ab,Bproperty,entity_type,Company,proptech_startups_agent.csv,"[""https://bproperty.com/about-us""]",2026-08-30,A,preserved_source_assertion
ast-32ff81d5ed74,org-bproperty-79a37ab,Bproperty,evidence_grade,A,proptech_startups_agent.csv,"[""https://bproperty.com/about-us""]",2026-08-30,A,preserved_source_assertion
ast-db50fb835bec,org-bproperty-79a37ab,Bproperty,evidence_grade,A/B,regional_companies_agent.csv,"[""https://bproperty.com/"",""https://bproperty.com/about-us"",""https://bproperty.com/terms-of-use"",""https://bssnews.net/business/107809""]",2026-08-30,A/B,preserved_source_assertion
ast-250d68a56b5d,org-bproperty-79a37ab,Bproperty,founding_year,2016,regional_companies_agent.csv,"[""https://bproperty.com/"",""https://bproperty.com/about-us"",""https://bproperty.com/terms-of-use"",""https://bssnews.net/business/107809""]",2026-08-30,A/B,preserved_source_assertion
ast-b1213b1182eb,org-bproperty-79a37ab,Bproperty,founding_year,2015,proptech_startups_agent.csv,"[""https://bproperty.com/about-us""]",2026-08-30,A,preserved_source_assertion
ast-42282fba5221,org-bproperty-79a37ab,Bproperty,hq_country,Bangladesh,regional_companies_agent.csv,"[""https://bproperty.com/"",""https://bproperty.com/about-us"",""https://bproperty.com/terms-of-use"",""https://bssnews.net/business/107809""]",2026-08-30,A/B,preserved_source_assertion
ast-4991d82e0448,org-bproperty-79a37ab,Bproperty,hq_country,Bangladesh,proptech_startups_agent.csv,"[""https://bproperty.com/about-us""]",2026-08-30,A,preserved_source_assertion
ast-242a90dd079b,org-bproperty-79a37ab,Bproperty,maturity,Scaleup,proptech_startups_agent.csv,"[""https://bproperty.com/about-us""]",2026-08-30,A,preserved_source_assertion
ast-84157ed80f74,org-bproperty-79a37ab,Bproperty,maturity,unclear,regional_companies_agent.csv,"[""https://bproperty.com/"",""https://bproperty.com/about-us"",""https://bproperty.com/terms-of-use"",""https://bssnews.net/business/107809""]",2026-08-30,A/B,preserved_source_assertion
ast-552291002251,org-bproperty-79a37ab,Bproperty,primary_lifecycle,discover-sell-rent,regional_companies_agent.csv,"[""https://bproperty.com/"",""https://bproperty.com/about-us"",""https://bproperty.com/terms-of-use"",""https://bssnews.net/business/107809""]",2026-08-30,A/B,preserved_source_assertion
ast-d5a491676b70,org-bproperty-79a37ab,Bproperty,primary_lifecycle,Sales,proptech_startups_agent.csv,"[""https://bproperty.com/about-us""]",2026-08-30,A,preserved_source_assertion
ast-ab0e16a7b659,org-bproperty-79a37ab,Bproperty,relevance_tier,C,regional_companies_agent.csv,"[""https://bproperty.com/"",""https://bproperty.com/about-us"",""https://bproperty.com/terms-of-use"",""https://bssnews.net/business/107809""]",2026-08-30,A/B,preserved_source_assertion
ast-b46d65eafeba,org-bproperty-79a37ab,Bproperty,relevance_tier,A,proptech_startups_agent.csv,"[""https://bproperty.com/about-us""]",2026-08-30,A,preserved_source_assertion
ast-12f43d7ea00b,org-bproperty-79a37ab,Bproperty,secondary_lifecycle,legal-mortgage-valuation,regional_companies_agent.csv,"[""https://bproperty.com/"",""https://bproperty.com/about-us"",""https://bproperty.com/terms-of-use"",""https://bssnews.net/business/107809""]",2026-08-30,A/B,preserved_source_assertion
ast-5297f9611935,org-bproperty-79a37ab,Bproperty,secondary_lifecycle,Finance,proptech_startups_agent.csv,"[""https://bproperty.com/about-us""]",2026-08-30,A,preserved_source_assertion
ast-04175bd9814a,org-bproperty-79a37ab,Bproperty,status,live-domain-legacy-unresolved,regional_companies_agent.csv,"[""https://bproperty.com/"",""https://bproperty.com/about-us"",""https://bproperty.com/terms-of-use"",""https://bssnews.net/business/107809""]",2026-08-30,A/B,preserved_source_assertion
ast-f47a12e80906,org-bproperty-79a37ab,Bproperty,status,Active,proptech_startups_agent.csv,"[""https://bproperty.com/about-us""]",2026-08-30,A,preserved_source_assertion
ast-33b8b049be8e,org-bproperty-79a37ab,Bproperty,status_as_of,2026-08-30,regional_companies_agent.csv,"[""https://bproperty.com/"",""https://bproperty.com/about-us"",""https://bproperty.com/terms-of-use"",""https://bssnews.net/business/107809""]",2026-08-30,A/B,preserved_source_assertion
ast-828978065208,org-bproperty-79a37ab,Bproperty,status_as_of,2026-08-30,proptech_startups_agent.csv,"[""https://bproperty.com/about-us""]",2026-08-30,A,preserved_source_assertion
ast-aeaae064b302,org-brainbox-ai-f5deb8d,BrainBox AI,business_model,SaaS plus controls,proptech_startups_agent.csv,"[""https://brainboxai.com/""]",2026-08-30,A,preserved_source_assertion
ast-313bb7f640a6,org-brainbox-ai-f5deb8d,BrainBox AI,canonical_url,https://brainboxai.com/,proptech_startups_agent.csv,"[""https://brainboxai.com/""]",2026-08-30,A,preserved_source_assertion
ast-e32b49f4a28f,org-brainbox-ai-f5deb8d,BrainBox AI,category,HVAC energy optimization,proptech_startups_agent.csv,"[""https://brainboxai.com/""]",2026-08-30,A,preserved_source_assertion
ast-afa9c6b1ce16,org-brainbox-ai-f5deb8d,BrainBox AI,cohort_or_ecosystem,Independent,proptech_startups_agent.csv,"[""https://brainboxai.com/""]",2026-08-30,A,preserved_source_assertion
ast-db4646d290e2,org-brainbox-ai-f5deb8d,BrainBox AI,entity_type,Company,proptech_startups_agent.csv,"[""https://brainboxai.com/""]",2026-08-30,A,preserved_source_assertion
ast-7fa0cdd7ddec,org-brainbox-ai-f5deb8d,BrainBox AI,evidence_grade,A,proptech_startups_agent.csv,"[""https://brainboxai.com/""]",2026-08-30,A,preserved_source_assertion
ast-5fb1e3187faf,org-brainbox-ai-f5deb8d,BrainBox AI,founding_year,2014,proptech_startups_agent.csv,"[""https://brainboxai.com/""]",2026-08-30,A,preserved_source_assertion
ast-e5ffd90b50d5,org-brainbox-ai-f5deb8d,BrainBox AI,hq_country,Canada,proptech_startups_agent.csv,"[""https://brainboxai.com/""]",2026-08-30,A,preserved_source_assertion
ast-4ff2fee541c8,org-brainbox-ai-f5deb8d,BrainBox AI,maturity,Scaleup,proptech_startups_agent.csv,"[""https://brainboxai.com/""]",2026-08-30,A,preserved_source_assertion
ast-d0b625a89dbb,org-brainbox-ai-f5deb8d,BrainBox AI,primary_lifecycle,Climate,proptech_startups_agent.csv,"[""https://brainboxai.com/""]",2026-08-30,A,preserved_source_assertion
ast-1933c4c31d54,org-brainbox-ai-f5deb8d,BrainBox AI,relevance_tier,A,proptech_startups_agent.csv,"[""https://brainboxai.com/""]",2026-08-30,A,preserved_source_assertion
ast-c6f801057f5c,org-brainbox-ai-f5deb8d,BrainBox AI,secondary_lifecycle,Facilities,proptech_startups_agent.csv,"[""https://brainboxai.com/""]",2026-08-30,A,preserved_source_assertion
ast-fffaa1c2f417,org-brainbox-ai-f5deb8d,BrainBox AI,status,Active,proptech_startups_agent.csv,"[""https://brainboxai.com/""]",2026-08-30,A,preserved_source_assertion
ast-e7566a0d57c4,org-brainbox-ai-f5deb8d,BrainBox AI,status_as_of,2026-08-30,proptech_startups_agent.csv,"[""https://brainboxai.com/""]",2026-08-30,A,preserved_source_assertion
ast-7c00aba1f25e,org-brick-and-bolt-4809c48,Brick & Bolt,business_model,turnkey construction services marketplace and managed contractor network,final_residual_additions.csv,"[""https://bricknbolt.com/"",""https://bricknbolt.com/commercial-construction-company"",""https://foundamental.com/portfolio""]",2026-08-30,A,preserved_source_assertion
ast-fa48f0bf92ba,org-brick-and-bolt-4809c48,Brick & Bolt,canonical_url,https://www.bricknbolt.com/,final_residual_additions.csv,"[""https://bricknbolt.com/"",""https://bricknbolt.com/commercial-construction-company"",""https://foundamental.com/portfolio""]",2026-08-30,A,preserved_source_assertion
ast-73329a8d64c8,org-brick-and-bolt-4809c48,Brick & Bolt,category,tech-enabled end-to-end home and commercial construction delivery,final_residual_additions.csv,"[""https://bricknbolt.com/"",""https://bricknbolt.com/commercial-construction-company"",""https://foundamental.com/portfolio""]",2026-08-30,A,preserved_source_assertion
ast-a4be4b90e47f,org-brick-and-bolt-4809c48,Brick & Bolt,cohort_or_ecosystem,Foundamental,final_residual_additions.csv,"[""https://bricknbolt.com/"",""https://bricknbolt.com/commercial-construction-company"",""https://foundamental.com/portfolio""]",2026-08-30,A,preserved_source_assertion
ast-728390fcd4fc,org-brick-and-bolt-4809c48,Brick & Bolt,entity_type,private company,final_residual_additions.csv,"[""https://bricknbolt.com/"",""https://bricknbolt.com/commercial-construction-company"",""https://foundamental.com/portfolio""]",2026-08-30,A,preserved_source_assertion
ast-df3b7cd5f8b6,org-brick-and-bolt-4809c48,Brick & Bolt,evidence_grade,A,final_residual_additions.csv,"[""https://bricknbolt.com/"",""https://bricknbolt.com/commercial-construction-company"",""https://foundamental.com/portfolio""]",2026-08-30,A,preserved_source_assertion
ast-99ac2bae592a,org-brick-and-bolt-4809c48,Brick & Bolt,founding_year,2018,final_residual_additions.csv,"[""https://bricknbolt.com/"",""https://bricknbolt.com/commercial-construction-company"",""https://foundamental.com/portfolio""]",2026-08-30,A,preserved_source_assertion
ast-4dc047d55f08,org-brick-and-bolt-4809c48,Brick & Bolt,hq_country,India,final_residual_additions.csv,"[""https://bricknbolt.com/"",""https://bricknbolt.com/commercial-construction-company"",""https://foundamental.com/portfolio""]",2026-08-30,A,preserved_source_assertion
ast-7d538a8409cf,org-brick-and-bolt-4809c48,Brick & Bolt,maturity,scaleup,final_residual_additions.csv,"[""https://bricknbolt.com/"",""https://bricknbolt.com/commercial-construction-company"",""https://foundamental.com/portfolio""]",2026-08-30,A,preserved_source_assertion
ast-5f0ae6c87e46,org-brick-and-bolt-4809c48,Brick & Bolt,primary_lifecycle,L5 Construction delivery,final_residual_additions.csv,"[""https://bricknbolt.com/"",""https://bricknbolt.com/commercial-construction-company"",""https://foundamental.com/portfolio""]",2026-08-30,A,preserved_source_assertion
ast-6d9bba413d1e,org-brick-and-bolt-4809c48,Brick & Bolt,relevance_tier,A,final_residual_additions.csv,"[""https://bricknbolt.com/"",""https://bricknbolt.com/commercial-construction-company"",""https://foundamental.com/portfolio""]",2026-08-30,A,preserved_source_assertion
ast-259d503eb1d0,org-brick-and-bolt-4809c48,Brick & Bolt,secondary_lifecycle,L4 Design and preconstruction; L6 Marketing and sales; L11 Handover and warranty,final_residual_additions.csv,"[""https://bricknbolt.com/"",""https://bricknbolt.com/commercial-construction-company"",""https://foundamental.com/portfolio""]",2026-08-30,A,preserved_source_assertion
ast-7356265f1050,org-brick-and-bolt-4809c48,Brick & Bolt,status,active,final_residual_additions.csv,"[""https://bricknbolt.com/"",""https://bricknbolt.com/commercial-construction-company"",""https://foundamental.com/portfolio""]",2026-08-30,A,preserved_source_assertion
ast-384369884c52,org-brick-and-bolt-4809c48,Brick & Bolt,status_as_of,2026-08-30,final_residual_additions.csv,"[""https://bricknbolt.com/"",""https://bricknbolt.com/commercial-construction-company"",""https://foundamental.com/portfolio""]",2026-08-30,A,preserved_source_assertion
ast-5e897a5c2a46,org-brick-and-mortar-ventures-portfolio-8dcb652,Brick & Mortar Ventures portfolio,business_model,Portfolio,proptech_startups_agent.csv,"[""https://brickmortar.vc/portfolio""]",2026-08-30,A,preserved_source_assertion
ast-1bc5713412e8,org-brick-and-mortar-ventures-portfolio-8dcb652,Brick & Mortar Ventures portfolio,canonical_url,https://brickmortar.vc/portfolio,proptech_startups_agent.csv,"[""https://brickmortar.vc/portfolio""]",2026-08-30,A,preserved_source_assertion
ast-4b05d97b5884,org-brick-and-mortar-ventures-portfolio-8dcb652,Brick & Mortar Ventures portfolio,category,AEC/FM VC ecosystem index,proptech_startups_agent.csv,"[""https://brickmortar.vc/portfolio""]",2026-08-30,A,preserved_source_assertion
ast-da719aaada50,org-brick-and-mortar-ventures-portfolio-8dcb652,Brick & Mortar Ventures portfolio,cohort_or_ecosystem,Brick & Mortar Ventures,proptech_startups_agent.csv,"[""https://brickmortar.vc/portfolio""]",2026-08-30,A,preserved_source_assertion
ast-b80ffac48180,org-brick-and-mortar-ventures-portfolio-8dcb652,Brick & Mortar Ventures portfolio,entity_type,Investor,proptech_startups_agent.csv,"[""https://brickmortar.vc/portfolio""]",2026-08-30,A,preserved_source_assertion
ast-40d860a54fec,org-brick-and-mortar-ventures-portfolio-8dcb652,Brick & Mortar Ventures portfolio,evidence_grade,A,proptech_startups_agent.csv,"[""https://brickmortar.vc/portfolio""]",2026-08-30,A,preserved_source_assertion
ast-931e799e5a36,org-brick-and-mortar-ventures-portfolio-8dcb652,Brick & Mortar Ventures portfolio,founding_year,2015,proptech_startups_agent.csv,"[""https://brickmortar.vc/portfolio""]",2026-08-30,A,preserved_source_assertion
ast-4b9299378024,org-brick-and-mortar-ventures-portfolio-8dcb652,Brick & Mortar Ventures portfolio,hq_country,United States,proptech_startups_agent.csv,"[""https://brickmortar.vc/portfolio""]",2026-08-30,A,preserved_source_assertion
ast-4c2e9ba16587,org-brick-and-mortar-ventures-portfolio-8dcb652,Brick & Mortar Ventures portfolio,maturity,Portfolio index,proptech_startups_agent.csv,"[""https://brickmortar.vc/portfolio""]",2026-08-30,A,preserved_source_assertion
ast-1b1e6f1b87c1,org-brick-and-mortar-ventures-portfolio-8dcb652,Brick & Mortar Ventures portfolio,primary_lifecycle,Construction,proptech_startups_agent.csv,"[""https://brickmortar.vc/portfolio""]",2026-08-30,A,preserved_source_assertion
ast-bd86771a0418,org-brick-and-mortar-ventures-portfolio-8dcb652,Brick & Mortar Ventures portfolio,relevance_tier,C,proptech_startups_agent.csv,"[""https://brickmortar.vc/portfolio""]",2026-08-30,A,preserved_source_assertion
ast-e4daa2774411,org-brick-and-mortar-ventures-portfolio-8dcb652,Brick & Mortar Ventures portfolio,secondary_lifecycle,Facilities,proptech_startups_agent.csv,"[""https://brickmortar.vc/portfolio""]",2026-08-30,A,preserved_source_assertion
ast-2de6b09ee858,org-brick-and-mortar-ventures-portfolio-8dcb652,Brick & Mortar Ventures portfolio,status,Active index,proptech_startups_agent.csv,"[""https://brickmortar.vc/portfolio""]",2026-08-30,A,preserved_source_assertion
ast-2ba7834f3770,org-brick-and-mortar-ventures-portfolio-8dcb652,Brick & Mortar Ventures portfolio,status_as_of,2026-08-30,proptech_startups_agent.csv,"[""https://brickmortar.vc/portfolio""]",2026-08-30,A,preserved_source_assertion
ast-70d2744c9607,org-bricks-fund-tokyo-f018f4a,BRICKS FUND TOKYO,canonical_url,https://bricks-fundtokyo.com/,global_real_estate_pioneers_agent.csv,"[""https://bricks-fundtokyo.com/"",""https://mec.co.jp/ir/library/2023/1Q/irpresentation2023_2.pdf""]",2026-08-30,B,preserved_source_assertion
ast-62a199949fa3,org-bricks-fund-tokyo-f018f4a,BRICKS FUND TOKYO,entity_type,developer-led CVC,global_real_estate_pioneers_agent.csv,"[""https://bricks-fundtokyo.com/"",""https://mec.co.jp/ir/library/2023/1Q/irpresentation2023_2.pdf""]",2026-08-30,B,preserved_source_assertion
ast-cdd0d6e9f8e9,org-bricks-fund-tokyo-f018f4a,BRICKS FUND TOKYO,evidence_grade,B,global_real_estate_pioneers_agent.csv,"[""https://bricks-fundtokyo.com/"",""https://mec.co.jp/ir/library/2023/1Q/irpresentation2023_2.pdf""]",2026-08-30,B,preserved_source_assertion
ast-ad4664147915,org-bricks-fund-tokyo-f018f4a,BRICKS FUND TOKYO,hq_country,Japan,global_real_estate_pioneers_agent.csv,"[""https://bricks-fundtokyo.com/"",""https://mec.co.jp/ir/library/2023/1Q/irpresentation2023_2.pdf""]",2026-08-30,B,preserved_source_assertion
ast-378a494772cc,org-bricks-fund-tokyo-f018f4a,BRICKS FUND TOKYO,primary_lifecycle,L/S/H/O,global_real_estate_pioneers_agent.csv,"[""https://bricks-fundtokyo.com/"",""https://mec.co.jp/ir/library/2023/1Q/irpresentation2023_2.pdf""]",2026-08-30,B,preserved_source_assertion
ast-064a71a4bede,org-bricks-fund-tokyo-f018f4a,BRICKS FUND TOKYO,relevance_tier,B,global_real_estate_pioneers_agent.csv,"[""https://bricks-fundtokyo.com/"",""https://mec.co.jp/ir/library/2023/1Q/irpresentation2023_2.pdf""]",2026-08-30,B,preserved_source_assertion
ast-40d216c296cd,org-bricks-fund-tokyo-f018f4a,BRICKS FUND TOKYO,status,active,global_real_estate_pioneers_agent.csv,"[""https://bricks-fundtokyo.com/"",""https://mec.co.jp/ir/library/2023/1Q/irpresentation2023_2.pdf""]",2026-08-30,B,preserved_source_assertion
ast-bdfc6dccdbf6,org-brimstone-75851e3,Brimstone,business_model,Deeptech/materials,proptech_startups_agent.csv,"[""https://brimstoneenergy.com/"",""https://fifthwall.com/portfolio""]",2026-08-30,A,preserved_source_assertion
ast-32ba86914e00,org-brimstone-75851e3,Brimstone,canonical_url,https://www.brimstoneenergy.com/,proptech_startups_agent.csv,"[""https://brimstoneenergy.com/"",""https://fifthwall.com/portfolio""]",2026-08-30,A,preserved_source_assertion
ast-48ae33ef5f29,org-brimstone-75851e3,Brimstone,category,Low-carbon cement,proptech_startups_agent.csv,"[""https://brimstoneenergy.com/"",""https://fifthwall.com/portfolio""]",2026-08-30,A,preserved_source_assertion
ast-d52e6423287b,org-brimstone-75851e3,Brimstone,cohort_or_ecosystem,Fifth Wall,proptech_startups_agent.csv,"[""https://brimstoneenergy.com/"",""https://fifthwall.com/portfolio""]",2026-08-30,A,preserved_source_assertion
ast-5b9fdfeac15e,org-brimstone-75851e3,Brimstone,entity_type,Company,proptech_startups_agent.csv,"[""https://brimstoneenergy.com/"",""https://fifthwall.com/portfolio""]",2026-08-30,A,preserved_source_assertion
ast-c9bcfd077125,org-brimstone-75851e3,Brimstone,evidence_grade,A,proptech_startups_agent.csv,"[""https://brimstoneenergy.com/"",""https://fifthwall.com/portfolio""]",2026-08-30,A,preserved_source_assertion
ast-b33d6fd49855,org-brimstone-75851e3,Brimstone,founding_year,2019,proptech_startups_agent.csv,"[""https://brimstoneenergy.com/"",""https://fifthwall.com/portfolio""]",2026-08-30,A,preserved_source_assertion
ast-f2f2dd333839,org-brimstone-75851e3,Brimstone,hq_country,United States,proptech_startups_agent.csv,"[""https://brimstoneenergy.com/"",""https://fifthwall.com/portfolio""]",2026-08-30,A,preserved_source_assertion
ast-87e4f51267b4,org-brimstone-75851e3,Brimstone,maturity,Early/scaleup,proptech_startups_agent.csv,"[""https://brimstoneenergy.com/"",""https://fifthwall.com/portfolio""]",2026-08-30,A,preserved_source_assertion
ast-eb076986f0d8,org-brimstone-75851e3,Brimstone,primary_lifecycle,Climate,proptech_startups_agent.csv,"[""https://brimstoneenergy.com/"",""https://fifthwall.com/portfolio""]",2026-08-30,A,preserved_source_assertion
ast-e046a7dfe9ef,org-brimstone-75851e3,Brimstone,relevance_tier,A,proptech_startups_agent.csv,"[""https://brimstoneenergy.com/"",""https://fifthwall.com/portfolio""]",2026-08-30,A,preserved_source_assertion
ast-bc59c40b1e44,org-brimstone-75851e3,Brimstone,secondary_lifecycle,Construction,proptech_startups_agent.csv,"[""https://brimstoneenergy.com/"",""https://fifthwall.com/portfolio""]",2026-08-30,A,preserved_source_assertion
ast-22c98992eabb,org-brimstone-75851e3,Brimstone,status,Active,proptech_startups_agent.csv,"[""https://brimstoneenergy.com/"",""https://fifthwall.com/portfolio""]",2026-08-30,A,preserved_source_assertion
ast-3c08b60604be,org-brimstone-75851e3,Brimstone,status_as_of,2026-08-30,proptech_startups_agent.csv,"[""https://brimstoneenergy.com/"",""https://fifthwall.com/portfolio""]",2026-08-30,A,preserved_source_assertion
ast-3b3c2d32e355,org-brkz-3da166c,BRKZ,business_model,marketplace-financing,regional_companies_agent.csv,"[""https://brkz.com/en"",""https://globenewswire.com/news-release/2025/02/10/3023492/0/en/BRKZ-closes-17M-Series-A-to-transform-construction-procurement-as-Saudi-Arabia-s-3T-project-pipeline-accelerates.html"",""https://wamda.com/en/2024/03/brkz-secures-8-million-series-round""]",2026-08-30,B/A,preserved_source_assertion
ast-c42758dec63b,org-brkz-3da166c,BRKZ,canonical_url,https://brkz.com/en,regional_companies_agent.csv,"[""https://brkz.com/en"",""https://globenewswire.com/news-release/2025/02/10/3023492/0/en/BRKZ-closes-17M-Series-A-to-transform-construction-procurement-as-Saudi-Arabia-s-3T-project-pipeline-accelerates.html"",""https://wamda.com/en/2024/03/brkz-secures-8-million-series-round""]",2026-08-30,B/A,preserved_source_assertion
ast-9650152cab5f,org-brkz-3da166c,BRKZ,category,managed-B2B-contech,regional_companies_agent.csv,"[""https://brkz.com/en"",""https://globenewswire.com/news-release/2025/02/10/3023492/0/en/BRKZ-closes-17M-Series-A-to-transform-construction-procurement-as-Saudi-Arabia-s-3T-project-pipeline-accelerates.html"",""https://wamda.com/en/2024/03/brkz-secures-8-million-series-round""]",2026-08-30,B/A,preserved_source_assertion
ast-b0110bc98134,org-brkz-3da166c,BRKZ,cohort_or_ecosystem,Beco-9900-Waed,regional_companies_agent.csv,"[""https://brkz.com/en"",""https://globenewswire.com/news-release/2025/02/10/3023492/0/en/BRKZ-closes-17M-Series-A-to-transform-construction-procurement-as-Saudi-Arabia-s-3T-project-pipeline-accelerates.html"",""https://wamda.com/en/2024/03/brkz-secures-8-million-series-round""]",2026-08-30,B/A,preserved_source_assertion
ast-709104417d26,org-brkz-3da166c,BRKZ,entity_type,private-growth,regional_companies_agent.csv,"[""https://brkz.com/en"",""https://globenewswire.com/news-release/2025/02/10/3023492/0/en/BRKZ-closes-17M-Series-A-to-transform-construction-procurement-as-Saudi-Arabia-s-3T-project-pipeline-accelerates.html"",""https://wamda.com/en/2024/03/brkz-secures-8-million-series-round""]",2026-08-30,B/A,preserved_source_assertion
ast-228822454434,org-brkz-3da166c,BRKZ,evidence_grade,B/A,regional_companies_agent.csv,"[""https://brkz.com/en"",""https://globenewswire.com/news-release/2025/02/10/3023492/0/en/BRKZ-closes-17M-Series-A-to-transform-construction-procurement-as-Saudi-Arabia-s-3T-project-pipeline-accelerates.html"",""https://wamda.com/en/2024/03/brkz-secures-8-million-series-round""]",2026-08-30,B/A,preserved_source_assertion
ast-1c926c2023aa,org-brkz-3da166c,BRKZ,founding_year,2022,regional_companies_agent.csv,"[""https://brkz.com/en"",""https://globenewswire.com/news-release/2025/02/10/3023492/0/en/BRKZ-closes-17M-Series-A-to-transform-construction-procurement-as-Saudi-Arabia-s-3T-project-pipeline-accelerates.html"",""https://wamda.com/en/2024/03/brkz-secures-8-million-series-round""]",2026-08-30,B/A,preserved_source_assertion
ast-64f75f3c5fb9,org-brkz-3da166c,BRKZ,hq_country,Saudi Arabia,regional_companies_agent.csv,"[""https://brkz.com/en"",""https://globenewswire.com/news-release/2025/02/10/3023492/0/en/BRKZ-closes-17M-Series-A-to-transform-construction-procurement-as-Saudi-Arabia-s-3T-project-pipeline-accelerates.html"",""https://wamda.com/en/2024/03/brkz-secures-8-million-series-round""]",2026-08-30,B/A,preserved_source_assertion
ast-e8bcd50441db,org-brkz-3da166c,BRKZ,maturity,scale,regional_companies_agent.csv,"[""https://brkz.com/en"",""https://globenewswire.com/news-release/2025/02/10/3023492/0/en/BRKZ-closes-17M-Series-A-to-transform-construction-procurement-as-Saudi-Arabia-s-3T-project-pipeline-accelerates.html"",""https://wamda.com/en/2024/03/brkz-secures-8-million-series-round""]",2026-08-30,B/A,preserved_source_assertion
ast-a2d14a8478a9,org-brkz-3da166c,BRKZ,primary_lifecycle,materials-procurement,regional_companies_agent.csv,"[""https://brkz.com/en"",""https://globenewswire.com/news-release/2025/02/10/3023492/0/en/BRKZ-closes-17M-Series-A-to-transform-construction-procurement-as-Saudi-Arabia-s-3T-project-pipeline-accelerates.html"",""https://wamda.com/en/2024/03/brkz-secures-8-million-series-round""]",2026-08-30,B/A,preserved_source_assertion
ast-02e7128177c0,org-brkz-3da166c,BRKZ,relevance_tier,A,regional_companies_agent.csv,"[""https://brkz.com/en"",""https://globenewswire.com/news-release/2025/02/10/3023492/0/en/BRKZ-closes-17M-Series-A-to-transform-construction-procurement-as-Saudi-Arabia-s-3T-project-pipeline-accelerates.html"",""https://wamda.com/en/2024/03/brkz-secures-8-million-series-round""]",2026-08-30,B/A,preserved_source_assertion
ast-84fd59474bf6,org-brkz-3da166c,BRKZ,secondary_lifecycle,embedded-finance-equipment-manpower,regional_companies_agent.csv,"[""https://brkz.com/en"",""https://globenewswire.com/news-release/2025/02/10/3023492/0/en/BRKZ-closes-17M-Series-A-to-transform-construction-procurement-as-Saudi-Arabia-s-3T-project-pipeline-accelerates.html"",""https://wamda.com/en/2024/03/brkz-secures-8-million-series-round""]",2026-08-30,B/A,preserved_source_assertion
ast-6aaf9f1a0c02,org-brkz-3da166c,BRKZ,status,active,regional_companies_agent.csv,"[""https://brkz.com/en"",""https://globenewswire.com/news-release/2025/02/10/3023492/0/en/BRKZ-closes-17M-Series-A-to-transform-construction-procurement-as-Saudi-Arabia-s-3T-project-pipeline-accelerates.html"",""https://wamda.com/en/2024/03/brkz-secures-8-million-series-round""]",2026-08-30,B/A,preserved_source_assertion
ast-031ed9a36bc9,org-brkz-3da166c,BRKZ,status_as_of,2026-08-30,regional_companies_agent.csv,"[""https://brkz.com/en"",""https://globenewswire.com/news-release/2025/02/10/3023492/0/en/BRKZ-closes-17M-Series-A-to-transform-construction-procurement-as-Saudi-Arabia-s-3T-project-pipeline-accelerates.html"",""https://wamda.com/en/2024/03/brkz-secures-8-million-series-round""]",2026-08-30,B/A,preserved_source_assertion
ast-e093d0da595c,org-brokerbot-ae596f6,BrokerBot,business_model,AI SaaS,proptech_startups_agent.csv,"[""https://nar-reach.com/second-century-ventures-announces-6-technology-companies-for-2026-reach-scale-up-program""]",2026-08-30,A,preserved_source_assertion
ast-aa2718440870,org-brokerbot-ae596f6,BrokerBot,canonical_url,https://www.nar-reach.com/second-century-ventures-announces-6-technology-companies-for-2026-reach-scale-up-program,proptech_startups_agent.csv,"[""https://nar-reach.com/second-century-ventures-announces-6-technology-companies-for-2026-reach-scale-up-program""]",2026-08-30,A,preserved_source_assertion
ast-f85c7e4e3504,org-brokerbot-ae596f6,BrokerBot,category,AI brokerage teammates,proptech_startups_agent.csv,"[""https://nar-reach.com/second-century-ventures-announces-6-technology-companies-for-2026-reach-scale-up-program""]",2026-08-30,A,preserved_source_assertion
ast-096dd4da3ef7,org-brokerbot-ae596f6,BrokerBot,cohort_or_ecosystem,NAR REACH US Residential 2026,proptech_startups_agent.csv,"[""https://nar-reach.com/second-century-ventures-announces-6-technology-companies-for-2026-reach-scale-up-program""]",2026-08-30,A,preserved_source_assertion
ast-304d5c88f8c3,org-brokerbot-ae596f6,BrokerBot,entity_type,Company,proptech_startups_agent.csv,"[""https://nar-reach.com/second-century-ventures-announces-6-technology-companies-for-2026-reach-scale-up-program""]",2026-08-30,A,preserved_source_assertion
ast-4cc09b23aec4,org-brokerbot-ae596f6,BrokerBot,evidence_grade,A,proptech_startups_agent.csv,"[""https://nar-reach.com/second-century-ventures-announces-6-technology-companies-for-2026-reach-scale-up-program""]",2026-08-30,A,preserved_source_assertion
ast-ed93d90d0f84,org-brokerbot-ae596f6,BrokerBot,founding_year,Unknown,proptech_startups_agent.csv,"[""https://nar-reach.com/second-century-ventures-announces-6-technology-companies-for-2026-reach-scale-up-program""]",2026-08-30,A,preserved_source_assertion
ast-815d070db9c7,org-brokerbot-ae596f6,BrokerBot,hq_country,United States,proptech_startups_agent.csv,"[""https://nar-reach.com/second-century-ventures-announces-6-technology-companies-for-2026-reach-scale-up-program""]",2026-08-30,A,preserved_source_assertion
ast-3aa53ae191d1,org-brokerbot-ae596f6,BrokerBot,maturity,Early,proptech_startups_agent.csv,"[""https://nar-reach.com/second-century-ventures-announces-6-technology-companies-for-2026-reach-scale-up-program""]",2026-08-30,A,preserved_source_assertion
ast-942013bd10ea,org-brokerbot-ae596f6,BrokerBot,primary_lifecycle,Sales,proptech_startups_agent.csv,"[""https://nar-reach.com/second-century-ventures-announces-6-technology-companies-for-2026-reach-scale-up-program""]",2026-08-30,A,preserved_source_assertion
ast-99584eefe251,org-brokerbot-ae596f6,BrokerBot,relevance_tier,B,proptech_startups_agent.csv,"[""https://nar-reach.com/second-century-ventures-announces-6-technology-companies-for-2026-reach-scale-up-program""]",2026-08-30,A,preserved_source_assertion
ast-c5625b08287f,org-brokerbot-ae596f6,BrokerBot,secondary_lifecycle,Operations,proptech_startups_agent.csv,"[""https://nar-reach.com/second-century-ventures-announces-6-technology-companies-for-2026-reach-scale-up-program""]",2026-08-30,A,preserved_source_assertion
ast-fb62f21db275,org-brokerbot-ae596f6,BrokerBot,status,Selected 2026 cohort,proptech_startups_agent.csv,"[""https://nar-reach.com/second-century-ventures-announces-6-technology-companies-for-2026-reach-scale-up-program""]",2026-08-30,A,preserved_source_assertion
ast-49582424b5e0,org-brokerbot-ae596f6,BrokerBot,status_as_of,2026-08-30,proptech_startups_agent.csv,"[""https://nar-reach.com/second-century-ventures-announces-6-technology-companies-for-2026-reach-scale-up-program""]",2026-08-30,A,preserved_source_assertion
ast-0b719467c395,org-brookfield-5b2c313,Brookfield,canonical_url,https://www.brookfield.com/,global_real_estate_pioneers_agent.csv,"[""https://brookfield.com/"",""https://brookfield.com/2025-brookfield-corporation-annual-report""]",2026-08-30,A,preserved_source_assertion
ast-e821cb3938ca,org-brookfield-5b2c313,Brookfield,entity_type,real assets owner manager,global_real_estate_pioneers_agent.csv,"[""https://brookfield.com/"",""https://brookfield.com/2025-brookfield-corporation-annual-report""]",2026-08-30,A,preserved_source_assertion
ast-8fc95f944ef3,org-brookfield-5b2c313,Brookfield,evidence_grade,A,global_real_estate_pioneers_agent.csv,"[""https://brookfield.com/"",""https://brookfield.com/2025-brookfield-corporation-annual-report""]",2026-08-30,A,preserved_source_assertion
ast-0b51da2f3465,org-brookfield-5b2c313,Brookfield,hq_country,Canada,global_real_estate_pioneers_agent.csv,"[""https://brookfield.com/"",""https://brookfield.com/2025-brookfield-corporation-annual-report""]",2026-08-30,A,preserved_source_assertion
ast-3ef16263ebe2,org-brookfield-5b2c313,Brookfield,primary_lifecycle,F/O/E,global_real_estate_pioneers_agent.csv,"[""https://brookfield.com/"",""https://brookfield.com/2025-brookfield-corporation-annual-report""]",2026-08-30,A,preserved_source_assertion
ast-279abb9bcbc4,org-brookfield-5b2c313,Brookfield,relevance_tier,B,global_real_estate_pioneers_agent.csv,"[""https://brookfield.com/"",""https://brookfield.com/2025-brookfield-corporation-annual-report""]",2026-08-30,A,preserved_source_assertion
ast-b28d1026363e,org-brookfield-5b2c313,Brookfield,status,active,global_real_estate_pioneers_agent.csv,"[""https://brookfield.com/"",""https://brookfield.com/2025-brookfield-corporation-annual-report""]",2026-08-30,A,preserved_source_assertion
ast-c1313d286a0c,org-building-transparency-be3d8ba,Building Transparency,business_model,free open-access tool data services API and partner support,final_residual_additions.csv,"[""https://buildingtransparency.org/"",""https://buildingtransparency.org/tools/ec3"",""https://docs.buildingtransparency.org/""]",2026-08-30,A,preserved_source_assertion
ast-28c53b76d093,org-building-transparency-be3d8ba,Building Transparency,canonical_url,https://www.buildingtransparency.org/,final_residual_additions.csv,"[""https://buildingtransparency.org/"",""https://buildingtransparency.org/tools/ec3"",""https://docs.buildingtransparency.org/""]",2026-08-30,A,preserved_source_assertion
ast-888f73599041,org-building-transparency-be3d8ba,Building Transparency,category,EC3 open embodied-carbon data EPD comparison and procurement infrastructure,final_residual_additions.csv,"[""https://buildingtransparency.org/"",""https://buildingtransparency.org/tools/ec3"",""https://docs.buildingtransparency.org/""]",2026-08-30,A,preserved_source_assertion
ast-ffdc8d779822,org-building-transparency-be3d8ba,Building Transparency,entity_type,nonprofit organization,final_residual_additions.csv,"[""https://buildingtransparency.org/"",""https://buildingtransparency.org/tools/ec3"",""https://docs.buildingtransparency.org/""]",2026-08-30,A,preserved_source_assertion
ast-183976e26a6c,org-building-transparency-be3d8ba,Building Transparency,evidence_grade,A,final_residual_additions.csv,"[""https://buildingtransparency.org/"",""https://buildingtransparency.org/tools/ec3"",""https://docs.buildingtransparency.org/""]",2026-08-30,A,preserved_source_assertion
ast-fc58415d4efc,org-building-transparency-be3d8ba,Building Transparency,hq_country,United States,final_residual_additions.csv,"[""https://buildingtransparency.org/"",""https://buildingtransparency.org/tools/ec3"",""https://docs.buildingtransparency.org/""]",2026-08-30,A,preserved_source_assertion
ast-47f35932e78b,org-building-transparency-be3d8ba,Building Transparency,maturity,open infrastructure at scale,final_residual_additions.csv,"[""https://buildingtransparency.org/"",""https://buildingtransparency.org/tools/ec3"",""https://docs.buildingtransparency.org/""]",2026-08-30,A,preserved_source_assertion
ast-7069211f39d4,org-building-transparency-be3d8ba,Building Transparency,primary_lifecycle,L10 ESG climate and resilience,final_residual_additions.csv,"[""https://buildingtransparency.org/"",""https://buildingtransparency.org/tools/ec3"",""https://docs.buildingtransparency.org/""]",2026-08-30,A,preserved_source_assertion
ast-00278cfff585,org-building-transparency-be3d8ba,Building Transparency,relevance_tier,A,final_residual_additions.csv,"[""https://buildingtransparency.org/"",""https://buildingtransparency.org/tools/ec3"",""https://docs.buildingtransparency.org/""]",2026-08-30,A,preserved_source_assertion
ast-f0a8a3c23286,org-building-transparency-be3d8ba,Building Transparency,secondary_lifecycle,L4 Design and preconstruction; L5 Construction delivery; L12 Data and trust,final_residual_additions.csv,"[""https://buildingtransparency.org/"",""https://buildingtransparency.org/tools/ec3"",""https://docs.buildingtransparency.org/""]",2026-08-30,A,preserved_source_assertion
ast-9c6bcf942e5b,org-building-transparency-be3d8ba,Building Transparency,status,active,final_residual_additions.csv,"[""https://buildingtransparency.org/"",""https://buildingtransparency.org/tools/ec3"",""https://docs.buildingtransparency.org/""]",2026-08-30,A,preserved_source_assertion
ast-45968e11fec0,org-building-transparency-be3d8ba,Building Transparency,status_as_of,2026-08-30,final_residual_additions.csv,"[""https://buildingtransparency.org/"",""https://buildingtransparency.org/tools/ec3"",""https://docs.buildingtransparency.org/""]",2026-08-30,A,preserved_source_assertion
ast-991a5e7cbb1c,org-buildingconnected-001c81a,BuildingConnected,business_model,Marketplace/SaaS,proptech_startups_agent.csv,"[""https://brickmortar.vc/portfolio"",""https://construction.autodesk.com/products/buildingconnected""]",2026-08-30,A,preserved_source_assertion
ast-755fd9cd10e1,org-buildingconnected-001c81a,BuildingConnected,canonical_url,https://construction.autodesk.com/products/buildingconnected/,proptech_startups_agent.csv,"[""https://brickmortar.vc/portfolio"",""https://construction.autodesk.com/products/buildingconnected""]",2026-08-30,A,preserved_source_assertion
ast-acb1558cf492,org-buildingconnected-001c81a,BuildingConnected,category,Construction bidding,proptech_startups_agent.csv,"[""https://brickmortar.vc/portfolio"",""https://construction.autodesk.com/products/buildingconnected""]",2026-08-30,A,preserved_source_assertion
ast-936027e11fc0,org-buildingconnected-001c81a,BuildingConnected,cohort_or_ecosystem,Brick & Mortar,proptech_startups_agent.csv,"[""https://brickmortar.vc/portfolio"",""https://construction.autodesk.com/products/buildingconnected""]",2026-08-30,A,preserved_source_assertion
ast-cdab860978d0,org-buildingconnected-001c81a,BuildingConnected,entity_type,Subsidiary,proptech_startups_agent.csv,"[""https://brickmortar.vc/portfolio"",""https://construction.autodesk.com/products/buildingconnected""]",2026-08-30,A,preserved_source_assertion
ast-957e657c0008,org-buildingconnected-001c81a,BuildingConnected,evidence_grade,A,proptech_startups_agent.csv,"[""https://brickmortar.vc/portfolio"",""https://construction.autodesk.com/products/buildingconnected""]",2026-08-30,A,preserved_source_assertion
ast-df97a6d909ba,org-buildingconnected-001c81a,BuildingConnected,founding_year,2012,proptech_startups_agent.csv,"[""https://brickmortar.vc/portfolio"",""https://construction.autodesk.com/products/buildingconnected""]",2026-08-30,A,preserved_source_assertion
ast-2c9711451a4b,org-buildingconnected-001c81a,BuildingConnected,hq_country,United States,proptech_startups_agent.csv,"[""https://brickmortar.vc/portfolio"",""https://construction.autodesk.com/products/buildingconnected""]",2026-08-30,A,preserved_source_assertion
ast-ccbbd20326fe,org-buildingconnected-001c81a,BuildingConnected,maturity,Acquired,proptech_startups_agent.csv,"[""https://brickmortar.vc/portfolio"",""https://construction.autodesk.com/products/buildingconnected""]",2026-08-30,A,preserved_source_assertion
ast-db84fcc2b33a,org-buildingconnected-001c81a,BuildingConnected,primary_lifecycle,Procurement,proptech_startups_agent.csv,"[""https://brickmortar.vc/portfolio"",""https://construction.autodesk.com/products/buildingconnected""]",2026-08-30,A,preserved_source_assertion
ast-dfa17d7947c9,org-buildingconnected-001c81a,BuildingConnected,relevance_tier,C,proptech_startups_agent.csv,"[""https://brickmortar.vc/portfolio"",""https://construction.autodesk.com/products/buildingconnected""]",2026-08-30,A,preserved_source_assertion
ast-57cb051f548b,org-buildingconnected-001c81a,BuildingConnected,secondary_lifecycle,Construction,proptech_startups_agent.csv,"[""https://brickmortar.vc/portfolio"",""https://construction.autodesk.com/products/buildingconnected""]",2026-08-30,A,preserved_source_assertion
ast-534ef5fcdbe2,org-buildingconnected-001c81a,BuildingConnected,status,Acquired by Autodesk,proptech_startups_agent.csv,"[""https://brickmortar.vc/portfolio"",""https://construction.autodesk.com/products/buildingconnected""]",2026-08-30,A,preserved_source_assertion
ast-3de1e39513d7,org-buildingconnected-001c81a,BuildingConnected,status_as_of,2026-08-30,proptech_startups_agent.csv,"[""https://brickmortar.vc/portfolio"",""https://construction.autodesk.com/products/buildingconnected""]",2026-08-30,A,preserved_source_assertion
ast-e6906238fa15,org-buildmart-a61bcf7,BuildMart,business_model,marketplace-supplier-leads,regional_companies_agent.csv,"[""https://buildmart.com.bd/"",""https://buildmart.com.bd/pages/about-us""]",2026-08-30,B/D,preserved_source_assertion
ast-ad28cf1958fc,org-buildmart-a61bcf7,BuildMart,canonical_url,https://buildmart.com.bd/,regional_companies_agent.csv,"[""https://buildmart.com.bd/"",""https://buildmart.com.bd/pages/about-us""]",2026-08-30,B/D,preserved_source_assertion
ast-54409e1aa97c,org-buildmart-a61bcf7,BuildMart,category,construction-marketplace,regional_companies_agent.csv,"[""https://buildmart.com.bd/"",""https://buildmart.com.bd/pages/about-us""]",2026-08-30,B/D,preserved_source_assertion
ast-99fc64b64952,org-buildmart-a61bcf7,BuildMart,cohort_or_ecosystem,Buildcon-Bangladesh,regional_companies_agent.csv,"[""https://buildmart.com.bd/"",""https://buildmart.com.bd/pages/about-us""]",2026-08-30,B/D,preserved_source_assertion
ast-d9db6d09c53f,org-buildmart-a61bcf7,BuildMart,entity_type,private-initiative,regional_companies_agent.csv,"[""https://buildmart.com.bd/"",""https://buildmart.com.bd/pages/about-us""]",2026-08-30,B/D,preserved_source_assertion
ast-8f0aa54503f4,org-buildmart-a61bcf7,BuildMart,evidence_grade,B/D,regional_companies_agent.csv,"[""https://buildmart.com.bd/"",""https://buildmart.com.bd/pages/about-us""]",2026-08-30,B/D,preserved_source_assertion
ast-41cba597f70e,org-buildmart-a61bcf7,BuildMart,founding_year,Unknown,regional_companies_agent.csv,"[""https://buildmart.com.bd/"",""https://buildmart.com.bd/pages/about-us""]",2026-08-30,B/D,preserved_source_assertion
ast-17210087ecce,org-buildmart-a61bcf7,BuildMart,hq_country,Bangladesh,regional_companies_agent.csv,"[""https://buildmart.com.bd/"",""https://buildmart.com.bd/pages/about-us""]",2026-08-30,B/D,preserved_source_assertion
ast-c05ec95114a2,org-buildmart-a61bcf7,BuildMart,maturity,early-stage,regional_companies_agent.csv,"[""https://buildmart.com.bd/"",""https://buildmart.com.bd/pages/about-us""]",2026-08-30,B/D,preserved_source_assertion
ast-d3cb40c8eca5,org-buildmart-a61bcf7,BuildMart,primary_lifecycle,materials-sourcing-RFQ,regional_companies_agent.csv,"[""https://buildmart.com.bd/"",""https://buildmart.com.bd/pages/about-us""]",2026-08-30,B/D,preserved_source_assertion
ast-2034ce39466d,org-buildmart-a61bcf7,BuildMart,relevance_tier,B,regional_companies_agent.csv,"[""https://buildmart.com.bd/"",""https://buildmart.com.bd/pages/about-us""]",2026-08-30,B/D,preserved_source_assertion
ast-a712006f219a,org-buildmart-a61bcf7,BuildMart,secondary_lifecycle,professional-services-cost-calculators,regional_companies_agent.csv,"[""https://buildmart.com.bd/"",""https://buildmart.com.bd/pages/about-us""]",2026-08-30,B/D,preserved_source_assertion
ast-794e6f0554f6,org-buildmart-a61bcf7,BuildMart,status,live-product,regional_companies_agent.csv,"[""https://buildmart.com.bd/"",""https://buildmart.com.bd/pages/about-us""]",2026-08-30,B/D,preserved_source_assertion
ast-b98896bdde9f,org-buildmart-a61bcf7,BuildMart,status_as_of,2026-08-30,regional_companies_agent.csv,"[""https://buildmart.com.bd/"",""https://buildmart.com.bd/pages/about-us""]",2026-08-30,B/D,preserved_source_assertion
ast-f8d1a6de8be1,org-buildots-abeb197,Buildots,business_model,Enterprise SaaS,proptech_startups_agent.csv,"[""https://buildots.com/"",""https://buildots.com/case-studies/ncc-partners-with-buildots""]",2026-08-30,B,preserved_source_assertion
ast-52a42809eb20,org-buildots-abeb197,Buildots,canonical_url,https://buildots.com/,proptech_startups_agent.csv,"[""https://buildots.com/"",""https://buildots.com/case-studies/ncc-partners-with-buildots""]",2026-08-30,B,preserved_source_assertion
ast-e795b68fd6ab,org-buildots-abeb197,Buildots,category,AI progress verification,proptech_startups_agent.csv,"[""https://buildots.com/"",""https://buildots.com/case-studies/ncc-partners-with-buildots""]",2026-08-30,B,preserved_source_assertion
ast-56ddee2cb487,org-buildots-abeb197,Buildots,cohort_or_ecosystem,Independent,proptech_startups_agent.csv,"[""https://buildots.com/"",""https://buildots.com/case-studies/ncc-partners-with-buildots""]",2026-08-30,B,preserved_source_assertion
ast-f1baca50cd42,org-buildots-abeb197,Buildots,entity_type,Company,proptech_startups_agent.csv,"[""https://buildots.com/"",""https://buildots.com/case-studies/ncc-partners-with-buildots""]",2026-08-30,B,preserved_source_assertion
ast-6d70da647f0d,org-buildots-abeb197,Buildots,evidence_grade,B,proptech_startups_agent.csv,"[""https://buildots.com/"",""https://buildots.com/case-studies/ncc-partners-with-buildots""]",2026-08-30,B,preserved_source_assertion
ast-6dab7df4240a,org-buildots-abeb197,Buildots,founding_year,2018,proptech_startups_agent.csv,"[""https://buildots.com/"",""https://buildots.com/case-studies/ncc-partners-with-buildots""]",2026-08-30,B,preserved_source_assertion
ast-3c061df05d1e,org-buildots-abeb197,Buildots,hq_country,Israel,proptech_startups_agent.csv,"[""https://buildots.com/"",""https://buildots.com/case-studies/ncc-partners-with-buildots""]",2026-08-30,B,preserved_source_assertion
ast-f65fa82321ba,org-buildots-abeb197,Buildots,maturity,Scaleup,proptech_startups_agent.csv,"[""https://buildots.com/"",""https://buildots.com/case-studies/ncc-partners-with-buildots""]",2026-08-30,B,preserved_source_assertion
ast-cebdb9fa3a8b,org-buildots-abeb197,Buildots,primary_lifecycle,Construction,proptech_startups_agent.csv,"[""https://buildots.com/"",""https://buildots.com/case-studies/ncc-partners-with-buildots""]",2026-08-30,B,preserved_source_assertion
ast-bfe895123b8d,org-buildots-abeb197,Buildots,relevance_tier,A,proptech_startups_agent.csv,"[""https://buildots.com/"",""https://buildots.com/case-studies/ncc-partners-with-buildots""]",2026-08-30,B,preserved_source_assertion
ast-b2838138d845,org-buildots-abeb197,Buildots,secondary_lifecycle,Design,proptech_startups_agent.csv,"[""https://buildots.com/"",""https://buildots.com/case-studies/ncc-partners-with-buildots""]",2026-08-30,B,preserved_source_assertion
ast-22e6e3c70cf5,org-buildots-abeb197,Buildots,status,Active,proptech_startups_agent.csv,"[""https://buildots.com/"",""https://buildots.com/case-studies/ncc-partners-with-buildots""]",2026-08-30,B,preserved_source_assertion
ast-e6d7e553fed5,org-buildots-abeb197,Buildots,status_as_of,2026-08-30,proptech_startups_agent.csv,"[""https://buildots.com/"",""https://buildots.com/case-studies/ncc-partners-with-buildots""]",2026-08-30,B,preserved_source_assertion
ast-88f83d8438e8,org-built-robotics-e09ff21,Built Robotics,business_model,robotics hardware plus software,coverage_gap_additions.csv,"[""https://builtrobotics.com/""]",2026-08-30,B,preserved_source_assertion
ast-34bc429a7ffa,org-built-robotics-e09ff21,Built Robotics,canonical_url,https://www.builtrobotics.com/,coverage_gap_additions.csv,"[""https://builtrobotics.com/""]",2026-08-30,B,preserved_source_assertion
ast-3c9431cf016f,org-built-robotics-e09ff21,Built Robotics,category,autonomous construction equipment and excavation systems,coverage_gap_additions.csv,"[""https://builtrobotics.com/""]",2026-08-30,B,preserved_source_assertion
ast-6fb96d855b6c,org-built-robotics-e09ff21,Built Robotics,cohort_or_ecosystem,Independent,coverage_gap_additions.csv,"[""https://builtrobotics.com/""]",2026-08-30,B,preserved_source_assertion
ast-74406ec06719,org-built-robotics-e09ff21,Built Robotics,entity_type,private startup,coverage_gap_additions.csv,"[""https://builtrobotics.com/""]",2026-08-30,B,preserved_source_assertion
ast-5ace96c9909f,org-built-robotics-e09ff21,Built Robotics,evidence_grade,B,coverage_gap_additions.csv,"[""https://builtrobotics.com/""]",2026-08-30,B,preserved_source_assertion
ast-fc9171e9197d,org-built-robotics-e09ff21,Built Robotics,founding_year,2016,coverage_gap_additions.csv,"[""https://builtrobotics.com/""]",2026-08-30,B,preserved_source_assertion
ast-c62cad7a0422,org-built-robotics-e09ff21,Built Robotics,hq_country,United States,coverage_gap_additions.csv,"[""https://builtrobotics.com/""]",2026-08-30,B,preserved_source_assertion
ast-f63482ecfa2a,org-built-robotics-e09ff21,Built Robotics,maturity,scaleup,coverage_gap_additions.csv,"[""https://builtrobotics.com/""]",2026-08-30,B,preserved_source_assertion
ast-7c76fb67f2ca,org-built-robotics-e09ff21,Built Robotics,primary_lifecycle,L5 Construction,coverage_gap_additions.csv,"[""https://builtrobotics.com/""]",2026-08-30,B,preserved_source_assertion
ast-8f1ac7def793,org-built-robotics-e09ff21,Built Robotics,relevance_tier,B,coverage_gap_additions.csv,"[""https://builtrobotics.com/""]",2026-08-30,B,preserved_source_assertion
ast-087b6e2e05bd,org-built-robotics-e09ff21,Built Robotics,secondary_lifecycle,L1 Land/site,coverage_gap_additions.csv,"[""https://builtrobotics.com/""]",2026-08-30,B,preserved_source_assertion
ast-9846f032d92d,org-built-robotics-e09ff21,Built Robotics,status,active,coverage_gap_additions.csv,"[""https://builtrobotics.com/""]",2026-08-30,B,preserved_source_assertion
ast-dd724a1b47a2,org-built-robotics-e09ff21,Built Robotics,status_as_of,2026-08-30,coverage_gap_additions.csv,"[""https://builtrobotics.com/""]",2026-08-30,B,preserved_source_assertion
ast-d0e8e3d8fbba,org-built-technologies-83f4505,Built Technologies,business_model,SaaS,proptech_startups_agent.csv,"[""https://fifthwall.com/portfolio"",""https://getbuilt.com/""]",2026-08-30,A,preserved_source_assertion
ast-ac7736a0af1b,org-built-technologies-83f4505,Built Technologies,canonical_url,https://getbuilt.com/,proptech_startups_agent.csv,"[""https://fifthwall.com/portfolio"",""https://getbuilt.com/""]",2026-08-30,A,preserved_source_assertion
ast-f65f86530ab1,org-built-technologies-83f4505,Built Technologies,category,Construction lending/payments,proptech_startups_agent.csv,"[""https://fifthwall.com/portfolio"",""https://getbuilt.com/""]",2026-08-30,A,preserved_source_assertion
ast-e4f573a76400,org-built-technologies-83f4505,Built Technologies,cohort_or_ecosystem,Fifth Wall,proptech_startups_agent.csv,"[""https://fifthwall.com/portfolio"",""https://getbuilt.com/""]",2026-08-30,A,preserved_source_assertion
ast-b08ab4cb8455,org-built-technologies-83f4505,Built Technologies,entity_type,Company,proptech_startups_agent.csv,"[""https://fifthwall.com/portfolio"",""https://getbuilt.com/""]",2026-08-30,A,preserved_source_assertion
ast-a92609719388,org-built-technologies-83f4505,Built Technologies,evidence_grade,A,proptech_startups_agent.csv,"[""https://fifthwall.com/portfolio"",""https://getbuilt.com/""]",2026-08-30,A,preserved_source_assertion
ast-d798eaa7c0f7,org-built-technologies-83f4505,Built Technologies,founding_year,2014,proptech_startups_agent.csv,"[""https://fifthwall.com/portfolio"",""https://getbuilt.com/""]",2026-08-30,A,preserved_source_assertion
ast-6c177c58e281,org-built-technologies-83f4505,Built Technologies,hq_country,United States,proptech_startups_agent.csv,"[""https://fifthwall.com/portfolio"",""https://getbuilt.com/""]",2026-08-30,A,preserved_source_assertion
ast-4ae4b1a23e77,org-built-technologies-83f4505,Built Technologies,maturity,Scaleup,proptech_startups_agent.csv,"[""https://fifthwall.com/portfolio"",""https://getbuilt.com/""]",2026-08-30,A,preserved_source_assertion
ast-d3e222aafcac,org-built-technologies-83f4505,Built Technologies,primary_lifecycle,Finance,proptech_startups_agent.csv,"[""https://fifthwall.com/portfolio"",""https://getbuilt.com/""]",2026-08-30,A,preserved_source_assertion
ast-7ea7229c3c5f,org-built-technologies-83f4505,Built Technologies,relevance_tier,A,proptech_startups_agent.csv,"[""https://fifthwall.com/portfolio"",""https://getbuilt.com/""]",2026-08-30,A,preserved_source_assertion
ast-26e8a6d1b835,org-built-technologies-83f4505,Built Technologies,secondary_lifecycle,Construction,proptech_startups_agent.csv,"[""https://fifthwall.com/portfolio"",""https://getbuilt.com/""]",2026-08-30,A,preserved_source_assertion
ast-b0f76557bb9c,org-built-technologies-83f4505,Built Technologies,status,Active,proptech_startups_agent.csv,"[""https://fifthwall.com/portfolio"",""https://getbuilt.com/""]",2026-08-30,A,preserved_source_assertion
ast-3717d3d0011a,org-built-technologies-83f4505,Built Technologies,status_as_of,2026-08-30,proptech_startups_agent.csv,"[""https://fifthwall.com/portfolio"",""https://getbuilt.com/""]",2026-08-30,A,preserved_source_assertion
ast-24bfa00990f5,org-butterflymx-e90e3bb,ButterflyMX,business_model,Hardware plus SaaS,proptech_startups_agent.csv,"[""https://butterflymx.com/"",""https://fifthwall.com/portfolio""]",2026-08-30,A,preserved_source_assertion
ast-0a805a02016f,org-butterflymx-e90e3bb,ButterflyMX,canonical_url,https://butterflymx.com/,proptech_startups_agent.csv,"[""https://butterflymx.com/"",""https://fifthwall.com/portfolio""]",2026-08-30,A,preserved_source_assertion
ast-c28363554d2f,org-butterflymx-e90e3bb,ButterflyMX,category,Access control/intercom,proptech_startups_agent.csv,"[""https://butterflymx.com/"",""https://fifthwall.com/portfolio""]",2026-08-30,A,preserved_source_assertion
ast-b71fab16187f,org-butterflymx-e90e3bb,ButterflyMX,cohort_or_ecosystem,Fifth Wall,proptech_startups_agent.csv,"[""https://butterflymx.com/"",""https://fifthwall.com/portfolio""]",2026-08-30,A,preserved_source_assertion
ast-9d771bfbae4c,org-butterflymx-e90e3bb,ButterflyMX,entity_type,Company,proptech_startups_agent.csv,"[""https://butterflymx.com/"",""https://fifthwall.com/portfolio""]",2026-08-30,A,preserved_source_assertion
ast-7948bcb64bc1,org-butterflymx-e90e3bb,ButterflyMX,evidence_grade,A,proptech_startups_agent.csv,"[""https://butterflymx.com/"",""https://fifthwall.com/portfolio""]",2026-08-30,A,preserved_source_assertion
ast-0c8b0f555619,org-butterflymx-e90e3bb,ButterflyMX,founding_year,2014,proptech_startups_agent.csv,"[""https://butterflymx.com/"",""https://fifthwall.com/portfolio""]",2026-08-30,A,preserved_source_assertion
ast-8628b9746fd2,org-butterflymx-e90e3bb,ButterflyMX,hq_country,United States,proptech_startups_agent.csv,"[""https://butterflymx.com/"",""https://fifthwall.com/portfolio""]",2026-08-30,A,preserved_source_assertion
ast-3b24a6ce6a8c,org-butterflymx-e90e3bb,ButterflyMX,maturity,Scaleup,proptech_startups_agent.csv,"[""https://butterflymx.com/"",""https://fifthwall.com/portfolio""]",2026-08-30,A,preserved_source_assertion
ast-be140ebce486,org-butterflymx-e90e3bb,ButterflyMX,primary_lifecycle,Security,proptech_startups_agent.csv,"[""https://butterflymx.com/"",""https://fifthwall.com/portfolio""]",2026-08-30,A,preserved_source_assertion
ast-e49212d66231,org-butterflymx-e90e3bb,ButterflyMX,relevance_tier,A,proptech_startups_agent.csv,"[""https://butterflymx.com/"",""https://fifthwall.com/portfolio""]",2026-08-30,A,preserved_source_assertion
ast-b1f1a1bfeb1c,org-butterflymx-e90e3bb,ButterflyMX,secondary_lifecycle,Operations,proptech_startups_agent.csv,"[""https://butterflymx.com/"",""https://fifthwall.com/portfolio""]",2026-08-30,A,preserved_source_assertion
ast-bdd2ea74f70b,org-butterflymx-e90e3bb,ButterflyMX,status,Active,proptech_startups_agent.csv,"[""https://butterflymx.com/"",""https://fifthwall.com/portfolio""]",2026-08-30,A,preserved_source_assertion
ast-24831fa5aa83,org-butterflymx-e90e3bb,ButterflyMX,status_as_of,2026-08-30,proptech_startups_agent.csv,"[""https://butterflymx.com/"",""https://fifthwall.com/portfolio""]",2026-08-30,A,preserved_source_assertion
ast-942b19629cd4,org-cambio-93cf094,Cambio,business_model,AI SaaS,proptech_startups_agent.csv,"[""https://ycombinator.com/companies/cambio-2""]",2026-08-30,A,preserved_source_assertion
ast-5035e6ca08bf,org-cambio-93cf094,Cambio,canonical_url,https://www.ycombinator.com/companies/cambio-2,proptech_startups_agent.csv,"[""https://ycombinator.com/companies/cambio-2""]",2026-08-30,A,preserved_source_assertion
ast-717170ecd572,org-cambio-93cf094,Cambio,canonical_url,https://www.ycombinator.com/companies/industry/real-estate-and-construction,global_real_estate_pioneers_agent.csv,"[""https://ycombinator.com/companies/industry/real-estate-and-construction""]",2026-08-30,D,preserved_source_assertion
ast-5fef500585bd,org-cambio-93cf094,Cambio,category,CRE operations/retrofit intelligence,proptech_startups_agent.csv,"[""https://ycombinator.com/companies/cambio-2""]",2026-08-30,A,preserved_source_assertion
ast-6a7e4c0bf3fe,org-cambio-93cf094,Cambio,cohort_or_ecosystem,YC S2022,proptech_startups_agent.csv,"[""https://ycombinator.com/companies/cambio-2""]",2026-08-30,A,preserved_source_assertion
ast-8d92ede207e2,org-cambio-93cf094,Cambio,entity_type,YC CRE operations and retrofit analytics,global_real_estate_pioneers_agent.csv,"[""https://ycombinator.com/companies/industry/real-estate-and-construction""]",2026-08-30,D,preserved_source_assertion
ast-d6bb78b685dd,org-cambio-93cf094,Cambio,entity_type,Company,proptech_startups_agent.csv,"[""https://ycombinator.com/companies/cambio-2""]",2026-08-30,A,preserved_source_assertion
ast-0cd686cd18ea,org-cambio-93cf094,Cambio,evidence_grade,D,global_real_estate_pioneers_agent.csv,"[""https://ycombinator.com/companies/industry/real-estate-and-construction""]",2026-08-30,D,preserved_source_assertion
ast-5e87df0c2f68,org-cambio-93cf094,Cambio,evidence_grade,A,proptech_startups_agent.csv,"[""https://ycombinator.com/companies/cambio-2""]",2026-08-30,A,preserved_source_assertion
ast-9496d50c5e88,org-cambio-93cf094,Cambio,founding_year,2020,proptech_startups_agent.csv,"[""https://ycombinator.com/companies/cambio-2""]",2026-08-30,A,preserved_source_assertion
ast-364374a325fc,org-cambio-93cf094,Cambio,hq_country,United States,proptech_startups_agent.csv,"[""https://ycombinator.com/companies/cambio-2""]",2026-08-30,A,preserved_source_assertion
ast-d1de7d7a97dd,org-cambio-93cf094,Cambio,hq_country,United States,global_real_estate_pioneers_agent.csv,"[""https://ycombinator.com/companies/industry/real-estate-and-construction""]",2026-08-30,D,preserved_source_assertion
ast-e801ecfdbb44,org-cambio-93cf094,Cambio,maturity,Scaleup,proptech_startups_agent.csv,"[""https://ycombinator.com/companies/cambio-2""]",2026-08-30,A,preserved_source_assertion
ast-02119d44d39f,org-cambio-93cf094,Cambio,primary_lifecycle,Operations,proptech_startups_agent.csv,"[""https://ycombinator.com/companies/cambio-2""]",2026-08-30,A,preserved_source_assertion
ast-fb0db6758987,org-cambio-93cf094,Cambio,primary_lifecycle,F/O/E,global_real_estate_pioneers_agent.csv,"[""https://ycombinator.com/companies/industry/real-estate-and-construction""]",2026-08-30,D,preserved_source_assertion
ast-4fee05d0fc78,org-cambio-93cf094,Cambio,relevance_tier,C,global_real_estate_pioneers_agent.csv,"[""https://ycombinator.com/companies/industry/real-estate-and-construction""]",2026-08-30,D,preserved_source_assertion
ast-763ff0a2fe7a,org-cambio-93cf094,Cambio,relevance_tier,A,proptech_startups_agent.csv,"[""https://ycombinator.com/companies/cambio-2""]",2026-08-30,A,preserved_source_assertion
ast-0cc85d54e97f,org-cambio-93cf094,Cambio,secondary_lifecycle,Climate,proptech_startups_agent.csv,"[""https://ycombinator.com/companies/cambio-2""]",2026-08-30,A,preserved_source_assertion
ast-99e567f02f28,org-cambio-93cf094,Cambio,status,Active,proptech_startups_agent.csv,"[""https://ycombinator.com/companies/cambio-2""]",2026-08-30,A,preserved_source_assertion
ast-d580f7235a4a,org-cambio-93cf094,Cambio,status,watchlist,global_real_estate_pioneers_agent.csv,"[""https://ycombinator.com/companies/industry/real-estate-and-construction""]",2026-08-30,D,preserved_source_assertion
ast-4cf7497227e9,org-cambio-93cf094,Cambio,status_as_of,2026-08-30,proptech_startups_agent.csv,"[""https://ycombinator.com/companies/cambio-2""]",2026-08-30,A,preserved_source_assertion
ast-88c7855f535e,org-capitaland-investment-6aab108,CapitaLand Investment,canonical_url,https://www.capitaland.com/,global_real_estate_pioneers_agent.csv,"[""https://capitaland.com/"",""https://ir.capitalandinvest.com/"",""https://ir.capitalandinvest.com/misc/ar2024/toc""]",2026-08-30,A,preserved_source_assertion
ast-dc92f257ce65,org-capitaland-investment-6aab108,CapitaLand Investment,entity_type,asset manager developer lodging,global_real_estate_pioneers_agent.csv,"[""https://capitaland.com/"",""https://ir.capitalandinvest.com/"",""https://ir.capitalandinvest.com/misc/ar2024/toc""]",2026-08-30,A,preserved_source_assertion
ast-1d23b97f52b0,org-capitaland-investment-6aab108,CapitaLand Investment,evidence_grade,A,global_real_estate_pioneers_agent.csv,"[""https://capitaland.com/"",""https://ir.capitalandinvest.com/"",""https://ir.capitalandinvest.com/misc/ar2024/toc""]",2026-08-30,A,preserved_source_assertion
ast-f103941a9b18,org-capitaland-investment-6aab108,CapitaLand Investment,hq_country,Singapore,global_real_estate_pioneers_agent.csv,"[""https://capitaland.com/"",""https://ir.capitalandinvest.com/"",""https://ir.capitalandinvest.com/misc/ar2024/toc""]",2026-08-30,A,preserved_source_assertion
ast-cec0c21ec30b,org-capitaland-investment-6aab108,CapitaLand Investment,primary_lifecycle,L/S/H/O/E,global_real_estate_pioneers_agent.csv,"[""https://capitaland.com/"",""https://ir.capitalandinvest.com/"",""https://ir.capitalandinvest.com/misc/ar2024/toc""]",2026-08-30,A,preserved_source_assertion
ast-4dc9c906f49a,org-capitaland-investment-6aab108,CapitaLand Investment,relevance_tier,A,global_real_estate_pioneers_agent.csv,"[""https://capitaland.com/"",""https://ir.capitalandinvest.com/"",""https://ir.capitalandinvest.com/misc/ar2024/toc""]",2026-08-30,A,preserved_source_assertion
ast-4794b1172a07,org-capitaland-investment-6aab108,CapitaLand Investment,status,active,global_real_estate_pioneers_agent.csv,"[""https://capitaland.com/"",""https://ir.capitalandinvest.com/"",""https://ir.capitalandinvest.com/misc/ar2024/toc""]",2026-08-30,A,preserved_source_assertion
ast-39322fc32db5,org-carboncure-3c06351,CarbonCure,business_model,Technology licensing,proptech_startups_agent.csv,"[""https://carboncure.com/"",""https://tarongagroup.com/realtechx""]",2026-08-30,A,preserved_source_assertion
ast-fe20827b304f,org-carboncure-3c06351,CarbonCure,canonical_url,https://www.carboncure.com/,proptech_startups_agent.csv,"[""https://carboncure.com/"",""https://tarongagroup.com/realtechx""]",2026-08-30,A,preserved_source_assertion
ast-b163a9e6b6b7,org-carboncure-3c06351,CarbonCure,category,Low-carbon concrete,proptech_startups_agent.csv,"[""https://carboncure.com/"",""https://tarongagroup.com/realtechx""]",2026-08-30,A,preserved_source_assertion
ast-ae6d076d6f69,org-carboncure-3c06351,CarbonCure,cohort_or_ecosystem,Taronga RealTechX,proptech_startups_agent.csv,"[""https://carboncure.com/"",""https://tarongagroup.com/realtechx""]",2026-08-30,A,preserved_source_assertion
ast-33becfc98b5a,org-carboncure-3c06351,CarbonCure,entity_type,Company,proptech_startups_agent.csv,"[""https://carboncure.com/"",""https://tarongagroup.com/realtechx""]",2026-08-30,A,preserved_source_assertion
ast-aa7d06f8af20,org-carboncure-3c06351,CarbonCure,evidence_grade,A,proptech_startups_agent.csv,"[""https://carboncure.com/"",""https://tarongagroup.com/realtechx""]",2026-08-30,A,preserved_source_assertion
ast-f6370789181c,org-carboncure-3c06351,CarbonCure,founding_year,2012,proptech_startups_agent.csv,"[""https://carboncure.com/"",""https://tarongagroup.com/realtechx""]",2026-08-30,A,preserved_source_assertion
ast-7a47fdb7acf0,org-carboncure-3c06351,CarbonCure,hq_country,Canada,proptech_startups_agent.csv,"[""https://carboncure.com/"",""https://tarongagroup.com/realtechx""]",2026-08-30,A,preserved_source_assertion
ast-8595868d0fc7,org-carboncure-3c06351,CarbonCure,maturity,Scaleup,proptech_startups_agent.csv,"[""https://carboncure.com/"",""https://tarongagroup.com/realtechx""]",2026-08-30,A,preserved_source_assertion
ast-533050daf3f0,org-carboncure-3c06351,CarbonCure,primary_lifecycle,Climate,proptech_startups_agent.csv,"[""https://carboncure.com/"",""https://tarongagroup.com/realtechx""]",2026-08-30,A,preserved_source_assertion
ast-a48698ba3d4d,org-carboncure-3c06351,CarbonCure,relevance_tier,A,proptech_startups_agent.csv,"[""https://carboncure.com/"",""https://tarongagroup.com/realtechx""]",2026-08-30,A,preserved_source_assertion
ast-44145776b32e,org-carboncure-3c06351,CarbonCure,secondary_lifecycle,Construction,proptech_startups_agent.csv,"[""https://carboncure.com/"",""https://tarongagroup.com/realtechx""]",2026-08-30,A,preserved_source_assertion
ast-2e09fcd38790,org-carboncure-3c06351,CarbonCure,status,Active,proptech_startups_agent.csv,"[""https://carboncure.com/"",""https://tarongagroup.com/realtechx""]",2026-08-30,A,preserved_source_assertion
ast-ed027fed6e2c,org-carboncure-3c06351,CarbonCure,status_as_of,2026-08-30,proptech_startups_agent.csv,"[""https://carboncure.com/"",""https://tarongagroup.com/realtechx""]",2026-08-30,A,preserved_source_assertion
ast-bee932ae8245,org-cbre-42561ee,CBRE,canonical_url,https://www.cbre.com/,global_real_estate_pioneers_agent.csv,"[""https://cbre.com/"",""https://ir.cbre.com/financial-reports/sec-filings/content/0001193125-26-141311/2025_ars_filing_4-3-26.pdf""]",2026-08-30,A,preserved_source_assertion
ast-3d74c4626a76,org-cbre-42561ee,CBRE,entity_type,services brokerage facilities capital markets,global_real_estate_pioneers_agent.csv,"[""https://cbre.com/"",""https://ir.cbre.com/financial-reports/sec-filings/content/0001193125-26-141311/2025_ars_filing_4-3-26.pdf""]",2026-08-30,A,preserved_source_assertion
ast-898bfe255b9c,org-cbre-42561ee,CBRE,evidence_grade,A,global_real_estate_pioneers_agent.csv,"[""https://cbre.com/"",""https://ir.cbre.com/financial-reports/sec-filings/content/0001193125-26-141311/2025_ars_filing_4-3-26.pdf""]",2026-08-30,A,preserved_source_assertion
ast-a5452dd9cd4e,org-cbre-42561ee,CBRE,hq_country,United States,global_real_estate_pioneers_agent.csv,"[""https://cbre.com/"",""https://ir.cbre.com/financial-reports/sec-filings/content/0001193125-26-141311/2025_ars_filing_4-3-26.pdf""]",2026-08-30,A,preserved_source_assertion
ast-2a30563c8f11,org-cbre-42561ee,CBRE,primary_lifecycle,F/S/O/E,global_real_estate_pioneers_agent.csv,"[""https://cbre.com/"",""https://ir.cbre.com/financial-reports/sec-filings/content/0001193125-26-141311/2025_ars_filing_4-3-26.pdf""]",2026-08-30,A,preserved_source_assertion
ast-445907edf54f,org-cbre-42561ee,CBRE,relevance_tier,B,global_real_estate_pioneers_agent.csv,"[""https://cbre.com/"",""https://ir.cbre.com/financial-reports/sec-filings/content/0001193125-26-141311/2025_ars_filing_4-3-26.pdf""]",2026-08-30,A,preserved_source_assertion
ast-fa8a9346864c,org-cbre-42561ee,CBRE,status,active,global_real_estate_pioneers_agent.csv,"[""https://cbre.com/"",""https://ir.cbre.com/financial-reports/sec-filings/content/0001193125-26-141311/2025_ars_filing_4-3-26.pdf""]",2026-08-30,A,preserved_source_assertion
ast-3f62709e19ee,org-cherre-167c4aa,Cherre,business_model,Enterprise SaaS/API,proptech_startups_agent.csv,"[""https://cherre.com/""]",2026-08-30,A,preserved_source_assertion
ast-ce0b08b0f154,org-cherre-167c4aa,Cherre,canonical_url,https://cherre.com/,proptech_startups_agent.csv,"[""https://cherre.com/""]",2026-08-30,A,preserved_source_assertion
ast-041677501304,org-cherre-167c4aa,Cherre,category,Property data graph,proptech_startups_agent.csv,"[""https://cherre.com/""]",2026-08-30,A,preserved_source_assertion
ast-2b251401981c,org-cherre-167c4aa,Cherre,cohort_or_ecosystem,Independent,proptech_startups_agent.csv,"[""https://cherre.com/""]",2026-08-30,A,preserved_source_assertion
ast-b5b312f1fe8b,org-cherre-167c4aa,Cherre,entity_type,Company,proptech_startups_agent.csv,"[""https://cherre.com/""]",2026-08-30,A,preserved_source_assertion
ast-1a93b88f1071,org-cherre-167c4aa,Cherre,evidence_grade,A,proptech_startups_agent.csv,"[""https://cherre.com/""]",2026-08-30,A,preserved_source_assertion
ast-3972258d0a9b,org-cherre-167c4aa,Cherre,founding_year,2016,proptech_startups_agent.csv,"[""https://cherre.com/""]",2026-08-30,A,preserved_source_assertion
ast-5e41116728b6,org-cherre-167c4aa,Cherre,hq_country,United States,proptech_startups_agent.csv,"[""https://cherre.com/""]",2026-08-30,A,preserved_source_assertion
ast-e1ac7cb5aec6,org-cherre-167c4aa,Cherre,maturity,Scaleup,proptech_startups_agent.csv,"[""https://cherre.com/""]",2026-08-30,A,preserved_source_assertion
ast-fbeb3726994f,org-cherre-167c4aa,Cherre,primary_lifecycle,Data,proptech_startups_agent.csv,"[""https://cherre.com/""]",2026-08-30,A,preserved_source_assertion
ast-a2b2b1e6fb3f,org-cherre-167c4aa,Cherre,relevance_tier,A,proptech_startups_agent.csv,"[""https://cherre.com/""]",2026-08-30,A,preserved_source_assertion
ast-e14a1696ebf2,org-cherre-167c4aa,Cherre,secondary_lifecycle,Operations,proptech_startups_agent.csv,"[""https://cherre.com/""]",2026-08-30,A,preserved_source_assertion
ast-35022eea7f41,org-cherre-167c4aa,Cherre,status,Active,proptech_startups_agent.csv,"[""https://cherre.com/""]",2026-08-30,A,preserved_source_assertion
ast-fcb85974fec5,org-cherre-167c4aa,Cherre,status_as_of,2026-08-30,proptech_startups_agent.csv,"[""https://cherre.com/""]",2026-08-30,A,preserved_source_assertion
ast-5a89b7730196,org-chestnut-7e1617e,Chestnut,business_model,Fintech/AI,proptech_startups_agent.csv,"[""https://ycombinator.com/companies/chestnut""]",2026-08-30,A,preserved_source_assertion
ast-0fb2629b1922,org-chestnut-7e1617e,Chestnut,canonical_url,https://www.ycombinator.com/companies/chestnut,proptech_startups_agent.csv,"[""https://ycombinator.com/companies/chestnut""]",2026-08-30,A,preserved_source_assertion
ast-27983a9df1fa,org-chestnut-7e1617e,Chestnut,category,AI mortgage lender,proptech_startups_agent.csv,"[""https://ycombinator.com/companies/chestnut""]",2026-08-30,A,preserved_source_assertion
ast-e9c35908e1b7,org-chestnut-7e1617e,Chestnut,cohort_or_ecosystem,YC P2025,proptech_startups_agent.csv,"[""https://ycombinator.com/companies/chestnut""]",2026-08-30,A,preserved_source_assertion
ast-d06bcf82ed1d,org-chestnut-7e1617e,Chestnut,entity_type,Company,proptech_startups_agent.csv,"[""https://ycombinator.com/companies/chestnut""]",2026-08-30,A,preserved_source_assertion
ast-686b9659ecff,org-chestnut-7e1617e,Chestnut,evidence_grade,A,proptech_startups_agent.csv,"[""https://ycombinator.com/companies/chestnut""]",2026-08-30,A,preserved_source_assertion
ast-099c76457267,org-chestnut-7e1617e,Chestnut,founding_year,Unknown,proptech_startups_agent.csv,"[""https://ycombinator.com/companies/chestnut""]",2026-08-30,A,preserved_source_assertion
ast-1c3515f2f525,org-chestnut-7e1617e,Chestnut,hq_country,United States,proptech_startups_agent.csv,"[""https://ycombinator.com/companies/chestnut""]",2026-08-30,A,preserved_source_assertion
ast-9c69e933f2f1,org-chestnut-7e1617e,Chestnut,maturity,Very early,proptech_startups_agent.csv,"[""https://ycombinator.com/companies/chestnut""]",2026-08-30,A,preserved_source_assertion
ast-9ad2e8d89078,org-chestnut-7e1617e,Chestnut,primary_lifecycle,Finance,proptech_startups_agent.csv,"[""https://ycombinator.com/companies/chestnut""]",2026-08-30,A,preserved_source_assertion
ast-153096c8ed75,org-chestnut-7e1617e,Chestnut,relevance_tier,B,proptech_startups_agent.csv,"[""https://ycombinator.com/companies/chestnut""]",2026-08-30,A,preserved_source_assertion
ast-9ee55652d79c,org-chestnut-7e1617e,Chestnut,secondary_lifecycle,Transaction,proptech_startups_agent.csv,"[""https://ycombinator.com/companies/chestnut""]",2026-08-30,A,preserved_source_assertion
ast-f8032ea93809,org-chestnut-7e1617e,Chestnut,status,Active,proptech_startups_agent.csv,"[""https://ycombinator.com/companies/chestnut""]",2026-08-30,A,preserved_source_assertion
ast-c0ca3435202f,org-chestnut-7e1617e,Chestnut,status_as_of,2026-08-30,proptech_startups_agent.csv,"[""https://ycombinator.com/companies/chestnut""]",2026-08-30,A,preserved_source_assertion
ast-2b6e2377f890,org-civils-ai-9dff211,Civils.ai,business_model,SaaS subscription,startup_core_additions.csv,"[""https://cemexventures.com/startup-competition-2026-apac-finalists"",""https://civils.ai/"",""https://civils.ai/about""]",2026-08-30,A,preserved_source_assertion
ast-c195a41f8d83,org-civils-ai-9dff211,Civils.ai,canonical_url,https://civils.ai/,startup_core_additions.csv,"[""https://cemexventures.com/startup-competition-2026-apac-finalists"",""https://civils.ai/"",""https://civils.ai/about""]",2026-08-30,A,preserved_source_assertion
ast-6d2854994876,org-civils-ai-9dff211,Civils.ai,category,AI takeoffs and civil-engineering document review,startup_core_additions.csv,"[""https://cemexventures.com/startup-competition-2026-apac-finalists"",""https://civils.ai/"",""https://civils.ai/about""]",2026-08-30,A,preserved_source_assertion
ast-ec97e9c6a42b,org-civils-ai-9dff211,Civils.ai,cohort_or_ecosystem,CEMEX Ventures Construction Startup Competition 2026 APAC finalists,startup_core_additions.csv,"[""https://cemexventures.com/startup-competition-2026-apac-finalists"",""https://civils.ai/"",""https://civils.ai/about""]",2026-08-30,A,preserved_source_assertion
ast-62c0a9748a30,org-civils-ai-9dff211,Civils.ai,entity_type,private company,startup_core_additions.csv,"[""https://cemexventures.com/startup-competition-2026-apac-finalists"",""https://civils.ai/"",""https://civils.ai/about""]",2026-08-30,A,preserved_source_assertion
ast-a0329e51a050,org-civils-ai-9dff211,Civils.ai,evidence_grade,A,startup_core_additions.csv,"[""https://cemexventures.com/startup-competition-2026-apac-finalists"",""https://civils.ai/"",""https://civils.ai/about""]",2026-08-30,A,preserved_source_assertion
ast-bfb19c0db32b,org-civils-ai-9dff211,Civils.ai,founding_year,2022,startup_core_additions.csv,"[""https://cemexventures.com/startup-competition-2026-apac-finalists"",""https://civils.ai/"",""https://civils.ai/about""]",2026-08-30,A,preserved_source_assertion
ast-78d02f8bc9f1,org-civils-ai-9dff211,Civils.ai,hq_country,Singapore,startup_core_additions.csv,"[""https://cemexventures.com/startup-competition-2026-apac-finalists"",""https://civils.ai/"",""https://civils.ai/about""]",2026-08-30,A,preserved_source_assertion
ast-0a38539a4e19,org-civils-ai-9dff211,Civils.ai,maturity,early,startup_core_additions.csv,"[""https://cemexventures.com/startup-competition-2026-apac-finalists"",""https://civils.ai/"",""https://civils.ai/about""]",2026-08-30,A,preserved_source_assertion
ast-d1fd68b76398,org-civils-ai-9dff211,Civils.ai,primary_lifecycle,L5 Construction,startup_core_additions.csv,"[""https://cemexventures.com/startup-competition-2026-apac-finalists"",""https://civils.ai/"",""https://civils.ai/about""]",2026-08-30,A,preserved_source_assertion
ast-21ebd8d977f9,org-civils-ai-9dff211,Civils.ai,relevance_tier,A,startup_core_additions.csv,"[""https://cemexventures.com/startup-competition-2026-apac-finalists"",""https://civils.ai/"",""https://civils.ai/about""]",2026-08-30,A,preserved_source_assertion
ast-839987fef70e,org-civils-ai-9dff211,Civils.ai,secondary_lifecycle,L4 Design,startup_core_additions.csv,"[""https://cemexventures.com/startup-competition-2026-apac-finalists"",""https://civils.ai/"",""https://civils.ai/about""]",2026-08-30,A,preserved_source_assertion
ast-4b5af21fb54d,org-civils-ai-9dff211,Civils.ai,status,active,startup_core_additions.csv,"[""https://cemexventures.com/startup-competition-2026-apac-finalists"",""https://civils.ai/"",""https://civils.ai/about""]",2026-08-30,A,preserved_source_assertion
ast-2b248483bde3,org-civils-ai-9dff211,Civils.ai,status_as_of,2026-08-30,startup_core_additions.csv,"[""https://cemexventures.com/startup-competition-2026-apac-finalists"",""https://civils.ai/"",""https://civils.ai/about""]",2026-08-30,A,preserved_source_assertion
ast-023025a60b20,org-clau-d85bf61,Clau,business_model,marketplace SaaS and financial intermediation,coverage_gap_additions.csv,"[""https://ycombinator.com/companies/clau""]",2026-08-30,A,preserved_source_assertion
ast-6a59abe0462b,org-clau-d85bf61,Clau,canonical_url,https://www.ycombinator.com/companies/clau,coverage_gap_additions.csv,"[""https://ycombinator.com/companies/clau""]",2026-08-30,A,preserved_source_assertion
ast-5eace135b2da,org-clau-d85bf61,Clau,category,real-estate super-app marketplace CRM mortgage and data,coverage_gap_additions.csv,"[""https://ycombinator.com/companies/clau""]",2026-08-30,A,preserved_source_assertion
ast-f0d75f91d633,org-clau-d85bf61,Clau,cohort_or_ecosystem,Y Combinator S2020,coverage_gap_additions.csv,"[""https://ycombinator.com/companies/clau""]",2026-08-30,A,preserved_source_assertion
ast-668dae55b2ba,org-clau-d85bf61,Clau,entity_type,private startup,coverage_gap_additions.csv,"[""https://ycombinator.com/companies/clau""]",2026-08-30,A,preserved_source_assertion
ast-24309ee52377,org-clau-d85bf61,Clau,evidence_grade,A,coverage_gap_additions.csv,"[""https://ycombinator.com/companies/clau""]",2026-08-30,A,preserved_source_assertion
ast-9f2543aa2ab9,org-clau-d85bf61,Clau,founding_year,2020,coverage_gap_additions.csv,"[""https://ycombinator.com/companies/clau""]",2026-08-30,A,preserved_source_assertion
ast-5ea292f01b2c,org-clau-d85bf61,Clau,hq_country,Mexico,coverage_gap_additions.csv,"[""https://ycombinator.com/companies/clau""]",2026-08-30,A,preserved_source_assertion
ast-1a8245d198a5,org-clau-d85bf61,Clau,maturity,scaleup,coverage_gap_additions.csv,"[""https://ycombinator.com/companies/clau""]",2026-08-30,A,preserved_source_assertion
ast-48d8f2bad4f2,org-clau-d85bf61,Clau,primary_lifecycle,L6 Marketing/sales,coverage_gap_additions.csv,"[""https://ycombinator.com/companies/clau""]",2026-08-30,A,preserved_source_assertion
ast-74cbab49124b,org-clau-d85bf61,Clau,relevance_tier,B,coverage_gap_additions.csv,"[""https://ycombinator.com/companies/clau""]",2026-08-30,A,preserved_source_assertion
ast-ca71e16d262b,org-clau-d85bf61,Clau,secondary_lifecycle,L3 Capital/finance/L9 Portfolio,coverage_gap_additions.csv,"[""https://ycombinator.com/companies/clau""]",2026-08-30,A,preserved_source_assertion
ast-24efc8d73a0c,org-clau-d85bf61,Clau,status,active,coverage_gap_additions.csv,"[""https://ycombinator.com/companies/clau""]",2026-08-30,A,preserved_source_assertion
ast-4fb9f9a40225,org-clau-d85bf61,Clau,status_as_of,2026-08-30,coverage_gap_additions.csv,"[""https://ycombinator.com/companies/clau""]",2026-08-30,A,preserved_source_assertion
ast-020bf0dcd65c,org-climate-x-d8b546c,Climate X,business_model,enterprise SaaS and API,enterprise_platform_additions.csv,"[""https://climate-x.com/"",""https://climate-x.com/faqs"",""https://climate-x.com/industries""]",2026-08-30,A,preserved_source_assertion
ast-0f9ee4b98294,org-climate-x-d8b546c,Climate X,canonical_url,https://www.climate-x.com/,enterprise_platform_additions.csv,"[""https://climate-x.com/"",""https://climate-x.com/faqs"",""https://climate-x.com/industries""]",2026-08-30,A,preserved_source_assertion
ast-dd1f45e1e669,org-climate-x-d8b546c,Climate X,category,physical climate risk financial-loss and adaptation CapEx analytics,enterprise_platform_additions.csv,"[""https://climate-x.com/"",""https://climate-x.com/faqs"",""https://climate-x.com/industries""]",2026-08-30,A,preserved_source_assertion
ast-f64806271be6,org-climate-x-d8b546c,Climate X,cohort_or_ecosystem,Independent,enterprise_platform_additions.csv,"[""https://climate-x.com/"",""https://climate-x.com/faqs"",""https://climate-x.com/industries""]",2026-08-30,A,preserved_source_assertion
ast-327777fbd16a,org-climate-x-d8b546c,Climate X,entity_type,private startup,enterprise_platform_additions.csv,"[""https://climate-x.com/"",""https://climate-x.com/faqs"",""https://climate-x.com/industries""]",2026-08-30,A,preserved_source_assertion
ast-cd1d5bde7db2,org-climate-x-d8b546c,Climate X,evidence_grade,A,enterprise_platform_additions.csv,"[""https://climate-x.com/"",""https://climate-x.com/faqs"",""https://climate-x.com/industries""]",2026-08-30,A,preserved_source_assertion
ast-246b505ca86f,org-climate-x-d8b546c,Climate X,founding_year,unknown,enterprise_platform_additions.csv,"[""https://climate-x.com/"",""https://climate-x.com/faqs"",""https://climate-x.com/industries""]",2026-08-30,A,preserved_source_assertion
ast-fac883317b85,org-climate-x-d8b546c,Climate X,hq_country,United Kingdom,enterprise_platform_additions.csv,"[""https://climate-x.com/"",""https://climate-x.com/faqs"",""https://climate-x.com/industries""]",2026-08-30,A,preserved_source_assertion
ast-72144a648d10,org-climate-x-d8b546c,Climate X,maturity,scaleup,enterprise_platform_additions.csv,"[""https://climate-x.com/"",""https://climate-x.com/faqs"",""https://climate-x.com/industries""]",2026-08-30,A,preserved_source_assertion
ast-19f8d37c1833,org-climate-x-d8b546c,Climate X,primary_lifecycle,L10 ESG,enterprise_platform_additions.csv,"[""https://climate-x.com/"",""https://climate-x.com/faqs"",""https://climate-x.com/industries""]",2026-08-30,A,preserved_source_assertion
ast-71e6b4e4efd6,org-climate-x-d8b546c,Climate X,relevance_tier,A,enterprise_platform_additions.csv,"[""https://climate-x.com/"",""https://climate-x.com/faqs"",""https://climate-x.com/industries""]",2026-08-30,A,preserved_source_assertion
ast-d3215fc540de,org-climate-x-d8b546c,Climate X,secondary_lifecycle,L1 Land/site/L2 Feasibility/L3 Capital/finance/L9 Portfolio,enterprise_platform_additions.csv,"[""https://climate-x.com/"",""https://climate-x.com/faqs"",""https://climate-x.com/industries""]",2026-08-30,A,preserved_source_assertion
ast-4c4de83502b1,org-climate-x-d8b546c,Climate X,status,active,enterprise_platform_additions.csv,"[""https://climate-x.com/"",""https://climate-x.com/faqs"",""https://climate-x.com/industries""]",2026-08-30,A,preserved_source_assertion
ast-99bce2f13663,org-climate-x-d8b546c,Climate X,status_as_of,2026-08-30,enterprise_platform_additions.csv,"[""https://climate-x.com/"",""https://climate-x.com/faqs"",""https://climate-x.com/industries""]",2026-08-30,A,preserved_source_assertion
ast-c7e17a27f567,org-cobblestone-e6f3985,Cobblestone,business_model,SaaS,proptech_startups_agent.csv,"[""https://ycombinator.com/companies/cobblestone""]",2026-08-30,A,preserved_source_assertion
ast-8baddcef0988,org-cobblestone-e6f3985,Cobblestone,canonical_url,https://www.ycombinator.com/companies/cobblestone,proptech_startups_agent.csv,"[""https://ycombinator.com/companies/cobblestone""]",2026-08-30,A,preserved_source_assertion
ast-91fb363d6986,org-cobblestone-e6f3985,Cobblestone,category,Landlord fraud/delinquency,proptech_startups_agent.csv,"[""https://ycombinator.com/companies/cobblestone""]",2026-08-30,A,preserved_source_assertion
ast-9547941a3b4c,org-cobblestone-e6f3985,Cobblestone,cohort_or_ecosystem,YC W2023,proptech_startups_agent.csv,"[""https://ycombinator.com/companies/cobblestone""]",2026-08-30,A,preserved_source_assertion
ast-d09499d80930,org-cobblestone-e6f3985,Cobblestone,entity_type,Company,proptech_startups_agent.csv,"[""https://ycombinator.com/companies/cobblestone""]",2026-08-30,A,preserved_source_assertion
ast-c7b71d3a381c,org-cobblestone-e6f3985,Cobblestone,evidence_grade,A,proptech_startups_agent.csv,"[""https://ycombinator.com/companies/cobblestone""]",2026-08-30,A,preserved_source_assertion
ast-f298609f1054,org-cobblestone-e6f3985,Cobblestone,founding_year,Unknown,proptech_startups_agent.csv,"[""https://ycombinator.com/companies/cobblestone""]",2026-08-30,A,preserved_source_assertion
ast-eae46450dfec,org-cobblestone-e6f3985,Cobblestone,hq_country,United States,proptech_startups_agent.csv,"[""https://ycombinator.com/companies/cobblestone""]",2026-08-30,A,preserved_source_assertion
ast-3e5c6cbb0799,org-cobblestone-e6f3985,Cobblestone,maturity,Acquired,proptech_startups_agent.csv,"[""https://ycombinator.com/companies/cobblestone""]",2026-08-30,A,preserved_source_assertion
ast-91c830864b5a,org-cobblestone-e6f3985,Cobblestone,primary_lifecycle,Operations,proptech_startups_agent.csv,"[""https://ycombinator.com/companies/cobblestone""]",2026-08-30,A,preserved_source_assertion
ast-9a0b3fb2830e,org-cobblestone-e6f3985,Cobblestone,relevance_tier,C,proptech_startups_agent.csv,"[""https://ycombinator.com/companies/cobblestone""]",2026-08-30,A,preserved_source_assertion
ast-e16922983c1b,org-cobblestone-e6f3985,Cobblestone,secondary_lifecycle,Finance,proptech_startups_agent.csv,"[""https://ycombinator.com/companies/cobblestone""]",2026-08-30,A,preserved_source_assertion
ast-eb14799c3bac,org-cobblestone-e6f3985,Cobblestone,status,Acquired,proptech_startups_agent.csv,"[""https://ycombinator.com/companies/cobblestone""]",2026-08-30,A,preserved_source_assertion
ast-01852abaccf6,org-cobblestone-e6f3985,Cobblestone,status_as_of,2026-08-30,proptech_startups_agent.csv,"[""https://ycombinator.com/companies/cobblestone""]",2026-08-30,A,preserved_source_assertion
ast-98a64dfc9c2f,org-cocoon-ff50211,Cocoon,business_model,industrial technology plus materials sales,startup_core_additions.csv,"[""https://2150.vc/investments/cocoon"",""https://cocooncarbon.com/"",""https://cocooncarbon.com/about""]",2026-08-30,A,preserved_source_assertion
ast-ea1262dab384,org-cocoon-ff50211,Cocoon,canonical_url,https://www.cocooncarbon.com/,startup_core_additions.csv,"[""https://2150.vc/investments/cocoon"",""https://cocooncarbon.com/"",""https://cocooncarbon.com/about""]",2026-08-30,A,preserved_source_assertion
ast-04f9bf23a3b3,org-cocoon-ff50211,Cocoon,category,steel-slag cement replacement and materials decarbonization,startup_core_additions.csv,"[""https://2150.vc/investments/cocoon"",""https://cocooncarbon.com/"",""https://cocooncarbon.com/about""]",2026-08-30,A,preserved_source_assertion
ast-85a96f1893bd,org-cocoon-ff50211,Cocoon,cohort_or_ecosystem,2150,startup_core_additions.csv,"[""https://2150.vc/investments/cocoon"",""https://cocooncarbon.com/"",""https://cocooncarbon.com/about""]",2026-08-30,A,preserved_source_assertion
ast-b4677c4f65d0,org-cocoon-ff50211,Cocoon,entity_type,private company,startup_core_additions.csv,"[""https://2150.vc/investments/cocoon"",""https://cocooncarbon.com/"",""https://cocooncarbon.com/about""]",2026-08-30,A,preserved_source_assertion
ast-30eb6f7a899b,org-cocoon-ff50211,Cocoon,evidence_grade,A,startup_core_additions.csv,"[""https://2150.vc/investments/cocoon"",""https://cocooncarbon.com/"",""https://cocooncarbon.com/about""]",2026-08-30,A,preserved_source_assertion
ast-ded97d1c7ffc,org-cocoon-ff50211,Cocoon,hq_country,United Kingdom,startup_core_additions.csv,"[""https://2150.vc/investments/cocoon"",""https://cocooncarbon.com/"",""https://cocooncarbon.com/about""]",2026-08-30,A,preserved_source_assertion
ast-8c8e7baa979e,org-cocoon-ff50211,Cocoon,maturity,early,startup_core_additions.csv,"[""https://2150.vc/investments/cocoon"",""https://cocooncarbon.com/"",""https://cocooncarbon.com/about""]",2026-08-30,A,preserved_source_assertion
ast-b945d2cb5449,org-cocoon-ff50211,Cocoon,primary_lifecycle,L5 Construction,startup_core_additions.csv,"[""https://2150.vc/investments/cocoon"",""https://cocooncarbon.com/"",""https://cocooncarbon.com/about""]",2026-08-30,A,preserved_source_assertion
ast-96da994195a1,org-cocoon-ff50211,Cocoon,relevance_tier,A,startup_core_additions.csv,"[""https://2150.vc/investments/cocoon"",""https://cocooncarbon.com/"",""https://cocooncarbon.com/about""]",2026-08-30,A,preserved_source_assertion
ast-a8a3edb7c7c3,org-cocoon-ff50211,Cocoon,secondary_lifecycle,L10 Climate/energy,startup_core_additions.csv,"[""https://2150.vc/investments/cocoon"",""https://cocooncarbon.com/"",""https://cocooncarbon.com/about""]",2026-08-30,A,preserved_source_assertion
ast-ebe66518119c,org-cocoon-ff50211,Cocoon,status,active,startup_core_additions.csv,"[""https://2150.vc/investments/cocoon"",""https://cocooncarbon.com/"",""https://cocooncarbon.com/about""]",2026-08-30,A,preserved_source_assertion
ast-f2034d4f271c,org-cocoon-ff50211,Cocoon,status_as_of,2026-08-30,startup_core_additions.csv,"[""https://2150.vc/investments/cocoon"",""https://cocooncarbon.com/"",""https://cocooncarbon.com/about""]",2026-08-30,A,preserved_source_assertion
ast-bc72a24d9a14,org-concreteai-886747c,ConcreteAI,business_model,hardware plus SaaS,startup_core_additions.csv,"[""https://cemexventures.com/startup-competition-2026-apac-finalists"",""https://concreteai.io/"",""https://concreteai.io/about_us""]",2026-08-30,A,preserved_source_assertion
ast-0036ad2e6ba9,org-concreteai-886747c,ConcreteAI,canonical_url,https://www.concreteai.io/,startup_core_additions.csv,"[""https://cemexventures.com/startup-competition-2026-apac-finalists"",""https://concreteai.io/"",""https://concreteai.io/about_us""]",2026-08-30,A,preserved_source_assertion
ast-bf60d8e9bf09,org-concreteai-886747c,ConcreteAI,category,concrete strength temperature and quality monitoring,startup_core_additions.csv,"[""https://cemexventures.com/startup-competition-2026-apac-finalists"",""https://concreteai.io/"",""https://concreteai.io/about_us""]",2026-08-30,A,preserved_source_assertion
ast-d065efbe52af,org-concreteai-886747c,ConcreteAI,cohort_or_ecosystem,CEMEX Ventures Construction Startup Competition 2026 APAC finalists,startup_core_additions.csv,"[""https://cemexventures.com/startup-competition-2026-apac-finalists"",""https://concreteai.io/"",""https://concreteai.io/about_us""]",2026-08-30,A,preserved_source_assertion
ast-82e84ebc215a,org-concreteai-886747c,ConcreteAI,entity_type,private company,startup_core_additions.csv,"[""https://cemexventures.com/startup-competition-2026-apac-finalists"",""https://concreteai.io/"",""https://concreteai.io/about_us""]",2026-08-30,A,preserved_source_assertion
ast-3615d33863fc,org-concreteai-886747c,ConcreteAI,evidence_grade,A,startup_core_additions.csv,"[""https://cemexventures.com/startup-competition-2026-apac-finalists"",""https://concreteai.io/"",""https://concreteai.io/about_us""]",2026-08-30,A,preserved_source_assertion
ast-87471f599f43,org-concreteai-886747c,ConcreteAI,founding_year,2022,startup_core_additions.csv,"[""https://cemexventures.com/startup-competition-2026-apac-finalists"",""https://concreteai.io/"",""https://concreteai.io/about_us""]",2026-08-30,A,preserved_source_assertion
ast-3a7f27dbb396,org-concreteai-886747c,ConcreteAI,hq_country,Singapore,startup_core_additions.csv,"[""https://cemexventures.com/startup-competition-2026-apac-finalists"",""https://concreteai.io/"",""https://concreteai.io/about_us""]",2026-08-30,A,preserved_source_assertion
ast-dd3d48d474ba,org-concreteai-886747c,ConcreteAI,maturity,early,startup_core_additions.csv,"[""https://cemexventures.com/startup-competition-2026-apac-finalists"",""https://concreteai.io/"",""https://concreteai.io/about_us""]",2026-08-30,A,preserved_source_assertion
ast-8649147e88e3,org-concreteai-886747c,ConcreteAI,primary_lifecycle,L5 Construction,startup_core_additions.csv,"[""https://cemexventures.com/startup-competition-2026-apac-finalists"",""https://concreteai.io/"",""https://concreteai.io/about_us""]",2026-08-30,A,preserved_source_assertion
ast-b3afe8cb70fd,org-concreteai-886747c,ConcreteAI,relevance_tier,A,startup_core_additions.csv,"[""https://cemexventures.com/startup-competition-2026-apac-finalists"",""https://concreteai.io/"",""https://concreteai.io/about_us""]",2026-08-30,A,preserved_source_assertion
ast-c50fcbf62d3a,org-concreteai-886747c,ConcreteAI,secondary_lifecycle,L10 Climate/energy,startup_core_additions.csv,"[""https://cemexventures.com/startup-competition-2026-apac-finalists"",""https://concreteai.io/"",""https://concreteai.io/about_us""]",2026-08-30,A,preserved_source_assertion
ast-1d1ca26ecac4,org-concreteai-886747c,ConcreteAI,status,active,startup_core_additions.csv,"[""https://cemexventures.com/startup-competition-2026-apac-finalists"",""https://concreteai.io/"",""https://concreteai.io/about_us""]",2026-08-30,A,preserved_source_assertion
ast-9348524e2873,org-concreteai-886747c,ConcreteAI,status_as_of,2026-08-30,startup_core_additions.csv,"[""https://cemexventures.com/startup-competition-2026-apac-finalists"",""https://concreteai.io/"",""https://concreteai.io/about_us""]",2026-08-30,A,preserved_source_assertion
ast-45e8ebb4f60e,org-costar-1ac20e9,CoStar,business_model,Subscription/data marketplace,proptech_startups_agent.csv,"[""https://costargroup.com/""]",2026-08-30,A,preserved_source_assertion
ast-686f2dd993c8,org-costar-1ac20e9,CoStar,canonical_url,https://www.costargroup.com/,proptech_startups_agent.csv,"[""https://costargroup.com/""]",2026-08-30,A,preserved_source_assertion
ast-a61e43cc6773,org-costar-1ac20e9,CoStar,canonical_url,https://www.costar.com/,global_real_estate_pioneers_agent.csv,"[""https://costar.com/""]",2026-08-30,C,preserved_source_assertion
ast-f14c46fdc69f,org-costar-1ac20e9,CoStar,category,Property marketplace analytics,proptech_startups_agent.csv,"[""https://costargroup.com/""]",2026-08-30,A,preserved_source_assertion
ast-41c08f393e9a,org-costar-1ac20e9,CoStar,cohort_or_ecosystem,Independent,proptech_startups_agent.csv,"[""https://costargroup.com/""]",2026-08-30,A,preserved_source_assertion
ast-c237d73c8446,org-costar-1ac20e9,CoStar,entity_type,Company,proptech_startups_agent.csv,"[""https://costargroup.com/""]",2026-08-30,A,preserved_source_assertion
ast-ddc5d4444751,org-costar-1ac20e9,CoStar,entity_type,property data marketplace analytics,global_real_estate_pioneers_agent.csv,"[""https://costar.com/""]",2026-08-30,C,preserved_source_assertion
ast-a71dbf54b848,org-costar-1ac20e9,CoStar,evidence_grade,A,proptech_startups_agent.csv,"[""https://costargroup.com/""]",2026-08-30,A,preserved_source_assertion
ast-c163cd9d3146,org-costar-1ac20e9,CoStar,evidence_grade,C,global_real_estate_pioneers_agent.csv,"[""https://costar.com/""]",2026-08-30,C,preserved_source_assertion
ast-c730cd304d53,org-costar-1ac20e9,CoStar,founding_year,1987,proptech_startups_agent.csv,"[""https://costargroup.com/""]",2026-08-30,A,preserved_source_assertion
ast-8932264adc43,org-costar-1ac20e9,CoStar,hq_country,United States,global_real_estate_pioneers_agent.csv,"[""https://costar.com/""]",2026-08-30,C,preserved_source_assertion
ast-b322df13d035,org-costar-1ac20e9,CoStar,hq_country,United States,proptech_startups_agent.csv,"[""https://costargroup.com/""]",2026-08-30,A,preserved_source_assertion
ast-4af843f69295,org-costar-1ac20e9,CoStar,maturity,Public,proptech_startups_agent.csv,"[""https://costargroup.com/""]",2026-08-30,A,preserved_source_assertion
ast-173636db2582,org-costar-1ac20e9,CoStar,primary_lifecycle,L/S/F,global_real_estate_pioneers_agent.csv,"[""https://costar.com/""]",2026-08-30,C,preserved_source_assertion
ast-467bacc7a38e,org-costar-1ac20e9,CoStar,primary_lifecycle,Data,proptech_startups_agent.csv,"[""https://costargroup.com/""]",2026-08-30,A,preserved_source_assertion
ast-19b6aaff7920,org-costar-1ac20e9,CoStar,relevance_tier,B,global_real_estate_pioneers_agent.csv,"[""https://costar.com/""]",2026-08-30,C,preserved_source_assertion
ast-b11f35061126,org-costar-1ac20e9,CoStar,relevance_tier,A,proptech_startups_agent.csv,"[""https://costargroup.com/""]",2026-08-30,A,preserved_source_assertion
ast-7129f6d5b5b7,org-costar-1ac20e9,CoStar,secondary_lifecycle,Sales,proptech_startups_agent.csv,"[""https://costargroup.com/""]",2026-08-30,A,preserved_source_assertion
ast-945d11a4b38a,org-costar-1ac20e9,CoStar,status,active,global_real_estate_pioneers_agent.csv,"[""https://costar.com/""]",2026-08-30,C,preserved_source_assertion
ast-f388ffa52c59,org-costar-1ac20e9,CoStar,status,Active,proptech_startups_agent.csv,"[""https://costargroup.com/""]",2026-08-30,A,preserved_source_assertion
ast-5cc23008f6e9,org-costar-1ac20e9,CoStar,status_as_of,2026-08-30,proptech_startups_agent.csv,"[""https://costargroup.com/""]",2026-08-30,A,preserved_source_assertion
ast-32829389cf8a,org-cupix-384c862,Cupix,business_model,SaaS subscription plus capture integrations,startup_core_additions.csv,"[""https://builtworlds.com/insights/2025-building-tech-top-50-list"",""https://cupix.com/""]",2026-08-30,A,preserved_source_assertion
ast-70d97a6d76c5,org-cupix-384c862,Cupix,canonical_url,https://www.cupix.com/,startup_core_additions.csv,"[""https://builtworlds.com/insights/2025-building-tech-top-50-list"",""https://cupix.com/""]",2026-08-30,A,preserved_source_assertion
ast-90a517f1b100,org-cupix-384c862,Cupix,category,4D digital twins from 360 video laser drone and BIM,startup_core_additions.csv,"[""https://builtworlds.com/insights/2025-building-tech-top-50-list"",""https://cupix.com/""]",2026-08-30,A,preserved_source_assertion
ast-c926ad307bdd,org-cupix-384c862,Cupix,cohort_or_ecosystem,BuiltWorlds Building Tech Top 50 2025,startup_core_additions.csv,"[""https://builtworlds.com/insights/2025-building-tech-top-50-list"",""https://cupix.com/""]",2026-08-30,A,preserved_source_assertion
ast-bdd13605fecb,org-cupix-384c862,Cupix,entity_type,private company,startup_core_additions.csv,"[""https://builtworlds.com/insights/2025-building-tech-top-50-list"",""https://cupix.com/""]",2026-08-30,A,preserved_source_assertion
ast-3d7f91349f13,org-cupix-384c862,Cupix,evidence_grade,A,startup_core_additions.csv,"[""https://builtworlds.com/insights/2025-building-tech-top-50-list"",""https://cupix.com/""]",2026-08-30,A,preserved_source_assertion
ast-2200b0a796b4,org-cupix-384c862,Cupix,hq_country,South Korea,startup_core_additions.csv,"[""https://builtworlds.com/insights/2025-building-tech-top-50-list"",""https://cupix.com/""]",2026-08-30,A,preserved_source_assertion
ast-7e79c25a4ed0,org-cupix-384c862,Cupix,maturity,scaleup,startup_core_additions.csv,"[""https://builtworlds.com/insights/2025-building-tech-top-50-list"",""https://cupix.com/""]",2026-08-30,A,preserved_source_assertion
ast-c6aa64f422e8,org-cupix-384c862,Cupix,primary_lifecycle,L5 Construction,startup_core_additions.csv,"[""https://builtworlds.com/insights/2025-building-tech-top-50-list"",""https://cupix.com/""]",2026-08-30,A,preserved_source_assertion
ast-19edb1d311be,org-cupix-384c862,Cupix,relevance_tier,A,startup_core_additions.csv,"[""https://builtworlds.com/insights/2025-building-tech-top-50-list"",""https://cupix.com/""]",2026-08-30,A,preserved_source_assertion
ast-6074ea433c2a,org-cupix-384c862,Cupix,secondary_lifecycle,L4 Design,startup_core_additions.csv,"[""https://builtworlds.com/insights/2025-building-tech-top-50-list"",""https://cupix.com/""]",2026-08-30,A,preserved_source_assertion
ast-3106f25ee686,org-cupix-384c862,Cupix,status,active,startup_core_additions.csv,"[""https://builtworlds.com/insights/2025-building-tech-top-50-list"",""https://cupix.com/""]",2026-08-30,A,preserved_source_assertion
ast-58fa36ca15b4,org-cupix-384c862,Cupix,status_as_of,2026-08-30,startup_core_additions.csv,"[""https://builtworlds.com/insights/2025-building-tech-top-50-list"",""https://cupix.com/""]",2026-08-30,A,preserved_source_assertion
ast-bd5f3d3468aa,org-d-r-horton-df5d6bc,D.R. Horton,business_model,"standardized production, digital marketing, mortgage/title and warranty",operator_coverage_additions.csv,"[""https://investor.drhorton.com/"",""https://investor.drhorton.com/financial-information/financial-reports/annual-reports"",""https://investor.drhorton.com/~/media/Files/D/D-R-Horton-IR/documents/quarterly-reports/2025-dhi-annual-report.pdf""]",2026-08-30,A,preserved_source_assertion
ast-1b768508aae6,org-d-r-horton-df5d6bc,D.R. Horton,canonical_url,https://investor.drhorton.com/,operator_coverage_additions.csv,"[""https://investor.drhorton.com/"",""https://investor.drhorton.com/financial-information/financial-reports/annual-reports"",""https://investor.drhorton.com/~/media/Files/D/D-R-Horton-IR/documents/quarterly-reports/2025-dhi-annual-report.pdf""]",2026-08-30,A,preserved_source_assertion
ast-9eb63d566065,org-d-r-horton-df5d6bc,D.R. Horton,category,high-volume homebuilder and captive-finance operator,operator_coverage_additions.csv,"[""https://investor.drhorton.com/"",""https://investor.drhorton.com/financial-information/financial-reports/annual-reports"",""https://investor.drhorton.com/~/media/Files/D/D-R-Horton-IR/documents/quarterly-reports/2025-dhi-annual-report.pdf""]",2026-08-30,A,preserved_source_assertion
ast-4e89ce7651de,org-d-r-horton-df5d6bc,D.R. Horton,cohort_or_ecosystem,Independent,operator_coverage_additions.csv,"[""https://investor.drhorton.com/"",""https://investor.drhorton.com/financial-information/financial-reports/annual-reports"",""https://investor.drhorton.com/~/media/Files/D/D-R-Horton-IR/documents/quarterly-reports/2025-dhi-annual-report.pdf""]",2026-08-30,A,preserved_source_assertion
ast-c523003fe3b7,org-d-r-horton-df5d6bc,D.R. Horton,entity_type,developer and production homebuilder,operator_coverage_additions.csv,"[""https://investor.drhorton.com/"",""https://investor.drhorton.com/financial-information/financial-reports/annual-reports"",""https://investor.drhorton.com/~/media/Files/D/D-R-Horton-IR/documents/quarterly-reports/2025-dhi-annual-report.pdf""]",2026-08-30,A,preserved_source_assertion
ast-bad44504b26e,org-d-r-horton-df5d6bc,D.R. Horton,evidence_grade,A,operator_coverage_additions.csv,"[""https://investor.drhorton.com/"",""https://investor.drhorton.com/financial-information/financial-reports/annual-reports"",""https://investor.drhorton.com/~/media/Files/D/D-R-Horton-IR/documents/quarterly-reports/2025-dhi-annual-report.pdf""]",2026-08-30,A,preserved_source_assertion
ast-f6aecd9b9ec5,org-d-r-horton-df5d6bc,D.R. Horton,founding_year,1978,operator_coverage_additions.csv,"[""https://investor.drhorton.com/"",""https://investor.drhorton.com/financial-information/financial-reports/annual-reports"",""https://investor.drhorton.com/~/media/Files/D/D-R-Horton-IR/documents/quarterly-reports/2025-dhi-annual-report.pdf""]",2026-08-30,A,preserved_source_assertion
ast-f79303fd030d,org-d-r-horton-df5d6bc,D.R. Horton,hq_country,United States,operator_coverage_additions.csv,"[""https://investor.drhorton.com/"",""https://investor.drhorton.com/financial-information/financial-reports/annual-reports"",""https://investor.drhorton.com/~/media/Files/D/D-R-Horton-IR/documents/quarterly-reports/2025-dhi-annual-report.pdf""]",2026-08-30,A,preserved_source_assertion
ast-b45fc89575f0,org-d-r-horton-df5d6bc,D.R. Horton,maturity,scale operator,operator_coverage_additions.csv,"[""https://investor.drhorton.com/"",""https://investor.drhorton.com/financial-information/financial-reports/annual-reports"",""https://investor.drhorton.com/~/media/Files/D/D-R-Horton-IR/documents/quarterly-reports/2025-dhi-annual-report.pdf""]",2026-08-30,A,preserved_source_assertion
ast-50f6e9d4b439,org-d-r-horton-df5d6bc,D.R. Horton,primary_lifecycle,L/D/C/S/F/H,operator_coverage_additions.csv,"[""https://investor.drhorton.com/"",""https://investor.drhorton.com/financial-information/financial-reports/annual-reports"",""https://investor.drhorton.com/~/media/Files/D/D-R-Horton-IR/documents/quarterly-reports/2025-dhi-annual-report.pdf""]",2026-08-30,A,preserved_source_assertion
ast-20f9e524dd61,org-d-r-horton-df5d6bc,D.R. Horton,relevance_tier,A,operator_coverage_additions.csv,"[""https://investor.drhorton.com/"",""https://investor.drhorton.com/financial-information/financial-reports/annual-reports"",""https://investor.drhorton.com/~/media/Files/D/D-R-Horton-IR/documents/quarterly-reports/2025-dhi-annual-report.pdf""]",2026-08-30,A,preserved_source_assertion
ast-3a4c7f05ad0b,org-d-r-horton-df5d6bc,D.R. Horton,secondary_lifecycle,O,operator_coverage_additions.csv,"[""https://investor.drhorton.com/"",""https://investor.drhorton.com/financial-information/financial-reports/annual-reports"",""https://investor.drhorton.com/~/media/Files/D/D-R-Horton-IR/documents/quarterly-reports/2025-dhi-annual-report.pdf""]",2026-08-30,A,preserved_source_assertion
ast-97bfb2d5f017,org-d-r-horton-df5d6bc,D.R. Horton,status,active,operator_coverage_additions.csv,"[""https://investor.drhorton.com/"",""https://investor.drhorton.com/financial-information/financial-reports/annual-reports"",""https://investor.drhorton.com/~/media/Files/D/D-R-Horton-IR/documents/quarterly-reports/2025-dhi-annual-report.pdf""]",2026-08-30,A,preserved_source_assertion
ast-5d604a949b1c,org-d-r-horton-df5d6bc,D.R. Horton,status_as_of,2026-08-30,operator_coverage_additions.csv,"[""https://investor.drhorton.com/"",""https://investor.drhorton.com/financial-information/financial-reports/annual-reports"",""https://investor.drhorton.com/~/media/Files/D/D-R-Horton-IR/documents/quarterly-reports/2025-dhi-annual-report.pdf""]",2026-08-30,A,preserved_source_assertion
ast-d56d71e7c259,org-daiwa-house-867bffd,Daiwa House,canonical_url,https://www.daiwahouse.com/English/,global_real_estate_pioneers_agent.csv,"[""https://daiwahouse.com/English""]",2026-08-30,C,preserved_source_assertion
ast-d8fe1ccff0a4,org-daiwa-house-867bffd,Daiwa House,entity_type,industrialised homebuilder developer,global_real_estate_pioneers_agent.csv,"[""https://daiwahouse.com/English""]",2026-08-30,C,preserved_source_assertion
ast-8b35e14e2d4d,org-daiwa-house-867bffd,Daiwa House,evidence_grade,C,global_real_estate_pioneers_agent.csv,"[""https://daiwahouse.com/English""]",2026-08-30,C,preserved_source_assertion
ast-31022b9c35b8,org-daiwa-house-867bffd,Daiwa House,hq_country,Japan,global_real_estate_pioneers_agent.csv,"[""https://daiwahouse.com/English""]",2026-08-30,C,preserved_source_assertion
ast-fc506c2ed758,org-daiwa-house-867bffd,Daiwa House,primary_lifecycle,D/C/H/O/E,global_real_estate_pioneers_agent.csv,"[""https://daiwahouse.com/English""]",2026-08-30,C,preserved_source_assertion
ast-fa679e6c27a0,org-daiwa-house-867bffd,Daiwa House,relevance_tier,B,global_real_estate_pioneers_agent.csv,"[""https://daiwahouse.com/English""]",2026-08-30,C,preserved_source_assertion
ast-e9faf4a96207,org-daiwa-house-867bffd,Daiwa House,status,active,global_real_estate_pioneers_agent.csv,"[""https://daiwahouse.com/English""]",2026-08-30,C,preserved_source_assertion
ast-32ac1c424af9,org-dealpath-d87900f,Dealpath,business_model,enterprise SaaS and integrations,enterprise_platform_additions.csv,"[""https://dealpath.com/"",""https://dealpath.com/company"",""https://dealpath.com/platform""]",2026-08-30,A,preserved_source_assertion
ast-a7c69e1e60d3,org-dealpath-d87900f,Dealpath,canonical_url,https://www.dealpath.com/,enterprise_platform_additions.csv,"[""https://dealpath.com/"",""https://dealpath.com/company"",""https://dealpath.com/platform""]",2026-08-30,A,preserved_source_assertion
ast-856b03365771,org-dealpath-d87900f,Dealpath,category,CRE investment pipeline underwriting CRM deal execution and portfolio intelligence,enterprise_platform_additions.csv,"[""https://dealpath.com/"",""https://dealpath.com/company"",""https://dealpath.com/platform""]",2026-08-30,A,preserved_source_assertion
ast-49679e91b3bb,org-dealpath-d87900f,Dealpath,cohort_or_ecosystem,Independent,enterprise_platform_additions.csv,"[""https://dealpath.com/"",""https://dealpath.com/company"",""https://dealpath.com/platform""]",2026-08-30,A,preserved_source_assertion
ast-8366f0053d73,org-dealpath-d87900f,Dealpath,entity_type,private company,enterprise_platform_additions.csv,"[""https://dealpath.com/"",""https://dealpath.com/company"",""https://dealpath.com/platform""]",2026-08-30,A,preserved_source_assertion
ast-6d81dfffaa5c,org-dealpath-d87900f,Dealpath,evidence_grade,A,enterprise_platform_additions.csv,"[""https://dealpath.com/"",""https://dealpath.com/company"",""https://dealpath.com/platform""]",2026-08-30,A,preserved_source_assertion
ast-9db36d75e4c5,org-dealpath-d87900f,Dealpath,founding_year,unknown,enterprise_platform_additions.csv,"[""https://dealpath.com/"",""https://dealpath.com/company"",""https://dealpath.com/platform""]",2026-08-30,A,preserved_source_assertion
ast-a9791f4bf4ab,org-dealpath-d87900f,Dealpath,hq_country,United States,enterprise_platform_additions.csv,"[""https://dealpath.com/"",""https://dealpath.com/company"",""https://dealpath.com/platform""]",2026-08-30,A,preserved_source_assertion
ast-e09daa8af563,org-dealpath-d87900f,Dealpath,maturity,enterprise,enterprise_platform_additions.csv,"[""https://dealpath.com/"",""https://dealpath.com/company"",""https://dealpath.com/platform""]",2026-08-30,A,preserved_source_assertion
ast-580097582f90,org-dealpath-d87900f,Dealpath,primary_lifecycle,L2 Feasibility,enterprise_platform_additions.csv,"[""https://dealpath.com/"",""https://dealpath.com/company"",""https://dealpath.com/platform""]",2026-08-30,A,preserved_source_assertion
ast-66b592b96595,org-dealpath-d87900f,Dealpath,relevance_tier,A,enterprise_platform_additions.csv,"[""https://dealpath.com/"",""https://dealpath.com/company"",""https://dealpath.com/platform""]",2026-08-30,A,preserved_source_assertion
ast-2649d24fc063,org-dealpath-d87900f,Dealpath,secondary_lifecycle,L3 Capital/finance/L9 Portfolio,enterprise_platform_additions.csv,"[""https://dealpath.com/"",""https://dealpath.com/company"",""https://dealpath.com/platform""]",2026-08-30,A,preserved_source_assertion
ast-2c23af5dd3bd,org-dealpath-d87900f,Dealpath,status,active,enterprise_platform_additions.csv,"[""https://dealpath.com/"",""https://dealpath.com/company"",""https://dealpath.com/platform""]",2026-08-30,A,preserved_source_assertion
ast-c72118e4d6bb,org-dealpath-d87900f,Dealpath,status_as_of,2026-08-30,enterprise_platform_additions.csv,"[""https://dealpath.com/"",""https://dealpath.com/company"",""https://dealpath.com/platform""]",2026-08-30,A,preserved_source_assertion
ast-51a75b622173,org-deepki-90fc92a,Deepki,business_model,enterprise SaaS and advisory,coverage_gap_additions.csv,"[""https://deepki.com/"",""https://deepki.com/platform""]",2026-08-30,A,preserved_source_assertion
ast-c3b29b91ee85,org-deepki-90fc92a,Deepki,canonical_url,https://www.deepki.com/platform/,coverage_gap_additions.csv,"[""https://deepki.com/"",""https://deepki.com/platform""]",2026-08-30,A,preserved_source_assertion
ast-214e6e4b2c18,org-deepki-90fc92a,Deepki,category,real-estate sustainability data climate risk and CapEx planning,coverage_gap_additions.csv,"[""https://deepki.com/"",""https://deepki.com/platform""]",2026-08-30,A,preserved_source_assertion
ast-cf4670d45f2a,org-deepki-90fc92a,Deepki,cohort_or_ecosystem,Independent,coverage_gap_additions.csv,"[""https://deepki.com/"",""https://deepki.com/platform""]",2026-08-30,A,preserved_source_assertion
ast-5b5e5de7ce51,org-deepki-90fc92a,Deepki,entity_type,private company,coverage_gap_additions.csv,"[""https://deepki.com/"",""https://deepki.com/platform""]",2026-08-30,A,preserved_source_assertion
ast-04d59990f162,org-deepki-90fc92a,Deepki,evidence_grade,A,coverage_gap_additions.csv,"[""https://deepki.com/"",""https://deepki.com/platform""]",2026-08-30,A,preserved_source_assertion
ast-98e5fb1a3b9d,org-deepki-90fc92a,Deepki,founding_year,2014,coverage_gap_additions.csv,"[""https://deepki.com/"",""https://deepki.com/platform""]",2026-08-30,A,preserved_source_assertion
ast-8e4fd180a419,org-deepki-90fc92a,Deepki,hq_country,France,coverage_gap_additions.csv,"[""https://deepki.com/"",""https://deepki.com/platform""]",2026-08-30,A,preserved_source_assertion
ast-70445aa23094,org-deepki-90fc92a,Deepki,maturity,scaleup,coverage_gap_additions.csv,"[""https://deepki.com/"",""https://deepki.com/platform""]",2026-08-30,A,preserved_source_assertion
ast-9dfe5bc96a94,org-deepki-90fc92a,Deepki,primary_lifecycle,L10 ESG,coverage_gap_additions.csv,"[""https://deepki.com/"",""https://deepki.com/platform""]",2026-08-30,A,preserved_source_assertion
ast-13b9bab56255,org-deepki-90fc92a,Deepki,relevance_tier,A,coverage_gap_additions.csv,"[""https://deepki.com/"",""https://deepki.com/platform""]",2026-08-30,A,preserved_source_assertion
ast-4342e65673dc,org-deepki-90fc92a,Deepki,secondary_lifecycle,L8 Property operations/L9 Portfolio,coverage_gap_additions.csv,"[""https://deepki.com/"",""https://deepki.com/platform""]",2026-08-30,A,preserved_source_assertion
ast-5138760f3ce8,org-deepki-90fc92a,Deepki,status,active,coverage_gap_additions.csv,"[""https://deepki.com/"",""https://deepki.com/platform""]",2026-08-30,A,preserved_source_assertion
ast-6b69eff09ad5,org-deepki-90fc92a,Deepki,status_as_of,2026-08-30,coverage_gap_additions.csv,"[""https://deepki.com/"",""https://deepki.com/platform""]",2026-08-30,A,preserved_source_assertion
ast-f91114d0425c,org-digital-realty-5bd2bb5,Digital Realty,business_model,"colocation, connectivity, data sovereignty, AI capacity and sustainable facilities",operator_coverage_additions.csv,"[""https://digitalrealty.com/"",""https://digitalrealty.com/platform-digital"",""https://investor.digitalrealty.com/financials/annual-reports"",""https://sec.gov/Archives/edgar/data/1297996/000110465926015365/dlr-20251231x10k.htm""]",2026-08-30,A,preserved_source_assertion
ast-2d075cecce85,org-digital-realty-5bd2bb5,Digital Realty,canonical_url,https://www.digitalrealty.com/,operator_coverage_additions.csv,"[""https://digitalrealty.com/"",""https://digitalrealty.com/platform-digital"",""https://investor.digitalrealty.com/financials/annual-reports"",""https://sec.gov/Archives/edgar/data/1297996/000110465926015365/dlr-20251231x10k.htm""]",2026-08-30,A,preserved_source_assertion
ast-47f7f9993b8f,org-digital-realty-5bd2bb5,Digital Realty,category,global data-centre owner/operator and interconnection platform,operator_coverage_additions.csv,"[""https://digitalrealty.com/"",""https://digitalrealty.com/platform-digital"",""https://investor.digitalrealty.com/financials/annual-reports"",""https://sec.gov/Archives/edgar/data/1297996/000110465926015365/dlr-20251231x10k.htm""]",2026-08-30,A,preserved_source_assertion
ast-809f02a9ab60,org-digital-realty-5bd2bb5,Digital Realty,cohort_or_ecosystem,Independent,operator_coverage_additions.csv,"[""https://digitalrealty.com/"",""https://digitalrealty.com/platform-digital"",""https://investor.digitalrealty.com/financials/annual-reports"",""https://sec.gov/Archives/edgar/data/1297996/000110465926015365/dlr-20251231x10k.htm""]",2026-08-30,A,preserved_source_assertion
ast-bd97b19b33a2,org-digital-realty-5bd2bb5,Digital Realty,entity_type,REIT and infrastructure operator,operator_coverage_additions.csv,"[""https://digitalrealty.com/"",""https://digitalrealty.com/platform-digital"",""https://investor.digitalrealty.com/financials/annual-reports"",""https://sec.gov/Archives/edgar/data/1297996/000110465926015365/dlr-20251231x10k.htm""]",2026-08-30,A,preserved_source_assertion
ast-7f47aca8a009,org-digital-realty-5bd2bb5,Digital Realty,evidence_grade,A,operator_coverage_additions.csv,"[""https://digitalrealty.com/"",""https://digitalrealty.com/platform-digital"",""https://investor.digitalrealty.com/financials/annual-reports"",""https://sec.gov/Archives/edgar/data/1297996/000110465926015365/dlr-20251231x10k.htm""]",2026-08-30,A,preserved_source_assertion
ast-dc76ce5e4963,org-digital-realty-5bd2bb5,Digital Realty,founding_year,2001,operator_coverage_additions.csv,"[""https://digitalrealty.com/"",""https://digitalrealty.com/platform-digital"",""https://investor.digitalrealty.com/financials/annual-reports"",""https://sec.gov/Archives/edgar/data/1297996/000110465926015365/dlr-20251231x10k.htm""]",2026-08-30,A,preserved_source_assertion
ast-73a6df3968a3,org-digital-realty-5bd2bb5,Digital Realty,hq_country,United States,operator_coverage_additions.csv,"[""https://digitalrealty.com/"",""https://digitalrealty.com/platform-digital"",""https://investor.digitalrealty.com/financials/annual-reports"",""https://sec.gov/Archives/edgar/data/1297996/000110465926015365/dlr-20251231x10k.htm""]",2026-08-30,A,preserved_source_assertion
ast-06e00e4b2ee1,org-digital-realty-5bd2bb5,Digital Realty,maturity,scale platform,operator_coverage_additions.csv,"[""https://digitalrealty.com/"",""https://digitalrealty.com/platform-digital"",""https://investor.digitalrealty.com/financials/annual-reports"",""https://sec.gov/Archives/edgar/data/1297996/000110465926015365/dlr-20251231x10k.htm""]",2026-08-30,A,preserved_source_assertion
ast-e9d7817f8d64,org-digital-realty-5bd2bb5,Digital Realty,primary_lifecycle,L/D/C/O/E,operator_coverage_additions.csv,"[""https://digitalrealty.com/"",""https://digitalrealty.com/platform-digital"",""https://investor.digitalrealty.com/financials/annual-reports"",""https://sec.gov/Archives/edgar/data/1297996/000110465926015365/dlr-20251231x10k.htm""]",2026-08-30,A,preserved_source_assertion
ast-b22d0470ffe2,org-digital-realty-5bd2bb5,Digital Realty,relevance_tier,A,operator_coverage_additions.csv,"[""https://digitalrealty.com/"",""https://digitalrealty.com/platform-digital"",""https://investor.digitalrealty.com/financials/annual-reports"",""https://sec.gov/Archives/edgar/data/1297996/000110465926015365/dlr-20251231x10k.htm""]",2026-08-30,A,preserved_source_assertion
ast-6a3c4580923a,org-digital-realty-5bd2bb5,Digital Realty,secondary_lifecycle,F,operator_coverage_additions.csv,"[""https://digitalrealty.com/"",""https://digitalrealty.com/platform-digital"",""https://investor.digitalrealty.com/financials/annual-reports"",""https://sec.gov/Archives/edgar/data/1297996/000110465926015365/dlr-20251231x10k.htm""]",2026-08-30,A,preserved_source_assertion
ast-ff55dbd01922,org-digital-realty-5bd2bb5,Digital Realty,status,active,operator_coverage_additions.csv,"[""https://digitalrealty.com/"",""https://digitalrealty.com/platform-digital"",""https://investor.digitalrealty.com/financials/annual-reports"",""https://sec.gov/Archives/edgar/data/1297996/000110465926015365/dlr-20251231x10k.htm""]",2026-08-30,A,preserved_source_assertion
ast-27c34a3ee482,org-digital-realty-5bd2bb5,Digital Realty,status_as_of,2026-08-30,operator_coverage_additions.csv,"[""https://digitalrealty.com/"",""https://digitalrealty.com/platform-digital"",""https://investor.digitalrealty.com/financials/annual-reports"",""https://sec.gov/Archives/edgar/data/1297996/000110465926015365/dlr-20251231x10k.htm""]",2026-08-30,A,preserved_source_assertion
ast-3e58f3d664d4,org-dlf-dccdl-26bceb7,DLF / DCCDL,canonical_url,https://www.dlf.in/,global_real_estate_pioneers_agent.csv,"[""https://dlf.in/"",""https://dlf.in/dccdl/annual-docket/DCCDL_Annual_Report_FY_2024_25.pdf""]",2026-08-30,A,preserved_source_assertion
ast-e40561e3ab5b,org-dlf-dccdl-26bceb7,DLF / DCCDL,entity_type,office retail residential developer operator,global_real_estate_pioneers_agent.csv,"[""https://dlf.in/"",""https://dlf.in/dccdl/annual-docket/DCCDL_Annual_Report_FY_2024_25.pdf""]",2026-08-30,A,preserved_source_assertion
ast-8d0013af8f02,org-dlf-dccdl-26bceb7,DLF / DCCDL,evidence_grade,A,global_real_estate_pioneers_agent.csv,"[""https://dlf.in/"",""https://dlf.in/dccdl/annual-docket/DCCDL_Annual_Report_FY_2024_25.pdf""]",2026-08-30,A,preserved_source_assertion
ast-be06f87b6627,org-dlf-dccdl-26bceb7,DLF / DCCDL,hq_country,India,global_real_estate_pioneers_agent.csv,"[""https://dlf.in/"",""https://dlf.in/dccdl/annual-docket/DCCDL_Annual_Report_FY_2024_25.pdf""]",2026-08-30,A,preserved_source_assertion
ast-5bf3ee20ae41,org-dlf-dccdl-26bceb7,DLF / DCCDL,primary_lifecycle,O/H/E,global_real_estate_pioneers_agent.csv,"[""https://dlf.in/"",""https://dlf.in/dccdl/annual-docket/DCCDL_Annual_Report_FY_2024_25.pdf""]",2026-08-30,A,preserved_source_assertion
ast-7ec3e8ef4b45,org-dlf-dccdl-26bceb7,DLF / DCCDL,relevance_tier,B,global_real_estate_pioneers_agent.csv,"[""https://dlf.in/"",""https://dlf.in/dccdl/annual-docket/DCCDL_Annual_Report_FY_2024_25.pdf""]",2026-08-30,A,preserved_source_assertion
ast-a0d104dcde0c,org-dlf-dccdl-26bceb7,DLF / DCCDL,status,active,global_real_estate_pioneers_agent.csv,"[""https://dlf.in/"",""https://dlf.in/dccdl/annual-docket/DCCDL_Annual_Report_FY_2024_25.pdf""]",2026-08-30,A,preserved_source_assertion
ast-58d6934c1306,org-dronedeploy-51fed53,DroneDeploy,business_model,SaaS subscription plus capture hardware integrations,startup_core_additions.csv,"[""https://builtworlds.com/insights/2025-building-tech-top-50-list"",""https://dronedeploy.com/""]",2026-08-30,A,preserved_source_assertion
ast-76ce187d2309,org-dronedeploy-51fed53,DroneDeploy,canonical_url,https://www.dronedeploy.com/,startup_core_additions.csv,"[""https://builtworlds.com/insights/2025-building-tech-top-50-list"",""https://dronedeploy.com/""]",2026-08-30,A,preserved_source_assertion
ast-f00e47338f22,org-dronedeploy-51fed53,DroneDeploy,category,visual AI drone and reality capture for construction,startup_core_additions.csv,"[""https://builtworlds.com/insights/2025-building-tech-top-50-list"",""https://dronedeploy.com/""]",2026-08-30,A,preserved_source_assertion
ast-cbcec1ae1e5b,org-dronedeploy-51fed53,DroneDeploy,cohort_or_ecosystem,BuiltWorlds Building Tech Top 50 2025,startup_core_additions.csv,"[""https://builtworlds.com/insights/2025-building-tech-top-50-list"",""https://dronedeploy.com/""]",2026-08-30,A,preserved_source_assertion
ast-8035d2c30ad2,org-dronedeploy-51fed53,DroneDeploy,entity_type,private company,startup_core_additions.csv,"[""https://builtworlds.com/insights/2025-building-tech-top-50-list"",""https://dronedeploy.com/""]",2026-08-30,A,preserved_source_assertion
ast-d2421f3b2b65,org-dronedeploy-51fed53,DroneDeploy,evidence_grade,A,startup_core_additions.csv,"[""https://builtworlds.com/insights/2025-building-tech-top-50-list"",""https://dronedeploy.com/""]",2026-08-30,A,preserved_source_assertion
ast-bef859bca984,org-dronedeploy-51fed53,DroneDeploy,hq_country,United States,startup_core_additions.csv,"[""https://builtworlds.com/insights/2025-building-tech-top-50-list"",""https://dronedeploy.com/""]",2026-08-30,A,preserved_source_assertion
ast-b868418f8b08,org-dronedeploy-51fed53,DroneDeploy,maturity,scaleup,startup_core_additions.csv,"[""https://builtworlds.com/insights/2025-building-tech-top-50-list"",""https://dronedeploy.com/""]",2026-08-30,A,preserved_source_assertion
ast-f9e5ad29e16b,org-dronedeploy-51fed53,DroneDeploy,primary_lifecycle,L5 Construction,startup_core_additions.csv,"[""https://builtworlds.com/insights/2025-building-tech-top-50-list"",""https://dronedeploy.com/""]",2026-08-30,A,preserved_source_assertion
ast-6e670d201fb3,org-dronedeploy-51fed53,DroneDeploy,relevance_tier,A,startup_core_additions.csv,"[""https://builtworlds.com/insights/2025-building-tech-top-50-list"",""https://dronedeploy.com/""]",2026-08-30,A,preserved_source_assertion
ast-c3c5d8ebec30,org-dronedeploy-51fed53,DroneDeploy,secondary_lifecycle,L9 Portfolio,startup_core_additions.csv,"[""https://builtworlds.com/insights/2025-building-tech-top-50-list"",""https://dronedeploy.com/""]",2026-08-30,A,preserved_source_assertion
ast-bd6bd0d4720c,org-dronedeploy-51fed53,DroneDeploy,status,active,startup_core_additions.csv,"[""https://builtworlds.com/insights/2025-building-tech-top-50-list"",""https://dronedeploy.com/""]",2026-08-30,A,preserved_source_assertion
ast-272853bcb35f,org-dronedeploy-51fed53,DroneDeploy,status_as_of,2026-08-30,startup_core_additions.csv,"[""https://builtworlds.com/insights/2025-building-tech-top-50-list"",""https://dronedeploy.com/""]",2026-08-30,A,preserved_source_assertion
ast-2d3e2396fdc6,org-dubizzle-group-bayut-936a17a,Dubizzle Group / Bayut,business_model,listing subscriptions CRM data APIs and advertising,coverage_gap_additions.csv,"[""https://dubizzlegroup.com/"",""https://dubizzlegroup.com/our-brands""]",2026-08-30,A,preserved_source_assertion
ast-6c831c1c5bc1,org-dubizzle-group-bayut-936a17a,Dubizzle Group / Bayut,canonical_url,https://www.dubizzlegroup.com/our-brands/,coverage_gap_additions.csv,"[""https://dubizzlegroup.com/"",""https://dubizzlegroup.com/our-brands""]",2026-08-30,A,preserved_source_assertion
ast-bb71ea64812a,org-dubizzle-group-bayut-936a17a,Dubizzle Group / Bayut,category,property classifieds market intelligence and agent workflow,coverage_gap_additions.csv,"[""https://dubizzlegroup.com/"",""https://dubizzlegroup.com/our-brands""]",2026-08-30,A,preserved_source_assertion
ast-42faae0f143a,org-dubizzle-group-bayut-936a17a,Dubizzle Group / Bayut,cohort_or_ecosystem,Independent,coverage_gap_additions.csv,"[""https://dubizzlegroup.com/"",""https://dubizzlegroup.com/our-brands""]",2026-08-30,A,preserved_source_assertion
ast-2636e0efda6b,org-dubizzle-group-bayut-936a17a,Dubizzle Group / Bayut,entity_type,private company,coverage_gap_additions.csv,"[""https://dubizzlegroup.com/"",""https://dubizzlegroup.com/our-brands""]",2026-08-30,A,preserved_source_assertion
ast-ae6d96183914,org-dubizzle-group-bayut-936a17a,Dubizzle Group / Bayut,evidence_grade,A,coverage_gap_additions.csv,"[""https://dubizzlegroup.com/"",""https://dubizzlegroup.com/our-brands""]",2026-08-30,A,preserved_source_assertion
ast-f39370194584,org-dubizzle-group-bayut-936a17a,Dubizzle Group / Bayut,founding_year,2005,coverage_gap_additions.csv,"[""https://dubizzlegroup.com/"",""https://dubizzlegroup.com/our-brands""]",2026-08-30,A,preserved_source_assertion
ast-856ab02df218,org-dubizzle-group-bayut-936a17a,Dubizzle Group / Bayut,hq_country,United Arab Emirates,coverage_gap_additions.csv,"[""https://dubizzlegroup.com/"",""https://dubizzlegroup.com/our-brands""]",2026-08-30,A,preserved_source_assertion
ast-ce28aba67067,org-dubizzle-group-bayut-936a17a,Dubizzle Group / Bayut,maturity,scaleup,coverage_gap_additions.csv,"[""https://dubizzlegroup.com/"",""https://dubizzlegroup.com/our-brands""]",2026-08-30,A,preserved_source_assertion
ast-f7e6e96e94ea,org-dubizzle-group-bayut-936a17a,Dubizzle Group / Bayut,primary_lifecycle,L6 Marketing/sales,coverage_gap_additions.csv,"[""https://dubizzlegroup.com/"",""https://dubizzlegroup.com/our-brands""]",2026-08-30,A,preserved_source_assertion
ast-8a4ec85a4ff0,org-dubizzle-group-bayut-936a17a,Dubizzle Group / Bayut,relevance_tier,A,coverage_gap_additions.csv,"[""https://dubizzlegroup.com/"",""https://dubizzlegroup.com/our-brands""]",2026-08-30,A,preserved_source_assertion
ast-1ce0a7ef5aa4,org-dubizzle-group-bayut-936a17a,Dubizzle Group / Bayut,secondary_lifecycle,L9 Portfolio/L3 Capital/finance,coverage_gap_additions.csv,"[""https://dubizzlegroup.com/"",""https://dubizzlegroup.com/our-brands""]",2026-08-30,A,preserved_source_assertion
ast-98df39475bb1,org-dubizzle-group-bayut-936a17a,Dubizzle Group / Bayut,status,active,coverage_gap_additions.csv,"[""https://dubizzlegroup.com/"",""https://dubizzlegroup.com/our-brands""]",2026-08-30,A,preserved_source_assertion
ast-8b8593e5e6b2,org-dubizzle-group-bayut-936a17a,Dubizzle Group / Bayut,status_as_of,2026-08-30,coverage_gap_additions.csv,"[""https://dubizzlegroup.com/"",""https://dubizzlegroup.com/our-brands""]",2026-08-30,A,preserved_source_assertion
ast-c3e091d6e8aa,org-dusty-robotics-c2631b0,Dusty Robotics,business_model,robotics hardware plus software/services,coverage_gap_additions.csv,"[""https://dustyrobotics.com/"",""https://dustyrobotics.com/customer-stories/skanska-case-study"",""https://dustyrobotics.com/customers""]",2026-08-30,A,preserved_source_assertion
ast-fc62268e94fa,org-dusty-robotics-c2631b0,Dusty Robotics,canonical_url,https://www.dustyrobotics.com/,coverage_gap_additions.csv,"[""https://dustyrobotics.com/"",""https://dustyrobotics.com/customer-stories/skanska-case-study"",""https://dustyrobotics.com/customers""]",2026-08-30,A,preserved_source_assertion
ast-59b0d8c37c0c,org-dusty-robotics-c2631b0,Dusty Robotics,category,autonomous BIM-driven construction layout robot,coverage_gap_additions.csv,"[""https://dustyrobotics.com/"",""https://dustyrobotics.com/customer-stories/skanska-case-study"",""https://dustyrobotics.com/customers""]",2026-08-30,A,preserved_source_assertion
ast-92f91f8caee6,org-dusty-robotics-c2631b0,Dusty Robotics,cohort_or_ecosystem,Independent,coverage_gap_additions.csv,"[""https://dustyrobotics.com/"",""https://dustyrobotics.com/customer-stories/skanska-case-study"",""https://dustyrobotics.com/customers""]",2026-08-30,A,preserved_source_assertion
ast-0658b67b92a8,org-dusty-robotics-c2631b0,Dusty Robotics,entity_type,private startup,coverage_gap_additions.csv,"[""https://dustyrobotics.com/"",""https://dustyrobotics.com/customer-stories/skanska-case-study"",""https://dustyrobotics.com/customers""]",2026-08-30,A,preserved_source_assertion
ast-a6d4dc047cdc,org-dusty-robotics-c2631b0,Dusty Robotics,evidence_grade,A,coverage_gap_additions.csv,"[""https://dustyrobotics.com/"",""https://dustyrobotics.com/customer-stories/skanska-case-study"",""https://dustyrobotics.com/customers""]",2026-08-30,A,preserved_source_assertion
ast-4e5a60c6bec1,org-dusty-robotics-c2631b0,Dusty Robotics,founding_year,2018,coverage_gap_additions.csv,"[""https://dustyrobotics.com/"",""https://dustyrobotics.com/customer-stories/skanska-case-study"",""https://dustyrobotics.com/customers""]",2026-08-30,A,preserved_source_assertion
ast-bb32036ca285,org-dusty-robotics-c2631b0,Dusty Robotics,hq_country,United States,coverage_gap_additions.csv,"[""https://dustyrobotics.com/"",""https://dustyrobotics.com/customer-stories/skanska-case-study"",""https://dustyrobotics.com/customers""]",2026-08-30,A,preserved_source_assertion
ast-f74741443185,org-dusty-robotics-c2631b0,Dusty Robotics,maturity,scaleup,coverage_gap_additions.csv,"[""https://dustyrobotics.com/"",""https://dustyrobotics.com/customer-stories/skanska-case-study"",""https://dustyrobotics.com/customers""]",2026-08-30,A,preserved_source_assertion
ast-557376ec2c4c,org-dusty-robotics-c2631b0,Dusty Robotics,primary_lifecycle,L5 Construction,coverage_gap_additions.csv,"[""https://dustyrobotics.com/"",""https://dustyrobotics.com/customer-stories/skanska-case-study"",""https://dustyrobotics.com/customers""]",2026-08-30,A,preserved_source_assertion
ast-ddb644b00768,org-dusty-robotics-c2631b0,Dusty Robotics,relevance_tier,A,coverage_gap_additions.csv,"[""https://dustyrobotics.com/"",""https://dustyrobotics.com/customer-stories/skanska-case-study"",""https://dustyrobotics.com/customers""]",2026-08-30,A,preserved_source_assertion
ast-e54ad794f970,org-dusty-robotics-c2631b0,Dusty Robotics,secondary_lifecycle,L4 Design,coverage_gap_additions.csv,"[""https://dustyrobotics.com/"",""https://dustyrobotics.com/customer-stories/skanska-case-study"",""https://dustyrobotics.com/customers""]",2026-08-30,A,preserved_source_assertion
ast-ca9c39ddb5bd,org-dusty-robotics-c2631b0,Dusty Robotics,status,active,coverage_gap_additions.csv,"[""https://dustyrobotics.com/"",""https://dustyrobotics.com/customer-stories/skanska-case-study"",""https://dustyrobotics.com/customers""]",2026-08-30,A,preserved_source_assertion
ast-242a192265c3,org-dusty-robotics-c2631b0,Dusty Robotics,status_as_of,2026-08-30,coverage_gap_additions.csv,"[""https://dustyrobotics.com/"",""https://dustyrobotics.com/customer-stories/skanska-case-study"",""https://dustyrobotics.com/customers""]",2026-08-30,A,preserved_source_assertion
ast-7c0f9609e1f2,org-e-hishabi-b51c1b7,E-Hishabi,business_model,SaaS,proptech_startups_agent.csv,"[""https://ehishabi.com/""]",2026-08-30,D,preserved_source_assertion
ast-8ecab2b1dd8e,org-e-hishabi-b51c1b7,E-Hishabi,business_model,subscription-implementation,regional_companies_agent.csv,"[""https://ehishabi.com/""]",2026-08-30,B/D,preserved_source_assertion
ast-60dace457db4,org-e-hishabi-b51c1b7,E-Hishabi,canonical_url,https://ehishabi.com/,regional_companies_agent.csv,"[""https://ehishabi.com/""]",2026-08-30,B/D,preserved_source_assertion
ast-b18b20a9bb17,org-e-hishabi-b51c1b7,E-Hishabi,canonical_url,https://ehishabi.com/,proptech_startups_agent.csv,"[""https://ehishabi.com/""]",2026-08-30,D,preserved_source_assertion
ast-b29d51d1f578,org-e-hishabi-b51c1b7,E-Hishabi,category,real-estate-ERP,regional_companies_agent.csv,"[""https://ehishabi.com/""]",2026-08-30,B/D,preserved_source_assertion
ast-bd4415fefa75,org-e-hishabi-b51c1b7,E-Hishabi,category,Developer ERP/booking,proptech_startups_agent.csv,"[""https://ehishabi.com/""]",2026-08-30,D,preserved_source_assertion
ast-103dc740ccc2,org-e-hishabi-b51c1b7,E-Hishabi,cohort_or_ecosystem,Independent,proptech_startups_agent.csv,"[""https://ehishabi.com/""]",2026-08-30,D,preserved_source_assertion
ast-24e2592edce2,org-e-hishabi-b51c1b7,E-Hishabi,cohort_or_ecosystem,local-ERP-vendor,regional_companies_agent.csv,"[""https://ehishabi.com/""]",2026-08-30,B/D,preserved_source_assertion
ast-6c490bdd53ab,org-e-hishabi-b51c1b7,E-Hishabi,entity_type,Company,proptech_startups_agent.csv,"[""https://ehishabi.com/""]",2026-08-30,D,preserved_source_assertion
ast-f600d2f49309,org-e-hishabi-b51c1b7,E-Hishabi,entity_type,private-software-company,regional_companies_agent.csv,"[""https://ehishabi.com/""]",2026-08-30,B/D,preserved_source_assertion
ast-397f3fa4613f,org-e-hishabi-b51c1b7,E-Hishabi,evidence_grade,B/D,regional_companies_agent.csv,"[""https://ehishabi.com/""]",2026-08-30,B/D,preserved_source_assertion
ast-54b6cea5afb7,org-e-hishabi-b51c1b7,E-Hishabi,evidence_grade,D,proptech_startups_agent.csv,"[""https://ehishabi.com/""]",2026-08-30,D,preserved_source_assertion
ast-568836d87073,org-e-hishabi-b51c1b7,E-Hishabi,founding_year,Unknown,proptech_startups_agent.csv,"[""https://ehishabi.com/""]",2026-08-30,D,preserved_source_assertion
ast-fadb3e93d30b,org-e-hishabi-b51c1b7,E-Hishabi,founding_year,Unknown,regional_companies_agent.csv,"[""https://ehishabi.com/""]",2026-08-30,B/D,preserved_source_assertion
ast-248efd13a6f1,org-e-hishabi-b51c1b7,E-Hishabi,hq_country,Bangladesh,proptech_startups_agent.csv,"[""https://ehishabi.com/""]",2026-08-30,D,preserved_source_assertion
ast-852ce620a221,org-e-hishabi-b51c1b7,E-Hishabi,hq_country,Bangladesh,regional_companies_agent.csv,"[""https://ehishabi.com/""]",2026-08-30,B/D,preserved_source_assertion
ast-04e59c5cf1e8,org-e-hishabi-b51c1b7,E-Hishabi,maturity,Early,proptech_startups_agent.csv,"[""https://ehishabi.com/""]",2026-08-30,D,preserved_source_assertion
ast-ce179e7dbcf1,org-e-hishabi-b51c1b7,E-Hishabi,maturity,early-stage,regional_companies_agent.csv,"[""https://ehishabi.com/""]",2026-08-30,B/D,preserved_source_assertion
ast-adfb91c29166,org-e-hishabi-b51c1b7,E-Hishabi,primary_lifecycle,Operations,proptech_startups_agent.csv,"[""https://ehishabi.com/""]",2026-08-30,D,preserved_source_assertion
ast-dfc490b0c058,org-e-hishabi-b51c1b7,E-Hishabi,primary_lifecycle,land-sales-collections,regional_companies_agent.csv,"[""https://ehishabi.com/""]",2026-08-30,B/D,preserved_source_assertion
ast-c853627844a3,org-e-hishabi-b51c1b7,E-Hishabi,relevance_tier,B,regional_companies_agent.csv,"[""https://ehishabi.com/""]",2026-08-30,B/D,preserved_source_assertion
ast-cf49bf0dc4c3,org-e-hishabi-b51c1b7,E-Hishabi,relevance_tier,B,proptech_startups_agent.csv,"[""https://ehishabi.com/""]",2026-08-30,D,preserved_source_assertion
ast-188bd25d2d9a,org-e-hishabi-b51c1b7,E-Hishabi,secondary_lifecycle,Finance,proptech_startups_agent.csv,"[""https://ehishabi.com/""]",2026-08-30,D,preserved_source_assertion
ast-58ff8a8bae85,org-e-hishabi-b51c1b7,E-Hishabi,secondary_lifecycle,procurement-construction-HR-accounts,regional_companies_agent.csv,"[""https://ehishabi.com/""]",2026-08-30,B/D,preserved_source_assertion
ast-01612d1b14ab,org-e-hishabi-b51c1b7,E-Hishabi,status,Unclear,proptech_startups_agent.csv,"[""https://ehishabi.com/""]",2026-08-30,D,preserved_source_assertion
ast-36363008aa8b,org-e-hishabi-b51c1b7,E-Hishabi,status,live-product,regional_companies_agent.csv,"[""https://ehishabi.com/""]",2026-08-30,B/D,preserved_source_assertion
ast-1cb38096adc1,org-e-hishabi-b51c1b7,E-Hishabi,status_as_of,2026-08-30,proptech_startups_agent.csv,"[""https://ehishabi.com/""]",2026-08-30,D,preserved_source_assertion
ast-897d4bbafa50,org-e-hishabi-b51c1b7,E-Hishabi,status_as_of,2026-08-30,regional_companies_agent.csv,"[""https://ehishabi.com/""]",2026-08-30,B/D,preserved_source_assertion
ast-d0b65f9a3e0f,org-easyknock-980472f,EasyKnock,business_model,Asset-backed service,proptech_startups_agent.csv,"[""https://easyknock.com/"",""https://therealdeal.com/national/2024/12/09/easyknock-suddenly-shuts-down""]",2026-08-30,B,preserved_source_assertion
ast-984864d2ca36,org-easyknock-980472f,EasyKnock,canonical_url,https://easyknock.com/,proptech_startups_agent.csv,"[""https://easyknock.com/"",""https://therealdeal.com/national/2024/12/09/easyknock-suddenly-shuts-down""]",2026-08-30,B,preserved_source_assertion
ast-779d7cffe2ba,org-easyknock-980472f,EasyKnock,category,Sale-leaseback proptech,proptech_startups_agent.csv,"[""https://easyknock.com/"",""https://therealdeal.com/national/2024/12/09/easyknock-suddenly-shuts-down""]",2026-08-30,B,preserved_source_assertion
ast-c87556e0e8b3,org-easyknock-980472f,EasyKnock,cohort_or_ecosystem,Independent,proptech_startups_agent.csv,"[""https://easyknock.com/"",""https://therealdeal.com/national/2024/12/09/easyknock-suddenly-shuts-down""]",2026-08-30,B,preserved_source_assertion
ast-d68e6adc89e7,org-easyknock-980472f,EasyKnock,entity_type,Company,proptech_startups_agent.csv,"[""https://easyknock.com/"",""https://therealdeal.com/national/2024/12/09/easyknock-suddenly-shuts-down""]",2026-08-30,B,preserved_source_assertion
ast-0e50bef89a56,org-easyknock-980472f,EasyKnock,evidence_grade,B,proptech_startups_agent.csv,"[""https://easyknock.com/"",""https://therealdeal.com/national/2024/12/09/easyknock-suddenly-shuts-down""]",2026-08-30,B,preserved_source_assertion
ast-aa0f4f2706c3,org-easyknock-980472f,EasyKnock,founding_year,2016,proptech_startups_agent.csv,"[""https://easyknock.com/"",""https://therealdeal.com/national/2024/12/09/easyknock-suddenly-shuts-down""]",2026-08-30,B,preserved_source_assertion
ast-2a971e220bcc,org-easyknock-980472f,EasyKnock,hq_country,United States,proptech_startups_agent.csv,"[""https://easyknock.com/"",""https://therealdeal.com/national/2024/12/09/easyknock-suddenly-shuts-down""]",2026-08-30,B,preserved_source_assertion
ast-9740a9fc0db5,org-easyknock-980472f,EasyKnock,maturity,Shut down,proptech_startups_agent.csv,"[""https://easyknock.com/"",""https://therealdeal.com/national/2024/12/09/easyknock-suddenly-shuts-down""]",2026-08-30,B,preserved_source_assertion
ast-b24ce5af658c,org-easyknock-980472f,EasyKnock,primary_lifecycle,Finance,proptech_startups_agent.csv,"[""https://easyknock.com/"",""https://therealdeal.com/national/2024/12/09/easyknock-suddenly-shuts-down""]",2026-08-30,B,preserved_source_assertion
ast-f251feabf3f4,org-easyknock-980472f,EasyKnock,relevance_tier,C,proptech_startups_agent.csv,"[""https://easyknock.com/"",""https://therealdeal.com/national/2024/12/09/easyknock-suddenly-shuts-down""]",2026-08-30,B,preserved_source_assertion
ast-0aec8405b11d,org-easyknock-980472f,EasyKnock,secondary_lifecycle,Sales,proptech_startups_agent.csv,"[""https://easyknock.com/"",""https://therealdeal.com/national/2024/12/09/easyknock-suddenly-shuts-down""]",2026-08-30,B,preserved_source_assertion
ast-a5d29dba1d75,org-easyknock-980472f,EasyKnock,status,Shut down,proptech_startups_agent.csv,"[""https://easyknock.com/"",""https://therealdeal.com/national/2024/12/09/easyknock-suddenly-shuts-down""]",2026-08-30,B,preserved_source_assertion
ast-bcfef45a440e,org-easyknock-980472f,EasyKnock,status_as_of,2026-08-30,proptech_startups_agent.csv,"[""https://easyknock.com/"",""https://therealdeal.com/national/2024/12/09/easyknock-suddenly-shuts-down""]",2026-08-30,B,preserved_source_assertion
ast-4b6e66758e0b,org-eliseai-312bd83,EliseAI,business_model,AI SaaS and services,enterprise_platform_additions.csv,"[""https://eliseai.com/"",""https://eliseai.com/about-us"",""https://eliseai.com/platform-overview"",""https://info.eliseai.com/hubfs/One-Pager-Product-Resident-EliseCRM-PMC-Final.pdf""]",2026-08-30,A,preserved_source_assertion
ast-85c049d83c1f,org-eliseai-312bd83,EliseAI,canonical_url,https://eliseai.com/,enterprise_platform_additions.csv,"[""https://eliseai.com/"",""https://eliseai.com/about-us"",""https://eliseai.com/platform-overview"",""https://info.eliseai.com/hubfs/One-Pager-Product-Resident-EliseCRM-PMC-Final.pdf""]",2026-08-30,A,preserved_source_assertion
ast-a0249e59b033,org-eliseai-312bd83,EliseAI,category,AI leasing resident communications CRM and property-operations workflow,enterprise_platform_additions.csv,"[""https://eliseai.com/"",""https://eliseai.com/about-us"",""https://eliseai.com/platform-overview"",""https://info.eliseai.com/hubfs/One-Pager-Product-Resident-EliseCRM-PMC-Final.pdf""]",2026-08-30,A,preserved_source_assertion
ast-b83cc080adf4,org-eliseai-312bd83,EliseAI,cohort_or_ecosystem,Independent,enterprise_platform_additions.csv,"[""https://eliseai.com/"",""https://eliseai.com/about-us"",""https://eliseai.com/platform-overview"",""https://info.eliseai.com/hubfs/One-Pager-Product-Resident-EliseCRM-PMC-Final.pdf""]",2026-08-30,A,preserved_source_assertion
ast-afbf0de5fef4,org-eliseai-312bd83,EliseAI,entity_type,private startup,enterprise_platform_additions.csv,"[""https://eliseai.com/"",""https://eliseai.com/about-us"",""https://eliseai.com/platform-overview"",""https://info.eliseai.com/hubfs/One-Pager-Product-Resident-EliseCRM-PMC-Final.pdf""]",2026-08-30,A,preserved_source_assertion
ast-b98d4056f461,org-eliseai-312bd83,EliseAI,evidence_grade,A,enterprise_platform_additions.csv,"[""https://eliseai.com/"",""https://eliseai.com/about-us"",""https://eliseai.com/platform-overview"",""https://info.eliseai.com/hubfs/One-Pager-Product-Resident-EliseCRM-PMC-Final.pdf""]",2026-08-30,A,preserved_source_assertion
ast-930b15fa38ae,org-eliseai-312bd83,EliseAI,founding_year,unknown,enterprise_platform_additions.csv,"[""https://eliseai.com/"",""https://eliseai.com/about-us"",""https://eliseai.com/platform-overview"",""https://info.eliseai.com/hubfs/One-Pager-Product-Resident-EliseCRM-PMC-Final.pdf""]",2026-08-30,A,preserved_source_assertion
ast-f48482aa0f1d,org-eliseai-312bd83,EliseAI,hq_country,United States,enterprise_platform_additions.csv,"[""https://eliseai.com/"",""https://eliseai.com/about-us"",""https://eliseai.com/platform-overview"",""https://info.eliseai.com/hubfs/One-Pager-Product-Resident-EliseCRM-PMC-Final.pdf""]",2026-08-30,A,preserved_source_assertion
ast-9c4c01f49ceb,org-eliseai-312bd83,EliseAI,maturity,scaleup,enterprise_platform_additions.csv,"[""https://eliseai.com/"",""https://eliseai.com/about-us"",""https://eliseai.com/platform-overview"",""https://info.eliseai.com/hubfs/One-Pager-Product-Resident-EliseCRM-PMC-Final.pdf""]",2026-08-30,A,preserved_source_assertion
ast-da3642645ac2,org-eliseai-312bd83,EliseAI,primary_lifecycle,L6 Marketing/sales,enterprise_platform_additions.csv,"[""https://eliseai.com/"",""https://eliseai.com/about-us"",""https://eliseai.com/platform-overview"",""https://info.eliseai.com/hubfs/One-Pager-Product-Resident-EliseCRM-PMC-Final.pdf""]",2026-08-30,A,preserved_source_assertion
ast-acba3aa62c2a,org-eliseai-312bd83,EliseAI,relevance_tier,A,enterprise_platform_additions.csv,"[""https://eliseai.com/"",""https://eliseai.com/about-us"",""https://eliseai.com/platform-overview"",""https://info.eliseai.com/hubfs/One-Pager-Product-Resident-EliseCRM-PMC-Final.pdf""]",2026-08-30,A,preserved_source_assertion
ast-a9aeb1b7b4af,org-eliseai-312bd83,EliseAI,secondary_lifecycle,L7 Occupancy/L8 Property operations,enterprise_platform_additions.csv,"[""https://eliseai.com/"",""https://eliseai.com/about-us"",""https://eliseai.com/platform-overview"",""https://info.eliseai.com/hubfs/One-Pager-Product-Resident-EliseCRM-PMC-Final.pdf""]",2026-08-30,A,preserved_source_assertion
ast-2b0dabf22309,org-eliseai-312bd83,EliseAI,status,active,enterprise_platform_additions.csv,"[""https://eliseai.com/"",""https://eliseai.com/about-us"",""https://eliseai.com/platform-overview"",""https://info.eliseai.com/hubfs/One-Pager-Product-Resident-EliseCRM-PMC-Final.pdf""]",2026-08-30,A,preserved_source_assertion
ast-88774662012e,org-eliseai-312bd83,EliseAI,status_as_of,2026-08-30,enterprise_platform_additions.csv,"[""https://eliseai.com/"",""https://eliseai.com/about-us"",""https://eliseai.com/platform-overview"",""https://info.eliseai.com/hubfs/One-Pager-Product-Resident-EliseCRM-PMC-Final.pdf""]",2026-08-30,A,preserved_source_assertion
ast-0acac3e8df2c,org-elyos-ai-90065ff,Elyos AI,business_model,AI SaaS and workflow automation,coverage_gap_additions.csv,"[""https://elyos.ai/"",""https://pilabs.vc/portfolio?sort=date_desc""]",2026-08-30,A,preserved_source_assertion
ast-354d48cb07ee,org-elyos-ai-90065ff,Elyos AI,canonical_url,https://elyos.ai/,coverage_gap_additions.csv,"[""https://elyos.ai/"",""https://pilabs.vc/portfolio?sort=date_desc""]",2026-08-30,A,preserved_source_assertion
ast-27ca70012483,org-elyos-ai-90065ff,Elyos AI,category,autonomous AI agents for trades and field services,coverage_gap_additions.csv,"[""https://elyos.ai/"",""https://pilabs.vc/portfolio?sort=date_desc""]",2026-08-30,A,preserved_source_assertion
ast-216e8fcb31b7,org-elyos-ai-90065ff,Elyos AI,cohort_or_ecosystem,Pi Labs,coverage_gap_additions.csv,"[""https://elyos.ai/"",""https://pilabs.vc/portfolio?sort=date_desc""]",2026-08-30,A,preserved_source_assertion
ast-8e5111901d06,org-elyos-ai-90065ff,Elyos AI,entity_type,private startup,coverage_gap_additions.csv,"[""https://elyos.ai/"",""https://pilabs.vc/portfolio?sort=date_desc""]",2026-08-30,A,preserved_source_assertion
ast-6c7e43480861,org-elyos-ai-90065ff,Elyos AI,evidence_grade,A,coverage_gap_additions.csv,"[""https://elyos.ai/"",""https://pilabs.vc/portfolio?sort=date_desc""]",2026-08-30,A,preserved_source_assertion
ast-2ffd482b5528,org-elyos-ai-90065ff,Elyos AI,founding_year,2023,coverage_gap_additions.csv,"[""https://elyos.ai/"",""https://pilabs.vc/portfolio?sort=date_desc""]",2026-08-30,A,preserved_source_assertion
ast-17b0a6c1769a,org-elyos-ai-90065ff,Elyos AI,hq_country,United Kingdom,coverage_gap_additions.csv,"[""https://elyos.ai/"",""https://pilabs.vc/portfolio?sort=date_desc""]",2026-08-30,A,preserved_source_assertion
ast-d113d5c02ec3,org-elyos-ai-90065ff,Elyos AI,maturity,early-growth,coverage_gap_additions.csv,"[""https://elyos.ai/"",""https://pilabs.vc/portfolio?sort=date_desc""]",2026-08-30,A,preserved_source_assertion
ast-353889bb9eb9,org-elyos-ai-90065ff,Elyos AI,primary_lifecycle,L5 Construction,coverage_gap_additions.csv,"[""https://elyos.ai/"",""https://pilabs.vc/portfolio?sort=date_desc""]",2026-08-30,A,preserved_source_assertion
ast-0fe20beacbf9,org-elyos-ai-90065ff,Elyos AI,relevance_tier,B,coverage_gap_additions.csv,"[""https://elyos.ai/"",""https://pilabs.vc/portfolio?sort=date_desc""]",2026-08-30,A,preserved_source_assertion
ast-f757d181d986,org-elyos-ai-90065ff,Elyos AI,secondary_lifecycle,L8 Property operations,coverage_gap_additions.csv,"[""https://elyos.ai/"",""https://pilabs.vc/portfolio?sort=date_desc""]",2026-08-30,A,preserved_source_assertion
ast-876150acf99a,org-elyos-ai-90065ff,Elyos AI,status,active,coverage_gap_additions.csv,"[""https://elyos.ai/"",""https://pilabs.vc/portfolio?sort=date_desc""]",2026-08-30,A,preserved_source_assertion
ast-95028184c0dc,org-elyos-ai-90065ff,Elyos AI,status_as_of,2026-08-30,coverage_gap_additions.csv,"[""https://elyos.ai/"",""https://pilabs.vc/portfolio?sort=date_desc""]",2026-08-30,A,preserved_source_assertion
ast-8efce1bebd80,org-emaar-development-402d000,Emaar Development,canonical_url,https://properties.emaar.com/,global_real_estate_pioneers_agent.csv,"[""https://properties.emaar.com/"",""https://properties.emaar.com/wp-content/uploads/2025/03/Emaar-Development_Integrated-Report-for-the-Year-2024_EN.pdf""]",2026-08-30,A,preserved_source_assertion
ast-2500d076e320,org-emaar-development-402d000,Emaar Development,entity_type,developer hospitality,global_real_estate_pioneers_agent.csv,"[""https://properties.emaar.com/"",""https://properties.emaar.com/wp-content/uploads/2025/03/Emaar-Development_Integrated-Report-for-the-Year-2024_EN.pdf""]",2026-08-30,A,preserved_source_assertion
ast-0420b67f6f52,org-emaar-development-402d000,Emaar Development,evidence_grade,A,global_real_estate_pioneers_agent.csv,"[""https://properties.emaar.com/"",""https://properties.emaar.com/wp-content/uploads/2025/03/Emaar-Development_Integrated-Report-for-the-Year-2024_EN.pdf""]",2026-08-30,A,preserved_source_assertion
ast-f16535256d45,org-emaar-development-402d000,Emaar Development,hq_country,United Arab Emirates,global_real_estate_pioneers_agent.csv,"[""https://properties.emaar.com/"",""https://properties.emaar.com/wp-content/uploads/2025/03/Emaar-Development_Integrated-Report-for-the-Year-2024_EN.pdf""]",2026-08-30,A,preserved_source_assertion
ast-73b1caaa6826,org-emaar-development-402d000,Emaar Development,primary_lifecycle,L/D/S/H/O/E,global_real_estate_pioneers_agent.csv,"[""https://properties.emaar.com/"",""https://properties.emaar.com/wp-content/uploads/2025/03/Emaar-Development_Integrated-Report-for-the-Year-2024_EN.pdf""]",2026-08-30,A,preserved_source_assertion
ast-78507f95488a,org-emaar-development-402d000,Emaar Development,relevance_tier,A,global_real_estate_pioneers_agent.csv,"[""https://properties.emaar.com/"",""https://properties.emaar.com/wp-content/uploads/2025/03/Emaar-Development_Integrated-Report-for-the-Year-2024_EN.pdf""]",2026-08-30,A,preserved_source_assertion
ast-0a3e41d65037,org-emaar-development-402d000,Emaar Development,status,active,global_real_estate_pioneers_agent.csv,"[""https://properties.emaar.com/"",""https://properties.emaar.com/wp-content/uploads/2025/03/Emaar-Development_Integrated-Report-for-the-Year-2024_EN.pdf""]",2026-08-30,A,preserved_source_assertion
ast-bf0f39442a1c,org-entrata-25f43fe,Entrata,business_model,Enterprise SaaS,proptech_startups_agent.csv,"[""https://entrata.com/""]",2026-08-30,A,preserved_source_assertion
ast-a678bca3ee1a,org-entrata-25f43fe,Entrata,canonical_url,https://www.entrata.com/,proptech_startups_agent.csv,"[""https://entrata.com/""]",2026-08-30,A,preserved_source_assertion
ast-d13d1bf9a710,org-entrata-25f43fe,Entrata,canonical_url,https://www.entrata.com/,global_real_estate_pioneers_agent.csv,"[""https://entrata.com/""]",2026-08-30,C,preserved_source_assertion
ast-8a19876f2636,org-entrata-25f43fe,Entrata,category,Multifamily operations,proptech_startups_agent.csv,"[""https://entrata.com/""]",2026-08-30,A,preserved_source_assertion
ast-071e1adac547,org-entrata-25f43fe,Entrata,cohort_or_ecosystem,Independent,proptech_startups_agent.csv,"[""https://entrata.com/""]",2026-08-30,A,preserved_source_assertion
ast-5b43597cf174,org-entrata-25f43fe,Entrata,entity_type,multifamily property software,global_real_estate_pioneers_agent.csv,"[""https://entrata.com/""]",2026-08-30,C,preserved_source_assertion
ast-9096d5606e4a,org-entrata-25f43fe,Entrata,entity_type,Company,proptech_startups_agent.csv,"[""https://entrata.com/""]",2026-08-30,A,preserved_source_assertion
ast-cdd08967a467,org-entrata-25f43fe,Entrata,evidence_grade,A,proptech_startups_agent.csv,"[""https://entrata.com/""]",2026-08-30,A,preserved_source_assertion
ast-e1056b9ac277,org-entrata-25f43fe,Entrata,evidence_grade,C,global_real_estate_pioneers_agent.csv,"[""https://entrata.com/""]",2026-08-30,C,preserved_source_assertion
ast-7514a98500bf,org-entrata-25f43fe,Entrata,founding_year,2003,proptech_startups_agent.csv,"[""https://entrata.com/""]",2026-08-30,A,preserved_source_assertion
ast-0db901f7fb36,org-entrata-25f43fe,Entrata,hq_country,United States,proptech_startups_agent.csv,"[""https://entrata.com/""]",2026-08-30,A,preserved_source_assertion
ast-60facae6f946,org-entrata-25f43fe,Entrata,hq_country,United States,global_real_estate_pioneers_agent.csv,"[""https://entrata.com/""]",2026-08-30,C,preserved_source_assertion
ast-7f0e310dfca8,org-entrata-25f43fe,Entrata,maturity,Enterprise,proptech_startups_agent.csv,"[""https://entrata.com/""]",2026-08-30,A,preserved_source_assertion
ast-2d44f2995c6f,org-entrata-25f43fe,Entrata,primary_lifecycle,S/H/O/F,global_real_estate_pioneers_agent.csv,"[""https://entrata.com/""]",2026-08-30,C,preserved_source_assertion
ast-434076b028fb,org-entrata-25f43fe,Entrata,primary_lifecycle,Operations,proptech_startups_agent.csv,"[""https://entrata.com/""]",2026-08-30,A,preserved_source_assertion
ast-1a2619370525,org-entrata-25f43fe,Entrata,relevance_tier,B,global_real_estate_pioneers_agent.csv,"[""https://entrata.com/""]",2026-08-30,C,preserved_source_assertion
ast-95b9b67fc225,org-entrata-25f43fe,Entrata,relevance_tier,A,proptech_startups_agent.csv,"[""https://entrata.com/""]",2026-08-30,A,preserved_source_assertion
ast-421041a58a54,org-entrata-25f43fe,Entrata,secondary_lifecycle,Sales,proptech_startups_agent.csv,"[""https://entrata.com/""]",2026-08-30,A,preserved_source_assertion
ast-5ddd2b11c3ef,org-entrata-25f43fe,Entrata,status,Active,proptech_startups_agent.csv,"[""https://entrata.com/""]",2026-08-30,A,preserved_source_assertion
ast-8cd716ceb399,org-entrata-25f43fe,Entrata,status,active,global_real_estate_pioneers_agent.csv,"[""https://entrata.com/""]",2026-08-30,C,preserved_source_assertion
ast-6a58171e2720,org-entrata-25f43fe,Entrata,status_as_of,2026-08-30,proptech_startups_agent.csv,"[""https://entrata.com/""]",2026-08-30,A,preserved_source_assertion
ast-51a645bb09b9,org-equinix-db3cddd,Equinix,business_model,"xScale, interconnection, metro footprints, digital sovereignty and uptime",operator_coverage_additions.csv,"[""https://equinix.com/"",""https://investor.equinix.com/about-equinix/annual-reports-proxy"",""https://investor.equinix.com/sec-filings/all-sec-filings/content/0001101239-26-000032/eqix-20251231.htm""]",2026-08-30,A,preserved_source_assertion
ast-eab2149bb33a,org-equinix-db3cddd,Equinix,canonical_url,https://www.equinix.com/,operator_coverage_additions.csv,"[""https://equinix.com/"",""https://investor.equinix.com/about-equinix/annual-reports-proxy"",""https://investor.equinix.com/sec-filings/all-sec-filings/content/0001101239-26-000032/eqix-20251231.htm""]",2026-08-30,A,preserved_source_assertion
ast-c22c37496a77,org-equinix-db3cddd,Equinix,category,"global data-centre, colocation and interconnection operator",operator_coverage_additions.csv,"[""https://equinix.com/"",""https://investor.equinix.com/about-equinix/annual-reports-proxy"",""https://investor.equinix.com/sec-filings/all-sec-filings/content/0001101239-26-000032/eqix-20251231.htm""]",2026-08-30,A,preserved_source_assertion
ast-6024924db1d4,org-equinix-db3cddd,Equinix,cohort_or_ecosystem,Independent,operator_coverage_additions.csv,"[""https://equinix.com/"",""https://investor.equinix.com/about-equinix/annual-reports-proxy"",""https://investor.equinix.com/sec-filings/all-sec-filings/content/0001101239-26-000032/eqix-20251231.htm""]",2026-08-30,A,preserved_source_assertion
ast-3bbc20d5e68f,org-equinix-db3cddd,Equinix,entity_type,REIT-like infrastructure operator and network ecosystem,operator_coverage_additions.csv,"[""https://equinix.com/"",""https://investor.equinix.com/about-equinix/annual-reports-proxy"",""https://investor.equinix.com/sec-filings/all-sec-filings/content/0001101239-26-000032/eqix-20251231.htm""]",2026-08-30,A,preserved_source_assertion
ast-2ce3c98455d9,org-equinix-db3cddd,Equinix,evidence_grade,A,operator_coverage_additions.csv,"[""https://equinix.com/"",""https://investor.equinix.com/about-equinix/annual-reports-proxy"",""https://investor.equinix.com/sec-filings/all-sec-filings/content/0001101239-26-000032/eqix-20251231.htm""]",2026-08-30,A,preserved_source_assertion
ast-14b4b19e0080,org-equinix-db3cddd,Equinix,founding_year,1998,operator_coverage_additions.csv,"[""https://equinix.com/"",""https://investor.equinix.com/about-equinix/annual-reports-proxy"",""https://investor.equinix.com/sec-filings/all-sec-filings/content/0001101239-26-000032/eqix-20251231.htm""]",2026-08-30,A,preserved_source_assertion
ast-d061d06b75f6,org-equinix-db3cddd,Equinix,hq_country,United States,operator_coverage_additions.csv,"[""https://equinix.com/"",""https://investor.equinix.com/about-equinix/annual-reports-proxy"",""https://investor.equinix.com/sec-filings/all-sec-filings/content/0001101239-26-000032/eqix-20251231.htm""]",2026-08-30,A,preserved_source_assertion
ast-cbe6783e7628,org-equinix-db3cddd,Equinix,maturity,scale platform,operator_coverage_additions.csv,"[""https://equinix.com/"",""https://investor.equinix.com/about-equinix/annual-reports-proxy"",""https://investor.equinix.com/sec-filings/all-sec-filings/content/0001101239-26-000032/eqix-20251231.htm""]",2026-08-30,A,preserved_source_assertion
ast-23a60d156546,org-equinix-db3cddd,Equinix,primary_lifecycle,L/D/C/O/E,operator_coverage_additions.csv,"[""https://equinix.com/"",""https://investor.equinix.com/about-equinix/annual-reports-proxy"",""https://investor.equinix.com/sec-filings/all-sec-filings/content/0001101239-26-000032/eqix-20251231.htm""]",2026-08-30,A,preserved_source_assertion
ast-8248f8f5cf7b,org-equinix-db3cddd,Equinix,relevance_tier,A,operator_coverage_additions.csv,"[""https://equinix.com/"",""https://investor.equinix.com/about-equinix/annual-reports-proxy"",""https://investor.equinix.com/sec-filings/all-sec-filings/content/0001101239-26-000032/eqix-20251231.htm""]",2026-08-30,A,preserved_source_assertion
ast-fda4b7d297dd,org-equinix-db3cddd,Equinix,secondary_lifecycle,F,operator_coverage_additions.csv,"[""https://equinix.com/"",""https://investor.equinix.com/about-equinix/annual-reports-proxy"",""https://investor.equinix.com/sec-filings/all-sec-filings/content/0001101239-26-000032/eqix-20251231.htm""]",2026-08-30,A,preserved_source_assertion
ast-49aef5909728,org-equinix-db3cddd,Equinix,status,active,operator_coverage_additions.csv,"[""https://equinix.com/"",""https://investor.equinix.com/about-equinix/annual-reports-proxy"",""https://investor.equinix.com/sec-filings/all-sec-filings/content/0001101239-26-000032/eqix-20251231.htm""]",2026-08-30,A,preserved_source_assertion
ast-a6bd7b34ba45,org-equinix-db3cddd,Equinix,status_as_of,2026-08-30,operator_coverage_additions.csv,"[""https://equinix.com/"",""https://investor.equinix.com/about-equinix/annual-reports-proxy"",""https://investor.equinix.com/sec-filings/all-sec-filings/content/0001101239-26-000032/eqix-20251231.htm""]",2026-08-30,A,preserved_source_assertion
ast-796ab835911f,org-equipmentshare-b7b2fd1,EquipmentShare,canonical_url,https://www.equipmentshare.com/,global_real_estate_pioneers_agent.csv,"[""https://equipmentshare.com/"",""https://ycombinator.com/companies/industry/real-estate-and-construction""]",2026-08-30,D,preserved_source_assertion
ast-f7e7609e1124,org-equipmentshare-b7b2fd1,EquipmentShare,entity_type,construction equipment and fleet software,global_real_estate_pioneers_agent.csv,"[""https://equipmentshare.com/"",""https://ycombinator.com/companies/industry/real-estate-and-construction""]",2026-08-30,D,preserved_source_assertion
ast-51ad957031cc,org-equipmentshare-b7b2fd1,EquipmentShare,evidence_grade,D,global_real_estate_pioneers_agent.csv,"[""https://equipmentshare.com/"",""https://ycombinator.com/companies/industry/real-estate-and-construction""]",2026-08-30,D,preserved_source_assertion
ast-808d93d1d181,org-equipmentshare-b7b2fd1,EquipmentShare,hq_country,United States,global_real_estate_pioneers_agent.csv,"[""https://equipmentshare.com/"",""https://ycombinator.com/companies/industry/real-estate-and-construction""]",2026-08-30,D,preserved_source_assertion
ast-9568e354ef7c,org-equipmentshare-b7b2fd1,EquipmentShare,primary_lifecycle,C/O/F,global_real_estate_pioneers_agent.csv,"[""https://equipmentshare.com/"",""https://ycombinator.com/companies/industry/real-estate-and-construction""]",2026-08-30,D,preserved_source_assertion
ast-66093a7f4ef4,org-equipmentshare-b7b2fd1,EquipmentShare,relevance_tier,C,global_real_estate_pioneers_agent.csv,"[""https://equipmentshare.com/"",""https://ycombinator.com/companies/industry/real-estate-and-construction""]",2026-08-30,D,preserved_source_assertion
ast-1a986b23e79f,org-equipmentshare-b7b2fd1,EquipmentShare,status,active,global_real_estate_pioneers_agent.csv,"[""https://equipmentshare.com/"",""https://ycombinator.com/companies/industry/real-estate-and-construction""]",2026-08-30,D,preserved_source_assertion
ast-ff675e8e390f,org-equity-residential-15dcba6,Equity Residential,canonical_url,https://www.equityapartments.com/,global_real_estate_pioneers_agent.csv,"[""https://equityapartments.com/""]",2026-08-30,C,preserved_source_assertion
ast-404a7e7c3152,org-equity-residential-15dcba6,Equity Residential,entity_type,multifamily REIT,global_real_estate_pioneers_agent.csv,"[""https://equityapartments.com/""]",2026-08-30,C,preserved_source_assertion
ast-6efaa8c5215b,org-equity-residential-15dcba6,Equity Residential,evidence_grade,C,global_real_estate_pioneers_agent.csv,"[""https://equityapartments.com/""]",2026-08-30,C,preserved_source_assertion
ast-9098276beb83,org-equity-residential-15dcba6,Equity Residential,hq_country,United States,global_real_estate_pioneers_agent.csv,"[""https://equityapartments.com/""]",2026-08-30,C,preserved_source_assertion
ast-a1d415c6bdf5,org-equity-residential-15dcba6,Equity Residential,primary_lifecycle,S/H/O/E,global_real_estate_pioneers_agent.csv,"[""https://equityapartments.com/""]",2026-08-30,C,preserved_source_assertion
ast-792b5d6445bf,org-equity-residential-15dcba6,Equity Residential,relevance_tier,B,global_real_estate_pioneers_agent.csv,"[""https://equityapartments.com/""]",2026-08-30,C,preserved_source_assertion
ast-29ae0b94d5fe,org-equity-residential-15dcba6,Equity Residential,status,active,global_real_estate_pioneers_agent.csv,"[""https://equityapartments.com/""]",2026-08-30,C,preserved_source_assertion
ast-e70188e002d5,org-esr-group-5cc4f98,ESR Group,business_model,"new-economy logistics, hyperscale data centres, infrastructure and decarbonization",operator_coverage_additions.csv,"[""https://esr.com/"",""https://esr.com/investor-relations"",""https://esr.com/news/esr-completes-privatisation-strengthens-leadership-team"",""https://esr.com/news/esr-group-reports-fy2024-results-demonstrates-business-resilience-as-its-clear-core-focus-on-logistics-real-estate-data-centres-and-infrastructure-drives-next-phase-of-growth""]",2026-08-30,A,preserved_source_assertion
ast-9e348ca4b373,org-esr-group-5cc4f98,ESR Group,canonical_url,https://www.esr.com/,operator_coverage_additions.csv,"[""https://esr.com/"",""https://esr.com/investor-relations"",""https://esr.com/news/esr-completes-privatisation-strengthens-leadership-team"",""https://esr.com/news/esr-group-reports-fy2024-results-demonstrates-business-resilience-as-its-clear-core-focus-on-logistics-real-estate-data-centres-and-infrastructure-drives-next-phase-of-growth""]",2026-08-30,A,preserved_source_assertion
ast-16b87aec76e8,org-esr-group-5cc4f98,ESR Group,category,"APAC logistics, data-centre and infrastructure real-asset owner/manager",operator_coverage_additions.csv,"[""https://esr.com/"",""https://esr.com/investor-relations"",""https://esr.com/news/esr-completes-privatisation-strengthens-leadership-team"",""https://esr.com/news/esr-group-reports-fy2024-results-demonstrates-business-resilience-as-its-clear-core-focus-on-logistics-real-estate-data-centres-and-infrastructure-drives-next-phase-of-growth""]",2026-08-30,A,preserved_source_assertion
ast-f54145eba188,org-esr-group-5cc4f98,ESR Group,cohort_or_ecosystem,Independent; private since 2025-07-04,operator_coverage_additions.csv,"[""https://esr.com/"",""https://esr.com/investor-relations"",""https://esr.com/news/esr-completes-privatisation-strengthens-leadership-team"",""https://esr.com/news/esr-group-reports-fy2024-results-demonstrates-business-resilience-as-its-clear-core-focus-on-logistics-real-estate-data-centres-and-infrastructure-drives-next-phase-of-growth""]",2026-08-30,A,preserved_source_assertion
ast-700d01760ad6,org-esr-group-5cc4f98,ESR Group,entity_type,integrated development and fund-management platform,operator_coverage_additions.csv,"[""https://esr.com/"",""https://esr.com/investor-relations"",""https://esr.com/news/esr-completes-privatisation-strengthens-leadership-team"",""https://esr.com/news/esr-group-reports-fy2024-results-demonstrates-business-resilience-as-its-clear-core-focus-on-logistics-real-estate-data-centres-and-infrastructure-drives-next-phase-of-growth""]",2026-08-30,A,preserved_source_assertion
ast-bfcb6cda3fe4,org-esr-group-5cc4f98,ESR Group,evidence_grade,A,operator_coverage_additions.csv,"[""https://esr.com/"",""https://esr.com/investor-relations"",""https://esr.com/news/esr-completes-privatisation-strengthens-leadership-team"",""https://esr.com/news/esr-group-reports-fy2024-results-demonstrates-business-resilience-as-its-clear-core-focus-on-logistics-real-estate-data-centres-and-infrastructure-drives-next-phase-of-growth""]",2026-08-30,A,preserved_source_assertion
ast-030a03af3cc0,org-esr-group-5cc4f98,ESR Group,founding_year,2011,operator_coverage_additions.csv,"[""https://esr.com/"",""https://esr.com/investor-relations"",""https://esr.com/news/esr-completes-privatisation-strengthens-leadership-team"",""https://esr.com/news/esr-group-reports-fy2024-results-demonstrates-business-resilience-as-its-clear-core-focus-on-logistics-real-estate-data-centres-and-infrastructure-drives-next-phase-of-growth""]",2026-08-30,A,preserved_source_assertion
ast-4569fd8a930d,org-esr-group-5cc4f98,ESR Group,hq_country,Singapore,operator_coverage_additions.csv,"[""https://esr.com/"",""https://esr.com/investor-relations"",""https://esr.com/news/esr-completes-privatisation-strengthens-leadership-team"",""https://esr.com/news/esr-group-reports-fy2024-results-demonstrates-business-resilience-as-its-clear-core-focus-on-logistics-real-estate-data-centres-and-infrastructure-drives-next-phase-of-growth""]",2026-08-30,A,preserved_source_assertion
ast-62c7d74ae491,org-esr-group-5cc4f98,ESR Group,maturity,scale platform,operator_coverage_additions.csv,"[""https://esr.com/"",""https://esr.com/investor-relations"",""https://esr.com/news/esr-completes-privatisation-strengthens-leadership-team"",""https://esr.com/news/esr-group-reports-fy2024-results-demonstrates-business-resilience-as-its-clear-core-focus-on-logistics-real-estate-data-centres-and-infrastructure-drives-next-phase-of-growth""]",2026-08-30,A,preserved_source_assertion
ast-3a5b172709f9,org-esr-group-5cc4f98,ESR Group,primary_lifecycle,L/D/C/O/E,operator_coverage_additions.csv,"[""https://esr.com/"",""https://esr.com/investor-relations"",""https://esr.com/news/esr-completes-privatisation-strengthens-leadership-team"",""https://esr.com/news/esr-group-reports-fy2024-results-demonstrates-business-resilience-as-its-clear-core-focus-on-logistics-real-estate-data-centres-and-infrastructure-drives-next-phase-of-growth""]",2026-08-30,A,preserved_source_assertion
ast-575701bb6d20,org-esr-group-5cc4f98,ESR Group,relevance_tier,A,operator_coverage_additions.csv,"[""https://esr.com/"",""https://esr.com/investor-relations"",""https://esr.com/news/esr-completes-privatisation-strengthens-leadership-team"",""https://esr.com/news/esr-group-reports-fy2024-results-demonstrates-business-resilience-as-its-clear-core-focus-on-logistics-real-estate-data-centres-and-infrastructure-drives-next-phase-of-growth""]",2026-08-30,A,preserved_source_assertion
ast-bf7e4e8f607b,org-esr-group-5cc4f98,ESR Group,secondary_lifecycle,F,operator_coverage_additions.csv,"[""https://esr.com/"",""https://esr.com/investor-relations"",""https://esr.com/news/esr-completes-privatisation-strengthens-leadership-team"",""https://esr.com/news/esr-group-reports-fy2024-results-demonstrates-business-resilience-as-its-clear-core-focus-on-logistics-real-estate-data-centres-and-infrastructure-drives-next-phase-of-growth""]",2026-08-30,A,preserved_source_assertion
ast-8e8e8100b16b,org-esr-group-5cc4f98,ESR Group,status,private,operator_coverage_additions.csv,"[""https://esr.com/"",""https://esr.com/investor-relations"",""https://esr.com/news/esr-completes-privatisation-strengthens-leadership-team"",""https://esr.com/news/esr-group-reports-fy2024-results-demonstrates-business-resilience-as-its-clear-core-focus-on-logistics-real-estate-data-centres-and-infrastructure-drives-next-phase-of-growth""]",2026-08-30,A,preserved_source_assertion
ast-0f9003548edb,org-esr-group-5cc4f98,ESR Group,status_as_of,2026-08-30,operator_coverage_additions.csv,"[""https://esr.com/"",""https://esr.com/investor-relations"",""https://esr.com/news/esr-completes-privatisation-strengthens-leadership-team"",""https://esr.com/news/esr-group-reports-fy2024-results-demonstrates-business-resilience-as-its-clear-core-focus-on-logistics-real-estate-data-centres-and-infrastructure-drives-next-phase-of-growth""]",2026-08-30,A,preserved_source_assertion
ast-5274afa48005,org-estate-intel-539a151,Estate Intel,business_model,data subscriptions reports and custom research,coverage_gap_additions.csv,"[""https://estateintel.com/"",""https://estateintel.com/insights/this-is-ei-pro-more-affordable-access-to-real-estate-data""]",2026-08-30,A,preserved_source_assertion
ast-3fcc022a6b74,org-estate-intel-539a151,Estate Intel,canonical_url,https://estateintel.com/,coverage_gap_additions.csv,"[""https://estateintel.com/"",""https://estateintel.com/insights/this-is-ei-pro-more-affordable-access-to-real-estate-data""]",2026-08-30,A,preserved_source_assertion
ast-a741578c7628,org-estate-intel-539a151,Estate Intel,category,real-estate market intelligence and project data,coverage_gap_additions.csv,"[""https://estateintel.com/"",""https://estateintel.com/insights/this-is-ei-pro-more-affordable-access-to-real-estate-data""]",2026-08-30,A,preserved_source_assertion
ast-bed60dca4087,org-estate-intel-539a151,Estate Intel,cohort_or_ecosystem,MetaProp/Independent,coverage_gap_additions.csv,"[""https://estateintel.com/"",""https://estateintel.com/insights/this-is-ei-pro-more-affordable-access-to-real-estate-data""]",2026-08-30,A,preserved_source_assertion
ast-38c794e3d206,org-estate-intel-539a151,Estate Intel,entity_type,private company,coverage_gap_additions.csv,"[""https://estateintel.com/"",""https://estateintel.com/insights/this-is-ei-pro-more-affordable-access-to-real-estate-data""]",2026-08-30,A,preserved_source_assertion
ast-65fbffedd86a,org-estate-intel-539a151,Estate Intel,evidence_grade,A,coverage_gap_additions.csv,"[""https://estateintel.com/"",""https://estateintel.com/insights/this-is-ei-pro-more-affordable-access-to-real-estate-data""]",2026-08-30,A,preserved_source_assertion
ast-6d859f7c1cb8,org-estate-intel-539a151,Estate Intel,founding_year,2014,coverage_gap_additions.csv,"[""https://estateintel.com/"",""https://estateintel.com/insights/this-is-ei-pro-more-affordable-access-to-real-estate-data""]",2026-08-30,A,preserved_source_assertion
ast-b50491990a87,org-estate-intel-539a151,Estate Intel,hq_country,Nigeria,coverage_gap_additions.csv,"[""https://estateintel.com/"",""https://estateintel.com/insights/this-is-ei-pro-more-affordable-access-to-real-estate-data""]",2026-08-30,A,preserved_source_assertion
ast-cf17e9217726,org-estate-intel-539a151,Estate Intel,maturity,growth,coverage_gap_additions.csv,"[""https://estateintel.com/"",""https://estateintel.com/insights/this-is-ei-pro-more-affordable-access-to-real-estate-data""]",2026-08-30,A,preserved_source_assertion
ast-2368b9d0ad67,org-estate-intel-539a151,Estate Intel,primary_lifecycle,L1 Land/site,coverage_gap_additions.csv,"[""https://estateintel.com/"",""https://estateintel.com/insights/this-is-ei-pro-more-affordable-access-to-real-estate-data""]",2026-08-30,A,preserved_source_assertion
ast-f68459bfbe83,org-estate-intel-539a151,Estate Intel,relevance_tier,B,coverage_gap_additions.csv,"[""https://estateintel.com/"",""https://estateintel.com/insights/this-is-ei-pro-more-affordable-access-to-real-estate-data""]",2026-08-30,A,preserved_source_assertion
ast-4d28ab1f5ea0,org-estate-intel-539a151,Estate Intel,secondary_lifecycle,L3 Capital/finance/L9 Portfolio,coverage_gap_additions.csv,"[""https://estateintel.com/"",""https://estateintel.com/insights/this-is-ei-pro-more-affordable-access-to-real-estate-data""]",2026-08-30,A,preserved_source_assertion
ast-5f99670654b6,org-estate-intel-539a151,Estate Intel,status,active,coverage_gap_additions.csv,"[""https://estateintel.com/"",""https://estateintel.com/insights/this-is-ei-pro-more-affordable-access-to-real-estate-data""]",2026-08-30,A,preserved_source_assertion
ast-f844ef871b2b,org-estate-intel-539a151,Estate Intel,status_as_of,2026-08-30,coverage_gap_additions.csv,"[""https://estateintel.com/"",""https://estateintel.com/insights/this-is-ei-pro-more-affordable-access-to-real-estate-data""]",2026-08-30,A,preserved_source_assertion
ast-19b36bbfab15,org-express-building-add003f,Express Building,business_model,Fintech,proptech_startups_agent.csv,"[""https://ycombinator.com/companies/express-building""]",2026-08-30,A,preserved_source_assertion
ast-4598a1af062f,org-express-building-add003f,Express Building,canonical_url,https://www.ycombinator.com/companies/express-building,proptech_startups_agent.csv,"[""https://ycombinator.com/companies/express-building""]",2026-08-30,A,preserved_source_assertion
ast-5f905eda7908,org-express-building-add003f,Express Building,canonical_url,https://www.ycombinator.com/companies/industry/real-estate-and-construction,global_real_estate_pioneers_agent.csv,"[""https://ycombinator.com/companies/industry/real-estate-and-construction""]",2026-08-30,D,preserved_source_assertion
ast-c5901c92bc75,org-express-building-add003f,Express Building,category,Affordable housing developer finance,proptech_startups_agent.csv,"[""https://ycombinator.com/companies/express-building""]",2026-08-30,A,preserved_source_assertion
ast-054c14db0b24,org-express-building-add003f,Express Building,cohort_or_ecosystem,YC S2022,proptech_startups_agent.csv,"[""https://ycombinator.com/companies/express-building""]",2026-08-30,A,preserved_source_assertion
ast-cc9b1c671723,org-express-building-add003f,Express Building,entity_type,Company,proptech_startups_agent.csv,"[""https://ycombinator.com/companies/express-building""]",2026-08-30,A,preserved_source_assertion
ast-d48b06750453,org-express-building-add003f,Express Building,entity_type,YC affordable housing finance startup,global_real_estate_pioneers_agent.csv,"[""https://ycombinator.com/companies/industry/real-estate-and-construction""]",2026-08-30,D,preserved_source_assertion
ast-10a33f6017e6,org-express-building-add003f,Express Building,evidence_grade,D,global_real_estate_pioneers_agent.csv,"[""https://ycombinator.com/companies/industry/real-estate-and-construction""]",2026-08-30,D,preserved_source_assertion
ast-3740974275a8,org-express-building-add003f,Express Building,evidence_grade,A,proptech_startups_agent.csv,"[""https://ycombinator.com/companies/express-building""]",2026-08-30,A,preserved_source_assertion
ast-98feb04dfc8b,org-express-building-add003f,Express Building,founding_year,Unknown,proptech_startups_agent.csv,"[""https://ycombinator.com/companies/express-building""]",2026-08-30,A,preserved_source_assertion
ast-36ec8e3f0154,org-express-building-add003f,Express Building,hq_country,Singapore,global_real_estate_pioneers_agent.csv,"[""https://ycombinator.com/companies/industry/real-estate-and-construction""]",2026-08-30,D,preserved_source_assertion
ast-437473d64145,org-express-building-add003f,Express Building,hq_country,Singapore,proptech_startups_agent.csv,"[""https://ycombinator.com/companies/express-building""]",2026-08-30,A,preserved_source_assertion
ast-cef652402186,org-express-building-add003f,Express Building,maturity,Early,proptech_startups_agent.csv,"[""https://ycombinator.com/companies/express-building""]",2026-08-30,A,preserved_source_assertion
ast-e18bff216763,org-express-building-add003f,Express Building,primary_lifecycle,Finance,proptech_startups_agent.csv,"[""https://ycombinator.com/companies/express-building""]",2026-08-30,A,preserved_source_assertion
ast-e2e3545007c9,org-express-building-add003f,Express Building,primary_lifecycle,L/F,global_real_estate_pioneers_agent.csv,"[""https://ycombinator.com/companies/industry/real-estate-and-construction""]",2026-08-30,D,preserved_source_assertion
ast-1a8f5b011d7e,org-express-building-add003f,Express Building,relevance_tier,B,proptech_startups_agent.csv,"[""https://ycombinator.com/companies/express-building""]",2026-08-30,A,preserved_source_assertion
ast-8fec62911112,org-express-building-add003f,Express Building,relevance_tier,C,global_real_estate_pioneers_agent.csv,"[""https://ycombinator.com/companies/industry/real-estate-and-construction""]",2026-08-30,D,preserved_source_assertion
ast-1ffe2adcbc63,org-express-building-add003f,Express Building,secondary_lifecycle,Land,proptech_startups_agent.csv,"[""https://ycombinator.com/companies/express-building""]",2026-08-30,A,preserved_source_assertion
ast-701fb8f408cc,org-express-building-add003f,Express Building,status,watchlist,global_real_estate_pioneers_agent.csv,"[""https://ycombinator.com/companies/industry/real-estate-and-construction""]",2026-08-30,D,preserved_source_assertion
ast-a19ae62b45bf,org-express-building-add003f,Express Building,status,Active,proptech_startups_agent.csv,"[""https://ycombinator.com/companies/express-building""]",2026-08-30,A,preserved_source_assertion
ast-c5279de0cac8,org-express-building-add003f,Express Building,status_as_of,2026-08-30,proptech_startups_agent.csv,"[""https://ycombinator.com/companies/express-building""]",2026-08-30,A,preserved_source_assertion
ast-1a11b10c6c42,org-facilio-ee1952a,Facilio,business_model,enterprise-subscription-implementation,regional_companies_agent.csv,"[""https://facilio.com/newsroom/series-a"",""https://facilio.com/newsroom/series-b"",""https://facilio.in/"",""https://facilio.in/about""]",2026-08-30,A/B,preserved_source_assertion
ast-f88fe6c28035,org-facilio-ee1952a,Facilio,business_model,SaaS plus integration,proptech_startups_agent.csv,"[""https://facilio.com/"",""https://facilio.com/case-study/al-fajer"",""https://tarongagroup.com/realtechx""]",2026-08-30,B,preserved_source_assertion
ast-438bdf7261a7,org-facilio-ee1952a,Facilio,canonical_url,https://facilio.com/,proptech_startups_agent.csv,"[""https://facilio.com/"",""https://facilio.com/case-study/al-fajer"",""https://tarongagroup.com/realtechx""]",2026-08-30,B,preserved_source_assertion
ast-ad8967e76c19,org-facilio-ee1952a,Facilio,canonical_url,https://facilio.in/,regional_companies_agent.csv,"[""https://facilio.com/newsroom/series-a"",""https://facilio.com/newsroom/series-b"",""https://facilio.in/"",""https://facilio.in/about""]",2026-08-30,A/B,preserved_source_assertion
ast-9eaa0d433b92,org-facilio-ee1952a,Facilio,category,connected-CMMS-building-SaaS,regional_companies_agent.csv,"[""https://facilio.com/newsroom/series-a"",""https://facilio.com/newsroom/series-b"",""https://facilio.in/"",""https://facilio.in/about""]",2026-08-30,A/B,preserved_source_assertion
ast-b110a1508ac6,org-facilio-ee1952a,Facilio,category,Connected FM/BMS,proptech_startups_agent.csv,"[""https://facilio.com/"",""https://facilio.com/case-study/al-fajer"",""https://tarongagroup.com/realtechx""]",2026-08-30,B,preserved_source_assertion
ast-154541d51597,org-facilio-ee1952a,Facilio,cohort_or_ecosystem,Taronga RealTechX,proptech_startups_agent.csv,"[""https://facilio.com/"",""https://facilio.com/case-study/al-fajer"",""https://tarongagroup.com/realtechx""]",2026-08-30,B,preserved_source_assertion
ast-3d46cbacdf08,org-facilio-ee1952a,Facilio,cohort_or_ecosystem,Accel-Tiger-Dragoneer-Brookfield,regional_companies_agent.csv,"[""https://facilio.com/newsroom/series-a"",""https://facilio.com/newsroom/series-b"",""https://facilio.in/"",""https://facilio.in/about""]",2026-08-30,A/B,preserved_source_assertion
ast-7297ec85e104,org-facilio-ee1952a,Facilio,entity_type,Company,proptech_startups_agent.csv,"[""https://facilio.com/"",""https://facilio.com/case-study/al-fajer"",""https://tarongagroup.com/realtechx""]",2026-08-30,B,preserved_source_assertion
ast-7661e26fc659,org-facilio-ee1952a,Facilio,entity_type,private-growth,regional_companies_agent.csv,"[""https://facilio.com/newsroom/series-a"",""https://facilio.com/newsroom/series-b"",""https://facilio.in/"",""https://facilio.in/about""]",2026-08-30,A/B,preserved_source_assertion
ast-4eb51881a338,org-facilio-ee1952a,Facilio,evidence_grade,B,proptech_startups_agent.csv,"[""https://facilio.com/"",""https://facilio.com/case-study/al-fajer"",""https://tarongagroup.com/realtechx""]",2026-08-30,B,preserved_source_assertion
ast-ff6d59fd1858,org-facilio-ee1952a,Facilio,evidence_grade,A/B,regional_companies_agent.csv,"[""https://facilio.com/newsroom/series-a"",""https://facilio.com/newsroom/series-b"",""https://facilio.in/"",""https://facilio.in/about""]",2026-08-30,A/B,preserved_source_assertion
ast-07af479d1df4,org-facilio-ee1952a,Facilio,founding_year,2017,regional_companies_agent.csv,"[""https://facilio.com/newsroom/series-a"",""https://facilio.com/newsroom/series-b"",""https://facilio.in/"",""https://facilio.in/about""]",2026-08-30,A/B,preserved_source_assertion
ast-e8fd1433d02d,org-facilio-ee1952a,Facilio,founding_year,2017,proptech_startups_agent.csv,"[""https://facilio.com/"",""https://facilio.com/case-study/al-fajer"",""https://tarongagroup.com/realtechx""]",2026-08-30,B,preserved_source_assertion
ast-6ab5995bb2e8,org-facilio-ee1952a,Facilio,hq_country,India,proptech_startups_agent.csv,"[""https://facilio.com/"",""https://facilio.com/case-study/al-fajer"",""https://tarongagroup.com/realtechx""]",2026-08-30,B,preserved_source_assertion
ast-ce6e2087f7c9,org-facilio-ee1952a,Facilio,hq_country,India,regional_companies_agent.csv,"[""https://facilio.com/newsroom/series-a"",""https://facilio.com/newsroom/series-b"",""https://facilio.in/"",""https://facilio.in/about""]",2026-08-30,A/B,preserved_source_assertion
ast-1957e50bd5c9,org-facilio-ee1952a,Facilio,maturity,scale,regional_companies_agent.csv,"[""https://facilio.com/newsroom/series-a"",""https://facilio.com/newsroom/series-b"",""https://facilio.in/"",""https://facilio.in/about""]",2026-08-30,A/B,preserved_source_assertion
ast-44834a04b31f,org-facilio-ee1952a,Facilio,maturity,Scaleup,proptech_startups_agent.csv,"[""https://facilio.com/"",""https://facilio.com/case-study/al-fajer"",""https://tarongagroup.com/realtechx""]",2026-08-30,B,preserved_source_assertion
ast-058498e78f29,org-facilio-ee1952a,Facilio,primary_lifecycle,Facilities,proptech_startups_agent.csv,"[""https://facilio.com/"",""https://facilio.com/case-study/al-fajer"",""https://tarongagroup.com/realtechx""]",2026-08-30,B,preserved_source_assertion
ast-d1813fe50243,org-facilio-ee1952a,Facilio,primary_lifecycle,property-operations-maintenance,regional_companies_agent.csv,"[""https://facilio.com/newsroom/series-a"",""https://facilio.com/newsroom/series-b"",""https://facilio.in/"",""https://facilio.in/about""]",2026-08-30,A/B,preserved_source_assertion
ast-628561ad19d7,org-facilio-ee1952a,Facilio,relevance_tier,A,proptech_startups_agent.csv,"[""https://facilio.com/"",""https://facilio.com/case-study/al-fajer"",""https://tarongagroup.com/realtechx""]",2026-08-30,B,preserved_source_assertion
ast-9bf9a44a2805,org-facilio-ee1952a,Facilio,relevance_tier,A,regional_companies_agent.csv,"[""https://facilio.com/newsroom/series-a"",""https://facilio.com/newsroom/series-b"",""https://facilio.in/"",""https://facilio.in/about""]",2026-08-30,A/B,preserved_source_assertion
ast-593236314ffd,org-facilio-ee1952a,Facilio,secondary_lifecycle,IoT-energy-tenant-experience-AI,regional_companies_agent.csv,"[""https://facilio.com/newsroom/series-a"",""https://facilio.com/newsroom/series-b"",""https://facilio.in/"",""https://facilio.in/about""]",2026-08-30,A/B,preserved_source_assertion
ast-b81dcc3b7387,org-facilio-ee1952a,Facilio,secondary_lifecycle,Climate,proptech_startups_agent.csv,"[""https://facilio.com/"",""https://facilio.com/case-study/al-fajer"",""https://tarongagroup.com/realtechx""]",2026-08-30,B,preserved_source_assertion
ast-1fb83fcf8711,org-facilio-ee1952a,Facilio,status,active,regional_companies_agent.csv,"[""https://facilio.com/newsroom/series-a"",""https://facilio.com/newsroom/series-b"",""https://facilio.in/"",""https://facilio.in/about""]",2026-08-30,A/B,preserved_source_assertion
ast-8383b0cde7a5,org-facilio-ee1952a,Facilio,status,Active,proptech_startups_agent.csv,"[""https://facilio.com/"",""https://facilio.com/case-study/al-fajer"",""https://tarongagroup.com/realtechx""]",2026-08-30,B,preserved_source_assertion
ast-269c7f6eb446,org-facilio-ee1952a,Facilio,status_as_of,2026-08-30,proptech_startups_agent.csv,"[""https://facilio.com/"",""https://facilio.com/case-study/al-fajer"",""https://tarongagroup.com/realtechx""]",2026-08-30,B,preserved_source_assertion
ast-c1a407c96625,org-facilio-ee1952a,Facilio,status_as_of,2026-08-30,regional_companies_agent.csv,"[""https://facilio.com/newsroom/series-a"",""https://facilio.com/newsroom/series-b"",""https://facilio.in/"",""https://facilio.in/about""]",2026-08-30,A/B,preserved_source_assertion
ast-c780c5d7721f,org-fbr-hadrian-x-b896b3f,FBR / Hadrian X,business_model,robotics hardware licensing and construction services,coverage_gap_additions.csv,"[""https://fbr.com.au/"",""https://fbr.com.au/view/hadrian""]",2026-08-30,A,preserved_source_assertion
ast-f51ae69b01be,org-fbr-hadrian-x-b896b3f,FBR / Hadrian X,canonical_url,https://www.fbr.com.au/,coverage_gap_additions.csv,"[""https://fbr.com.au/"",""https://fbr.com.au/view/hadrian""]",2026-08-30,A,preserved_source_assertion
ast-5d2651077063,org-fbr-hadrian-x-b896b3f,FBR / Hadrian X,category,autonomous bricklaying and construction robotics,coverage_gap_additions.csv,"[""https://fbr.com.au/"",""https://fbr.com.au/view/hadrian""]",2026-08-30,A,preserved_source_assertion
ast-add54de9e7d7,org-fbr-hadrian-x-b896b3f,FBR / Hadrian X,cohort_or_ecosystem,Public,coverage_gap_additions.csv,"[""https://fbr.com.au/"",""https://fbr.com.au/view/hadrian""]",2026-08-30,A,preserved_source_assertion
ast-e0c5f1647654,org-fbr-hadrian-x-b896b3f,FBR / Hadrian X,entity_type,public company,coverage_gap_additions.csv,"[""https://fbr.com.au/"",""https://fbr.com.au/view/hadrian""]",2026-08-30,A,preserved_source_assertion
ast-998fa168472f,org-fbr-hadrian-x-b896b3f,FBR / Hadrian X,evidence_grade,A,coverage_gap_additions.csv,"[""https://fbr.com.au/"",""https://fbr.com.au/view/hadrian""]",2026-08-30,A,preserved_source_assertion
ast-f7d966507339,org-fbr-hadrian-x-b896b3f,FBR / Hadrian X,founding_year,1994,coverage_gap_additions.csv,"[""https://fbr.com.au/"",""https://fbr.com.au/view/hadrian""]",2026-08-30,A,preserved_source_assertion
ast-dd2ee50181f0,org-fbr-hadrian-x-b896b3f,FBR / Hadrian X,hq_country,Australia,coverage_gap_additions.csv,"[""https://fbr.com.au/"",""https://fbr.com.au/view/hadrian""]",2026-08-30,A,preserved_source_assertion
ast-5ff4b1553d9d,org-fbr-hadrian-x-b896b3f,FBR / Hadrian X,maturity,scaleup,coverage_gap_additions.csv,"[""https://fbr.com.au/"",""https://fbr.com.au/view/hadrian""]",2026-08-30,A,preserved_source_assertion
ast-40c4162eb74b,org-fbr-hadrian-x-b896b3f,FBR / Hadrian X,primary_lifecycle,L5 Construction,coverage_gap_additions.csv,"[""https://fbr.com.au/"",""https://fbr.com.au/view/hadrian""]",2026-08-30,A,preserved_source_assertion
ast-564a80b732bf,org-fbr-hadrian-x-b896b3f,FBR / Hadrian X,relevance_tier,B,coverage_gap_additions.csv,"[""https://fbr.com.au/"",""https://fbr.com.au/view/hadrian""]",2026-08-30,A,preserved_source_assertion
ast-1f64c891c408,org-fbr-hadrian-x-b896b3f,FBR / Hadrian X,secondary_lifecycle,L10 ESG,coverage_gap_additions.csv,"[""https://fbr.com.au/"",""https://fbr.com.au/view/hadrian""]",2026-08-30,A,preserved_source_assertion
ast-6024049516e5,org-fbr-hadrian-x-b896b3f,FBR / Hadrian X,status,active,coverage_gap_additions.csv,"[""https://fbr.com.au/"",""https://fbr.com.au/view/hadrian""]",2026-08-30,A,preserved_source_assertion
ast-055118f7f387,org-fbr-hadrian-x-b896b3f,FBR / Hadrian X,status_as_of,2026-08-30,coverage_gap_additions.csv,"[""https://fbr.com.au/"",""https://fbr.com.au/view/hadrian""]",2026-08-30,A,preserved_source_assertion
ast-f2a9c934c9bf,org-field-materials-05352ab,Field Materials,business_model,SaaS subscription,startup_core_additions.csv,"[""https://fieldmaterials.com/"",""https://fieldmaterials.com/about"",""https://zacuaventures.com/portfolio""]",2026-08-30,A,preserved_source_assertion
ast-b40e9027fe42,org-field-materials-05352ab,Field Materials,canonical_url,https://www.fieldmaterials.com/,startup_core_additions.csv,"[""https://fieldmaterials.com/"",""https://fieldmaterials.com/about"",""https://zacuaventures.com/portfolio""]",2026-08-30,A,preserved_source_assertion
ast-8e226d33e736,org-field-materials-05352ab,Field Materials,category,construction procurement AP and inventory software,startup_core_additions.csv,"[""https://fieldmaterials.com/"",""https://fieldmaterials.com/about"",""https://zacuaventures.com/portfolio""]",2026-08-30,A,preserved_source_assertion
ast-abeb7c78aa73,org-field-materials-05352ab,Field Materials,cohort_or_ecosystem,Zacua Ventures,startup_core_additions.csv,"[""https://fieldmaterials.com/"",""https://fieldmaterials.com/about"",""https://zacuaventures.com/portfolio""]",2026-08-30,A,preserved_source_assertion
ast-87f1c9ef827c,org-field-materials-05352ab,Field Materials,entity_type,private company,startup_core_additions.csv,"[""https://fieldmaterials.com/"",""https://fieldmaterials.com/about"",""https://zacuaventures.com/portfolio""]",2026-08-30,A,preserved_source_assertion
ast-7771a857c31f,org-field-materials-05352ab,Field Materials,evidence_grade,A,startup_core_additions.csv,"[""https://fieldmaterials.com/"",""https://fieldmaterials.com/about"",""https://zacuaventures.com/portfolio""]",2026-08-30,A,preserved_source_assertion
ast-779bfe02468c,org-field-materials-05352ab,Field Materials,hq_country,United States,startup_core_additions.csv,"[""https://fieldmaterials.com/"",""https://fieldmaterials.com/about"",""https://zacuaventures.com/portfolio""]",2026-08-30,A,preserved_source_assertion
ast-201ea4727282,org-field-materials-05352ab,Field Materials,maturity,early,startup_core_additions.csv,"[""https://fieldmaterials.com/"",""https://fieldmaterials.com/about"",""https://zacuaventures.com/portfolio""]",2026-08-30,A,preserved_source_assertion
ast-bf4ffd78c4a5,org-field-materials-05352ab,Field Materials,primary_lifecycle,L5 Construction,startup_core_additions.csv,"[""https://fieldmaterials.com/"",""https://fieldmaterials.com/about"",""https://zacuaventures.com/portfolio""]",2026-08-30,A,preserved_source_assertion
ast-ef2480c9dea6,org-field-materials-05352ab,Field Materials,relevance_tier,A,startup_core_additions.csv,"[""https://fieldmaterials.com/"",""https://fieldmaterials.com/about"",""https://zacuaventures.com/portfolio""]",2026-08-30,A,preserved_source_assertion
ast-ec54eab731c2,org-field-materials-05352ab,Field Materials,secondary_lifecycle,L3 Capital/finance,startup_core_additions.csv,"[""https://fieldmaterials.com/"",""https://fieldmaterials.com/about"",""https://zacuaventures.com/portfolio""]",2026-08-30,A,preserved_source_assertion
ast-ba997100dd88,org-field-materials-05352ab,Field Materials,status,active,startup_core_additions.csv,"[""https://fieldmaterials.com/"",""https://fieldmaterials.com/about"",""https://zacuaventures.com/portfolio""]",2026-08-30,A,preserved_source_assertion
ast-864e25041a47,org-field-materials-05352ab,Field Materials,status_as_of,2026-08-30,startup_core_additions.csv,"[""https://fieldmaterials.com/"",""https://fieldmaterials.com/about"",""https://zacuaventures.com/portfolio""]",2026-08-30,A,preserved_source_assertion
ast-58649ee51471,org-fieldwire-4bfc09b,Fieldwire,business_model,SaaS,proptech_startups_agent.csv,"[""https://brickmortar.vc/portfolio"",""https://fieldwire.com/""]",2026-08-30,A,preserved_source_assertion
ast-c7d2d3104909,org-fieldwire-4bfc09b,Fieldwire,canonical_url,https://www.fieldwire.com/,proptech_startups_agent.csv,"[""https://brickmortar.vc/portfolio"",""https://fieldwire.com/""]",2026-08-30,A,preserved_source_assertion
ast-ba15a4d44756,org-fieldwire-4bfc09b,Fieldwire,category,Field construction management,proptech_startups_agent.csv,"[""https://brickmortar.vc/portfolio"",""https://fieldwire.com/""]",2026-08-30,A,preserved_source_assertion
ast-1ba7e8688328,org-fieldwire-4bfc09b,Fieldwire,cohort_or_ecosystem,Brick & Mortar,proptech_startups_agent.csv,"[""https://brickmortar.vc/portfolio"",""https://fieldwire.com/""]",2026-08-30,A,preserved_source_assertion
ast-544efed5aa9e,org-fieldwire-4bfc09b,Fieldwire,entity_type,Subsidiary,proptech_startups_agent.csv,"[""https://brickmortar.vc/portfolio"",""https://fieldwire.com/""]",2026-08-30,A,preserved_source_assertion
ast-2249155b1f6d,org-fieldwire-4bfc09b,Fieldwire,evidence_grade,A,proptech_startups_agent.csv,"[""https://brickmortar.vc/portfolio"",""https://fieldwire.com/""]",2026-08-30,A,preserved_source_assertion
ast-51f3d1105fef,org-fieldwire-4bfc09b,Fieldwire,founding_year,2013,proptech_startups_agent.csv,"[""https://brickmortar.vc/portfolio"",""https://fieldwire.com/""]",2026-08-30,A,preserved_source_assertion
ast-e067cf3cb337,org-fieldwire-4bfc09b,Fieldwire,hq_country,United States,proptech_startups_agent.csv,"[""https://brickmortar.vc/portfolio"",""https://fieldwire.com/""]",2026-08-30,A,preserved_source_assertion
ast-0ab7b8776fe1,org-fieldwire-4bfc09b,Fieldwire,maturity,Acquired,proptech_startups_agent.csv,"[""https://brickmortar.vc/portfolio"",""https://fieldwire.com/""]",2026-08-30,A,preserved_source_assertion
ast-295c143c6220,org-fieldwire-4bfc09b,Fieldwire,primary_lifecycle,Construction,proptech_startups_agent.csv,"[""https://brickmortar.vc/portfolio"",""https://fieldwire.com/""]",2026-08-30,A,preserved_source_assertion
ast-e215fb698bbf,org-fieldwire-4bfc09b,Fieldwire,relevance_tier,C,proptech_startups_agent.csv,"[""https://brickmortar.vc/portfolio"",""https://fieldwire.com/""]",2026-08-30,A,preserved_source_assertion
ast-bc8ed1b39a8e,org-fieldwire-4bfc09b,Fieldwire,secondary_lifecycle,Operations,proptech_startups_agent.csv,"[""https://brickmortar.vc/portfolio"",""https://fieldwire.com/""]",2026-08-30,A,preserved_source_assertion
ast-2d24b08585d1,org-fieldwire-4bfc09b,Fieldwire,status,Acquired by Hilti,proptech_startups_agent.csv,"[""https://brickmortar.vc/portfolio"",""https://fieldwire.com/""]",2026-08-30,A,preserved_source_assertion
ast-b9bbb599739c,org-fieldwire-4bfc09b,Fieldwire,status_as_of,2026-08-30,proptech_startups_agent.csv,"[""https://brickmortar.vc/portfolio"",""https://fieldwire.com/""]",2026-08-30,A,preserved_source_assertion
ast-a6ee12fd42a0,org-fifth-wall-portfolio-17b20c3,Fifth Wall portfolio,business_model,Portfolio,proptech_startups_agent.csv,"[""https://fifthwall.com/portfolio""]",2026-08-30,A,preserved_source_assertion
ast-51db2a804076,org-fifth-wall-portfolio-17b20c3,Fifth Wall portfolio,canonical_url,https://www.fifthwall.com/portfolio,proptech_startups_agent.csv,"[""https://fifthwall.com/portfolio""]",2026-08-30,A,preserved_source_assertion
ast-7eb20f34c4d0,org-fifth-wall-portfolio-17b20c3,Fifth Wall portfolio,category,Built-world VC ecosystem index,proptech_startups_agent.csv,"[""https://fifthwall.com/portfolio""]",2026-08-30,A,preserved_source_assertion
ast-7b4d029e33af,org-fifth-wall-portfolio-17b20c3,Fifth Wall portfolio,cohort_or_ecosystem,Fifth Wall,proptech_startups_agent.csv,"[""https://fifthwall.com/portfolio""]",2026-08-30,A,preserved_source_assertion
ast-5dc2c55d15c4,org-fifth-wall-portfolio-17b20c3,Fifth Wall portfolio,entity_type,Investor,proptech_startups_agent.csv,"[""https://fifthwall.com/portfolio""]",2026-08-30,A,preserved_source_assertion
ast-dfe1856ab7d1,org-fifth-wall-portfolio-17b20c3,Fifth Wall portfolio,evidence_grade,A,proptech_startups_agent.csv,"[""https://fifthwall.com/portfolio""]",2026-08-30,A,preserved_source_assertion
ast-3a774228d63c,org-fifth-wall-portfolio-17b20c3,Fifth Wall portfolio,founding_year,2016,proptech_startups_agent.csv,"[""https://fifthwall.com/portfolio""]",2026-08-30,A,preserved_source_assertion
ast-f28555ec37a8,org-fifth-wall-portfolio-17b20c3,Fifth Wall portfolio,hq_country,United States,proptech_startups_agent.csv,"[""https://fifthwall.com/portfolio""]",2026-08-30,A,preserved_source_assertion
ast-e969e8c26e4d,org-fifth-wall-portfolio-17b20c3,Fifth Wall portfolio,maturity,Portfolio index,proptech_startups_agent.csv,"[""https://fifthwall.com/portfolio""]",2026-08-30,A,preserved_source_assertion
ast-6a2b6b605eb2,org-fifth-wall-portfolio-17b20c3,Fifth Wall portfolio,primary_lifecycle,Data,proptech_startups_agent.csv,"[""https://fifthwall.com/portfolio""]",2026-08-30,A,preserved_source_assertion
ast-1d72ff1853ce,org-fifth-wall-portfolio-17b20c3,Fifth Wall portfolio,relevance_tier,C,proptech_startups_agent.csv,"[""https://fifthwall.com/portfolio""]",2026-08-30,A,preserved_source_assertion
ast-de77c02a3ba8,org-fifth-wall-portfolio-17b20c3,Fifth Wall portfolio,secondary_lifecycle,Climate,proptech_startups_agent.csv,"[""https://fifthwall.com/portfolio""]",2026-08-30,A,preserved_source_assertion
ast-b6da3e5d364b,org-fifth-wall-portfolio-17b20c3,Fifth Wall portfolio,status,Active index,proptech_startups_agent.csv,"[""https://fifthwall.com/portfolio""]",2026-08-30,A,preserved_source_assertion
ast-220f65ca13ef,org-fifth-wall-portfolio-17b20c3,Fifth Wall portfolio,status_as_of,2026-08-30,proptech_startups_agent.csv,"[""https://fifthwall.com/portfolio""]",2026-08-30,A,preserved_source_assertion
ast-ee525d0b36bb,org-first-street-foundation-first-street-ff7010b,First Street Foundation / First Street,business_model,data subscriptions API and research partnerships,enterprise_platform_additions.csv,"[""https://docs.firststreet.org/api"",""https://docs.firststreet.org/api/climate-risk-api/getting-started"",""https://firststreet.org/"",""https://help.firststreet.org/hc/en-us/articles/9680350042903-First-Street-FAQ""]",2026-08-30,B,preserved_source_assertion
ast-9ede46e089a3,org-first-street-foundation-first-street-ff7010b,First Street Foundation / First Street,canonical_url,https://firststreet.org/,enterprise_platform_additions.csv,"[""https://docs.firststreet.org/api"",""https://docs.firststreet.org/api/climate-risk-api/getting-started"",""https://firststreet.org/"",""https://help.firststreet.org/hc/en-us/articles/9680350042903-First-Street-FAQ""]",2026-08-30,B,preserved_source_assertion
ast-b9b7cdba3790,org-first-street-foundation-first-street-ff7010b,First Street Foundation / First Street,category,public-data building-level physical climate risk platform and API,enterprise_platform_additions.csv,"[""https://docs.firststreet.org/api"",""https://docs.firststreet.org/api/climate-risk-api/getting-started"",""https://firststreet.org/"",""https://help.firststreet.org/hc/en-us/articles/9680350042903-First-Street-FAQ""]",2026-08-30,B,preserved_source_assertion
ast-d8dad23a4404,org-first-street-foundation-first-street-ff7010b,First Street Foundation / First Street,cohort_or_ecosystem,Independent,enterprise_platform_additions.csv,"[""https://docs.firststreet.org/api"",""https://docs.firststreet.org/api/climate-risk-api/getting-started"",""https://firststreet.org/"",""https://help.firststreet.org/hc/en-us/articles/9680350042903-First-Street-FAQ""]",2026-08-30,B,preserved_source_assertion
ast-3e57489e3ff3,org-first-street-foundation-first-street-ff7010b,First Street Foundation / First Street,entity_type,nonprofit,enterprise_platform_additions.csv,"[""https://docs.firststreet.org/api"",""https://docs.firststreet.org/api/climate-risk-api/getting-started"",""https://firststreet.org/"",""https://help.firststreet.org/hc/en-us/articles/9680350042903-First-Street-FAQ""]",2026-08-30,B,preserved_source_assertion
ast-589f09c3bd48,org-first-street-foundation-first-street-ff7010b,First Street Foundation / First Street,evidence_grade,B,enterprise_platform_additions.csv,"[""https://docs.firststreet.org/api"",""https://docs.firststreet.org/api/climate-risk-api/getting-started"",""https://firststreet.org/"",""https://help.firststreet.org/hc/en-us/articles/9680350042903-First-Street-FAQ""]",2026-08-30,B,preserved_source_assertion
ast-dec8b54c4ff8,org-first-street-foundation-first-street-ff7010b,First Street Foundation / First Street,founding_year,unknown,enterprise_platform_additions.csv,"[""https://docs.firststreet.org/api"",""https://docs.firststreet.org/api/climate-risk-api/getting-started"",""https://firststreet.org/"",""https://help.firststreet.org/hc/en-us/articles/9680350042903-First-Street-FAQ""]",2026-08-30,B,preserved_source_assertion
ast-1ca50bab08c2,org-first-street-foundation-first-street-ff7010b,First Street Foundation / First Street,hq_country,United States,enterprise_platform_additions.csv,"[""https://docs.firststreet.org/api"",""https://docs.firststreet.org/api/climate-risk-api/getting-started"",""https://firststreet.org/"",""https://help.firststreet.org/hc/en-us/articles/9680350042903-First-Street-FAQ""]",2026-08-30,B,preserved_source_assertion
ast-49fc405f5939,org-first-street-foundation-first-street-ff7010b,First Street Foundation / First Street,maturity,growth,enterprise_platform_additions.csv,"[""https://docs.firststreet.org/api"",""https://docs.firststreet.org/api/climate-risk-api/getting-started"",""https://firststreet.org/"",""https://help.firststreet.org/hc/en-us/articles/9680350042903-First-Street-FAQ""]",2026-08-30,B,preserved_source_assertion
ast-3b145b04ded9,org-first-street-foundation-first-street-ff7010b,First Street Foundation / First Street,primary_lifecycle,L10 ESG,enterprise_platform_additions.csv,"[""https://docs.firststreet.org/api"",""https://docs.firststreet.org/api/climate-risk-api/getting-started"",""https://firststreet.org/"",""https://help.firststreet.org/hc/en-us/articles/9680350042903-First-Street-FAQ""]",2026-08-30,B,preserved_source_assertion
ast-265be6897d15,org-first-street-foundation-first-street-ff7010b,First Street Foundation / First Street,relevance_tier,B,enterprise_platform_additions.csv,"[""https://docs.firststreet.org/api"",""https://docs.firststreet.org/api/climate-risk-api/getting-started"",""https://firststreet.org/"",""https://help.firststreet.org/hc/en-us/articles/9680350042903-First-Street-FAQ""]",2026-08-30,B,preserved_source_assertion
ast-0ef955796d6e,org-first-street-foundation-first-street-ff7010b,First Street Foundation / First Street,secondary_lifecycle,L1 Land/site/L2 Feasibility/L3 Capital/finance,enterprise_platform_additions.csv,"[""https://docs.firststreet.org/api"",""https://docs.firststreet.org/api/climate-risk-api/getting-started"",""https://firststreet.org/"",""https://help.firststreet.org/hc/en-us/articles/9680350042903-First-Street-FAQ""]",2026-08-30,B,preserved_source_assertion
ast-1b6dddb4bc88,org-first-street-foundation-first-street-ff7010b,First Street Foundation / First Street,status,active,enterprise_platform_additions.csv,"[""https://docs.firststreet.org/api"",""https://docs.firststreet.org/api/climate-risk-api/getting-started"",""https://firststreet.org/"",""https://help.firststreet.org/hc/en-us/articles/9680350042903-First-Street-FAQ""]",2026-08-30,B,preserved_source_assertion
ast-4bd115f587f0,org-first-street-foundation-first-street-ff7010b,First Street Foundation / First Street,status_as_of,2026-08-30,enterprise_platform_additions.csv,"[""https://docs.firststreet.org/api"",""https://docs.firststreet.org/api/climate-risk-api/getting-started"",""https://firststreet.org/"",""https://help.firststreet.org/hc/en-us/articles/9680350042903-First-Street-FAQ""]",2026-08-30,B,preserved_source_assertion
ast-3bfa2ac19d35,org-flatx-046b6ca,FlatX,business_model,Marketplace,proptech_startups_agent.csv,"[""https://ycombinator.com/companies/flatx""]",2026-08-30,A,preserved_source_assertion
ast-1ce5fe7a9290,org-flatx-046b6ca,FlatX,canonical_url,https://www.ycombinator.com/companies/industry/real-estate-and-construction,global_real_estate_pioneers_agent.csv,"[""https://ycombinator.com/companies/industry/real-estate-and-construction""]",2026-08-30,D,preserved_source_assertion
ast-f7dd465ba7f8,org-flatx-046b6ca,FlatX,canonical_url,https://www.ycombinator.com/companies/flatx,proptech_startups_agent.csv,"[""https://ycombinator.com/companies/flatx""]",2026-08-30,A,preserved_source_assertion
ast-f3e76ca56779,org-flatx-046b6ca,FlatX,category,Rental/flatmate marketplace,proptech_startups_agent.csv,"[""https://ycombinator.com/companies/flatx""]",2026-08-30,A,preserved_source_assertion
ast-14e0941247d0,org-flatx-046b6ca,FlatX,cohort_or_ecosystem,YC S2022,proptech_startups_agent.csv,"[""https://ycombinator.com/companies/flatx""]",2026-08-30,A,preserved_source_assertion
ast-4bcdd8151dbc,org-flatx-046b6ca,FlatX,entity_type,YC rental marketplace,global_real_estate_pioneers_agent.csv,"[""https://ycombinator.com/companies/industry/real-estate-and-construction""]",2026-08-30,D,preserved_source_assertion
ast-bba5c90e66e5,org-flatx-046b6ca,FlatX,entity_type,Company,proptech_startups_agent.csv,"[""https://ycombinator.com/companies/flatx""]",2026-08-30,A,preserved_source_assertion
ast-6a15832e8ca0,org-flatx-046b6ca,FlatX,evidence_grade,A,proptech_startups_agent.csv,"[""https://ycombinator.com/companies/flatx""]",2026-08-30,A,preserved_source_assertion
ast-a04c6382217c,org-flatx-046b6ca,FlatX,evidence_grade,D,global_real_estate_pioneers_agent.csv,"[""https://ycombinator.com/companies/industry/real-estate-and-construction""]",2026-08-30,D,preserved_source_assertion
ast-eb96f01e5782,org-flatx-046b6ca,FlatX,founding_year,Unknown,proptech_startups_agent.csv,"[""https://ycombinator.com/companies/flatx""]",2026-08-30,A,preserved_source_assertion
ast-2aa2dadc2548,org-flatx-046b6ca,FlatX,hq_country,India,global_real_estate_pioneers_agent.csv,"[""https://ycombinator.com/companies/industry/real-estate-and-construction""]",2026-08-30,D,preserved_source_assertion
ast-a282f957fc7a,org-flatx-046b6ca,FlatX,hq_country,India,proptech_startups_agent.csv,"[""https://ycombinator.com/companies/flatx""]",2026-08-30,A,preserved_source_assertion
ast-ae92e88ac7ac,org-flatx-046b6ca,FlatX,maturity,Very early,proptech_startups_agent.csv,"[""https://ycombinator.com/companies/flatx""]",2026-08-30,A,preserved_source_assertion
ast-37e924a183a1,org-flatx-046b6ca,FlatX,primary_lifecycle,S/H,global_real_estate_pioneers_agent.csv,"[""https://ycombinator.com/companies/industry/real-estate-and-construction""]",2026-08-30,D,preserved_source_assertion
ast-4c968ef96fdb,org-flatx-046b6ca,FlatX,primary_lifecycle,Sales,proptech_startups_agent.csv,"[""https://ycombinator.com/companies/flatx""]",2026-08-30,A,preserved_source_assertion
ast-05459a576344,org-flatx-046b6ca,FlatX,relevance_tier,C,global_real_estate_pioneers_agent.csv,"[""https://ycombinator.com/companies/industry/real-estate-and-construction""]",2026-08-30,D,preserved_source_assertion
ast-2d6495c33c4d,org-flatx-046b6ca,FlatX,relevance_tier,B,proptech_startups_agent.csv,"[""https://ycombinator.com/companies/flatx""]",2026-08-30,A,preserved_source_assertion
ast-d796b9b3e12e,org-flatx-046b6ca,FlatX,secondary_lifecycle,Operations,proptech_startups_agent.csv,"[""https://ycombinator.com/companies/flatx""]",2026-08-30,A,preserved_source_assertion
ast-3ee1037a17cc,org-flatx-046b6ca,FlatX,status,watchlist,global_real_estate_pioneers_agent.csv,"[""https://ycombinator.com/companies/industry/real-estate-and-construction""]",2026-08-30,D,preserved_source_assertion
ast-877dba7c75b0,org-flatx-046b6ca,FlatX,status,Active,proptech_startups_agent.csv,"[""https://ycombinator.com/companies/flatx""]",2026-08-30,A,preserved_source_assertion
ast-0bec7cb3e2e6,org-flatx-046b6ca,FlatX,status_as_of,2026-08-30,proptech_startups_agent.csv,"[""https://ycombinator.com/companies/flatx""]",2026-08-30,A,preserved_source_assertion
ast-f853884bc366,org-flexdesk-024af53,FlexDesk,business_model,enterprise SaaS,coverage_gap_additions.csv,"[""https://ycombinator.com/companies/flexdesk""]",2026-08-30,A,preserved_source_assertion
ast-e2c26afa47fa,org-flexdesk-024af53,FlexDesk,canonical_url,https://www.ycombinator.com/companies/flexdesk,coverage_gap_additions.csv,"[""https://ycombinator.com/companies/flexdesk""]",2026-08-30,A,preserved_source_assertion
ast-ae0455aaab17,org-flexdesk-024af53,FlexDesk,category,AI corporate real-estate portfolio workflow,coverage_gap_additions.csv,"[""https://ycombinator.com/companies/flexdesk""]",2026-08-30,A,preserved_source_assertion
ast-c15778045714,org-flexdesk-024af53,FlexDesk,cohort_or_ecosystem,Y Combinator W2023,coverage_gap_additions.csv,"[""https://ycombinator.com/companies/flexdesk""]",2026-08-30,A,preserved_source_assertion
ast-0871b6e0f910,org-flexdesk-024af53,FlexDesk,entity_type,private startup,coverage_gap_additions.csv,"[""https://ycombinator.com/companies/flexdesk""]",2026-08-30,A,preserved_source_assertion
ast-d1e94ec1f612,org-flexdesk-024af53,FlexDesk,evidence_grade,A,coverage_gap_additions.csv,"[""https://ycombinator.com/companies/flexdesk""]",2026-08-30,A,preserved_source_assertion
ast-08f30dfaf086,org-flexdesk-024af53,FlexDesk,founding_year,2023,coverage_gap_additions.csv,"[""https://ycombinator.com/companies/flexdesk""]",2026-08-30,A,preserved_source_assertion
ast-f1a10b9213d7,org-flexdesk-024af53,FlexDesk,hq_country,United States,coverage_gap_additions.csv,"[""https://ycombinator.com/companies/flexdesk""]",2026-08-30,A,preserved_source_assertion
ast-b0efaa7a10cb,org-flexdesk-024af53,FlexDesk,maturity,early-growth,coverage_gap_additions.csv,"[""https://ycombinator.com/companies/flexdesk""]",2026-08-30,A,preserved_source_assertion
ast-5422eed7d811,org-flexdesk-024af53,FlexDesk,primary_lifecycle,L9 Portfolio,coverage_gap_additions.csv,"[""https://ycombinator.com/companies/flexdesk""]",2026-08-30,A,preserved_source_assertion
ast-fa64799608e1,org-flexdesk-024af53,FlexDesk,relevance_tier,B,coverage_gap_additions.csv,"[""https://ycombinator.com/companies/flexdesk""]",2026-08-30,A,preserved_source_assertion
ast-4dedc914572f,org-flexdesk-024af53,FlexDesk,secondary_lifecycle,L7 Occupancy,coverage_gap_additions.csv,"[""https://ycombinator.com/companies/flexdesk""]",2026-08-30,A,preserved_source_assertion
ast-cfbf7dae2a89,org-flexdesk-024af53,FlexDesk,status,active,coverage_gap_additions.csv,"[""https://ycombinator.com/companies/flexdesk""]",2026-08-30,A,preserved_source_assertion
ast-f38183eb6d77,org-flexdesk-024af53,FlexDesk,status_as_of,2026-08-30,coverage_gap_additions.csv,"[""https://ycombinator.com/companies/flexdesk""]",2026-08-30,A,preserved_source_assertion
ast-51ca9a4f5779,org-foundation-ec9624c,Foundation,business_model,SaaS,proptech_startups_agent.csv,"[""https://ycombinator.com/companies/foundation-2""]",2026-08-30,A,preserved_source_assertion
ast-3de7998f43dc,org-foundation-ec9624c,Foundation,canonical_url,https://www.ycombinator.com/companies/industry/real-estate-and-construction,global_real_estate_pioneers_agent.csv,"[""https://ycombinator.com/companies/industry/real-estate-and-construction""]",2026-08-30,D,preserved_source_assertion
ast-e1a2d621a5a7,org-foundation-ec9624c,Foundation,canonical_url,https://www.ycombinator.com/companies/foundation-2,proptech_startups_agent.csv,"[""https://ycombinator.com/companies/foundation-2""]",2026-08-30,A,preserved_source_assertion
ast-43ea0b723afb,org-foundation-ec9624c,Foundation,category,New-home buyer experience,proptech_startups_agent.csv,"[""https://ycombinator.com/companies/foundation-2""]",2026-08-30,A,preserved_source_assertion
ast-7217b9c69c27,org-foundation-ec9624c,Foundation,cohort_or_ecosystem,YC S2023,proptech_startups_agent.csv,"[""https://ycombinator.com/companies/foundation-2""]",2026-08-30,A,preserved_source_assertion
ast-29bcbba30803,org-foundation-ec9624c,Foundation,entity_type,YC homebuilder buyer-experience software,global_real_estate_pioneers_agent.csv,"[""https://ycombinator.com/companies/industry/real-estate-and-construction""]",2026-08-30,D,preserved_source_assertion
ast-44bbf8155e8b,org-foundation-ec9624c,Foundation,entity_type,Company,proptech_startups_agent.csv,"[""https://ycombinator.com/companies/foundation-2""]",2026-08-30,A,preserved_source_assertion
ast-80662d204694,org-foundation-ec9624c,Foundation,evidence_grade,A,proptech_startups_agent.csv,"[""https://ycombinator.com/companies/foundation-2""]",2026-08-30,A,preserved_source_assertion
ast-df478c34cfe1,org-foundation-ec9624c,Foundation,evidence_grade,D,global_real_estate_pioneers_agent.csv,"[""https://ycombinator.com/companies/industry/real-estate-and-construction""]",2026-08-30,D,preserved_source_assertion
ast-929bf94f6be6,org-foundation-ec9624c,Foundation,founding_year,Unknown,proptech_startups_agent.csv,"[""https://ycombinator.com/companies/foundation-2""]",2026-08-30,A,preserved_source_assertion
ast-708f855d1885,org-foundation-ec9624c,Foundation,hq_country,United States,global_real_estate_pioneers_agent.csv,"[""https://ycombinator.com/companies/industry/real-estate-and-construction""]",2026-08-30,D,preserved_source_assertion
ast-c486704fcc2b,org-foundation-ec9624c,Foundation,hq_country,United States,proptech_startups_agent.csv,"[""https://ycombinator.com/companies/foundation-2""]",2026-08-30,A,preserved_source_assertion
ast-dea3baaba362,org-foundation-ec9624c,Foundation,maturity,Early,proptech_startups_agent.csv,"[""https://ycombinator.com/companies/foundation-2""]",2026-08-30,A,preserved_source_assertion
ast-07973bbcb191,org-foundation-ec9624c,Foundation,primary_lifecycle,Sales,proptech_startups_agent.csv,"[""https://ycombinator.com/companies/foundation-2""]",2026-08-30,A,preserved_source_assertion
ast-1ff8cb897fcc,org-foundation-ec9624c,Foundation,primary_lifecycle,S/H,global_real_estate_pioneers_agent.csv,"[""https://ycombinator.com/companies/industry/real-estate-and-construction""]",2026-08-30,D,preserved_source_assertion
ast-7551a6e53dd7,org-foundation-ec9624c,Foundation,relevance_tier,A,proptech_startups_agent.csv,"[""https://ycombinator.com/companies/foundation-2""]",2026-08-30,A,preserved_source_assertion
ast-ad09d72b6b18,org-foundation-ec9624c,Foundation,relevance_tier,C,global_real_estate_pioneers_agent.csv,"[""https://ycombinator.com/companies/industry/real-estate-and-construction""]",2026-08-30,D,preserved_source_assertion
ast-3dc81a025713,org-foundation-ec9624c,Foundation,secondary_lifecycle,Operations,proptech_startups_agent.csv,"[""https://ycombinator.com/companies/foundation-2""]",2026-08-30,A,preserved_source_assertion
ast-4d2eb070658e,org-foundation-ec9624c,Foundation,status,Active,proptech_startups_agent.csv,"[""https://ycombinator.com/companies/foundation-2""]",2026-08-30,A,preserved_source_assertion
ast-d439b9113cba,org-foundation-ec9624c,Foundation,status,watchlist,global_real_estate_pioneers_agent.csv,"[""https://ycombinator.com/companies/industry/real-estate-and-construction""]",2026-08-30,D,preserved_source_assertion
ast-b543f59597f1,org-foundation-ec9624c,Foundation,status_as_of,2026-08-30,proptech_startups_agent.csv,"[""https://ycombinator.com/companies/foundation-2""]",2026-08-30,A,preserved_source_assertion
ast-b80d33351116,org-frasers-property-a09bfaa,Frasers Property,canonical_url,https://www.frasersproperty.com/,global_real_estate_pioneers_agent.csv,"[""https://frasersproperty.com/""]",2026-08-30,C,preserved_source_assertion
ast-f70e4574c69c,org-frasers-property-a09bfaa,Frasers Property,entity_type,developer owner operator REIT sponsor,global_real_estate_pioneers_agent.csv,"[""https://frasersproperty.com/""]",2026-08-30,C,preserved_source_assertion
ast-65c51e785b4b,org-frasers-property-a09bfaa,Frasers Property,evidence_grade,C,global_real_estate_pioneers_agent.csv,"[""https://frasersproperty.com/""]",2026-08-30,C,preserved_source_assertion
ast-073e58fe51db,org-frasers-property-a09bfaa,Frasers Property,hq_country,Singapore,global_real_estate_pioneers_agent.csv,"[""https://frasersproperty.com/""]",2026-08-30,C,preserved_source_assertion
ast-e747a3c1114d,org-frasers-property-a09bfaa,Frasers Property,primary_lifecycle,L/S/H/O/E,global_real_estate_pioneers_agent.csv,"[""https://frasersproperty.com/""]",2026-08-30,C,preserved_source_assertion
ast-9dfb7db2c27a,org-frasers-property-a09bfaa,Frasers Property,relevance_tier,B,global_real_estate_pioneers_agent.csv,"[""https://frasersproperty.com/""]",2026-08-30,C,preserved_source_assertion
ast-3ccc3d06fea7,org-frasers-property-a09bfaa,Frasers Property,status,active,global_real_estate_pioneers_agent.csv,"[""https://frasersproperty.com/""]",2026-08-30,C,preserved_source_assertion
ast-a50101544762,org-fresco-c724191,Fresco,canonical_url,https://www.ycombinator.com/companies/industry/real-estate-and-construction,global_real_estate_pioneers_agent.csv,"[""https://ycombinator.com/companies/industry/real-estate-and-construction""]",2026-08-30,D,preserved_source_assertion
ast-0984c3190d36,org-fresco-c724191,Fresco,entity_type,YC construction takeoff startup,global_real_estate_pioneers_agent.csv,"[""https://ycombinator.com/companies/industry/real-estate-and-construction""]",2026-08-30,D,preserved_source_assertion
ast-d7e3a7beff63,org-fresco-c724191,Fresco,evidence_grade,D,global_real_estate_pioneers_agent.csv,"[""https://ycombinator.com/companies/industry/real-estate-and-construction""]",2026-08-30,D,preserved_source_assertion
ast-8151739a994a,org-fresco-c724191,Fresco,hq_country,United States,global_real_estate_pioneers_agent.csv,"[""https://ycombinator.com/companies/industry/real-estate-and-construction""]",2026-08-30,D,preserved_source_assertion
ast-b18ab84d30e7,org-fresco-c724191,Fresco,primary_lifecycle,C,global_real_estate_pioneers_agent.csv,"[""https://ycombinator.com/companies/industry/real-estate-and-construction""]",2026-08-30,D,preserved_source_assertion
ast-bacd0c13b579,org-fresco-c724191,Fresco,relevance_tier,C,global_real_estate_pioneers_agent.csv,"[""https://ycombinator.com/companies/industry/real-estate-and-construction""]",2026-08-30,D,preserved_source_assertion
ast-6c0423fc701c,org-fresco-c724191,Fresco,status,watchlist,global_real_estate_pioneers_agent.csv,"[""https://ycombinator.com/companies/industry/real-estate-and-construction""]",2026-08-30,D,preserved_source_assertion
ast-d5609d43043c,org-funnel-leasing-6474af3,Funnel Leasing,business_model,SaaS subscription,startup_core_additions.csv,"[""https://funnelleasing.com/"",""https://funnelleasing.com/about"",""https://ret.vc/portfolio""]",2026-08-30,A,preserved_source_assertion
ast-5d741d5e1ddd,org-funnel-leasing-6474af3,Funnel Leasing,canonical_url,https://funnelleasing.com/,startup_core_additions.csv,"[""https://funnelleasing.com/"",""https://funnelleasing.com/about"",""https://ret.vc/portfolio""]",2026-08-30,A,preserved_source_assertion
ast-e1bc9fe0bb5a,org-funnel-leasing-6474af3,Funnel Leasing,category,multifamily renter-management and leasing CRM,startup_core_additions.csv,"[""https://funnelleasing.com/"",""https://funnelleasing.com/about"",""https://ret.vc/portfolio""]",2026-08-30,A,preserved_source_assertion
ast-de5cefbfabb5,org-funnel-leasing-6474af3,Funnel Leasing,cohort_or_ecosystem,RET Ventures,startup_core_additions.csv,"[""https://funnelleasing.com/"",""https://funnelleasing.com/about"",""https://ret.vc/portfolio""]",2026-08-30,A,preserved_source_assertion
ast-1d64d4b4c70f,org-funnel-leasing-6474af3,Funnel Leasing,entity_type,private company,startup_core_additions.csv,"[""https://funnelleasing.com/"",""https://funnelleasing.com/about"",""https://ret.vc/portfolio""]",2026-08-30,A,preserved_source_assertion
ast-3ab99914b2f6,org-funnel-leasing-6474af3,Funnel Leasing,evidence_grade,A,startup_core_additions.csv,"[""https://funnelleasing.com/"",""https://funnelleasing.com/about"",""https://ret.vc/portfolio""]",2026-08-30,A,preserved_source_assertion
ast-54473ea5f292,org-funnel-leasing-6474af3,Funnel Leasing,hq_country,United States,startup_core_additions.csv,"[""https://funnelleasing.com/"",""https://funnelleasing.com/about"",""https://ret.vc/portfolio""]",2026-08-30,A,preserved_source_assertion
ast-46478b5c36f1,org-funnel-leasing-6474af3,Funnel Leasing,maturity,scaleup,startup_core_additions.csv,"[""https://funnelleasing.com/"",""https://funnelleasing.com/about"",""https://ret.vc/portfolio""]",2026-08-30,A,preserved_source_assertion
ast-905bf146cdff,org-funnel-leasing-6474af3,Funnel Leasing,primary_lifecycle,L6 Marketing/sales,startup_core_additions.csv,"[""https://funnelleasing.com/"",""https://funnelleasing.com/about"",""https://ret.vc/portfolio""]",2026-08-30,A,preserved_source_assertion
ast-244e230e6d7a,org-funnel-leasing-6474af3,Funnel Leasing,relevance_tier,A,startup_core_additions.csv,"[""https://funnelleasing.com/"",""https://funnelleasing.com/about"",""https://ret.vc/portfolio""]",2026-08-30,A,preserved_source_assertion
ast-e18ed10893b3,org-funnel-leasing-6474af3,Funnel Leasing,secondary_lifecycle,L8 Property operations,startup_core_additions.csv,"[""https://funnelleasing.com/"",""https://funnelleasing.com/about"",""https://ret.vc/portfolio""]",2026-08-30,A,preserved_source_assertion
ast-a6482d0ab6dd,org-funnel-leasing-6474af3,Funnel Leasing,status,active,startup_core_additions.csv,"[""https://funnelleasing.com/"",""https://funnelleasing.com/about"",""https://ret.vc/portfolio""]",2026-08-30,A,preserved_source_assertion
ast-7ffb4c80eb49,org-funnel-leasing-6474af3,Funnel Leasing,status_as_of,2026-08-30,startup_core_additions.csv,"[""https://funnelleasing.com/"",""https://funnelleasing.com/about"",""https://ret.vc/portfolio""]",2026-08-30,A,preserved_source_assertion
ast-58e5b25de080,org-ga-technologies-renosy-af2b82d,GA-Technologies-RENOSY,business_model,transactions-subscriptions-SaaS,regional_companies_agent.csv,"[""https://edinetdb.jp/company/E34177/text?fy=2024"",""https://ga-tech.co.jp/en"",""https://ga-tech.co.jp/en/company/history""]",2026-08-30,A,preserved_source_assertion
ast-58e0a1cfdf15,org-ga-technologies-renosy-af2b82d,GA-Technologies-RENOSY,canonical_url,https://www.ga-tech.co.jp/en/,regional_companies_agent.csv,"[""https://edinetdb.jp/company/E34177/text?fy=2024"",""https://ga-tech.co.jp/en"",""https://ga-tech.co.jp/en/company/history""]",2026-08-30,A,preserved_source_assertion
ast-fa99b98962b9,org-ga-technologies-renosy-af2b82d,GA-Technologies-RENOSY,category,integrated-real-estate-tech,regional_companies_agent.csv,"[""https://edinetdb.jp/company/E34177/text?fy=2024"",""https://ga-tech.co.jp/en"",""https://ga-tech.co.jp/en/company/history""]",2026-08-30,A,preserved_source_assertion
ast-fb50ddcc84e1,org-ga-technologies-renosy-af2b82d,GA-Technologies-RENOSY,cohort_or_ecosystem,Tokyo-Stock-Exchange-RENOSY-ITANDI,regional_companies_agent.csv,"[""https://edinetdb.jp/company/E34177/text?fy=2024"",""https://ga-tech.co.jp/en"",""https://ga-tech.co.jp/en/company/history""]",2026-08-30,A,preserved_source_assertion
ast-517001e25391,org-ga-technologies-renosy-af2b82d,GA-Technologies-RENOSY,entity_type,public-company,regional_companies_agent.csv,"[""https://edinetdb.jp/company/E34177/text?fy=2024"",""https://ga-tech.co.jp/en"",""https://ga-tech.co.jp/en/company/history""]",2026-08-30,A,preserved_source_assertion
ast-3c7a7d621399,org-ga-technologies-renosy-af2b82d,GA-Technologies-RENOSY,evidence_grade,A,regional_companies_agent.csv,"[""https://edinetdb.jp/company/E34177/text?fy=2024"",""https://ga-tech.co.jp/en"",""https://ga-tech.co.jp/en/company/history""]",2026-08-30,A,preserved_source_assertion
ast-13d08c557124,org-ga-technologies-renosy-af2b82d,GA-Technologies-RENOSY,founding_year,2013,regional_companies_agent.csv,"[""https://edinetdb.jp/company/E34177/text?fy=2024"",""https://ga-tech.co.jp/en"",""https://ga-tech.co.jp/en/company/history""]",2026-08-30,A,preserved_source_assertion
ast-48b727ac8154,org-ga-technologies-renosy-af2b82d,GA-Technologies-RENOSY,hq_country,Japan,regional_companies_agent.csv,"[""https://edinetdb.jp/company/E34177/text?fy=2024"",""https://ga-tech.co.jp/en"",""https://ga-tech.co.jp/en/company/history""]",2026-08-30,A,preserved_source_assertion
ast-346c0a1ab59d,org-ga-technologies-renosy-af2b82d,GA-Technologies-RENOSY,maturity,scale,regional_companies_agent.csv,"[""https://edinetdb.jp/company/E34177/text?fy=2024"",""https://ga-tech.co.jp/en"",""https://ga-tech.co.jp/en/company/history""]",2026-08-30,A,preserved_source_assertion
ast-f98998039ea9,org-ga-technologies-renosy-af2b82d,GA-Technologies-RENOSY,primary_lifecycle,online-property-investment,regional_companies_agent.csv,"[""https://edinetdb.jp/company/E34177/text?fy=2024"",""https://ga-tech.co.jp/en"",""https://ga-tech.co.jp/en/company/history""]",2026-08-30,A,preserved_source_assertion
ast-b5c93b5c6481,org-ga-technologies-renosy-af2b82d,GA-Technologies-RENOSY,relevance_tier,A,regional_companies_agent.csv,"[""https://edinetdb.jp/company/E34177/text?fy=2024"",""https://ga-tech.co.jp/en"",""https://ga-tech.co.jp/en/company/history""]",2026-08-30,A,preserved_source_assertion
ast-604add32f5ba,org-ga-technologies-renosy-af2b82d,GA-Technologies-RENOSY,secondary_lifecycle,asset-management-rental-AI-valuation,regional_companies_agent.csv,"[""https://edinetdb.jp/company/E34177/text?fy=2024"",""https://ga-tech.co.jp/en"",""https://ga-tech.co.jp/en/company/history""]",2026-08-30,A,preserved_source_assertion
ast-e56ccbe38be1,org-ga-technologies-renosy-af2b82d,GA-Technologies-RENOSY,status,active-listed,regional_companies_agent.csv,"[""https://edinetdb.jp/company/E34177/text?fy=2024"",""https://ga-tech.co.jp/en"",""https://ga-tech.co.jp/en/company/history""]",2026-08-30,A,preserved_source_assertion
ast-fc354241cb7e,org-ga-technologies-renosy-af2b82d,GA-Technologies-RENOSY,status_as_of,2026-08-30,regional_companies_agent.csv,"[""https://edinetdb.jp/company/E34177/text?fy=2024"",""https://ga-tech.co.jp/en"",""https://ga-tech.co.jp/en/company/history""]",2026-08-30,A,preserved_source_assertion
ast-04aa02561969,org-gic-09508e5,GIC,canonical_url,https://www.gic.com.sg/,global_real_estate_pioneers_agent.csv,"[""https://gic.com.sg/""]",2026-08-30,C,preserved_source_assertion
ast-f04a28f8ddb1,org-gic-09508e5,GIC,entity_type,sovereign institutional investor,global_real_estate_pioneers_agent.csv,"[""https://gic.com.sg/""]",2026-08-30,C,preserved_source_assertion
ast-35c06b0a3f4d,org-gic-09508e5,GIC,evidence_grade,C,global_real_estate_pioneers_agent.csv,"[""https://gic.com.sg/""]",2026-08-30,C,preserved_source_assertion
ast-6ac68ad5ae7c,org-gic-09508e5,GIC,hq_country,Singapore,global_real_estate_pioneers_agent.csv,"[""https://gic.com.sg/""]",2026-08-30,C,preserved_source_assertion
ast-7e72fca17ab7,org-gic-09508e5,GIC,primary_lifecycle,F/E,global_real_estate_pioneers_agent.csv,"[""https://gic.com.sg/""]",2026-08-30,C,preserved_source_assertion
ast-2f1968a164e3,org-gic-09508e5,GIC,relevance_tier,B,global_real_estate_pioneers_agent.csv,"[""https://gic.com.sg/""]",2026-08-30,C,preserved_source_assertion
ast-41d3fd3dccb1,org-gic-09508e5,GIC,status,active,global_real_estate_pioneers_agent.csv,"[""https://gic.com.sg/""]",2026-08-30,C,preserved_source_assertion
ast-75ac78a89341,org-gigaton-140a05c,Gigaton,business_model,SaaS plus industrial deployment,startup_core_additions.csv,"[""https://2150.vc/investments/gigaton"",""https://gigaton.co/"",""https://gigaton.co/product""]",2026-08-30,A,preserved_source_assertion
ast-26aabc037477,org-gigaton-140a05c,Gigaton,canonical_url,https://gigaton.co/,startup_core_additions.csv,"[""https://2150.vc/investments/gigaton"",""https://gigaton.co/"",""https://gigaton.co/product""]",2026-08-30,A,preserved_source_assertion
ast-56072449ac32,org-gigaton-140a05c,Gigaton,category,AI control and decarbonization of cement plants,startup_core_additions.csv,"[""https://2150.vc/investments/gigaton"",""https://gigaton.co/"",""https://gigaton.co/product""]",2026-08-30,A,preserved_source_assertion
ast-e86e0590537d,org-gigaton-140a05c,Gigaton,cohort_or_ecosystem,2150,startup_core_additions.csv,"[""https://2150.vc/investments/gigaton"",""https://gigaton.co/"",""https://gigaton.co/product""]",2026-08-30,A,preserved_source_assertion
ast-9e253c80f6d2,org-gigaton-140a05c,Gigaton,entity_type,private company,startup_core_additions.csv,"[""https://2150.vc/investments/gigaton"",""https://gigaton.co/"",""https://gigaton.co/product""]",2026-08-30,A,preserved_source_assertion
ast-9b4c703899a8,org-gigaton-140a05c,Gigaton,evidence_grade,A,startup_core_additions.csv,"[""https://2150.vc/investments/gigaton"",""https://gigaton.co/"",""https://gigaton.co/product""]",2026-08-30,A,preserved_source_assertion
ast-bfd56b2ecbeb,org-gigaton-140a05c,Gigaton,hq_country,United Kingdom,startup_core_additions.csv,"[""https://2150.vc/investments/gigaton"",""https://gigaton.co/"",""https://gigaton.co/product""]",2026-08-30,A,preserved_source_assertion
ast-118375fa6999,org-gigaton-140a05c,Gigaton,maturity,scaleup,startup_core_additions.csv,"[""https://2150.vc/investments/gigaton"",""https://gigaton.co/"",""https://gigaton.co/product""]",2026-08-30,A,preserved_source_assertion
ast-f7a75762f49e,org-gigaton-140a05c,Gigaton,primary_lifecycle,L5 Construction,startup_core_additions.csv,"[""https://2150.vc/investments/gigaton"",""https://gigaton.co/"",""https://gigaton.co/product""]",2026-08-30,A,preserved_source_assertion
ast-4bf5387735a9,org-gigaton-140a05c,Gigaton,relevance_tier,A,startup_core_additions.csv,"[""https://2150.vc/investments/gigaton"",""https://gigaton.co/"",""https://gigaton.co/product""]",2026-08-30,A,preserved_source_assertion
ast-5324120ac6e5,org-gigaton-140a05c,Gigaton,secondary_lifecycle,L10 Climate/energy,startup_core_additions.csv,"[""https://2150.vc/investments/gigaton"",""https://gigaton.co/"",""https://gigaton.co/product""]",2026-08-30,A,preserved_source_assertion
ast-74d61625d61e,org-gigaton-140a05c,Gigaton,status,active,startup_core_additions.csv,"[""https://2150.vc/investments/gigaton"",""https://gigaton.co/"",""https://gigaton.co/product""]",2026-08-30,A,preserved_source_assertion
ast-ef5ab9f88a04,org-gigaton-140a05c,Gigaton,status_as_of,2026-08-30,startup_core_additions.csv,"[""https://2150.vc/investments/gigaton"",""https://gigaton.co/"",""https://gigaton.co/product""]",2026-08-30,A,preserved_source_assertion
ast-abbf54316ae9,org-godrej-properties-b4130e4,Godrej Properties,canonical_url,https://www.godrejproperties.com/,global_real_estate_pioneers_agent.csv,"[""https://godrejindustries.com/public/uploads/subsidiaries_accounts/gpl-integrated-report-2024-25-jWKrCcH3RaISAacZufU.pdf"",""https://godrejproperties.com/"",""https://godrejproperties.com/investors/investor-information""]",2026-08-30,A,preserved_source_assertion
ast-106b8aaac5b2,org-godrej-properties-b4130e4,Godrej Properties,entity_type,residential commercial developer,global_real_estate_pioneers_agent.csv,"[""https://godrejindustries.com/public/uploads/subsidiaries_accounts/gpl-integrated-report-2024-25-jWKrCcH3RaISAacZufU.pdf"",""https://godrejproperties.com/"",""https://godrejproperties.com/investors/investor-information""]",2026-08-30,A,preserved_source_assertion
ast-6f70e602a2b7,org-godrej-properties-b4130e4,Godrej Properties,evidence_grade,A,global_real_estate_pioneers_agent.csv,"[""https://godrejindustries.com/public/uploads/subsidiaries_accounts/gpl-integrated-report-2024-25-jWKrCcH3RaISAacZufU.pdf"",""https://godrejproperties.com/"",""https://godrejproperties.com/investors/investor-information""]",2026-08-30,A,preserved_source_assertion
ast-cdc8cb556a61,org-godrej-properties-b4130e4,Godrej Properties,hq_country,India,global_real_estate_pioneers_agent.csv,"[""https://godrejindustries.com/public/uploads/subsidiaries_accounts/gpl-integrated-report-2024-25-jWKrCcH3RaISAacZufU.pdf"",""https://godrejproperties.com/"",""https://godrejproperties.com/investors/investor-information""]",2026-08-30,A,preserved_source_assertion
ast-71b5719dee24,org-godrej-properties-b4130e4,Godrej Properties,primary_lifecycle,D/S/H/O/E,global_real_estate_pioneers_agent.csv,"[""https://godrejindustries.com/public/uploads/subsidiaries_accounts/gpl-integrated-report-2024-25-jWKrCcH3RaISAacZufU.pdf"",""https://godrejproperties.com/"",""https://godrejproperties.com/investors/investor-information""]",2026-08-30,A,preserved_source_assertion
ast-31c5d389f8ee,org-godrej-properties-b4130e4,Godrej Properties,relevance_tier,A,global_real_estate_pioneers_agent.csv,"[""https://godrejindustries.com/public/uploads/subsidiaries_accounts/gpl-integrated-report-2024-25-jWKrCcH3RaISAacZufU.pdf"",""https://godrejproperties.com/"",""https://godrejproperties.com/investors/investor-information""]",2026-08-30,A,preserved_source_assertion
ast-19397ecaec89,org-godrej-properties-b4130e4,Godrej Properties,status,active,global_real_estate_pioneers_agent.csv,"[""https://godrejindustries.com/public/uploads/subsidiaries_accounts/gpl-integrated-report-2024-25-jWKrCcH3RaISAacZufU.pdf"",""https://godrejproperties.com/"",""https://godrejproperties.com/investors/investor-information""]",2026-08-30,A,preserved_source_assertion
ast-53d74c31cf87,org-gojom-1727459,GoJom,business_model,marketplace and transaction fees,coverage_gap_additions.csv,"[""https://ycombinator.com/companies/gojom""]",2026-08-30,A,preserved_source_assertion
ast-c953161df94f,org-gojom-1727459,GoJom,canonical_url,https://www.ycombinator.com/companies/gojom,coverage_gap_additions.csv,"[""https://ycombinator.com/companies/gojom""]",2026-08-30,A,preserved_source_assertion
ast-1521c55e36e4,org-gojom-1727459,GoJom,category,one-stop real-estate marketplace and transaction services,coverage_gap_additions.csv,"[""https://ycombinator.com/companies/gojom""]",2026-08-30,A,preserved_source_assertion
ast-aa68286a4746,org-gojom-1727459,GoJom,cohort_or_ecosystem,Y Combinator W2022,coverage_gap_additions.csv,"[""https://ycombinator.com/companies/gojom""]",2026-08-30,A,preserved_source_assertion
ast-66560dfbb882,org-gojom-1727459,GoJom,entity_type,private startup,coverage_gap_additions.csv,"[""https://ycombinator.com/companies/gojom""]",2026-08-30,A,preserved_source_assertion
ast-5f4d328ad0c4,org-gojom-1727459,GoJom,evidence_grade,A,coverage_gap_additions.csv,"[""https://ycombinator.com/companies/gojom""]",2026-08-30,A,preserved_source_assertion
ast-f8b6ec34e99c,org-gojom-1727459,GoJom,founding_year,2022,coverage_gap_additions.csv,"[""https://ycombinator.com/companies/gojom""]",2026-08-30,A,preserved_source_assertion
ast-454d83b45f38,org-gojom-1727459,GoJom,hq_country,Peru,coverage_gap_additions.csv,"[""https://ycombinator.com/companies/gojom""]",2026-08-30,A,preserved_source_assertion
ast-885cd4ef794e,org-gojom-1727459,GoJom,maturity,early-growth,coverage_gap_additions.csv,"[""https://ycombinator.com/companies/gojom""]",2026-08-30,A,preserved_source_assertion
ast-ba4fab4e3f10,org-gojom-1727459,GoJom,primary_lifecycle,L6 Marketing/sales,coverage_gap_additions.csv,"[""https://ycombinator.com/companies/gojom""]",2026-08-30,A,preserved_source_assertion
ast-56d92f738d43,org-gojom-1727459,GoJom,relevance_tier,B,coverage_gap_additions.csv,"[""https://ycombinator.com/companies/gojom""]",2026-08-30,A,preserved_source_assertion
ast-6c6b30d030e6,org-gojom-1727459,GoJom,secondary_lifecycle,L3 Capital/finance/L7 Occupancy,coverage_gap_additions.csv,"[""https://ycombinator.com/companies/gojom""]",2026-08-30,A,preserved_source_assertion
ast-95fe39a407c0,org-gojom-1727459,GoJom,status,active,coverage_gap_additions.csv,"[""https://ycombinator.com/companies/gojom""]",2026-08-30,A,preserved_source_assertion
ast-8e9c961d3f59,org-gojom-1727459,GoJom,status_as_of,2026-08-30,coverage_gap_additions.csv,"[""https://ycombinator.com/companies/gojom""]",2026-08-30,A,preserved_source_assertion
ast-2d8359d0653e,org-goldbridge-afb37b0,Goldbridge,business_model,Fintech/AI,proptech_startups_agent.csv,"[""https://ycombinator.com/companies/goldbridge""]",2026-08-30,A,preserved_source_assertion
ast-f4089d54d605,org-goldbridge-afb37b0,Goldbridge,canonical_url,https://www.ycombinator.com/companies/goldbridge,proptech_startups_agent.csv,"[""https://ycombinator.com/companies/goldbridge""]",2026-08-30,A,preserved_source_assertion
ast-bae72ed6bcc5,org-goldbridge-afb37b0,Goldbridge,category,Owner banking AI,proptech_startups_agent.csv,"[""https://ycombinator.com/companies/goldbridge""]",2026-08-30,A,preserved_source_assertion
ast-80ecf90391f3,org-goldbridge-afb37b0,Goldbridge,cohort_or_ecosystem,YC F2025,proptech_startups_agent.csv,"[""https://ycombinator.com/companies/goldbridge""]",2026-08-30,A,preserved_source_assertion
ast-f9cc3481088c,org-goldbridge-afb37b0,Goldbridge,entity_type,Company,proptech_startups_agent.csv,"[""https://ycombinator.com/companies/goldbridge""]",2026-08-30,A,preserved_source_assertion
ast-71d0a5dce618,org-goldbridge-afb37b0,Goldbridge,evidence_grade,A,proptech_startups_agent.csv,"[""https://ycombinator.com/companies/goldbridge""]",2026-08-30,A,preserved_source_assertion
ast-adfa172c2933,org-goldbridge-afb37b0,Goldbridge,founding_year,Unknown,proptech_startups_agent.csv,"[""https://ycombinator.com/companies/goldbridge""]",2026-08-30,A,preserved_source_assertion
ast-1af1c1dda5c0,org-goldbridge-afb37b0,Goldbridge,hq_country,United States,proptech_startups_agent.csv,"[""https://ycombinator.com/companies/goldbridge""]",2026-08-30,A,preserved_source_assertion
ast-6ae05c8d3e9e,org-goldbridge-afb37b0,Goldbridge,maturity,Very early,proptech_startups_agent.csv,"[""https://ycombinator.com/companies/goldbridge""]",2026-08-30,A,preserved_source_assertion
ast-33faf646f837,org-goldbridge-afb37b0,Goldbridge,primary_lifecycle,Finance,proptech_startups_agent.csv,"[""https://ycombinator.com/companies/goldbridge""]",2026-08-30,A,preserved_source_assertion
ast-a360330d30a7,org-goldbridge-afb37b0,Goldbridge,relevance_tier,B,proptech_startups_agent.csv,"[""https://ycombinator.com/companies/goldbridge""]",2026-08-30,A,preserved_source_assertion
ast-8ea8e6e88785,org-goldbridge-afb37b0,Goldbridge,secondary_lifecycle,Operations,proptech_startups_agent.csv,"[""https://ycombinator.com/companies/goldbridge""]",2026-08-30,A,preserved_source_assertion
ast-5272aedd70fa,org-goldbridge-afb37b0,Goldbridge,status,Active,proptech_startups_agent.csv,"[""https://ycombinator.com/companies/goldbridge""]",2026-08-30,A,preserved_source_assertion
ast-97a9ffa64d0b,org-goldbridge-afb37b0,Goldbridge,status_as_of,2026-08-30,proptech_startups_agent.csv,"[""https://ycombinator.com/companies/goldbridge""]",2026-08-30,A,preserved_source_assertion
ast-2700fc3e3bf9,org-goodman-56241ae,Goodman,canonical_url,https://www.goodman.com/,global_real_estate_pioneers_agent.csv,"[""https://goodman.com/""]",2026-08-30,C,preserved_source_assertion
ast-392c4c3880c9,org-goodman-56241ae,Goodman,entity_type,logistics industrial data-centre owner developer,global_real_estate_pioneers_agent.csv,"[""https://goodman.com/""]",2026-08-30,C,preserved_source_assertion
ast-99f6ba35b4e3,org-goodman-56241ae,Goodman,evidence_grade,C,global_real_estate_pioneers_agent.csv,"[""https://goodman.com/""]",2026-08-30,C,preserved_source_assertion
ast-d2ea815d3bc7,org-goodman-56241ae,Goodman,hq_country,Australia,global_real_estate_pioneers_agent.csv,"[""https://goodman.com/""]",2026-08-30,C,preserved_source_assertion
ast-04381222a2e1,org-goodman-56241ae,Goodman,primary_lifecycle,L/O/E,global_real_estate_pioneers_agent.csv,"[""https://goodman.com/""]",2026-08-30,C,preserved_source_assertion
ast-a991e8460ff7,org-goodman-56241ae,Goodman,relevance_tier,B,global_real_estate_pioneers_agent.csv,"[""https://goodman.com/""]",2026-08-30,C,preserved_source_assertion
ast-f4a64f375bd2,org-goodman-56241ae,Goodman,status,active,global_real_estate_pioneers_agent.csv,"[""https://goodman.com/""]",2026-08-30,C,preserved_source_assertion
ast-fe0b5432b76a,org-gravis-robotics-e4d6d83,Gravis Robotics,business_model,hardware plus software,startup_core_additions.csv,"[""https://cemexventures.com/top-50-2025"",""https://gravisrobotics.com/"",""https://zacuaventures.com/portfolio""]",2026-08-30,A,preserved_source_assertion
ast-0a25d34d6690,org-gravis-robotics-e4d6d83,Gravis Robotics,canonical_url,https://www.gravisrobotics.com/,startup_core_additions.csv,"[""https://cemexventures.com/top-50-2025"",""https://gravisrobotics.com/"",""https://zacuaventures.com/portfolio""]",2026-08-30,A,preserved_source_assertion
ast-28ea037b1bf8,org-gravis-robotics-e4d6d83,Gravis Robotics,category,robotic retrofit for earthmoving equipment,startup_core_additions.csv,"[""https://cemexventures.com/top-50-2025"",""https://gravisrobotics.com/"",""https://zacuaventures.com/portfolio""]",2026-08-30,A,preserved_source_assertion
ast-a81a17c89e49,org-gravis-robotics-e4d6d83,Gravis Robotics,cohort_or_ecosystem,Zacua Ventures; CEMEX Ventures Construction Startup Competition Top 50 2025,startup_core_additions.csv,"[""https://cemexventures.com/top-50-2025"",""https://gravisrobotics.com/"",""https://zacuaventures.com/portfolio""]",2026-08-30,A,preserved_source_assertion
ast-a21c80014651,org-gravis-robotics-e4d6d83,Gravis Robotics,entity_type,private company,startup_core_additions.csv,"[""https://cemexventures.com/top-50-2025"",""https://gravisrobotics.com/"",""https://zacuaventures.com/portfolio""]",2026-08-30,A,preserved_source_assertion
ast-787d031d3356,org-gravis-robotics-e4d6d83,Gravis Robotics,evidence_grade,A,startup_core_additions.csv,"[""https://cemexventures.com/top-50-2025"",""https://gravisrobotics.com/"",""https://zacuaventures.com/portfolio""]",2026-08-30,A,preserved_source_assertion
ast-c607ea460b66,org-gravis-robotics-e4d6d83,Gravis Robotics,hq_country,Switzerland,startup_core_additions.csv,"[""https://cemexventures.com/top-50-2025"",""https://gravisrobotics.com/"",""https://zacuaventures.com/portfolio""]",2026-08-30,A,preserved_source_assertion
ast-1abaf36aadb6,org-gravis-robotics-e4d6d83,Gravis Robotics,maturity,scaleup,startup_core_additions.csv,"[""https://cemexventures.com/top-50-2025"",""https://gravisrobotics.com/"",""https://zacuaventures.com/portfolio""]",2026-08-30,A,preserved_source_assertion
ast-54e8bc08d60b,org-gravis-robotics-e4d6d83,Gravis Robotics,primary_lifecycle,L5 Construction,startup_core_additions.csv,"[""https://cemexventures.com/top-50-2025"",""https://gravisrobotics.com/"",""https://zacuaventures.com/portfolio""]",2026-08-30,A,preserved_source_assertion
ast-4c35cf2c8b1a,org-gravis-robotics-e4d6d83,Gravis Robotics,relevance_tier,A,startup_core_additions.csv,"[""https://cemexventures.com/top-50-2025"",""https://gravisrobotics.com/"",""https://zacuaventures.com/portfolio""]",2026-08-30,A,preserved_source_assertion
ast-6d483b2cd1f0,org-gravis-robotics-e4d6d83,Gravis Robotics,secondary_lifecycle,L10 Climate/energy,startup_core_additions.csv,"[""https://cemexventures.com/top-50-2025"",""https://gravisrobotics.com/"",""https://zacuaventures.com/portfolio""]",2026-08-30,A,preserved_source_assertion
ast-908d55ec6d81,org-gravis-robotics-e4d6d83,Gravis Robotics,status,active,startup_core_additions.csv,"[""https://cemexventures.com/top-50-2025"",""https://gravisrobotics.com/"",""https://zacuaventures.com/portfolio""]",2026-08-30,A,preserved_source_assertion
ast-7ce0453a604c,org-gravis-robotics-e4d6d83,Gravis Robotics,status_as_of,2026-08-30,startup_core_additions.csv,"[""https://cemexventures.com/top-50-2025"",""https://gravisrobotics.com/"",""https://zacuaventures.com/portfolio""]",2026-08-30,A,preserved_source_assertion
ast-2bd69fef89e3,org-greystar-19b2aa9,Greystar,canonical_url,https://www.greystar.com/,global_real_estate_pioneers_agent.csv,"[""https://greystar.com/""]",2026-08-30,C,preserved_source_assertion
ast-000d112b82e0,org-greystar-19b2aa9,Greystar,entity_type,multifamily owner operator developer,global_real_estate_pioneers_agent.csv,"[""https://greystar.com/""]",2026-08-30,C,preserved_source_assertion
ast-32f7c4a69cc5,org-greystar-19b2aa9,Greystar,evidence_grade,C,global_real_estate_pioneers_agent.csv,"[""https://greystar.com/""]",2026-08-30,C,preserved_source_assertion
ast-c5617980eb66,org-greystar-19b2aa9,Greystar,hq_country,United States,global_real_estate_pioneers_agent.csv,"[""https://greystar.com/""]",2026-08-30,C,preserved_source_assertion
ast-a2ac2f1c5065,org-greystar-19b2aa9,Greystar,primary_lifecycle,S/H/O/F,global_real_estate_pioneers_agent.csv,"[""https://greystar.com/""]",2026-08-30,C,preserved_source_assertion
ast-aa2fd45870a8,org-greystar-19b2aa9,Greystar,relevance_tier,B,global_real_estate_pioneers_agent.csv,"[""https://greystar.com/""]",2026-08-30,C,preserved_source_assertion
ast-339fd2a84dfb,org-greystar-19b2aa9,Greystar,status,active,global_real_estate_pioneers_agent.csv,"[""https://greystar.com/""]",2026-08-30,C,preserved_source_assertion
ast-ab6525e63ef7,org-growthpoint-properties-2bd3863,Growthpoint Properties,business_model,"retail, office, logistics, healthcare, student, mixed-use, smart meters and predictive maintenance",operator_coverage_additions.csv,"[""https://growthpoint.co.za/"",""https://growthpoint.co.za/pressoffice/growth-trajectory"",""https://growthpoint.co.za/wp-content/uploads/2025/10/2025-Environmental-Social-and-Governance-Report.pdf"",""https://sharedata.co.za/v2/Scripts/Glossies.aspx?c=GRT""]",2026-08-30,B,preserved_source_assertion
ast-30b40abefd9a,org-growthpoint-properties-2bd3863,Growthpoint Properties,canonical_url,https://growthpoint.co.za/,operator_coverage_additions.csv,"[""https://growthpoint.co.za/"",""https://growthpoint.co.za/pressoffice/growth-trajectory"",""https://growthpoint.co.za/wp-content/uploads/2025/10/2025-Environmental-Social-and-Governance-Report.pdf"",""https://sharedata.co.za/v2/Scripts/Glossies.aspx?c=GRT""]",2026-08-30,B,preserved_source_assertion
ast-b7cf10efbd53,org-growthpoint-properties-2bd3863,Growthpoint Properties,category,African diversified REIT and asset manager,operator_coverage_additions.csv,"[""https://growthpoint.co.za/"",""https://growthpoint.co.za/pressoffice/growth-trajectory"",""https://growthpoint.co.za/wp-content/uploads/2025/10/2025-Environmental-Social-and-Governance-Report.pdf"",""https://sharedata.co.za/v2/Scripts/Glossies.aspx?c=GRT""]",2026-08-30,B,preserved_source_assertion
ast-7a890ce1d947,org-growthpoint-properties-2bd3863,Growthpoint Properties,cohort_or_ecosystem,Independent,operator_coverage_additions.csv,"[""https://growthpoint.co.za/"",""https://growthpoint.co.za/pressoffice/growth-trajectory"",""https://growthpoint.co.za/wp-content/uploads/2025/10/2025-Environmental-Social-and-Governance-Report.pdf"",""https://sharedata.co.za/v2/Scripts/Glossies.aspx?c=GRT""]",2026-08-30,B,preserved_source_assertion
ast-f59cd706c9a6,org-growthpoint-properties-2bd3863,Growthpoint Properties,entity_type,"REIT, owner/operator and funds manager",operator_coverage_additions.csv,"[""https://growthpoint.co.za/"",""https://growthpoint.co.za/pressoffice/growth-trajectory"",""https://growthpoint.co.za/wp-content/uploads/2025/10/2025-Environmental-Social-and-Governance-Report.pdf"",""https://sharedata.co.za/v2/Scripts/Glossies.aspx?c=GRT""]",2026-08-30,B,preserved_source_assertion
ast-a482b2d5f3bd,org-growthpoint-properties-2bd3863,Growthpoint Properties,evidence_grade,B,operator_coverage_additions.csv,"[""https://growthpoint.co.za/"",""https://growthpoint.co.za/pressoffice/growth-trajectory"",""https://growthpoint.co.za/wp-content/uploads/2025/10/2025-Environmental-Social-and-Governance-Report.pdf"",""https://sharedata.co.za/v2/Scripts/Glossies.aspx?c=GRT""]",2026-08-30,B,preserved_source_assertion
ast-22a445daa68c,org-growthpoint-properties-2bd3863,Growthpoint Properties,founding_year,1987,operator_coverage_additions.csv,"[""https://growthpoint.co.za/"",""https://growthpoint.co.za/pressoffice/growth-trajectory"",""https://growthpoint.co.za/wp-content/uploads/2025/10/2025-Environmental-Social-and-Governance-Report.pdf"",""https://sharedata.co.za/v2/Scripts/Glossies.aspx?c=GRT""]",2026-08-30,B,preserved_source_assertion
ast-c800e7af7a47,org-growthpoint-properties-2bd3863,Growthpoint Properties,hq_country,South Africa,operator_coverage_additions.csv,"[""https://growthpoint.co.za/"",""https://growthpoint.co.za/pressoffice/growth-trajectory"",""https://growthpoint.co.za/wp-content/uploads/2025/10/2025-Environmental-Social-and-Governance-Report.pdf"",""https://sharedata.co.za/v2/Scripts/Glossies.aspx?c=GRT""]",2026-08-30,B,preserved_source_assertion
ast-a4970c536fd8,org-growthpoint-properties-2bd3863,Growthpoint Properties,maturity,scale operator,operator_coverage_additions.csv,"[""https://growthpoint.co.za/"",""https://growthpoint.co.za/pressoffice/growth-trajectory"",""https://growthpoint.co.za/wp-content/uploads/2025/10/2025-Environmental-Social-and-Governance-Report.pdf"",""https://sharedata.co.za/v2/Scripts/Glossies.aspx?c=GRT""]",2026-08-30,B,preserved_source_assertion
ast-1e757bf542b9,org-growthpoint-properties-2bd3863,Growthpoint Properties,primary_lifecycle,L/S/H/O/E,operator_coverage_additions.csv,"[""https://growthpoint.co.za/"",""https://growthpoint.co.za/pressoffice/growth-trajectory"",""https://growthpoint.co.za/wp-content/uploads/2025/10/2025-Environmental-Social-and-Governance-Report.pdf"",""https://sharedata.co.za/v2/Scripts/Glossies.aspx?c=GRT""]",2026-08-30,B,preserved_source_assertion
ast-3318694deb78,org-growthpoint-properties-2bd3863,Growthpoint Properties,relevance_tier,B,operator_coverage_additions.csv,"[""https://growthpoint.co.za/"",""https://growthpoint.co.za/pressoffice/growth-trajectory"",""https://growthpoint.co.za/wp-content/uploads/2025/10/2025-Environmental-Social-and-Governance-Report.pdf"",""https://sharedata.co.za/v2/Scripts/Glossies.aspx?c=GRT""]",2026-08-30,B,preserved_source_assertion
ast-ecdae697e3f2,org-growthpoint-properties-2bd3863,Growthpoint Properties,secondary_lifecycle,F,operator_coverage_additions.csv,"[""https://growthpoint.co.za/"",""https://growthpoint.co.za/pressoffice/growth-trajectory"",""https://growthpoint.co.za/wp-content/uploads/2025/10/2025-Environmental-Social-and-Governance-Report.pdf"",""https://sharedata.co.za/v2/Scripts/Glossies.aspx?c=GRT""]",2026-08-30,B,preserved_source_assertion
ast-7dc1ce317e11,org-growthpoint-properties-2bd3863,Growthpoint Properties,status,active,operator_coverage_additions.csv,"[""https://growthpoint.co.za/"",""https://growthpoint.co.za/pressoffice/growth-trajectory"",""https://growthpoint.co.za/wp-content/uploads/2025/10/2025-Environmental-Social-and-Governance-Report.pdf"",""https://sharedata.co.za/v2/Scripts/Glossies.aspx?c=GRT""]",2026-08-30,B,preserved_source_assertion
ast-ccecd09bff86,org-growthpoint-properties-2bd3863,Growthpoint Properties,status_as_of,2026-08-30,operator_coverage_additions.csv,"[""https://growthpoint.co.za/"",""https://growthpoint.co.za/pressoffice/growth-trajectory"",""https://growthpoint.co.za/wp-content/uploads/2025/10/2025-Environmental-Social-and-Governance-Report.pdf"",""https://sharedata.co.za/v2/Scripts/Glossies.aspx?c=GRT""]",2026-08-30,B,preserved_source_assertion
ast-902178b1a061,org-habi-716bf6f,Habi,business_model,principal purchase resale and transaction services,coverage_gap_additions.csv,"[""https://centro-ayuda.habi.co/hc/es-419/articles/20481671498011--Qu%C3%A9-es-Habi"",""https://habi.co/inicio""]",2026-08-30,A,preserved_source_assertion
ast-c9bad3eec11e,org-habi-716bf6f,Habi,canonical_url,https://habi.co/inicio,coverage_gap_additions.csv,"[""https://centro-ayuda.habi.co/hc/es-419/articles/20481671498011--Qu%C3%A9-es-Habi"",""https://habi.co/inicio""]",2026-08-30,A,preserved_source_assertion
ast-d6da67a3f707,org-habi-716bf6f,Habi,category,instant home-buying and data-enabled resale platform,coverage_gap_additions.csv,"[""https://centro-ayuda.habi.co/hc/es-419/articles/20481671498011--Qu%C3%A9-es-Habi"",""https://habi.co/inicio""]",2026-08-30,A,preserved_source_assertion
ast-4aa30723ede7,org-habi-716bf6f,Habi,cohort_or_ecosystem,Independent,coverage_gap_additions.csv,"[""https://centro-ayuda.habi.co/hc/es-419/articles/20481671498011--Qu%C3%A9-es-Habi"",""https://habi.co/inicio""]",2026-08-30,A,preserved_source_assertion
ast-246dc7e9963b,org-habi-716bf6f,Habi,entity_type,private company,coverage_gap_additions.csv,"[""https://centro-ayuda.habi.co/hc/es-419/articles/20481671498011--Qu%C3%A9-es-Habi"",""https://habi.co/inicio""]",2026-08-30,A,preserved_source_assertion
ast-7c75f80f07af,org-habi-716bf6f,Habi,evidence_grade,A,coverage_gap_additions.csv,"[""https://centro-ayuda.habi.co/hc/es-419/articles/20481671498011--Qu%C3%A9-es-Habi"",""https://habi.co/inicio""]",2026-08-30,A,preserved_source_assertion
ast-9312f4c4268f,org-habi-716bf6f,Habi,founding_year,2019,coverage_gap_additions.csv,"[""https://centro-ayuda.habi.co/hc/es-419/articles/20481671498011--Qu%C3%A9-es-Habi"",""https://habi.co/inicio""]",2026-08-30,A,preserved_source_assertion
ast-957bdb1d7b5b,org-habi-716bf6f,Habi,hq_country,Colombia,coverage_gap_additions.csv,"[""https://centro-ayuda.habi.co/hc/es-419/articles/20481671498011--Qu%C3%A9-es-Habi"",""https://habi.co/inicio""]",2026-08-30,A,preserved_source_assertion
ast-5f9683bda53f,org-habi-716bf6f,Habi,maturity,scaleup,coverage_gap_additions.csv,"[""https://centro-ayuda.habi.co/hc/es-419/articles/20481671498011--Qu%C3%A9-es-Habi"",""https://habi.co/inicio""]",2026-08-30,A,preserved_source_assertion
ast-e9de9f77c6c9,org-habi-716bf6f,Habi,primary_lifecycle,L6 Marketing/sales,coverage_gap_additions.csv,"[""https://centro-ayuda.habi.co/hc/es-419/articles/20481671498011--Qu%C3%A9-es-Habi"",""https://habi.co/inicio""]",2026-08-30,A,preserved_source_assertion
ast-ff314fc95c80,org-habi-716bf6f,Habi,relevance_tier,A,coverage_gap_additions.csv,"[""https://centro-ayuda.habi.co/hc/es-419/articles/20481671498011--Qu%C3%A9-es-Habi"",""https://habi.co/inicio""]",2026-08-30,A,preserved_source_assertion
ast-f27d1f237676,org-habi-716bf6f,Habi,secondary_lifecycle,L3 Capital/finance/L9 Portfolio,coverage_gap_additions.csv,"[""https://centro-ayuda.habi.co/hc/es-419/articles/20481671498011--Qu%C3%A9-es-Habi"",""https://habi.co/inicio""]",2026-08-30,A,preserved_source_assertion
ast-e616d8ff3d11,org-habi-716bf6f,Habi,status,active,coverage_gap_additions.csv,"[""https://centro-ayuda.habi.co/hc/es-419/articles/20481671498011--Qu%C3%A9-es-Habi"",""https://habi.co/inicio""]",2026-08-30,A,preserved_source_assertion
ast-1f0151cb2668,org-habi-716bf6f,Habi,status_as_of,2026-08-30,coverage_gap_additions.csv,"[""https://centro-ayuda.habi.co/hc/es-419/articles/20481671498011--Qu%C3%A9-es-Habi"",""https://habi.co/inicio""]",2026-08-30,A,preserved_source_assertion
ast-9a2cc582ea34,org-haven-property-operations-42e9d8a,Haven,business_model,AI SaaS,proptech_startups_agent.csv,"[""https://ycombinator.com/companies/haven-2""]",2026-08-30,A,preserved_source_assertion
ast-3082195149f3,org-haven-property-operations-42e9d8a,Haven,canonical_url,https://www.ycombinator.com/companies/haven-2,proptech_startups_agent.csv,"[""https://ycombinator.com/companies/haven-2""]",2026-08-30,A,preserved_source_assertion
ast-bc25fa1d2116,org-haven-property-operations-42e9d8a,Haven,category,AI property management,proptech_startups_agent.csv,"[""https://ycombinator.com/companies/haven-2""]",2026-08-30,A,preserved_source_assertion
ast-3c074385396c,org-haven-property-operations-42e9d8a,Haven,cohort_or_ecosystem,YC W2023,proptech_startups_agent.csv,"[""https://ycombinator.com/companies/haven-2""]",2026-08-30,A,preserved_source_assertion
ast-2cac1559cd5b,org-haven-property-operations-42e9d8a,Haven,entity_type,Company,proptech_startups_agent.csv,"[""https://ycombinator.com/companies/haven-2""]",2026-08-30,A,preserved_source_assertion
ast-7fd73567693a,org-haven-property-operations-42e9d8a,Haven,evidence_grade,A,proptech_startups_agent.csv,"[""https://ycombinator.com/companies/haven-2""]",2026-08-30,A,preserved_source_assertion
ast-1c8c5b213622,org-haven-property-operations-42e9d8a,Haven,founding_year,Unknown,proptech_startups_agent.csv,"[""https://ycombinator.com/companies/haven-2""]",2026-08-30,A,preserved_source_assertion
ast-bb7bbf9169c9,org-haven-property-operations-42e9d8a,Haven,hq_country,United States,proptech_startups_agent.csv,"[""https://ycombinator.com/companies/haven-2""]",2026-08-30,A,preserved_source_assertion
ast-cc322abab73b,org-haven-property-operations-42e9d8a,Haven,maturity,Early,proptech_startups_agent.csv,"[""https://ycombinator.com/companies/haven-2""]",2026-08-30,A,preserved_source_assertion
ast-e5039666d1f3,org-haven-property-operations-42e9d8a,Haven,primary_lifecycle,Operations,proptech_startups_agent.csv,"[""https://ycombinator.com/companies/haven-2""]",2026-08-30,A,preserved_source_assertion
ast-6502407c634b,org-haven-property-operations-42e9d8a,Haven,relevance_tier,B,proptech_startups_agent.csv,"[""https://ycombinator.com/companies/haven-2""]",2026-08-30,A,preserved_source_assertion
ast-5032fa86ece8,org-haven-property-operations-42e9d8a,Haven,secondary_lifecycle,Customer,proptech_startups_agent.csv,"[""https://ycombinator.com/companies/haven-2""]",2026-08-30,A,preserved_source_assertion
ast-5d7b7d1786f3,org-haven-property-operations-42e9d8a,Haven,status,Active,proptech_startups_agent.csv,"[""https://ycombinator.com/companies/haven-2""]",2026-08-30,A,preserved_source_assertion
ast-beb934bbd0e2,org-haven-property-operations-42e9d8a,Haven,status_as_of,2026-08-30,proptech_startups_agent.csv,"[""https://ycombinator.com/companies/haven-2""]",2026-08-30,A,preserved_source_assertion
ast-5819cf78dc53,org-henry-3eca10f,Henry,business_model,AI SaaS,proptech_startups_agent.csv,"[""https://ycombinator.com/companies/henry-2""]",2026-08-30,A,preserved_source_assertion
ast-12e3c9c6a474,org-henry-3eca10f,Henry,canonical_url,https://www.ycombinator.com/companies/henry-2,proptech_startups_agent.csv,"[""https://ycombinator.com/companies/henry-2""]",2026-08-30,A,preserved_source_assertion
ast-c0eee02b60b8,org-henry-3eca10f,Henry,category,CRE broker AI,proptech_startups_agent.csv,"[""https://ycombinator.com/companies/henry-2""]",2026-08-30,A,preserved_source_assertion
ast-084eb5734e4d,org-henry-3eca10f,Henry,cohort_or_ecosystem,YC S2024,proptech_startups_agent.csv,"[""https://ycombinator.com/companies/henry-2""]",2026-08-30,A,preserved_source_assertion
ast-0689c789046a,org-henry-3eca10f,Henry,entity_type,Company,proptech_startups_agent.csv,"[""https://ycombinator.com/companies/henry-2""]",2026-08-30,A,preserved_source_assertion
ast-5f3277bf6335,org-henry-3eca10f,Henry,evidence_grade,A,proptech_startups_agent.csv,"[""https://ycombinator.com/companies/henry-2""]",2026-08-30,A,preserved_source_assertion
ast-082d02b90cb9,org-henry-3eca10f,Henry,founding_year,Unknown,proptech_startups_agent.csv,"[""https://ycombinator.com/companies/henry-2""]",2026-08-30,A,preserved_source_assertion
ast-ed70d638f116,org-henry-3eca10f,Henry,hq_country,United States,proptech_startups_agent.csv,"[""https://ycombinator.com/companies/henry-2""]",2026-08-30,A,preserved_source_assertion
ast-0dced6e92852,org-henry-3eca10f,Henry,maturity,Early,proptech_startups_agent.csv,"[""https://ycombinator.com/companies/henry-2""]",2026-08-30,A,preserved_source_assertion
ast-89283b1c52bd,org-henry-3eca10f,Henry,primary_lifecycle,Sales,proptech_startups_agent.csv,"[""https://ycombinator.com/companies/henry-2""]",2026-08-30,A,preserved_source_assertion
ast-7bec60c6555e,org-henry-3eca10f,Henry,relevance_tier,B,proptech_startups_agent.csv,"[""https://ycombinator.com/companies/henry-2""]",2026-08-30,A,preserved_source_assertion
ast-db62387ef38a,org-henry-3eca10f,Henry,secondary_lifecycle,Data,proptech_startups_agent.csv,"[""https://ycombinator.com/companies/henry-2""]",2026-08-30,A,preserved_source_assertion
ast-4da07883d145,org-henry-3eca10f,Henry,status,Active,proptech_startups_agent.csv,"[""https://ycombinator.com/companies/henry-2""]",2026-08-30,A,preserved_source_assertion
ast-0b491f430fa8,org-henry-3eca10f,Henry,status_as_of,2026-08-30,proptech_startups_agent.csv,"[""https://ycombinator.com/companies/henry-2""]",2026-08-30,A,preserved_source_assertion
ast-3c02bb9bfbf7,org-hexagon-11725d3,Hexagon,business_model,hardware software and data services,coverage_gap_additions.csv,"[""https://hexagon.com/company/divisions/geosystems"",""https://hexagon.com/solutions/digital-realities""]",2026-08-30,A,preserved_source_assertion
ast-e580677071a7,org-hexagon-11725d3,Hexagon,canonical_url,https://hexagon.com/company/divisions/geosystems,coverage_gap_additions.csv,"[""https://hexagon.com/company/divisions/geosystems"",""https://hexagon.com/solutions/digital-realities""]",2026-08-30,A,preserved_source_assertion
ast-99985cc58caf,org-hexagon-11725d3,Hexagon,category,reality capture geospatial cadastral and construction QA,coverage_gap_additions.csv,"[""https://hexagon.com/company/divisions/geosystems"",""https://hexagon.com/solutions/digital-realities""]",2026-08-30,A,preserved_source_assertion
ast-26c7104e3cc7,org-hexagon-11725d3,Hexagon,cohort_or_ecosystem,Public,coverage_gap_additions.csv,"[""https://hexagon.com/company/divisions/geosystems"",""https://hexagon.com/solutions/digital-realities""]",2026-08-30,A,preserved_source_assertion
ast-6314bc0da7d1,org-hexagon-11725d3,Hexagon,entity_type,public company,coverage_gap_additions.csv,"[""https://hexagon.com/company/divisions/geosystems"",""https://hexagon.com/solutions/digital-realities""]",2026-08-30,A,preserved_source_assertion
ast-e7aafda1a12d,org-hexagon-11725d3,Hexagon,evidence_grade,A,coverage_gap_additions.csv,"[""https://hexagon.com/company/divisions/geosystems"",""https://hexagon.com/solutions/digital-realities""]",2026-08-30,A,preserved_source_assertion
ast-b7fb4168cf91,org-hexagon-11725d3,Hexagon,founding_year,1975,coverage_gap_additions.csv,"[""https://hexagon.com/company/divisions/geosystems"",""https://hexagon.com/solutions/digital-realities""]",2026-08-30,A,preserved_source_assertion
ast-6da9ed571aa4,org-hexagon-11725d3,Hexagon,hq_country,Sweden,coverage_gap_additions.csv,"[""https://hexagon.com/company/divisions/geosystems"",""https://hexagon.com/solutions/digital-realities""]",2026-08-30,A,preserved_source_assertion
ast-f2ec1be3dd87,org-hexagon-11725d3,Hexagon,maturity,enterprise,coverage_gap_additions.csv,"[""https://hexagon.com/company/divisions/geosystems"",""https://hexagon.com/solutions/digital-realities""]",2026-08-30,A,preserved_source_assertion
ast-d72c80fd2a18,org-hexagon-11725d3,Hexagon,primary_lifecycle,L4 Design,coverage_gap_additions.csv,"[""https://hexagon.com/company/divisions/geosystems"",""https://hexagon.com/solutions/digital-realities""]",2026-08-30,A,preserved_source_assertion
ast-5c89ce9db2e1,org-hexagon-11725d3,Hexagon,relevance_tier,A,coverage_gap_additions.csv,"[""https://hexagon.com/company/divisions/geosystems"",""https://hexagon.com/solutions/digital-realities""]",2026-08-30,A,preserved_source_assertion
ast-611d93e507cb,org-hexagon-11725d3,Hexagon,secondary_lifecycle,L5 Construction/L1 Land/site/L9 Portfolio,coverage_gap_additions.csv,"[""https://hexagon.com/company/divisions/geosystems"",""https://hexagon.com/solutions/digital-realities""]",2026-08-30,A,preserved_source_assertion
ast-a78efd0405d3,org-hexagon-11725d3,Hexagon,status,active,coverage_gap_additions.csv,"[""https://hexagon.com/company/divisions/geosystems"",""https://hexagon.com/solutions/digital-realities""]",2026-08-30,A,preserved_source_assertion
ast-d27c9091a348,org-hexagon-11725d3,Hexagon,status_as_of,2026-08-30,coverage_gap_additions.csv,"[""https://hexagon.com/company/divisions/geosystems"",""https://hexagon.com/solutions/digital-realities""]",2026-08-30,A,preserved_source_assertion
ast-d845c469b169,org-hilton-49f73fa,Hilton,business_model,"digital key, virtual-card B2B payments, reservation systems, loyalty and owner platform",operator_coverage_additions.csv,"[""https://hilton.com/"",""https://ir.hilton.com/financial-reporting/annual-reports"",""https://sec.gov/Archives/edgar/data/1585689/000158568926000025/a2025annualreportprint.pdf"",""https://stories.hilton.com/2025-annual-report""]",2026-08-30,A,preserved_source_assertion
ast-8c92ecc5e953,org-hilton-49f73fa,Hilton,canonical_url,https://www.hilton.com/,operator_coverage_additions.csv,"[""https://hilton.com/"",""https://ir.hilton.com/financial-reporting/annual-reports"",""https://sec.gov/Archives/edgar/data/1585689/000158568926000025/a2025annualreportprint.pdf"",""https://stories.hilton.com/2025-annual-report""]",2026-08-30,A,preserved_source_assertion
ast-7fd370696942,org-hilton-49f73fa,Hilton,category,global hospitality platform and operator/franchisor,operator_coverage_additions.csv,"[""https://hilton.com/"",""https://ir.hilton.com/financial-reporting/annual-reports"",""https://sec.gov/Archives/edgar/data/1585689/000158568926000025/a2025annualreportprint.pdf"",""https://stories.hilton.com/2025-annual-report""]",2026-08-30,A,preserved_source_assertion
ast-13184966cddd,org-hilton-49f73fa,Hilton,cohort_or_ecosystem,Independent,operator_coverage_additions.csv,"[""https://hilton.com/"",""https://ir.hilton.com/financial-reporting/annual-reports"",""https://sec.gov/Archives/edgar/data/1585689/000158568926000025/a2025annualreportprint.pdf"",""https://stories.hilton.com/2025-annual-report""]",2026-08-30,A,preserved_source_assertion
ast-1278389aa4f6,org-hilton-49f73fa,Hilton,entity_type,"asset-light hotel brand, reservation and loyalty platform",operator_coverage_additions.csv,"[""https://hilton.com/"",""https://ir.hilton.com/financial-reporting/annual-reports"",""https://sec.gov/Archives/edgar/data/1585689/000158568926000025/a2025annualreportprint.pdf"",""https://stories.hilton.com/2025-annual-report""]",2026-08-30,A,preserved_source_assertion
ast-bfce87dbe36c,org-hilton-49f73fa,Hilton,evidence_grade,A,operator_coverage_additions.csv,"[""https://hilton.com/"",""https://ir.hilton.com/financial-reporting/annual-reports"",""https://sec.gov/Archives/edgar/data/1585689/000158568926000025/a2025annualreportprint.pdf"",""https://stories.hilton.com/2025-annual-report""]",2026-08-30,A,preserved_source_assertion
ast-dfa64f824ff4,org-hilton-49f73fa,Hilton,founding_year,1919,operator_coverage_additions.csv,"[""https://hilton.com/"",""https://ir.hilton.com/financial-reporting/annual-reports"",""https://sec.gov/Archives/edgar/data/1585689/000158568926000025/a2025annualreportprint.pdf"",""https://stories.hilton.com/2025-annual-report""]",2026-08-30,A,preserved_source_assertion
ast-0f6dd59f0959,org-hilton-49f73fa,Hilton,hq_country,United States,operator_coverage_additions.csv,"[""https://hilton.com/"",""https://ir.hilton.com/financial-reporting/annual-reports"",""https://sec.gov/Archives/edgar/data/1585689/000158568926000025/a2025annualreportprint.pdf"",""https://stories.hilton.com/2025-annual-report""]",2026-08-30,A,preserved_source_assertion
ast-3934d90e9f91,org-hilton-49f73fa,Hilton,maturity,scale platform,operator_coverage_additions.csv,"[""https://hilton.com/"",""https://ir.hilton.com/financial-reporting/annual-reports"",""https://sec.gov/Archives/edgar/data/1585689/000158568926000025/a2025annualreportprint.pdf"",""https://stories.hilton.com/2025-annual-report""]",2026-08-30,A,preserved_source_assertion
ast-7721e0500da5,org-hilton-49f73fa,Hilton,primary_lifecycle,S/H/O/F,operator_coverage_additions.csv,"[""https://hilton.com/"",""https://ir.hilton.com/financial-reporting/annual-reports"",""https://sec.gov/Archives/edgar/data/1585689/000158568926000025/a2025annualreportprint.pdf"",""https://stories.hilton.com/2025-annual-report""]",2026-08-30,A,preserved_source_assertion
ast-052256d68dd6,org-hilton-49f73fa,Hilton,relevance_tier,A,operator_coverage_additions.csv,"[""https://hilton.com/"",""https://ir.hilton.com/financial-reporting/annual-reports"",""https://sec.gov/Archives/edgar/data/1585689/000158568926000025/a2025annualreportprint.pdf"",""https://stories.hilton.com/2025-annual-report""]",2026-08-30,A,preserved_source_assertion
ast-7bce5ed8690b,org-hilton-49f73fa,Hilton,secondary_lifecycle,F,operator_coverage_additions.csv,"[""https://hilton.com/"",""https://ir.hilton.com/financial-reporting/annual-reports"",""https://sec.gov/Archives/edgar/data/1585689/000158568926000025/a2025annualreportprint.pdf"",""https://stories.hilton.com/2025-annual-report""]",2026-08-30,A,preserved_source_assertion
ast-ae4655036594,org-hilton-49f73fa,Hilton,status,active,operator_coverage_additions.csv,"[""https://hilton.com/"",""https://ir.hilton.com/financial-reporting/annual-reports"",""https://sec.gov/Archives/edgar/data/1585689/000158568926000025/a2025annualreportprint.pdf"",""https://stories.hilton.com/2025-annual-report""]",2026-08-30,A,preserved_source_assertion
ast-d362c35536a8,org-hilton-49f73fa,Hilton,status_as_of,2026-08-30,operator_coverage_additions.csv,"[""https://hilton.com/"",""https://ir.hilton.com/financial-reporting/annual-reports"",""https://sec.gov/Archives/edgar/data/1585689/000158568926000025/a2025annualreportprint.pdf"",""https://stories.hilton.com/2025-annual-report""]",2026-08-30,A,preserved_source_assertion
ast-d35a8855c301,org-hines-5178409,Hines,canonical_url,https://www.hines.com/,global_real_estate_pioneers_agent.csv,"[""https://hines-assets.s3.amazonaws.com/documents/Hines-2018-Sustainability-Report.-FINAL_190925_181950.pdf"",""https://hines.com/"",""https://hines.com/2024-sustainability-report-full-report"",""https://hines.com/globalventures""]",2026-08-30,A,preserved_source_assertion
ast-cbb6d437cbb6,org-hines-5178409,Hines,entity_type,investment manager developer operator,global_real_estate_pioneers_agent.csv,"[""https://hines-assets.s3.amazonaws.com/documents/Hines-2018-Sustainability-Report.-FINAL_190925_181950.pdf"",""https://hines.com/"",""https://hines.com/2024-sustainability-report-full-report"",""https://hines.com/globalventures""]",2026-08-30,A,preserved_source_assertion
ast-2703e2323555,org-hines-5178409,Hines,evidence_grade,A,global_real_estate_pioneers_agent.csv,"[""https://hines-assets.s3.amazonaws.com/documents/Hines-2018-Sustainability-Report.-FINAL_190925_181950.pdf"",""https://hines.com/"",""https://hines.com/2024-sustainability-report-full-report"",""https://hines.com/globalventures""]",2026-08-30,A,preserved_source_assertion
ast-3837b52fb120,org-hines-5178409,Hines,hq_country,United States,global_real_estate_pioneers_agent.csv,"[""https://hines-assets.s3.amazonaws.com/documents/Hines-2018-Sustainability-Report.-FINAL_190925_181950.pdf"",""https://hines.com/"",""https://hines.com/2024-sustainability-report-full-report"",""https://hines.com/globalventures""]",2026-08-30,A,preserved_source_assertion
ast-f22604a86b19,org-hines-5178409,Hines,primary_lifecycle,L/D/C/O/E,global_real_estate_pioneers_agent.csv,"[""https://hines-assets.s3.amazonaws.com/documents/Hines-2018-Sustainability-Report.-FINAL_190925_181950.pdf"",""https://hines.com/"",""https://hines.com/2024-sustainability-report-full-report"",""https://hines.com/globalventures""]",2026-08-30,A,preserved_source_assertion
ast-5f007381277b,org-hines-5178409,Hines,relevance_tier,B,global_real_estate_pioneers_agent.csv,"[""https://hines-assets.s3.amazonaws.com/documents/Hines-2018-Sustainability-Report.-FINAL_190925_181950.pdf"",""https://hines.com/"",""https://hines.com/2024-sustainability-report-full-report"",""https://hines.com/globalventures""]",2026-08-30,A,preserved_source_assertion
ast-9c3683015f43,org-hines-5178409,Hines,status,active,global_real_estate_pioneers_agent.csv,"[""https://hines-assets.s3.amazonaws.com/documents/Hines-2018-Sustainability-Report.-FINAL_190925_181950.pdf"",""https://hines.com/"",""https://hines.com/2024-sustainability-report-full-report"",""https://hines.com/globalventures""]",2026-08-30,A,preserved_source_assertion
ast-bc03a6235f9b,org-hippo-663710b,Hippo,business_model,Insurance/embedded,proptech_startups_agent.csv,"[""https://fifthwall.com/portfolio"",""https://hippo.com/""]",2026-08-30,A,preserved_source_assertion
ast-4aecf42986f7,org-hippo-663710b,Hippo,canonical_url,https://www.hippo.com/,proptech_startups_agent.csv,"[""https://fifthwall.com/portfolio"",""https://hippo.com/""]",2026-08-30,A,preserved_source_assertion
ast-79a7c0700323,org-hippo-663710b,Hippo,category,Property insurance,proptech_startups_agent.csv,"[""https://fifthwall.com/portfolio"",""https://hippo.com/""]",2026-08-30,A,preserved_source_assertion
ast-3ac40906fd28,org-hippo-663710b,Hippo,cohort_or_ecosystem,Fifth Wall,proptech_startups_agent.csv,"[""https://fifthwall.com/portfolio"",""https://hippo.com/""]",2026-08-30,A,preserved_source_assertion
ast-0b2b00c0121f,org-hippo-663710b,Hippo,entity_type,Company,proptech_startups_agent.csv,"[""https://fifthwall.com/portfolio"",""https://hippo.com/""]",2026-08-30,A,preserved_source_assertion
ast-740ad5247543,org-hippo-663710b,Hippo,evidence_grade,A,proptech_startups_agent.csv,"[""https://fifthwall.com/portfolio"",""https://hippo.com/""]",2026-08-30,A,preserved_source_assertion
ast-b9a86a3e2148,org-hippo-663710b,Hippo,founding_year,2015,proptech_startups_agent.csv,"[""https://fifthwall.com/portfolio"",""https://hippo.com/""]",2026-08-30,A,preserved_source_assertion
ast-59b11d0d45f1,org-hippo-663710b,Hippo,hq_country,United States,proptech_startups_agent.csv,"[""https://fifthwall.com/portfolio"",""https://hippo.com/""]",2026-08-30,A,preserved_source_assertion
ast-51614119035c,org-hippo-663710b,Hippo,maturity,Public/scaleup,proptech_startups_agent.csv,"[""https://fifthwall.com/portfolio"",""https://hippo.com/""]",2026-08-30,A,preserved_source_assertion
ast-9e0c716b74e2,org-hippo-663710b,Hippo,primary_lifecycle,Insurance,proptech_startups_agent.csv,"[""https://fifthwall.com/portfolio"",""https://hippo.com/""]",2026-08-30,A,preserved_source_assertion
ast-eb260e4b1c1b,org-hippo-663710b,Hippo,relevance_tier,A,proptech_startups_agent.csv,"[""https://fifthwall.com/portfolio"",""https://hippo.com/""]",2026-08-30,A,preserved_source_assertion
ast-12e8f2637bca,org-hippo-663710b,Hippo,secondary_lifecycle,Climate,proptech_startups_agent.csv,"[""https://fifthwall.com/portfolio"",""https://hippo.com/""]",2026-08-30,A,preserved_source_assertion
ast-c5c7ea718d46,org-hippo-663710b,Hippo,status,Active,proptech_startups_agent.csv,"[""https://fifthwall.com/portfolio"",""https://hippo.com/""]",2026-08-30,A,preserved_source_assertion
ast-48573bb91e12,org-hippo-663710b,Hippo,status_as_of,2026-08-30,proptech_startups_agent.csv,"[""https://fifthwall.com/portfolio"",""https://hippo.com/""]",2026-08-30,A,preserved_source_assertion
ast-a1bd6c8fb187,org-holox-0928a35,HoloX,business_model,SaaS,proptech_startups_agent.csv,"[""https://nar-reach.com/news""]",2026-08-30,A,preserved_source_assertion
ast-ae90231f7cf2,org-holox-0928a35,HoloX,canonical_url,https://www.nar-reach.com/news,proptech_startups_agent.csv,"[""https://nar-reach.com/news""]",2026-08-30,A,preserved_source_assertion
ast-33969ee02306,org-holox-0928a35,HoloX,category,Digital twins for off-plan sales,proptech_startups_agent.csv,"[""https://nar-reach.com/news""]",2026-08-30,A,preserved_source_assertion
ast-616fdec949bd,org-holox-0928a35,HoloX,cohort_or_ecosystem,NAR REACH Middle East 2026,proptech_startups_agent.csv,"[""https://nar-reach.com/news""]",2026-08-30,A,preserved_source_assertion
ast-c3ccff7cc1f8,org-holox-0928a35,HoloX,entity_type,Company,proptech_startups_agent.csv,"[""https://nar-reach.com/news""]",2026-08-30,A,preserved_source_assertion
ast-433dbb69bff0,org-holox-0928a35,HoloX,evidence_grade,A,proptech_startups_agent.csv,"[""https://nar-reach.com/news""]",2026-08-30,A,preserved_source_assertion
ast-233862edff77,org-holox-0928a35,HoloX,founding_year,Unknown,proptech_startups_agent.csv,"[""https://nar-reach.com/news""]",2026-08-30,A,preserved_source_assertion
ast-95ec55548115,org-holox-0928a35,HoloX,hq_country,United Arab Emirates,proptech_startups_agent.csv,"[""https://nar-reach.com/news""]",2026-08-30,A,preserved_source_assertion
ast-ff1df6c8e7a1,org-holox-0928a35,HoloX,maturity,Early,proptech_startups_agent.csv,"[""https://nar-reach.com/news""]",2026-08-30,A,preserved_source_assertion
ast-32ee95dc15f3,org-holox-0928a35,HoloX,primary_lifecycle,Sales,proptech_startups_agent.csv,"[""https://nar-reach.com/news""]",2026-08-30,A,preserved_source_assertion
ast-5a5b8c0240a6,org-holox-0928a35,HoloX,relevance_tier,B,proptech_startups_agent.csv,"[""https://nar-reach.com/news""]",2026-08-30,A,preserved_source_assertion
ast-9ce2a0295bb4,org-holox-0928a35,HoloX,secondary_lifecycle,Design,proptech_startups_agent.csv,"[""https://nar-reach.com/news""]",2026-08-30,A,preserved_source_assertion
ast-85d83bef3073,org-holox-0928a35,HoloX,status,Selected 2026 cohort,proptech_startups_agent.csv,"[""https://nar-reach.com/news""]",2026-08-30,A,preserved_source_assertion
ast-35355a77b392,org-holox-0928a35,HoloX,status_as_of,2026-08-30,proptech_startups_agent.csv,"[""https://nar-reach.com/news""]",2026-08-30,A,preserved_source_assertion
ast-fe7bdedae064,org-homebase-sea-finance-75bb47f,Homebase,business_model,Fintech,proptech_startups_agent.csv,"[""https://ycombinator.com/companies/homebase""]",2026-08-30,A,preserved_source_assertion
ast-658c604ca459,org-homebase-sea-finance-75bb47f,Homebase,canonical_url,https://www.ycombinator.com/companies/homebase,proptech_startups_agent.csv,"[""https://ycombinator.com/companies/homebase""]",2026-08-30,A,preserved_source_assertion
ast-81bb79c383ec,org-homebase-sea-finance-75bb47f,Homebase,category,Rent-to-own housing finance,proptech_startups_agent.csv,"[""https://ycombinator.com/companies/homebase""]",2026-08-30,A,preserved_source_assertion
ast-0a4d08d76e9e,org-homebase-sea-finance-75bb47f,Homebase,cohort_or_ecosystem,YC W2021,proptech_startups_agent.csv,"[""https://ycombinator.com/companies/homebase""]",2026-08-30,A,preserved_source_assertion
ast-b6c4d9f06ea6,org-homebase-sea-finance-75bb47f,Homebase,entity_type,Company,proptech_startups_agent.csv,"[""https://ycombinator.com/companies/homebase""]",2026-08-30,A,preserved_source_assertion
ast-55b77d0402c8,org-homebase-sea-finance-75bb47f,Homebase,evidence_grade,A,proptech_startups_agent.csv,"[""https://ycombinator.com/companies/homebase""]",2026-08-30,A,preserved_source_assertion
ast-d62fd77615a5,org-homebase-sea-finance-75bb47f,Homebase,founding_year,2019,proptech_startups_agent.csv,"[""https://ycombinator.com/companies/homebase""]",2026-08-30,A,preserved_source_assertion
ast-4387f754a907,org-homebase-sea-finance-75bb47f,Homebase,hq_country,Vietnam,proptech_startups_agent.csv,"[""https://ycombinator.com/companies/homebase""]",2026-08-30,A,preserved_source_assertion
ast-914955a248e8,org-homebase-sea-finance-75bb47f,Homebase,maturity,Scaleup,proptech_startups_agent.csv,"[""https://ycombinator.com/companies/homebase""]",2026-08-30,A,preserved_source_assertion
ast-cfe40bfe125d,org-homebase-sea-finance-75bb47f,Homebase,primary_lifecycle,Finance,proptech_startups_agent.csv,"[""https://ycombinator.com/companies/homebase""]",2026-08-30,A,preserved_source_assertion
ast-3218402fe9b4,org-homebase-sea-finance-75bb47f,Homebase,relevance_tier,B,proptech_startups_agent.csv,"[""https://ycombinator.com/companies/homebase""]",2026-08-30,A,preserved_source_assertion
ast-4a1fd8d71f76,org-homebase-sea-finance-75bb47f,Homebase,secondary_lifecycle,Sales,proptech_startups_agent.csv,"[""https://ycombinator.com/companies/homebase""]",2026-08-30,A,preserved_source_assertion
ast-3c4bc3697542,org-homebase-sea-finance-75bb47f,Homebase,status,Active,proptech_startups_agent.csv,"[""https://ycombinator.com/companies/homebase""]",2026-08-30,A,preserved_source_assertion
ast-fe74130ff626,org-homebase-sea-finance-75bb47f,Homebase,status_as_of,2026-08-30,proptech_startups_agent.csv,"[""https://ycombinator.com/companies/homebase""]",2026-08-30,A,preserved_source_assertion
ast-8e0f785f48c3,org-homebase-sea-finance-75bb47f,Homebase-SEA,business_model,financing-fees,regional_companies_agent.csv,"[""https://homebase.ai/"",""https://ycombinator.com/companies/homebase""]",2026-08-30,C,preserved_source_assertion
ast-5a0c72c71de0,org-homebase-sea-finance-75bb47f,Homebase-SEA,canonical_url,https://www.ycombinator.com/companies/homebase,regional_companies_agent.csv,"[""https://homebase.ai/"",""https://ycombinator.com/companies/homebase""]",2026-08-30,C,preserved_source_assertion
ast-11fa73093c4f,org-homebase-sea-finance-75bb47f,Homebase-SEA,category,housing-finance,regional_companies_agent.csv,"[""https://homebase.ai/"",""https://ycombinator.com/companies/homebase""]",2026-08-30,C,preserved_source_assertion
ast-3dfc39f6b981,org-homebase-sea-finance-75bb47f,Homebase-SEA,cohort_or_ecosystem,Y-Combinator-W21-Antler-Iterative,regional_companies_agent.csv,"[""https://homebase.ai/"",""https://ycombinator.com/companies/homebase""]",2026-08-30,C,preserved_source_assertion
ast-21cae1a39c98,org-homebase-sea-finance-75bb47f,Homebase-SEA,entity_type,private-startup,regional_companies_agent.csv,"[""https://homebase.ai/"",""https://ycombinator.com/companies/homebase""]",2026-08-30,C,preserved_source_assertion
ast-95a3a1738e4b,org-homebase-sea-finance-75bb47f,Homebase-SEA,evidence_grade,C,regional_companies_agent.csv,"[""https://homebase.ai/"",""https://ycombinator.com/companies/homebase""]",2026-08-30,C,preserved_source_assertion
ast-031bd5eb0ddd,org-homebase-sea-finance-75bb47f,Homebase-SEA,founding_year,2019,regional_companies_agent.csv,"[""https://homebase.ai/"",""https://ycombinator.com/companies/homebase""]",2026-08-30,C,preserved_source_assertion
ast-08dbdb5040b9,org-homebase-sea-finance-75bb47f,Homebase-SEA,hq_country,Singapore,regional_companies_agent.csv,"[""https://homebase.ai/"",""https://ycombinator.com/companies/homebase""]",2026-08-30,C,preserved_source_assertion
ast-bd1f7c60ae02,org-homebase-sea-finance-75bb47f,Homebase-SEA,maturity,early-growth,regional_companies_agent.csv,"[""https://homebase.ai/"",""https://ycombinator.com/companies/homebase""]",2026-08-30,C,preserved_source_assertion
ast-ca1d00ff4ec8,org-homebase-sea-finance-75bb47f,Homebase-SEA,primary_lifecycle,rent-to-own-financing,regional_companies_agent.csv,"[""https://homebase.ai/"",""https://ycombinator.com/companies/homebase""]",2026-08-30,C,preserved_source_assertion
ast-ab36dd3f04a9,org-homebase-sea-finance-75bb47f,Homebase-SEA,relevance_tier,C,regional_companies_agent.csv,"[""https://homebase.ai/"",""https://ycombinator.com/companies/homebase""]",2026-08-30,C,preserved_source_assertion
ast-035e56db79d9,org-homebase-sea-finance-75bb47f,Homebase-SEA,secondary_lifecycle,alternative-mortgage-underwriting,regional_companies_agent.csv,"[""https://homebase.ai/"",""https://ycombinator.com/companies/homebase""]",2026-08-30,C,preserved_source_assertion
ast-b5030fa23318,org-homebase-sea-finance-75bb47f,Homebase-SEA,status,active-per-YC,regional_companies_agent.csv,"[""https://homebase.ai/"",""https://ycombinator.com/companies/homebase""]",2026-08-30,C,preserved_source_assertion
ast-862f7de18a67,org-homebase-sea-finance-75bb47f,Homebase-SEA,status_as_of,2026-08-30,regional_companies_agent.csv,"[""https://homebase.ai/"",""https://ycombinator.com/companies/homebase""]",2026-08-30,C,preserved_source_assertion
ast-8c69f9d7b12b,org-honeywell-forge-for-buildings-900b78b,Honeywell Forge for Buildings,business_model,hardware software and services,enterprise_platform_additions.csv,"[""https://buildings.honeywell.com/us/en/solutions/automation-solutions/sustainability/connected-solutions"",""https://buildings.honeywell.com/us/en/solutions/buildings"",""https://honeywell.com/us/en/honeywell-forge""]",2026-08-30,A,preserved_source_assertion
ast-15f73133b585,org-honeywell-forge-for-buildings-900b78b,Honeywell Forge for Buildings,canonical_url,https://www.honeywell.com/us/en/honeywell-forge,enterprise_platform_additions.csv,"[""https://buildings.honeywell.com/us/en/solutions/automation-solutions/sustainability/connected-solutions"",""https://buildings.honeywell.com/us/en/solutions/buildings"",""https://honeywell.com/us/en/honeywell-forge""]",2026-08-30,A,preserved_source_assertion
ast-4d3685cb574b,org-honeywell-forge-for-buildings-900b78b,Honeywell Forge for Buildings,category,connected building performance remote operations sustainability and asset-health platform,enterprise_platform_additions.csv,"[""https://buildings.honeywell.com/us/en/solutions/automation-solutions/sustainability/connected-solutions"",""https://buildings.honeywell.com/us/en/solutions/buildings"",""https://honeywell.com/us/en/honeywell-forge""]",2026-08-30,A,preserved_source_assertion
ast-c515e5a81864,org-honeywell-forge-for-buildings-900b78b,Honeywell Forge for Buildings,cohort_or_ecosystem,Honeywell,enterprise_platform_additions.csv,"[""https://buildings.honeywell.com/us/en/solutions/automation-solutions/sustainability/connected-solutions"",""https://buildings.honeywell.com/us/en/solutions/buildings"",""https://honeywell.com/us/en/honeywell-forge""]",2026-08-30,A,preserved_source_assertion
ast-0900734c3e2e,org-honeywell-forge-for-buildings-900b78b,Honeywell Forge for Buildings,entity_type,public company,enterprise_platform_additions.csv,"[""https://buildings.honeywell.com/us/en/solutions/automation-solutions/sustainability/connected-solutions"",""https://buildings.honeywell.com/us/en/solutions/buildings"",""https://honeywell.com/us/en/honeywell-forge""]",2026-08-30,A,preserved_source_assertion
ast-0ad8976cbb8b,org-honeywell-forge-for-buildings-900b78b,Honeywell Forge for Buildings,evidence_grade,A,enterprise_platform_additions.csv,"[""https://buildings.honeywell.com/us/en/solutions/automation-solutions/sustainability/connected-solutions"",""https://buildings.honeywell.com/us/en/solutions/buildings"",""https://honeywell.com/us/en/honeywell-forge""]",2026-08-30,A,preserved_source_assertion
ast-1ee32bdc9bcd,org-honeywell-forge-for-buildings-900b78b,Honeywell Forge for Buildings,founding_year,unknown,enterprise_platform_additions.csv,"[""https://buildings.honeywell.com/us/en/solutions/automation-solutions/sustainability/connected-solutions"",""https://buildings.honeywell.com/us/en/solutions/buildings"",""https://honeywell.com/us/en/honeywell-forge""]",2026-08-30,A,preserved_source_assertion
ast-04ff1c5c248d,org-honeywell-forge-for-buildings-900b78b,Honeywell Forge for Buildings,hq_country,United States,enterprise_platform_additions.csv,"[""https://buildings.honeywell.com/us/en/solutions/automation-solutions/sustainability/connected-solutions"",""https://buildings.honeywell.com/us/en/solutions/buildings"",""https://honeywell.com/us/en/honeywell-forge""]",2026-08-30,A,preserved_source_assertion
ast-da2f9648ad3e,org-honeywell-forge-for-buildings-900b78b,Honeywell Forge for Buildings,maturity,enterprise,enterprise_platform_additions.csv,"[""https://buildings.honeywell.com/us/en/solutions/automation-solutions/sustainability/connected-solutions"",""https://buildings.honeywell.com/us/en/solutions/buildings"",""https://honeywell.com/us/en/honeywell-forge""]",2026-08-30,A,preserved_source_assertion
ast-c21ad8cf6cf3,org-honeywell-forge-for-buildings-900b78b,Honeywell Forge for Buildings,primary_lifecycle,L8 Property operations,enterprise_platform_additions.csv,"[""https://buildings.honeywell.com/us/en/solutions/automation-solutions/sustainability/connected-solutions"",""https://buildings.honeywell.com/us/en/solutions/buildings"",""https://honeywell.com/us/en/honeywell-forge""]",2026-08-30,A,preserved_source_assertion
ast-3a9f91d27a9a,org-honeywell-forge-for-buildings-900b78b,Honeywell Forge for Buildings,relevance_tier,A,enterprise_platform_additions.csv,"[""https://buildings.honeywell.com/us/en/solutions/automation-solutions/sustainability/connected-solutions"",""https://buildings.honeywell.com/us/en/solutions/buildings"",""https://honeywell.com/us/en/honeywell-forge""]",2026-08-30,A,preserved_source_assertion
ast-6926c9495153,org-honeywell-forge-for-buildings-900b78b,Honeywell Forge for Buildings,secondary_lifecycle,L10 ESG/L9 Portfolio,enterprise_platform_additions.csv,"[""https://buildings.honeywell.com/us/en/solutions/automation-solutions/sustainability/connected-solutions"",""https://buildings.honeywell.com/us/en/solutions/buildings"",""https://honeywell.com/us/en/honeywell-forge""]",2026-08-30,A,preserved_source_assertion
ast-97e720a4a12a,org-honeywell-forge-for-buildings-900b78b,Honeywell Forge for Buildings,status,active,enterprise_platform_additions.csv,"[""https://buildings.honeywell.com/us/en/solutions/automation-solutions/sustainability/connected-solutions"",""https://buildings.honeywell.com/us/en/solutions/buildings"",""https://honeywell.com/us/en/honeywell-forge""]",2026-08-30,A,preserved_source_assertion
ast-7a84ff3e412d,org-honeywell-forge-for-buildings-900b78b,Honeywell Forge for Buildings,status_as_of,2026-08-30,enterprise_platform_additions.csv,"[""https://buildings.honeywell.com/us/en/solutions/automation-solutions/sustainability/connected-solutions"",""https://buildings.honeywell.com/us/en/solutions/buildings"",""https://honeywell.com/us/en/honeywell-forge""]",2026-08-30,A,preserved_source_assertion
ast-1c6bf9e568ef,org-hongkong-land-9ed857e,Hongkong Land,canonical_url,https://www.hkland.com/,global_real_estate_pioneers_agent.csv,"[""https://hkland.com/""]",2026-08-30,C,preserved_source_assertion
ast-15176efb28ee,org-hongkong-land-9ed857e,Hongkong Land,entity_type,developer owner operator,global_real_estate_pioneers_agent.csv,"[""https://hkland.com/""]",2026-08-30,C,preserved_source_assertion
ast-ad01a5dcd594,org-hongkong-land-9ed857e,Hongkong Land,evidence_grade,C,global_real_estate_pioneers_agent.csv,"[""https://hkland.com/""]",2026-08-30,C,preserved_source_assertion
ast-9c1a274c1e0f,org-hongkong-land-9ed857e,Hongkong Land,hq_country,Hong Kong,global_real_estate_pioneers_agent.csv,"[""https://hkland.com/""]",2026-08-30,C,preserved_source_assertion
ast-c38375972f61,org-hongkong-land-9ed857e,Hongkong Land,primary_lifecycle,H/O/E,global_real_estate_pioneers_agent.csv,"[""https://hkland.com/""]",2026-08-30,C,preserved_source_assertion
ast-ee426161d7dc,org-hongkong-land-9ed857e,Hongkong Land,relevance_tier,B,global_real_estate_pioneers_agent.csv,"[""https://hkland.com/""]",2026-08-30,C,preserved_source_assertion
ast-9e6985c54636,org-hongkong-land-9ed857e,Hongkong Land,status,active,global_real_estate_pioneers_agent.csv,"[""https://hkland.com/""]",2026-08-30,C,preserved_source_assertion
ast-01a7e9ef970e,org-houm-8d7c85c,Houm,business_model,transaction and property-management fees,coverage_gap_additions.csv,"[""https://houm.com/co/quienes-somos"",""https://ycombinator.com/companies/houm""]",2026-08-30,A,preserved_source_assertion
ast-91dfb0547ad1,org-houm-8d7c85c,Houm,canonical_url,https://houm.com/co/quienes-somos,coverage_gap_additions.csv,"[""https://houm.com/co/quienes-somos"",""https://ycombinator.com/companies/houm""]",2026-08-30,A,preserved_source_assertion
ast-95a3286542d2,org-houm-8d7c85c,Houm,category,all-in-one residential marketplace and management,coverage_gap_additions.csv,"[""https://houm.com/co/quienes-somos"",""https://ycombinator.com/companies/houm""]",2026-08-30,A,preserved_source_assertion
ast-6c05e9f0a201,org-houm-8d7c85c,Houm,cohort_or_ecosystem,Y Combinator W2021,coverage_gap_additions.csv,"[""https://houm.com/co/quienes-somos"",""https://ycombinator.com/companies/houm""]",2026-08-30,A,preserved_source_assertion
ast-899af3cf25ae,org-houm-8d7c85c,Houm,entity_type,private startup,coverage_gap_additions.csv,"[""https://houm.com/co/quienes-somos"",""https://ycombinator.com/companies/houm""]",2026-08-30,A,preserved_source_assertion
ast-025d6db8d8d0,org-houm-8d7c85c,Houm,evidence_grade,A,coverage_gap_additions.csv,"[""https://houm.com/co/quienes-somos"",""https://ycombinator.com/companies/houm""]",2026-08-30,A,preserved_source_assertion
ast-7f5f045ade1e,org-houm-8d7c85c,Houm,founding_year,2018,coverage_gap_additions.csv,"[""https://houm.com/co/quienes-somos"",""https://ycombinator.com/companies/houm""]",2026-08-30,A,preserved_source_assertion
ast-faec5ddb3935,org-houm-8d7c85c,Houm,hq_country,Chile,coverage_gap_additions.csv,"[""https://houm.com/co/quienes-somos"",""https://ycombinator.com/companies/houm""]",2026-08-30,A,preserved_source_assertion
ast-dd040650fc73,org-houm-8d7c85c,Houm,maturity,scaleup,coverage_gap_additions.csv,"[""https://houm.com/co/quienes-somos"",""https://ycombinator.com/companies/houm""]",2026-08-30,A,preserved_source_assertion
ast-4971c11c5718,org-houm-8d7c85c,Houm,primary_lifecycle,L6 Marketing/sales,coverage_gap_additions.csv,"[""https://houm.com/co/quienes-somos"",""https://ycombinator.com/companies/houm""]",2026-08-30,A,preserved_source_assertion
ast-96a1e7835c7a,org-houm-8d7c85c,Houm,relevance_tier,A,coverage_gap_additions.csv,"[""https://houm.com/co/quienes-somos"",""https://ycombinator.com/companies/houm""]",2026-08-30,A,preserved_source_assertion
ast-2da42fcf633a,org-houm-8d7c85c,Houm,secondary_lifecycle,L7 Occupancy/L8 Property operations,coverage_gap_additions.csv,"[""https://houm.com/co/quienes-somos"",""https://ycombinator.com/companies/houm""]",2026-08-30,A,preserved_source_assertion
ast-9352f1007a6d,org-houm-8d7c85c,Houm,status,active,coverage_gap_additions.csv,"[""https://houm.com/co/quienes-somos"",""https://ycombinator.com/companies/houm""]",2026-08-30,A,preserved_source_assertion
ast-96cb55429d69,org-houm-8d7c85c,Houm,status_as_of,2026-08-30,coverage_gap_additions.csv,"[""https://houm.com/co/quienes-somos"",""https://ycombinator.com/companies/houm""]",2026-08-30,A,preserved_source_assertion
ast-98e7a82e86fa,org-houseafrica-4dd17a3,HouseAfrica,business_model,platform fees and investment services,coverage_gap_additions.csv,"[""https://houseafrica.io/"",""https://project.houseafrica.io/terms""]",2026-08-30,B,preserved_source_assertion
ast-20f0ca554b29,org-houseafrica-4dd17a3,HouseAfrica,canonical_url,https://houseafrica.io/,coverage_gap_additions.csv,"[""https://houseafrica.io/"",""https://project.houseafrica.io/terms""]",2026-08-30,B,preserved_source_assertion
ast-9ee06a97cc06,org-houseafrica-4dd17a3,HouseAfrica,category,land verification digital title and fractional property platform,coverage_gap_additions.csv,"[""https://houseafrica.io/"",""https://project.houseafrica.io/terms""]",2026-08-30,B,preserved_source_assertion
ast-ba6dd75eb5d6,org-houseafrica-4dd17a3,HouseAfrica,cohort_or_ecosystem,Independent,coverage_gap_additions.csv,"[""https://houseafrica.io/"",""https://project.houseafrica.io/terms""]",2026-08-30,B,preserved_source_assertion
ast-b427b4e81ad9,org-houseafrica-4dd17a3,HouseAfrica,entity_type,private startup,coverage_gap_additions.csv,"[""https://houseafrica.io/"",""https://project.houseafrica.io/terms""]",2026-08-30,B,preserved_source_assertion
ast-cee1e193abfa,org-houseafrica-4dd17a3,HouseAfrica,evidence_grade,B,coverage_gap_additions.csv,"[""https://houseafrica.io/"",""https://project.houseafrica.io/terms""]",2026-08-30,B,preserved_source_assertion
ast-a283bd716d9d,org-houseafrica-4dd17a3,HouseAfrica,founding_year,2019,coverage_gap_additions.csv,"[""https://houseafrica.io/"",""https://project.houseafrica.io/terms""]",2026-08-30,B,preserved_source_assertion
ast-e37747deca46,org-houseafrica-4dd17a3,HouseAfrica,hq_country,Nigeria,coverage_gap_additions.csv,"[""https://houseafrica.io/"",""https://project.houseafrica.io/terms""]",2026-08-30,B,preserved_source_assertion
ast-278633763229,org-houseafrica-4dd17a3,HouseAfrica,maturity,early-stage,coverage_gap_additions.csv,"[""https://houseafrica.io/"",""https://project.houseafrica.io/terms""]",2026-08-30,B,preserved_source_assertion
ast-11ab2f3c84ea,org-houseafrica-4dd17a3,HouseAfrica,primary_lifecycle,L1 Land/site,coverage_gap_additions.csv,"[""https://houseafrica.io/"",""https://project.houseafrica.io/terms""]",2026-08-30,B,preserved_source_assertion
ast-1204591bf3a5,org-houseafrica-4dd17a3,HouseAfrica,relevance_tier,B,coverage_gap_additions.csv,"[""https://houseafrica.io/"",""https://project.houseafrica.io/terms""]",2026-08-30,B,preserved_source_assertion
ast-0b35d27bcbdd,org-houseafrica-4dd17a3,HouseAfrica,secondary_lifecycle,L3 Capital/finance/L6 Marketing/sales,coverage_gap_additions.csv,"[""https://houseafrica.io/"",""https://project.houseafrica.io/terms""]",2026-08-30,B,preserved_source_assertion
ast-1f62862b23ef,org-houseafrica-4dd17a3,HouseAfrica,status,unclear,coverage_gap_additions.csv,"[""https://houseafrica.io/"",""https://project.houseafrica.io/terms""]",2026-08-30,B,preserved_source_assertion
ast-f1c7512a6175,org-houseafrica-4dd17a3,HouseAfrica,status_as_of,2026-08-30,coverage_gap_additions.csv,"[""https://houseafrica.io/"",""https://project.houseafrica.io/terms""]",2026-08-30,B,preserved_source_assertion
ast-52057878897a,org-housecanary-8bb8018,HouseCanary,business_model,SaaS/API,proptech_startups_agent.csv,"[""https://housecanary.com/""]",2026-08-30,A,preserved_source_assertion
ast-b9be1a5c058f,org-housecanary-8bb8018,HouseCanary,canonical_url,https://www.housecanary.com/,proptech_startups_agent.csv,"[""https://housecanary.com/""]",2026-08-30,A,preserved_source_assertion
ast-434436df4ee0,org-housecanary-8bb8018,HouseCanary,category,Valuation analytics,proptech_startups_agent.csv,"[""https://housecanary.com/""]",2026-08-30,A,preserved_source_assertion
ast-0c92d9887cab,org-housecanary-8bb8018,HouseCanary,cohort_or_ecosystem,Independent,proptech_startups_agent.csv,"[""https://housecanary.com/""]",2026-08-30,A,preserved_source_assertion
ast-9f936bb6657f,org-housecanary-8bb8018,HouseCanary,entity_type,Company,proptech_startups_agent.csv,"[""https://housecanary.com/""]",2026-08-30,A,preserved_source_assertion
ast-92aed77310b4,org-housecanary-8bb8018,HouseCanary,evidence_grade,A,proptech_startups_agent.csv,"[""https://housecanary.com/""]",2026-08-30,A,preserved_source_assertion
ast-0c5894d794b3,org-housecanary-8bb8018,HouseCanary,founding_year,2013,proptech_startups_agent.csv,"[""https://housecanary.com/""]",2026-08-30,A,preserved_source_assertion
ast-a8b8f3600152,org-housecanary-8bb8018,HouseCanary,hq_country,United States,proptech_startups_agent.csv,"[""https://housecanary.com/""]",2026-08-30,A,preserved_source_assertion
ast-b5d162564688,org-housecanary-8bb8018,HouseCanary,maturity,Scaleup,proptech_startups_agent.csv,"[""https://housecanary.com/""]",2026-08-30,A,preserved_source_assertion
ast-b4816c92fba7,org-housecanary-8bb8018,HouseCanary,primary_lifecycle,Land,proptech_startups_agent.csv,"[""https://housecanary.com/""]",2026-08-30,A,preserved_source_assertion
ast-f1d0bd09c728,org-housecanary-8bb8018,HouseCanary,relevance_tier,A,proptech_startups_agent.csv,"[""https://housecanary.com/""]",2026-08-30,A,preserved_source_assertion
ast-f9e7374c76ec,org-housecanary-8bb8018,HouseCanary,secondary_lifecycle,Finance,proptech_startups_agent.csv,"[""https://housecanary.com/""]",2026-08-30,A,preserved_source_assertion
ast-f65ebf05c1e1,org-housecanary-8bb8018,HouseCanary,status,Active,proptech_startups_agent.csv,"[""https://housecanary.com/""]",2026-08-30,A,preserved_source_assertion
ast-33269807f05f,org-housecanary-8bb8018,HouseCanary,status_as_of,2026-08-30,proptech_startups_agent.csv,"[""https://housecanary.com/""]",2026-08-30,A,preserved_source_assertion
ast-928e8be65593,org-housmart-propocloud-a0ab301,Housmart-PropoCloud,business_model,SaaS,regional_companies_agent.csv,"[""https://edinetdb.jp/company/E34177/text?fy=2024"",""https://j-vgi.co.jp/en/news/housmart211008""]",2026-08-30,C,preserved_source_assertion
ast-06bae0bf7402,org-housmart-propocloud-a0ab301,Housmart-PropoCloud,canonical_url,https://www.j-vgi.co.jp/en/news/housmart211008,regional_companies_agent.csv,"[""https://edinetdb.jp/company/E34177/text?fy=2024"",""https://j-vgi.co.jp/en/news/housmart211008""]",2026-08-30,C,preserved_source_assertion
ast-b9bc4d75f3fe,org-housmart-propocloud-a0ab301,Housmart-PropoCloud,category,real-estate-sales-SaaS,regional_companies_agent.csv,"[""https://edinetdb.jp/company/E34177/text?fy=2024"",""https://j-vgi.co.jp/en/news/housmart211008""]",2026-08-30,C,preserved_source_assertion
ast-644a9393016e,org-housmart-propocloud-a0ab301,Housmart-PropoCloud,cohort_or_ecosystem,GA-acquisition-2024,regional_companies_agent.csv,"[""https://edinetdb.jp/company/E34177/text?fy=2024"",""https://j-vgi.co.jp/en/news/housmart211008""]",2026-08-30,C,preserved_source_assertion
ast-78310b74fa27,org-housmart-propocloud-a0ab301,Housmart-PropoCloud,entity_type,acquired-startup,regional_companies_agent.csv,"[""https://edinetdb.jp/company/E34177/text?fy=2024"",""https://j-vgi.co.jp/en/news/housmart211008""]",2026-08-30,C,preserved_source_assertion
ast-cbcb959d9265,org-housmart-propocloud-a0ab301,Housmart-PropoCloud,evidence_grade,C,regional_companies_agent.csv,"[""https://edinetdb.jp/company/E34177/text?fy=2024"",""https://j-vgi.co.jp/en/news/housmart211008""]",2026-08-30,C,preserved_source_assertion
ast-73647ef7311b,org-housmart-propocloud-a0ab301,Housmart-PropoCloud,founding_year,2014,regional_companies_agent.csv,"[""https://edinetdb.jp/company/E34177/text?fy=2024"",""https://j-vgi.co.jp/en/news/housmart211008""]",2026-08-30,C,preserved_source_assertion
ast-6bb42dd6f61c,org-housmart-propocloud-a0ab301,Housmart-PropoCloud,hq_country,Japan,regional_companies_agent.csv,"[""https://edinetdb.jp/company/E34177/text?fy=2024"",""https://j-vgi.co.jp/en/news/housmart211008""]",2026-08-30,C,preserved_source_assertion
ast-37e35bac4b99,org-housmart-propocloud-a0ab301,Housmart-PropoCloud,maturity,acquired,regional_companies_agent.csv,"[""https://edinetdb.jp/company/E34177/text?fy=2024"",""https://j-vgi.co.jp/en/news/housmart211008""]",2026-08-30,C,preserved_source_assertion
ast-dad60b5b5290,org-housmart-propocloud-a0ab301,Housmart-PropoCloud,primary_lifecycle,broker-lead-nurture,regional_companies_agent.csv,"[""https://edinetdb.jp/company/E34177/text?fy=2024"",""https://j-vgi.co.jp/en/news/housmart211008""]",2026-08-30,C,preserved_source_assertion
ast-afc9f6da94dd,org-housmart-propocloud-a0ab301,Housmart-PropoCloud,relevance_tier,C,regional_companies_agent.csv,"[""https://edinetdb.jp/company/E34177/text?fy=2024"",""https://j-vgi.co.jp/en/news/housmart211008""]",2026-08-30,C,preserved_source_assertion
ast-65a95315567a,org-housmart-propocloud-a0ab301,Housmart-PropoCloud,secondary_lifecycle,automated-property-matching,regional_companies_agent.csv,"[""https://edinetdb.jp/company/E34177/text?fy=2024"",""https://j-vgi.co.jp/en/news/housmart211008""]",2026-08-30,C,preserved_source_assertion
ast-22d09370b37b,org-housmart-propocloud-a0ab301,Housmart-PropoCloud,status,acquired-by-GA-ITANDI,regional_companies_agent.csv,"[""https://edinetdb.jp/company/E34177/text?fy=2024"",""https://j-vgi.co.jp/en/news/housmart211008""]",2026-08-30,C,preserved_source_assertion
ast-25129efcd550,org-housmart-propocloud-a0ab301,Housmart-PropoCloud,status_as_of,2026-08-30,regional_companies_agent.csv,"[""https://edinetdb.jp/company/E34177/text?fy=2024"",""https://j-vgi.co.jp/en/news/housmart211008""]",2026-08-30,C,preserved_source_assertion
ast-6178fb03962c,org-huspy-288c347,Huspy,business_model,commission-referral-finance,regional_companies_agent.csv,"[""https://huspy.com/ae"",""https://huspy.com/ae/blog/balderton-huspy"",""https://huspy.com/blog/huspy-series-a""]",2026-08-30,B,preserved_source_assertion
ast-68ed12996201,org-huspy-288c347,Huspy,canonical_url,https://huspy.com/ae/,regional_companies_agent.csv,"[""https://huspy.com/ae"",""https://huspy.com/ae/blog/balderton-huspy"",""https://huspy.com/blog/huspy-series-a""]",2026-08-30,B,preserved_source_assertion
ast-62817aabda25,org-huspy-288c347,Huspy,category,brokerage-mortgage-platform,regional_companies_agent.csv,"[""https://huspy.com/ae"",""https://huspy.com/ae/blog/balderton-huspy"",""https://huspy.com/blog/huspy-series-a""]",2026-08-30,B,preserved_source_assertion
ast-af6d573205be,org-huspy-288c347,Huspy,cohort_or_ecosystem,Fifth-Wall-Peak-XV-Balderton,regional_companies_agent.csv,"[""https://huspy.com/ae"",""https://huspy.com/ae/blog/balderton-huspy"",""https://huspy.com/blog/huspy-series-a""]",2026-08-30,B,preserved_source_assertion
ast-a6b7a68bf661,org-huspy-288c347,Huspy,entity_type,private-growth,regional_companies_agent.csv,"[""https://huspy.com/ae"",""https://huspy.com/ae/blog/balderton-huspy"",""https://huspy.com/blog/huspy-series-a""]",2026-08-30,B,preserved_source_assertion
ast-982b92b373b5,org-huspy-288c347,Huspy,evidence_grade,B,regional_companies_agent.csv,"[""https://huspy.com/ae"",""https://huspy.com/ae/blog/balderton-huspy"",""https://huspy.com/blog/huspy-series-a""]",2026-08-30,B,preserved_source_assertion
ast-986e12f909f5,org-huspy-288c347,Huspy,founding_year,2020,regional_companies_agent.csv,"[""https://huspy.com/ae"",""https://huspy.com/ae/blog/balderton-huspy"",""https://huspy.com/blog/huspy-series-a""]",2026-08-30,B,preserved_source_assertion
ast-70e3e9fc244d,org-huspy-288c347,Huspy,hq_country,United Arab Emirates,regional_companies_agent.csv,"[""https://huspy.com/ae"",""https://huspy.com/ae/blog/balderton-huspy"",""https://huspy.com/blog/huspy-series-a""]",2026-08-30,B,preserved_source_assertion
ast-77ec9aa01e55,org-huspy-288c347,Huspy,maturity,scale,regional_companies_agent.csv,"[""https://huspy.com/ae"",""https://huspy.com/ae/blog/balderton-huspy"",""https://huspy.com/blog/huspy-series-a""]",2026-08-30,B,preserved_source_assertion
ast-ebceff79309a,org-huspy-288c347,Huspy,primary_lifecycle,home-discovery-brokerage,regional_companies_agent.csv,"[""https://huspy.com/ae"",""https://huspy.com/ae/blog/balderton-huspy"",""https://huspy.com/blog/huspy-series-a""]",2026-08-30,B,preserved_source_assertion
ast-17a6f01b94ee,org-huspy-288c347,Huspy,relevance_tier,B,regional_companies_agent.csv,"[""https://huspy.com/ae"",""https://huspy.com/ae/blog/balderton-huspy"",""https://huspy.com/blog/huspy-series-a""]",2026-08-30,B,preserved_source_assertion
ast-dce59c498df5,org-huspy-288c347,Huspy,secondary_lifecycle,mortgage-financing,regional_companies_agent.csv,"[""https://huspy.com/ae"",""https://huspy.com/ae/blog/balderton-huspy"",""https://huspy.com/blog/huspy-series-a""]",2026-08-30,B,preserved_source_assertion
ast-f62955bf835b,org-huspy-288c347,Huspy,status,active,regional_companies_agent.csv,"[""https://huspy.com/ae"",""https://huspy.com/ae/blog/balderton-huspy"",""https://huspy.com/blog/huspy-series-a""]",2026-08-30,B,preserved_source_assertion
ast-e15230a02129,org-huspy-288c347,Huspy,status_as_of,2026-08-30,regional_companies_agent.csv,"[""https://huspy.com/ae"",""https://huspy.com/ae/blog/balderton-huspy"",""https://huspy.com/blog/huspy-series-a""]",2026-08-30,B,preserved_source_assertion
ast-599524d5a0af,org-i-city-i-berhad-05f7e81,i-City / i-Berhad,canonical_url,https://www.i-bhd.com/about/,global_real_estate_pioneers_agent.csv,"[""https://i-bhd.com/about""]",2026-08-30,B,preserved_source_assertion
ast-53408ad6b928,org-i-city-i-berhad-05f7e81,i-City / i-Berhad,entity_type,integrated city developer,global_real_estate_pioneers_agent.csv,"[""https://i-bhd.com/about""]",2026-08-30,B,preserved_source_assertion
ast-b0433bb01168,org-i-city-i-berhad-05f7e81,i-City / i-Berhad,evidence_grade,B,global_real_estate_pioneers_agent.csv,"[""https://i-bhd.com/about""]",2026-08-30,B,preserved_source_assertion
ast-3d988aa46dd8,org-i-city-i-berhad-05f7e81,i-City / i-Berhad,hq_country,Malaysia,global_real_estate_pioneers_agent.csv,"[""https://i-bhd.com/about""]",2026-08-30,B,preserved_source_assertion
ast-4d05bfee00aa,org-i-city-i-berhad-05f7e81,i-City / i-Berhad,primary_lifecycle,L/O/E,global_real_estate_pioneers_agent.csv,"[""https://i-bhd.com/about""]",2026-08-30,B,preserved_source_assertion
ast-a6f775b49cbb,org-i-city-i-berhad-05f7e81,i-City / i-Berhad,relevance_tier,B,global_real_estate_pioneers_agent.csv,"[""https://i-bhd.com/about""]",2026-08-30,B,preserved_source_assertion
ast-16dd27ceb93a,org-i-city-i-berhad-05f7e81,i-City / i-Berhad,status,active,global_real_estate_pioneers_agent.csv,"[""https://i-bhd.com/about""]",2026-08-30,B,preserved_source_assertion
ast-8707ead25f24,org-icon-f8995ba,ICON,business_model,hardware software materials training and construction services,coverage_gap_additions.csv,"[""https://iconbuild.com/newsroom/icon-announces-first-commercial-rollout-of-its-3d-printing-construction-technology-for-builders"",""https://iconbuild.com/technology""]",2026-08-30,A,preserved_source_assertion
ast-a6f47ed541e9,org-icon-f8995ba,ICON,canonical_url,https://www.iconbuild.com/technology,coverage_gap_additions.csv,"[""https://iconbuild.com/newsroom/icon-announces-first-commercial-rollout-of-its-3d-printing-construction-technology-for-builders"",""https://iconbuild.com/technology""]",2026-08-30,A,preserved_source_assertion
ast-3aab446de2aa,org-icon-f8995ba,ICON,category,robotic 3D-printed construction and BuildOS,coverage_gap_additions.csv,"[""https://iconbuild.com/newsroom/icon-announces-first-commercial-rollout-of-its-3d-printing-construction-technology-for-builders"",""https://iconbuild.com/technology""]",2026-08-30,A,preserved_source_assertion
ast-2ae614f961b0,org-icon-f8995ba,ICON,cohort_or_ecosystem,Independent,coverage_gap_additions.csv,"[""https://iconbuild.com/newsroom/icon-announces-first-commercial-rollout-of-its-3d-printing-construction-technology-for-builders"",""https://iconbuild.com/technology""]",2026-08-30,A,preserved_source_assertion
ast-c04c87469ef4,org-icon-f8995ba,ICON,entity_type,private company,coverage_gap_additions.csv,"[""https://iconbuild.com/newsroom/icon-announces-first-commercial-rollout-of-its-3d-printing-construction-technology-for-builders"",""https://iconbuild.com/technology""]",2026-08-30,A,preserved_source_assertion
ast-abc5117e8362,org-icon-f8995ba,ICON,evidence_grade,A,coverage_gap_additions.csv,"[""https://iconbuild.com/newsroom/icon-announces-first-commercial-rollout-of-its-3d-printing-construction-technology-for-builders"",""https://iconbuild.com/technology""]",2026-08-30,A,preserved_source_assertion
ast-938958fe2fc9,org-icon-f8995ba,ICON,founding_year,2017,coverage_gap_additions.csv,"[""https://iconbuild.com/newsroom/icon-announces-first-commercial-rollout-of-its-3d-printing-construction-technology-for-builders"",""https://iconbuild.com/technology""]",2026-08-30,A,preserved_source_assertion
ast-34d018fa5988,org-icon-f8995ba,ICON,hq_country,United States,coverage_gap_additions.csv,"[""https://iconbuild.com/newsroom/icon-announces-first-commercial-rollout-of-its-3d-printing-construction-technology-for-builders"",""https://iconbuild.com/technology""]",2026-08-30,A,preserved_source_assertion
ast-f0874b5fbcac,org-icon-f8995ba,ICON,maturity,scaleup,coverage_gap_additions.csv,"[""https://iconbuild.com/newsroom/icon-announces-first-commercial-rollout-of-its-3d-printing-construction-technology-for-builders"",""https://iconbuild.com/technology""]",2026-08-30,A,preserved_source_assertion
ast-f713877069c2,org-icon-f8995ba,ICON,primary_lifecycle,L5 Construction,coverage_gap_additions.csv,"[""https://iconbuild.com/newsroom/icon-announces-first-commercial-rollout-of-its-3d-printing-construction-technology-for-builders"",""https://iconbuild.com/technology""]",2026-08-30,A,preserved_source_assertion
ast-64b486a8c5ef,org-icon-f8995ba,ICON,relevance_tier,B,coverage_gap_additions.csv,"[""https://iconbuild.com/newsroom/icon-announces-first-commercial-rollout-of-its-3d-printing-construction-technology-for-builders"",""https://iconbuild.com/technology""]",2026-08-30,A,preserved_source_assertion
ast-aab3dcd1cb3f,org-icon-f8995ba,ICON,secondary_lifecycle,L2 Feasibility/L10 ESG,coverage_gap_additions.csv,"[""https://iconbuild.com/newsroom/icon-announces-first-commercial-rollout-of-its-3d-printing-construction-technology-for-builders"",""https://iconbuild.com/technology""]",2026-08-30,A,preserved_source_assertion
ast-f70f1ddb3ba0,org-icon-f8995ba,ICON,status,active,coverage_gap_additions.csv,"[""https://iconbuild.com/newsroom/icon-announces-first-commercial-rollout-of-its-3d-printing-construction-technology-for-builders"",""https://iconbuild.com/technology""]",2026-08-30,A,preserved_source_assertion
ast-5f988d58b826,org-icon-f8995ba,ICON,status_as_of,2026-08-30,coverage_gap_additions.csv,"[""https://iconbuild.com/newsroom/icon-announces-first-commercial-rollout-of-its-3d-printing-construction-technology-for-builders"",""https://iconbuild.com/technology""]",2026-08-30,A,preserved_source_assertion
ast-c7f2de16f41b,org-inbuild-0282ee3,inBuild,business_model,fintech SaaS,coverage_gap_additions.csv,"[""https://ycombinator.com/companies/inbuild""]",2026-08-30,A,preserved_source_assertion
ast-8ac3b278985e,org-inbuild-0282ee3,inBuild,canonical_url,https://www.ycombinator.com/companies/inbuild,coverage_gap_additions.csv,"[""https://ycombinator.com/companies/inbuild""]",2026-08-30,A,preserved_source_assertion
ast-1c08c26a46a9,org-inbuild-0282ee3,inBuild,category,AI invoice approval payment and budget control for homebuilders,coverage_gap_additions.csv,"[""https://ycombinator.com/companies/inbuild""]",2026-08-30,A,preserved_source_assertion
ast-0682b47fd0fd,org-inbuild-0282ee3,inBuild,cohort_or_ecosystem,Y Combinator W2023,coverage_gap_additions.csv,"[""https://ycombinator.com/companies/inbuild""]",2026-08-30,A,preserved_source_assertion
ast-4c33784241c6,org-inbuild-0282ee3,inBuild,entity_type,private startup,coverage_gap_additions.csv,"[""https://ycombinator.com/companies/inbuild""]",2026-08-30,A,preserved_source_assertion
ast-3a3281eabd8b,org-inbuild-0282ee3,inBuild,evidence_grade,A,coverage_gap_additions.csv,"[""https://ycombinator.com/companies/inbuild""]",2026-08-30,A,preserved_source_assertion
ast-e285cb34cb64,org-inbuild-0282ee3,inBuild,founding_year,2023,coverage_gap_additions.csv,"[""https://ycombinator.com/companies/inbuild""]",2026-08-30,A,preserved_source_assertion
ast-8c82787eed34,org-inbuild-0282ee3,inBuild,hq_country,United States,coverage_gap_additions.csv,"[""https://ycombinator.com/companies/inbuild""]",2026-08-30,A,preserved_source_assertion
ast-3a74a516ce3d,org-inbuild-0282ee3,inBuild,maturity,early-stage,coverage_gap_additions.csv,"[""https://ycombinator.com/companies/inbuild""]",2026-08-30,A,preserved_source_assertion
ast-fd69c08ac326,org-inbuild-0282ee3,inBuild,primary_lifecycle,L5 Construction,coverage_gap_additions.csv,"[""https://ycombinator.com/companies/inbuild""]",2026-08-30,A,preserved_source_assertion
ast-b1ad6082931e,org-inbuild-0282ee3,inBuild,relevance_tier,B,coverage_gap_additions.csv,"[""https://ycombinator.com/companies/inbuild""]",2026-08-30,A,preserved_source_assertion
ast-cc6679f7397f,org-inbuild-0282ee3,inBuild,secondary_lifecycle,L3 Capital/finance,coverage_gap_additions.csv,"[""https://ycombinator.com/companies/inbuild""]",2026-08-30,A,preserved_source_assertion
ast-f891eeeb61f9,org-inbuild-0282ee3,inBuild,status,active,coverage_gap_additions.csv,"[""https://ycombinator.com/companies/inbuild""]",2026-08-30,A,preserved_source_assertion
ast-1d7d844aab7a,org-inbuild-0282ee3,inBuild,status_as_of,2026-08-30,coverage_gap_additions.csv,"[""https://ycombinator.com/companies/inbuild""]",2026-08-30,A,preserved_source_assertion
ast-4310d730d2dc,org-infra-market-b3a2104,Infra-Market,business_model,marketplace-manufacturing-finance,regional_companies_agent.csv,"[""https://infra-prod.gumlet.io/ivas/PROD/06-05-2025/1746534342377_IVAS_DezineMandapam.pdf"",""https://infra.market/"",""https://infra.market/about-us""]",2026-08-30,B/C,preserved_source_assertion
ast-7a9288515f30,org-infra-market-b3a2104,Infra-Market,canonical_url,https://infra.market/,regional_companies_agent.csv,"[""https://infra-prod.gumlet.io/ivas/PROD/06-05-2025/1746534342377_IVAS_DezineMandapam.pdf"",""https://infra.market/"",""https://infra.market/about-us""]",2026-08-30,B/C,preserved_source_assertion
ast-956125c4f699,org-infra-market-b3a2104,Infra-Market,category,construction-materials-platform,regional_companies_agent.csv,"[""https://infra-prod.gumlet.io/ivas/PROD/06-05-2025/1746534342377_IVAS_DezineMandapam.pdf"",""https://infra.market/"",""https://infra.market/about-us""]",2026-08-30,B/C,preserved_source_assertion
ast-90d82dae5a02,org-infra-market-b3a2104,Infra-Market,cohort_or_ecosystem,Indian-construction-scaleup,regional_companies_agent.csv,"[""https://infra-prod.gumlet.io/ivas/PROD/06-05-2025/1746534342377_IVAS_DezineMandapam.pdf"",""https://infra.market/"",""https://infra.market/about-us""]",2026-08-30,B/C,preserved_source_assertion
ast-511d48b8d86b,org-infra-market-b3a2104,Infra-Market,entity_type,private-company,regional_companies_agent.csv,"[""https://infra-prod.gumlet.io/ivas/PROD/06-05-2025/1746534342377_IVAS_DezineMandapam.pdf"",""https://infra.market/"",""https://infra.market/about-us""]",2026-08-30,B/C,preserved_source_assertion
ast-a77e88377c3d,org-infra-market-b3a2104,Infra-Market,evidence_grade,B/C,regional_companies_agent.csv,"[""https://infra-prod.gumlet.io/ivas/PROD/06-05-2025/1746534342377_IVAS_DezineMandapam.pdf"",""https://infra.market/"",""https://infra.market/about-us""]",2026-08-30,B/C,preserved_source_assertion
ast-c0b97120fec5,org-infra-market-b3a2104,Infra-Market,founding_year,2016,regional_companies_agent.csv,"[""https://infra-prod.gumlet.io/ivas/PROD/06-05-2025/1746534342377_IVAS_DezineMandapam.pdf"",""https://infra.market/"",""https://infra.market/about-us""]",2026-08-30,B/C,preserved_source_assertion
ast-c9d14a9a06a3,org-infra-market-b3a2104,Infra-Market,hq_country,India,regional_companies_agent.csv,"[""https://infra-prod.gumlet.io/ivas/PROD/06-05-2025/1746534342377_IVAS_DezineMandapam.pdf"",""https://infra.market/"",""https://infra.market/about-us""]",2026-08-30,B/C,preserved_source_assertion
ast-201ef9dade33,org-infra-market-b3a2104,Infra-Market,maturity,scale,regional_companies_agent.csv,"[""https://infra-prod.gumlet.io/ivas/PROD/06-05-2025/1746534342377_IVAS_DezineMandapam.pdf"",""https://infra.market/"",""https://infra.market/about-us""]",2026-08-30,B/C,preserved_source_assertion
ast-1ce2361a5624,org-infra-market-b3a2104,Infra-Market,primary_lifecycle,materials-procurement-manufacturing,regional_companies_agent.csv,"[""https://infra-prod.gumlet.io/ivas/PROD/06-05-2025/1746534342377_IVAS_DezineMandapam.pdf"",""https://infra.market/"",""https://infra.market/about-us""]",2026-08-30,B/C,preserved_source_assertion
ast-bcdb9fb3338c,org-infra-market-b3a2104,Infra-Market,relevance_tier,B,regional_companies_agent.csv,"[""https://infra-prod.gumlet.io/ivas/PROD/06-05-2025/1746534342377_IVAS_DezineMandapam.pdf"",""https://infra.market/"",""https://infra.market/about-us""]",2026-08-30,B/C,preserved_source_assertion
ast-babac62d7f04,org-infra-market-b3a2104,Infra-Market,secondary_lifecycle,distribution-private-label-credit,regional_companies_agent.csv,"[""https://infra-prod.gumlet.io/ivas/PROD/06-05-2025/1746534342377_IVAS_DezineMandapam.pdf"",""https://infra.market/"",""https://infra.market/about-us""]",2026-08-30,B/C,preserved_source_assertion
ast-f6ae6de8c05b,org-infra-market-b3a2104,Infra-Market,status,active,regional_companies_agent.csv,"[""https://infra-prod.gumlet.io/ivas/PROD/06-05-2025/1746534342377_IVAS_DezineMandapam.pdf"",""https://infra.market/"",""https://infra.market/about-us""]",2026-08-30,B/C,preserved_source_assertion
ast-58fe440567a4,org-infra-market-b3a2104,Infra-Market,status_as_of,2026-08-30,regional_companies_agent.csv,"[""https://infra-prod.gumlet.io/ivas/PROD/06-05-2025/1746534342377_IVAS_DezineMandapam.pdf"",""https://infra.market/"",""https://infra.market/about-us""]",2026-08-30,B/C,preserved_source_assertion
ast-6c8aa0877a5d,org-inspace-a027d14,Inspace,business_model,SaaS/services,proptech_startups_agent.csv,"[""https://inspace.io/"",""https://tarongagroup.com/realtechx""]",2026-08-30,B,preserved_source_assertion
ast-52eefa1b02fe,org-inspace-a027d14,Inspace,canonical_url,https://inspace.io/,proptech_startups_agent.csv,"[""https://inspace.io/"",""https://tarongagroup.com/realtechx""]",2026-08-30,B,preserved_source_assertion
ast-8f8ddb368423,org-inspace-a027d14,Inspace,category,3D visualization,proptech_startups_agent.csv,"[""https://inspace.io/"",""https://tarongagroup.com/realtechx""]",2026-08-30,B,preserved_source_assertion
ast-c9df5ed631cd,org-inspace-a027d14,Inspace,cohort_or_ecosystem,Taronga RealTechX,proptech_startups_agent.csv,"[""https://inspace.io/"",""https://tarongagroup.com/realtechx""]",2026-08-30,B,preserved_source_assertion
ast-ea057eeb39ee,org-inspace-a027d14,Inspace,entity_type,Company,proptech_startups_agent.csv,"[""https://inspace.io/"",""https://tarongagroup.com/realtechx""]",2026-08-30,B,preserved_source_assertion
ast-bc3f7cb60a37,org-inspace-a027d14,Inspace,evidence_grade,B,proptech_startups_agent.csv,"[""https://inspace.io/"",""https://tarongagroup.com/realtechx""]",2026-08-30,B,preserved_source_assertion
ast-a99e56056542,org-inspace-a027d14,Inspace,founding_year,Unknown,proptech_startups_agent.csv,"[""https://inspace.io/"",""https://tarongagroup.com/realtechx""]",2026-08-30,B,preserved_source_assertion
ast-7b3371a66187,org-inspace-a027d14,Inspace,hq_country,Australia,proptech_startups_agent.csv,"[""https://inspace.io/"",""https://tarongagroup.com/realtechx""]",2026-08-30,B,preserved_source_assertion
ast-6117a6c6274e,org-inspace-a027d14,Inspace,maturity,Scaleup,proptech_startups_agent.csv,"[""https://inspace.io/"",""https://tarongagroup.com/realtechx""]",2026-08-30,B,preserved_source_assertion
ast-aef1303c129d,org-inspace-a027d14,Inspace,primary_lifecycle,Sales,proptech_startups_agent.csv,"[""https://inspace.io/"",""https://tarongagroup.com/realtechx""]",2026-08-30,B,preserved_source_assertion
ast-3498a4698196,org-inspace-a027d14,Inspace,relevance_tier,C,proptech_startups_agent.csv,"[""https://inspace.io/"",""https://tarongagroup.com/realtechx""]",2026-08-30,B,preserved_source_assertion
ast-2bd487cf7e63,org-inspace-a027d14,Inspace,secondary_lifecycle,Design,proptech_startups_agent.csv,"[""https://inspace.io/"",""https://tarongagroup.com/realtechx""]",2026-08-30,B,preserved_source_assertion
ast-3e69deccff5b,org-inspace-a027d14,Inspace,status,Active,proptech_startups_agent.csv,"[""https://inspace.io/"",""https://tarongagroup.com/realtechx""]",2026-08-30,B,preserved_source_assertion
ast-61158616f87c,org-inspace-a027d14,Inspace,status_as_of,2026-08-30,proptech_startups_agent.csv,"[""https://inspace.io/"",""https://tarongagroup.com/realtechx""]",2026-08-30,B,preserved_source_assertion
ast-a1f72be605e4,org-inspectmind-ai-e96a36c,InspectMind AI,business_model,AI SaaS,proptech_startups_agent.csv,"[""https://ycombinator.com/companies/inspectmind-ai""]",2026-08-30,A,preserved_source_assertion
ast-6f199a986678,org-inspectmind-ai-e96a36c,InspectMind AI,canonical_url,https://www.ycombinator.com/companies/inspectmind-ai,proptech_startups_agent.csv,"[""https://ycombinator.com/companies/inspectmind-ai""]",2026-08-30,A,preserved_source_assertion
ast-257fb8fa3bc8,org-inspectmind-ai-e96a36c,InspectMind AI,category,AI drawing QA,proptech_startups_agent.csv,"[""https://ycombinator.com/companies/inspectmind-ai""]",2026-08-30,A,preserved_source_assertion
ast-e3a3e9be0d4f,org-inspectmind-ai-e96a36c,InspectMind AI,cohort_or_ecosystem,YC W2024,proptech_startups_agent.csv,"[""https://ycombinator.com/companies/inspectmind-ai""]",2026-08-30,A,preserved_source_assertion
ast-1fa58655d98c,org-inspectmind-ai-e96a36c,InspectMind AI,entity_type,Company,proptech_startups_agent.csv,"[""https://ycombinator.com/companies/inspectmind-ai""]",2026-08-30,A,preserved_source_assertion
ast-a5c72673d265,org-inspectmind-ai-e96a36c,InspectMind AI,evidence_grade,A,proptech_startups_agent.csv,"[""https://ycombinator.com/companies/inspectmind-ai""]",2026-08-30,A,preserved_source_assertion
ast-6d19f08207e4,org-inspectmind-ai-e96a36c,InspectMind AI,founding_year,Unknown,proptech_startups_agent.csv,"[""https://ycombinator.com/companies/inspectmind-ai""]",2026-08-30,A,preserved_source_assertion
ast-0b23d2cbd4e0,org-inspectmind-ai-e96a36c,InspectMind AI,hq_country,United States,proptech_startups_agent.csv,"[""https://ycombinator.com/companies/inspectmind-ai""]",2026-08-30,A,preserved_source_assertion
ast-f6cb7ec495c8,org-inspectmind-ai-e96a36c,InspectMind AI,maturity,Very early,proptech_startups_agent.csv,"[""https://ycombinator.com/companies/inspectmind-ai""]",2026-08-30,A,preserved_source_assertion
ast-9736382714fc,org-inspectmind-ai-e96a36c,InspectMind AI,primary_lifecycle,Design,proptech_startups_agent.csv,"[""https://ycombinator.com/companies/inspectmind-ai""]",2026-08-30,A,preserved_source_assertion
ast-b7b0f8b31e9e,org-inspectmind-ai-e96a36c,InspectMind AI,relevance_tier,B,proptech_startups_agent.csv,"[""https://ycombinator.com/companies/inspectmind-ai""]",2026-08-30,A,preserved_source_assertion
ast-51f2f5e4d31c,org-inspectmind-ai-e96a36c,InspectMind AI,secondary_lifecycle,Construction,proptech_startups_agent.csv,"[""https://ycombinator.com/companies/inspectmind-ai""]",2026-08-30,A,preserved_source_assertion
ast-fc9391e05ce2,org-inspectmind-ai-e96a36c,InspectMind AI,status,Active,proptech_startups_agent.csv,"[""https://ycombinator.com/companies/inspectmind-ai""]",2026-08-30,A,preserved_source_assertion
ast-2a75902b2c2a,org-inspectmind-ai-e96a36c,InspectMind AI,status_as_of,2026-08-30,proptech_startups_agent.csv,"[""https://ycombinator.com/companies/inspectmind-ai""]",2026-08-30,A,preserved_source_assertion
ast-548317d73af1,org-invitation-homes-84857f4,Invitation Homes,canonical_url,https://www.invitationhomes.com/,global_real_estate_pioneers_agent.csv,"[""https://invitationhomes.com/""]",2026-08-30,C,preserved_source_assertion
ast-717ed0b8a788,org-invitation-homes-84857f4,Invitation Homes,entity_type,single-family rental owner operator,global_real_estate_pioneers_agent.csv,"[""https://invitationhomes.com/""]",2026-08-30,C,preserved_source_assertion
ast-34faaa3e46af,org-invitation-homes-84857f4,Invitation Homes,evidence_grade,C,global_real_estate_pioneers_agent.csv,"[""https://invitationhomes.com/""]",2026-08-30,C,preserved_source_assertion
ast-96482d2bdc29,org-invitation-homes-84857f4,Invitation Homes,hq_country,United States,global_real_estate_pioneers_agent.csv,"[""https://invitationhomes.com/""]",2026-08-30,C,preserved_source_assertion
ast-840224a8f2b2,org-invitation-homes-84857f4,Invitation Homes,primary_lifecycle,S/H/O,global_real_estate_pioneers_agent.csv,"[""https://invitationhomes.com/""]",2026-08-30,C,preserved_source_assertion
ast-fbaa2947edb2,org-invitation-homes-84857f4,Invitation Homes,relevance_tier,B,global_real_estate_pioneers_agent.csv,"[""https://invitationhomes.com/""]",2026-08-30,C,preserved_source_assertion
ast-d562a367b59b,org-invitation-homes-84857f4,Invitation Homes,status,active,global_real_estate_pioneers_agent.csv,"[""https://invitationhomes.com/""]",2026-08-30,C,preserved_source_assertion
ast-ab8b582d811f,org-ivanhoe-cambridge-8c510ab,Ivanhoé Cambridge,canonical_url,https://www.ivanhoecambridge.com/,global_real_estate_pioneers_agent.csv,"[""https://ivanhoecambridge.com/""]",2026-08-30,C,preserved_source_assertion
ast-5f8fd53d2431,org-ivanhoe-cambridge-8c510ab,Ivanhoé Cambridge,entity_type,institutional real estate investor,global_real_estate_pioneers_agent.csv,"[""https://ivanhoecambridge.com/""]",2026-08-30,C,preserved_source_assertion
ast-0af47c69cd12,org-ivanhoe-cambridge-8c510ab,Ivanhoé Cambridge,evidence_grade,C,global_real_estate_pioneers_agent.csv,"[""https://ivanhoecambridge.com/""]",2026-08-30,C,preserved_source_assertion
ast-c139c8651257,org-ivanhoe-cambridge-8c510ab,Ivanhoé Cambridge,hq_country,Canada,global_real_estate_pioneers_agent.csv,"[""https://ivanhoecambridge.com/""]",2026-08-30,C,preserved_source_assertion
ast-83fa91251b19,org-ivanhoe-cambridge-8c510ab,Ivanhoé Cambridge,primary_lifecycle,F/O/E,global_real_estate_pioneers_agent.csv,"[""https://ivanhoecambridge.com/""]",2026-08-30,C,preserved_source_assertion
ast-b776d8ba68ef,org-ivanhoe-cambridge-8c510ab,Ivanhoé Cambridge,relevance_tier,B,global_real_estate_pioneers_agent.csv,"[""https://ivanhoecambridge.com/""]",2026-08-30,C,preserved_source_assertion
ast-c7db9697243d,org-ivanhoe-cambridge-8c510ab,Ivanhoé Cambridge,status,active,global_real_estate_pioneers_agent.csv,"[""https://ivanhoecambridge.com/""]",2026-08-30,C,preserved_source_assertion
ast-63092ad64801,org-jll-799c538,JLL,canonical_url,https://www.jll.com/,global_real_estate_pioneers_agent.csv,"[""https://jll.com/"",""https://s202.q4cdn.com/536608393/files/doc_financials/2025/ar/JLL_Annual-Report_2026_FINAL.pdf"",""https://sec.gov/Archives/edgar/data/1037976/000103797626000037/jll-20251231.htm"",""https://spark.jllt.com/""]",2026-08-30,A,preserved_source_assertion
ast-0bb6aa8ee401,org-jll-799c538,JLL,entity_type,services brokerage facilities technology venture,global_real_estate_pioneers_agent.csv,"[""https://jll.com/"",""https://s202.q4cdn.com/536608393/files/doc_financials/2025/ar/JLL_Annual-Report_2026_FINAL.pdf"",""https://sec.gov/Archives/edgar/data/1037976/000103797626000037/jll-20251231.htm"",""https://spark.jllt.com/""]",2026-08-30,A,preserved_source_assertion
ast-f480fec46f80,org-jll-799c538,JLL,evidence_grade,A,global_real_estate_pioneers_agent.csv,"[""https://jll.com/"",""https://s202.q4cdn.com/536608393/files/doc_financials/2025/ar/JLL_Annual-Report_2026_FINAL.pdf"",""https://sec.gov/Archives/edgar/data/1037976/000103797626000037/jll-20251231.htm"",""https://spark.jllt.com/""]",2026-08-30,A,preserved_source_assertion
ast-3de23f144ffa,org-jll-799c538,JLL,hq_country,United States,global_real_estate_pioneers_agent.csv,"[""https://jll.com/"",""https://s202.q4cdn.com/536608393/files/doc_financials/2025/ar/JLL_Annual-Report_2026_FINAL.pdf"",""https://sec.gov/Archives/edgar/data/1037976/000103797626000037/jll-20251231.htm"",""https://spark.jllt.com/""]",2026-08-30,A,preserved_source_assertion
ast-6ce2225cfef1,org-jll-799c538,JLL,primary_lifecycle,F/S/H/O/E,global_real_estate_pioneers_agent.csv,"[""https://jll.com/"",""https://s202.q4cdn.com/536608393/files/doc_financials/2025/ar/JLL_Annual-Report_2026_FINAL.pdf"",""https://sec.gov/Archives/edgar/data/1037976/000103797626000037/jll-20251231.htm"",""https://spark.jllt.com/""]",2026-08-30,A,preserved_source_assertion
ast-e60a4361fa53,org-jll-799c538,JLL,relevance_tier,A,global_real_estate_pioneers_agent.csv,"[""https://jll.com/"",""https://s202.q4cdn.com/536608393/files/doc_financials/2025/ar/JLL_Annual-Report_2026_FINAL.pdf"",""https://sec.gov/Archives/edgar/data/1037976/000103797626000037/jll-20251231.htm"",""https://spark.jllt.com/""]",2026-08-30,A,preserved_source_assertion
ast-2b0facb9dea0,org-jll-799c538,JLL,status,active,global_real_estate_pioneers_agent.csv,"[""https://jll.com/"",""https://s202.q4cdn.com/536608393/files/doc_financials/2025/ar/JLL_Annual-Report_2026_FINAL.pdf"",""https://sec.gov/Archives/edgar/data/1037976/000103797626000037/jll-20251231.htm"",""https://spark.jllt.com/""]",2026-08-30,A,preserved_source_assertion
ast-ea9682fb790d,org-jll-spark-b674956,JLL Spark,canonical_url,https://spark.jllt.com/,global_real_estate_pioneers_agent.csv,"[""https://spark.jllt.com/""]",2026-08-30,B,preserved_source_assertion
ast-c9fcdcf6481f,org-jll-spark-b674956,JLL Spark,entity_type,corporate venture capital,global_real_estate_pioneers_agent.csv,"[""https://spark.jllt.com/""]",2026-08-30,B,preserved_source_assertion
ast-02ab28b13306,org-jll-spark-b674956,JLL Spark,evidence_grade,B,global_real_estate_pioneers_agent.csv,"[""https://spark.jllt.com/""]",2026-08-30,B,preserved_source_assertion
ast-dbab4d4b80d6,org-jll-spark-b674956,JLL Spark,hq_country,United States,global_real_estate_pioneers_agent.csv,"[""https://spark.jllt.com/""]",2026-08-30,B,preserved_source_assertion
ast-28ae1fe8e613,org-jll-spark-b674956,JLL Spark,primary_lifecycle,F/S/O/E,global_real_estate_pioneers_agent.csv,"[""https://spark.jllt.com/""]",2026-08-30,B,preserved_source_assertion
ast-b7aadc4a4b2b,org-jll-spark-b674956,JLL Spark,relevance_tier,A,global_real_estate_pioneers_agent.csv,"[""https://spark.jllt.com/""]",2026-08-30,B,preserved_source_assertion
ast-8e7df6eb0ed7,org-jll-spark-b674956,JLL Spark,status,active,global_real_estate_pioneers_agent.csv,"[""https://spark.jllt.com/""]",2026-08-30,B,preserved_source_assertion
ast-ab5da2b8fee9,org-johnson-controls-openblue-d609fb9,Johnson Controls OpenBlue,business_model,hardware software and services,enterprise_platform_additions.csv,"[""https://johnsoncontrols.com/media-center/news/press-releases/2026/08/04/johnson-controls-unveils-ai-powered-openblue-platform-expansions"",""https://openblue.johnsoncontrols.com/"",""https://openblue.johnsoncontrols.com/openblue-intelligence""]",2026-08-30,A,preserved_source_assertion
ast-d1e18c4e4382,org-johnson-controls-openblue-d609fb9,Johnson Controls OpenBlue,canonical_url,https://openblue.johnsoncontrols.com/,enterprise_platform_additions.csv,"[""https://johnsoncontrols.com/media-center/news/press-releases/2026/08/04/johnson-controls-unveils-ai-powered-openblue-platform-expansions"",""https://openblue.johnsoncontrols.com/"",""https://openblue.johnsoncontrols.com/openblue-intelligence""]",2026-08-30,A,preserved_source_assertion
ast-bd8f85ada710,org-johnson-controls-openblue-d609fb9,Johnson Controls OpenBlue,category,AI-native BMS-agnostic building performance energy comfort and cybersecurity platform,enterprise_platform_additions.csv,"[""https://johnsoncontrols.com/media-center/news/press-releases/2026/08/04/johnson-controls-unveils-ai-powered-openblue-platform-expansions"",""https://openblue.johnsoncontrols.com/"",""https://openblue.johnsoncontrols.com/openblue-intelligence""]",2026-08-30,A,preserved_source_assertion
ast-4124455cf6a9,org-johnson-controls-openblue-d609fb9,Johnson Controls OpenBlue,cohort_or_ecosystem,Johnson Controls,enterprise_platform_additions.csv,"[""https://johnsoncontrols.com/media-center/news/press-releases/2026/08/04/johnson-controls-unveils-ai-powered-openblue-platform-expansions"",""https://openblue.johnsoncontrols.com/"",""https://openblue.johnsoncontrols.com/openblue-intelligence""]",2026-08-30,A,preserved_source_assertion
ast-98bc27063bfa,org-johnson-controls-openblue-d609fb9,Johnson Controls OpenBlue,entity_type,public company,enterprise_platform_additions.csv,"[""https://johnsoncontrols.com/media-center/news/press-releases/2026/08/04/johnson-controls-unveils-ai-powered-openblue-platform-expansions"",""https://openblue.johnsoncontrols.com/"",""https://openblue.johnsoncontrols.com/openblue-intelligence""]",2026-08-30,A,preserved_source_assertion
ast-513cfe334fd7,org-johnson-controls-openblue-d609fb9,Johnson Controls OpenBlue,evidence_grade,A,enterprise_platform_additions.csv,"[""https://johnsoncontrols.com/media-center/news/press-releases/2026/08/04/johnson-controls-unveils-ai-powered-openblue-platform-expansions"",""https://openblue.johnsoncontrols.com/"",""https://openblue.johnsoncontrols.com/openblue-intelligence""]",2026-08-30,A,preserved_source_assertion
ast-a404853f509d,org-johnson-controls-openblue-d609fb9,Johnson Controls OpenBlue,founding_year,unknown,enterprise_platform_additions.csv,"[""https://johnsoncontrols.com/media-center/news/press-releases/2026/08/04/johnson-controls-unveils-ai-powered-openblue-platform-expansions"",""https://openblue.johnsoncontrols.com/"",""https://openblue.johnsoncontrols.com/openblue-intelligence""]",2026-08-30,A,preserved_source_assertion
ast-89b8bd1ab648,org-johnson-controls-openblue-d609fb9,Johnson Controls OpenBlue,hq_country,Ireland,enterprise_platform_additions.csv,"[""https://johnsoncontrols.com/media-center/news/press-releases/2026/08/04/johnson-controls-unveils-ai-powered-openblue-platform-expansions"",""https://openblue.johnsoncontrols.com/"",""https://openblue.johnsoncontrols.com/openblue-intelligence""]",2026-08-30,A,preserved_source_assertion
ast-fe2bdf4130da,org-johnson-controls-openblue-d609fb9,Johnson Controls OpenBlue,maturity,enterprise,enterprise_platform_additions.csv,"[""https://johnsoncontrols.com/media-center/news/press-releases/2026/08/04/johnson-controls-unveils-ai-powered-openblue-platform-expansions"",""https://openblue.johnsoncontrols.com/"",""https://openblue.johnsoncontrols.com/openblue-intelligence""]",2026-08-30,A,preserved_source_assertion
ast-fdbf6ac03c8e,org-johnson-controls-openblue-d609fb9,Johnson Controls OpenBlue,primary_lifecycle,L8 Property operations,enterprise_platform_additions.csv,"[""https://johnsoncontrols.com/media-center/news/press-releases/2026/08/04/johnson-controls-unveils-ai-powered-openblue-platform-expansions"",""https://openblue.johnsoncontrols.com/"",""https://openblue.johnsoncontrols.com/openblue-intelligence""]",2026-08-30,A,preserved_source_assertion
ast-9018aca4c19d,org-johnson-controls-openblue-d609fb9,Johnson Controls OpenBlue,relevance_tier,A,enterprise_platform_additions.csv,"[""https://johnsoncontrols.com/media-center/news/press-releases/2026/08/04/johnson-controls-unveils-ai-powered-openblue-platform-expansions"",""https://openblue.johnsoncontrols.com/"",""https://openblue.johnsoncontrols.com/openblue-intelligence""]",2026-08-30,A,preserved_source_assertion
ast-08475fc0a385,org-johnson-controls-openblue-d609fb9,Johnson Controls OpenBlue,secondary_lifecycle,L10 ESG/L9 Portfolio,enterprise_platform_additions.csv,"[""https://johnsoncontrols.com/media-center/news/press-releases/2026/08/04/johnson-controls-unveils-ai-powered-openblue-platform-expansions"",""https://openblue.johnsoncontrols.com/"",""https://openblue.johnsoncontrols.com/openblue-intelligence""]",2026-08-30,A,preserved_source_assertion
ast-a65233ce8e08,org-johnson-controls-openblue-d609fb9,Johnson Controls OpenBlue,status,active,enterprise_platform_additions.csv,"[""https://johnsoncontrols.com/media-center/news/press-releases/2026/08/04/johnson-controls-unveils-ai-powered-openblue-platform-expansions"",""https://openblue.johnsoncontrols.com/"",""https://openblue.johnsoncontrols.com/openblue-intelligence""]",2026-08-30,A,preserved_source_assertion
ast-2b2747fbd1e5,org-johnson-controls-openblue-d609fb9,Johnson Controls OpenBlue,status_as_of,2026-08-30,enterprise_platform_additions.csv,"[""https://johnsoncontrols.com/media-center/news/press-releases/2026/08/04/johnson-controls-unveils-ai-powered-openblue-platform-expansions"",""https://openblue.johnsoncontrols.com/"",""https://openblue.johnsoncontrols.com/openblue-intelligence""]",2026-08-30,A,preserved_source_assertion
ast-3d1455aaa652,org-jomee-jomaa-d8b40e9,Jomee-Jomaa,business_model,profit-share,regional_companies_agent.csv,"[""https://jomeejomaa.com/"",""https://jomeejomaa.com/terms"",""https://thedailystar.net/tech-startup/news/fractional-land-investment-platform-jomee-jomaa-launched-3444451""]",2026-08-30,B/C,preserved_source_assertion
ast-6f6a6fda2209,org-jomee-jomaa-d8b40e9,Jomee-Jomaa,canonical_url,https://www.jomeejomaa.com/,regional_companies_agent.csv,"[""https://jomeejomaa.com/"",""https://jomeejomaa.com/terms"",""https://thedailystar.net/tech-startup/news/fractional-land-investment-platform-jomee-jomaa-launched-3444451""]",2026-08-30,B/C,preserved_source_assertion
ast-5026a8e70e2a,org-jomee-jomaa-d8b40e9,Jomee-Jomaa,category,fractional-land-platform,regional_companies_agent.csv,"[""https://jomeejomaa.com/"",""https://jomeejomaa.com/terms"",""https://thedailystar.net/tech-startup/news/fractional-land-investment-platform-jomee-jomaa-launched-3444451""]",2026-08-30,B/C,preserved_source_assertion
ast-6ee93cead8f6,org-jomee-jomaa-d8b40e9,Jomee-Jomaa,cohort_or_ecosystem,local-fintech-proptech,regional_companies_agent.csv,"[""https://jomeejomaa.com/"",""https://jomeejomaa.com/terms"",""https://thedailystar.net/tech-startup/news/fractional-land-investment-platform-jomee-jomaa-launched-3444451""]",2026-08-30,B/C,preserved_source_assertion
ast-e87cb86299e2,org-jomee-jomaa-d8b40e9,Jomee-Jomaa,entity_type,private-fintech,regional_companies_agent.csv,"[""https://jomeejomaa.com/"",""https://jomeejomaa.com/terms"",""https://thedailystar.net/tech-startup/news/fractional-land-investment-platform-jomee-jomaa-launched-3444451""]",2026-08-30,B/C,preserved_source_assertion
ast-7aadeecf29bd,org-jomee-jomaa-d8b40e9,Jomee-Jomaa,evidence_grade,B/C,regional_companies_agent.csv,"[""https://jomeejomaa.com/"",""https://jomeejomaa.com/terms"",""https://thedailystar.net/tech-startup/news/fractional-land-investment-platform-jomee-jomaa-launched-3444451""]",2026-08-30,B/C,preserved_source_assertion
ast-2976a356fbf7,org-jomee-jomaa-d8b40e9,Jomee-Jomaa,founding_year,2023,regional_companies_agent.csv,"[""https://jomeejomaa.com/"",""https://jomeejomaa.com/terms"",""https://thedailystar.net/tech-startup/news/fractional-land-investment-platform-jomee-jomaa-launched-3444451""]",2026-08-30,B/C,preserved_source_assertion
ast-19ed35d6c270,org-jomee-jomaa-d8b40e9,Jomee-Jomaa,hq_country,Bangladesh,regional_companies_agent.csv,"[""https://jomeejomaa.com/"",""https://jomeejomaa.com/terms"",""https://thedailystar.net/tech-startup/news/fractional-land-investment-platform-jomee-jomaa-launched-3444451""]",2026-08-30,B/C,preserved_source_assertion
ast-2f074ad02675,org-jomee-jomaa-d8b40e9,Jomee-Jomaa,maturity,early-stage,regional_companies_agent.csv,"[""https://jomeejomaa.com/"",""https://jomeejomaa.com/terms"",""https://thedailystar.net/tech-startup/news/fractional-land-investment-platform-jomee-jomaa-launched-3444451""]",2026-08-30,B/C,preserved_source_assertion
ast-9f91d514e576,org-jomee-jomaa-d8b40e9,Jomee-Jomaa,primary_lifecycle,land-investment-fractionalization,regional_companies_agent.csv,"[""https://jomeejomaa.com/"",""https://jomeejomaa.com/terms"",""https://thedailystar.net/tech-startup/news/fractional-land-investment-platform-jomee-jomaa-launched-3444451""]",2026-08-30,B/C,preserved_source_assertion
ast-29f413c0a287,org-jomee-jomaa-d8b40e9,Jomee-Jomaa,relevance_tier,B,regional_companies_agent.csv,"[""https://jomeejomaa.com/"",""https://jomeejomaa.com/terms"",""https://thedailystar.net/tech-startup/news/fractional-land-investment-platform-jomee-jomaa-launched-3444451""]",2026-08-30,B/C,preserved_source_assertion
ast-6a9cf058139d,org-jomee-jomaa-d8b40e9,Jomee-Jomaa,secondary_lifecycle,secondary-market-documents,regional_companies_agent.csv,"[""https://jomeejomaa.com/"",""https://jomeejomaa.com/terms"",""https://thedailystar.net/tech-startup/news/fractional-land-investment-platform-jomee-jomaa-launched-3444451""]",2026-08-30,B/C,preserved_source_assertion
ast-fc8d261814d9,org-jomee-jomaa-d8b40e9,Jomee-Jomaa,status,active,regional_companies_agent.csv,"[""https://jomeejomaa.com/"",""https://jomeejomaa.com/terms"",""https://thedailystar.net/tech-startup/news/fractional-land-investment-platform-jomee-jomaa-launched-3444451""]",2026-08-30,B/C,preserved_source_assertion
ast-76844d4f9397,org-jomee-jomaa-d8b40e9,Jomee-Jomaa,status_as_of,2026-08-30,regional_companies_agent.csv,"[""https://jomeejomaa.com/"",""https://jomeejomaa.com/terms"",""https://thedailystar.net/tech-startup/news/fractional-land-investment-platform-jomee-jomaa-launched-3444451""]",2026-08-30,B/C,preserved_source_assertion
ast-9776a05a9158,org-juniper-square-860ebe0,Juniper Square,business_model,enterprise SaaS and fund-administration services,enterprise_platform_additions.csv,"[""https://junipersquare.com/"",""https://junipersquare.com/company/press""]",2026-08-30,A,preserved_source_assertion
ast-534ea0f05166,org-juniper-square-860ebe0,Juniper Square,canonical_url,https://www.junipersquare.com/,enterprise_platform_additions.csv,"[""https://junipersquare.com/"",""https://junipersquare.com/company/press""]",2026-08-30,A,preserved_source_assertion
ast-80cb47fdf46a,org-juniper-square-860ebe0,Juniper Square,category,private-markets real-estate fund operating system,enterprise_platform_additions.csv,"[""https://junipersquare.com/"",""https://junipersquare.com/company/press""]",2026-08-30,A,preserved_source_assertion
ast-3240b0c6535e,org-juniper-square-860ebe0,Juniper Square,cohort_or_ecosystem,Independent,enterprise_platform_additions.csv,"[""https://junipersquare.com/"",""https://junipersquare.com/company/press""]",2026-08-30,A,preserved_source_assertion
ast-61d461235fc8,org-juniper-square-860ebe0,Juniper Square,entity_type,private company,enterprise_platform_additions.csv,"[""https://junipersquare.com/"",""https://junipersquare.com/company/press""]",2026-08-30,A,preserved_source_assertion
ast-736c7c4029c9,org-juniper-square-860ebe0,Juniper Square,evidence_grade,A,enterprise_platform_additions.csv,"[""https://junipersquare.com/"",""https://junipersquare.com/company/press""]",2026-08-30,A,preserved_source_assertion
ast-9c36dad21447,org-juniper-square-860ebe0,Juniper Square,founding_year,unknown,enterprise_platform_additions.csv,"[""https://junipersquare.com/"",""https://junipersquare.com/company/press""]",2026-08-30,A,preserved_source_assertion
ast-31dfcaca6975,org-juniper-square-860ebe0,Juniper Square,hq_country,United States,enterprise_platform_additions.csv,"[""https://junipersquare.com/"",""https://junipersquare.com/company/press""]",2026-08-30,A,preserved_source_assertion
ast-21291c1a6c09,org-juniper-square-860ebe0,Juniper Square,maturity,enterprise,enterprise_platform_additions.csv,"[""https://junipersquare.com/"",""https://junipersquare.com/company/press""]",2026-08-30,A,preserved_source_assertion
ast-4c3e0b8af315,org-juniper-square-860ebe0,Juniper Square,primary_lifecycle,L3 Capital/finance,enterprise_platform_additions.csv,"[""https://junipersquare.com/"",""https://junipersquare.com/company/press""]",2026-08-30,A,preserved_source_assertion
ast-a12e267e2cfe,org-juniper-square-860ebe0,Juniper Square,relevance_tier,A,enterprise_platform_additions.csv,"[""https://junipersquare.com/"",""https://junipersquare.com/company/press""]",2026-08-30,A,preserved_source_assertion
ast-5e841fd037ed,org-juniper-square-860ebe0,Juniper Square,secondary_lifecycle,L9 Portfolio/L7 Occupancy,enterprise_platform_additions.csv,"[""https://junipersquare.com/"",""https://junipersquare.com/company/press""]",2026-08-30,A,preserved_source_assertion
ast-6fa09704e8d0,org-juniper-square-860ebe0,Juniper Square,status,active,enterprise_platform_additions.csv,"[""https://junipersquare.com/"",""https://junipersquare.com/company/press""]",2026-08-30,A,preserved_source_assertion
ast-cf711f3ba9da,org-juniper-square-860ebe0,Juniper Square,status_as_of,2026-08-30,enterprise_platform_additions.csv,"[""https://junipersquare.com/"",""https://junipersquare.com/company/press""]",2026-08-30,A,preserved_source_assertion
ast-825e316bb794,org-kajima-c9b2937,Kajima,canonical_url,https://www.kajima.co.jp/english/,global_real_estate_pioneers_agent.csv,"[""https://kajima.co.jp/english"",""https://kajima.co.jp/english/sustainability/report/2025/pdf/ir_e_all.pdf""]",2026-08-30,A,preserved_source_assertion
ast-8756d974e035,org-kajima-c9b2937,Kajima,entity_type,construction developer,global_real_estate_pioneers_agent.csv,"[""https://kajima.co.jp/english"",""https://kajima.co.jp/english/sustainability/report/2025/pdf/ir_e_all.pdf""]",2026-08-30,A,preserved_source_assertion
ast-71371783ca70,org-kajima-c9b2937,Kajima,evidence_grade,A,global_real_estate_pioneers_agent.csv,"[""https://kajima.co.jp/english"",""https://kajima.co.jp/english/sustainability/report/2025/pdf/ir_e_all.pdf""]",2026-08-30,A,preserved_source_assertion
ast-faaaf8357f34,org-kajima-c9b2937,Kajima,hq_country,Japan,global_real_estate_pioneers_agent.csv,"[""https://kajima.co.jp/english"",""https://kajima.co.jp/english/sustainability/report/2025/pdf/ir_e_all.pdf""]",2026-08-30,A,preserved_source_assertion
ast-f6a828f2d73e,org-kajima-c9b2937,Kajima,primary_lifecycle,C/O,global_real_estate_pioneers_agent.csv,"[""https://kajima.co.jp/english"",""https://kajima.co.jp/english/sustainability/report/2025/pdf/ir_e_all.pdf""]",2026-08-30,A,preserved_source_assertion
ast-36175bf851c1,org-kajima-c9b2937,Kajima,relevance_tier,A,global_real_estate_pioneers_agent.csv,"[""https://kajima.co.jp/english"",""https://kajima.co.jp/english/sustainability/report/2025/pdf/ir_e_all.pdf""]",2026-08-30,A,preserved_source_assertion
ast-991bca62d9de,org-kajima-c9b2937,Kajima,status,active,global_real_estate_pioneers_agent.csv,"[""https://kajima.co.jp/english"",""https://kajima.co.jp/english/sustainability/report/2025/pdf/ir_e_all.pdf""]",2026-08-30,A,preserved_source_assertion
ast-9d5334f37f1f,org-karmen-a81d410,Karmen,canonical_url,https://www.ycombinator.com/companies/industry/real-estate-and-construction,global_real_estate_pioneers_agent.csv,"[""https://ycombinator.com/companies/industry/real-estate-and-construction""]",2026-08-30,D,preserved_source_assertion
ast-22197193913c,org-karmen-a81d410,Karmen,entity_type,YC construction scheduling startup,global_real_estate_pioneers_agent.csv,"[""https://ycombinator.com/companies/industry/real-estate-and-construction""]",2026-08-30,D,preserved_source_assertion
ast-47838ad900e6,org-karmen-a81d410,Karmen,evidence_grade,D,global_real_estate_pioneers_agent.csv,"[""https://ycombinator.com/companies/industry/real-estate-and-construction""]",2026-08-30,D,preserved_source_assertion
ast-b7b8520ff0fc,org-karmen-a81d410,Karmen,hq_country,unknown,global_real_estate_pioneers_agent.csv,"[""https://ycombinator.com/companies/industry/real-estate-and-construction""]",2026-08-30,D,preserved_source_assertion
ast-150a5c8d6945,org-karmen-a81d410,Karmen,primary_lifecycle,C,global_real_estate_pioneers_agent.csv,"[""https://ycombinator.com/companies/industry/real-estate-and-construction""]",2026-08-30,D,preserved_source_assertion
ast-276d3ff1c908,org-karmen-a81d410,Karmen,relevance_tier,C,global_real_estate_pioneers_agent.csv,"[""https://ycombinator.com/companies/industry/real-estate-and-construction""]",2026-08-30,D,preserved_source_assertion
ast-d1331cb05ee5,org-karmen-a81d410,Karmen,status,watchlist,global_real_estate_pioneers_agent.csv,"[""https://ycombinator.com/companies/industry/real-estate-and-construction""]",2026-08-30,D,preserved_source_assertion
ast-801ed3c267b2,org-katerra-0503c58,Katerra,business_model,Vertical integration/hardware,proptech_startups_agent.csv,"[""https://constructiondive.com/news/katerra-files-for-chapter-11/601439"",""https://katerra.com/"",""https://techcrunch.com/2021/06/01/softbank-backed-construction-giant-katerra-said-to-be-shutting-down-after-raising-billions""]",2026-08-30,B,preserved_source_assertion
ast-8f243328abe9,org-katerra-0503c58,Katerra,canonical_url,https://www.katerra.com/,proptech_startups_agent.csv,"[""https://constructiondive.com/news/katerra-files-for-chapter-11/601439"",""https://katerra.com/"",""https://techcrunch.com/2021/06/01/softbank-backed-construction-giant-katerra-said-to-be-shutting-down-after-raising-billions""]",2026-08-30,B,preserved_source_assertion
ast-b228c8201b34,org-katerra-0503c58,Katerra,canonical_url,https://www.katerra.com/,global_real_estate_pioneers_agent.csv,"[""https://katerra.com/"",""https://reuters.com/"",""https://sec.gov/""]",2026-08-30,B,preserved_source_assertion
ast-9b0b1cf40db0,org-katerra-0503c58,Katerra,category,Offsite construction/design-build,proptech_startups_agent.csv,"[""https://constructiondive.com/news/katerra-files-for-chapter-11/601439"",""https://katerra.com/"",""https://techcrunch.com/2021/06/01/softbank-backed-construction-giant-katerra-said-to-be-shutting-down-after-raising-billions""]",2026-08-30,B,preserved_source_assertion
ast-2375fd239d90,org-katerra-0503c58,Katerra,cohort_or_ecosystem,Independent,proptech_startups_agent.csv,"[""https://constructiondive.com/news/katerra-files-for-chapter-11/601439"",""https://katerra.com/"",""https://techcrunch.com/2021/06/01/softbank-backed-construction-giant-katerra-said-to-be-shutting-down-after-raising-billions""]",2026-08-30,B,preserved_source_assertion
ast-1dace3bd2acc,org-katerra-0503c58,Katerra,entity_type,Company,proptech_startups_agent.csv,"[""https://constructiondive.com/news/katerra-files-for-chapter-11/601439"",""https://katerra.com/"",""https://techcrunch.com/2021/06/01/softbank-backed-construction-giant-katerra-said-to-be-shutting-down-after-raising-billions""]",2026-08-30,B,preserved_source_assertion
ast-897a6ef91087,org-katerra-0503c58,Katerra,entity_type,failed construction technology and off-site manufacturing,global_real_estate_pioneers_agent.csv,"[""https://katerra.com/"",""https://reuters.com/"",""https://sec.gov/""]",2026-08-30,B,preserved_source_assertion
ast-4b9a65fc4fbd,org-katerra-0503c58,Katerra,evidence_grade,B,global_real_estate_pioneers_agent.csv,"[""https://katerra.com/"",""https://reuters.com/"",""https://sec.gov/""]",2026-08-30,B,preserved_source_assertion
ast-c780f3c76598,org-katerra-0503c58,Katerra,evidence_grade,B,proptech_startups_agent.csv,"[""https://constructiondive.com/news/katerra-files-for-chapter-11/601439"",""https://katerra.com/"",""https://techcrunch.com/2021/06/01/softbank-backed-construction-giant-katerra-said-to-be-shutting-down-after-raising-billions""]",2026-08-30,B,preserved_source_assertion
ast-63edabddd0f8,org-katerra-0503c58,Katerra,founding_year,2015,proptech_startups_agent.csv,"[""https://constructiondive.com/news/katerra-files-for-chapter-11/601439"",""https://katerra.com/"",""https://techcrunch.com/2021/06/01/softbank-backed-construction-giant-katerra-said-to-be-shutting-down-after-raising-billions""]",2026-08-30,B,preserved_source_assertion
ast-9c93f3a3c2d6,org-katerra-0503c58,Katerra,hq_country,United States,global_real_estate_pioneers_agent.csv,"[""https://katerra.com/"",""https://reuters.com/"",""https://sec.gov/""]",2026-08-30,B,preserved_source_assertion
ast-ffe37f56f432,org-katerra-0503c58,Katerra,hq_country,United States,proptech_startups_agent.csv,"[""https://constructiondive.com/news/katerra-files-for-chapter-11/601439"",""https://katerra.com/"",""https://techcrunch.com/2021/06/01/softbank-backed-construction-giant-katerra-said-to-be-shutting-down-after-raising-billions""]",2026-08-30,B,preserved_source_assertion
ast-3e436f6be796,org-katerra-0503c58,Katerra,maturity,Shut down,proptech_startups_agent.csv,"[""https://constructiondive.com/news/katerra-files-for-chapter-11/601439"",""https://katerra.com/"",""https://techcrunch.com/2021/06/01/softbank-backed-construction-giant-katerra-said-to-be-shutting-down-after-raising-billions""]",2026-08-30,B,preserved_source_assertion
ast-34f5c01c4b57,org-katerra-0503c58,Katerra,primary_lifecycle,D/C,global_real_estate_pioneers_agent.csv,"[""https://katerra.com/"",""https://reuters.com/"",""https://sec.gov/""]",2026-08-30,B,preserved_source_assertion
ast-a99b3ae10527,org-katerra-0503c58,Katerra,primary_lifecycle,Construction,proptech_startups_agent.csv,"[""https://constructiondive.com/news/katerra-files-for-chapter-11/601439"",""https://katerra.com/"",""https://techcrunch.com/2021/06/01/softbank-backed-construction-giant-katerra-said-to-be-shutting-down-after-raising-billions""]",2026-08-30,B,preserved_source_assertion
ast-2f9e7c1e2a5a,org-katerra-0503c58,Katerra,relevance_tier,C,proptech_startups_agent.csv,"[""https://constructiondive.com/news/katerra-files-for-chapter-11/601439"",""https://katerra.com/"",""https://techcrunch.com/2021/06/01/softbank-backed-construction-giant-katerra-said-to-be-shutting-down-after-raising-billions""]",2026-08-30,B,preserved_source_assertion
ast-a567a7802f23,org-katerra-0503c58,Katerra,relevance_tier,B,global_real_estate_pioneers_agent.csv,"[""https://katerra.com/"",""https://reuters.com/"",""https://sec.gov/""]",2026-08-30,B,preserved_source_assertion
ast-09799b607de3,org-katerra-0503c58,Katerra,secondary_lifecycle,Design,proptech_startups_agent.csv,"[""https://constructiondive.com/news/katerra-files-for-chapter-11/601439"",""https://katerra.com/"",""https://techcrunch.com/2021/06/01/softbank-backed-construction-giant-katerra-said-to-be-shutting-down-after-raising-billions""]",2026-08-30,B,preserved_source_assertion
ast-160bc4f58b9d,org-katerra-0503c58,Katerra,status,Shut down/Chapter 11,proptech_startups_agent.csv,"[""https://constructiondive.com/news/katerra-files-for-chapter-11/601439"",""https://katerra.com/"",""https://techcrunch.com/2021/06/01/softbank-backed-construction-giant-katerra-said-to-be-shutting-down-after-raising-billions""]",2026-08-30,B,preserved_source_assertion
ast-4f003e6a498e,org-katerra-0503c58,Katerra,status,closed,global_real_estate_pioneers_agent.csv,"[""https://katerra.com/"",""https://reuters.com/"",""https://sec.gov/""]",2026-08-30,B,preserved_source_assertion
ast-10b23905c020,org-katerra-0503c58,Katerra,status_as_of,2026-08-30,proptech_startups_agent.csv,"[""https://constructiondive.com/news/katerra-files-for-chapter-11/601439"",""https://katerra.com/"",""https://techcrunch.com/2021/06/01/softbank-backed-construction-giant-katerra-said-to-be-shutting-down-after-raising-billions""]",2026-08-30,B,preserved_source_assertion
ast-6721019062b0,org-ke-holdings-beike-860ac7b,KE Holdings / Beike,business_model,brokerage commissions platform services renovation and emerging services,final_residual_additions.csv,"[""https://investors.ke.com/"",""https://investors.ke.com/static-files/1fa581d1-e84c-4840-b898-0bfcd593000d"",""https://investors.ke.com/zh-hans/annual-reports""]",2026-08-30,A,preserved_source_assertion
ast-c758f67ba11e,org-ke-holdings-beike-860ac7b,KE Holdings / Beike,canonical_url,https://investors.ke.com/,final_residual_additions.csv,"[""https://investors.ke.com/"",""https://investors.ke.com/static-files/1fa581d1-e84c-4840-b898-0bfcd593000d"",""https://investors.ke.com/zh-hans/annual-reports""]",2026-08-30,A,preserved_source_assertion
ast-7d9dd3b1fcc2,org-ke-holdings-beike-860ac7b,KE Holdings / Beike,category,integrated online and offline housing transactions brokerage home renovation and housing services,final_residual_additions.csv,"[""https://investors.ke.com/"",""https://investors.ke.com/static-files/1fa581d1-e84c-4840-b898-0bfcd593000d"",""https://investors.ke.com/zh-hans/annual-reports""]",2026-08-30,A,preserved_source_assertion
ast-bd77b66283df,org-ke-holdings-beike-860ac7b,KE Holdings / Beike,entity_type,public company and housing-services platform,final_residual_additions.csv,"[""https://investors.ke.com/"",""https://investors.ke.com/static-files/1fa581d1-e84c-4840-b898-0bfcd593000d"",""https://investors.ke.com/zh-hans/annual-reports""]",2026-08-30,A,preserved_source_assertion
ast-1b8f63afbf16,org-ke-holdings-beike-860ac7b,KE Holdings / Beike,evidence_grade,A,final_residual_additions.csv,"[""https://investors.ke.com/"",""https://investors.ke.com/static-files/1fa581d1-e84c-4840-b898-0bfcd593000d"",""https://investors.ke.com/zh-hans/annual-reports""]",2026-08-30,A,preserved_source_assertion
ast-e4170f8d9392,org-ke-holdings-beike-860ac7b,KE Holdings / Beike,hq_country,China,final_residual_additions.csv,"[""https://investors.ke.com/"",""https://investors.ke.com/static-files/1fa581d1-e84c-4840-b898-0bfcd593000d"",""https://investors.ke.com/zh-hans/annual-reports""]",2026-08-30,A,preserved_source_assertion
ast-e02963b357ca,org-ke-holdings-beike-860ac7b,KE Holdings / Beike,maturity,public scale,final_residual_additions.csv,"[""https://investors.ke.com/"",""https://investors.ke.com/static-files/1fa581d1-e84c-4840-b898-0bfcd593000d"",""https://investors.ke.com/zh-hans/annual-reports""]",2026-08-30,A,preserved_source_assertion
ast-66a78f3ba9ec,org-ke-holdings-beike-860ac7b,KE Holdings / Beike,primary_lifecycle,L6 Marketing/sales,final_residual_additions.csv,"[""https://investors.ke.com/"",""https://investors.ke.com/static-files/1fa581d1-e84c-4840-b898-0bfcd593000d"",""https://investors.ke.com/zh-hans/annual-reports""]",2026-08-30,A,preserved_source_assertion
ast-ab750b162999,org-ke-holdings-beike-860ac7b,KE Holdings / Beike,relevance_tier,A,final_residual_additions.csv,"[""https://investors.ke.com/"",""https://investors.ke.com/static-files/1fa581d1-e84c-4840-b898-0bfcd593000d"",""https://investors.ke.com/zh-hans/annual-reports""]",2026-08-30,A,preserved_source_assertion
ast-f0de280d8bcc,org-ke-holdings-beike-860ac7b,KE Holdings / Beike,secondary_lifecycle,L3 Capital/finance; L7 Occupancy; L8 Property operations; L12 Data/trust,final_residual_additions.csv,"[""https://investors.ke.com/"",""https://investors.ke.com/static-files/1fa581d1-e84c-4840-b898-0bfcd593000d"",""https://investors.ke.com/zh-hans/annual-reports""]",2026-08-30,A,preserved_source_assertion
ast-2a4fc5c335b8,org-ke-holdings-beike-860ac7b,KE Holdings / Beike,status,public,final_residual_additions.csv,"[""https://investors.ke.com/"",""https://investors.ke.com/static-files/1fa581d1-e84c-4840-b898-0bfcd593000d"",""https://investors.ke.com/zh-hans/annual-reports""]",2026-08-30,A,preserved_source_assertion
ast-12246eeb1980,org-ke-holdings-beike-860ac7b,KE Holdings / Beike,status_as_of,2026-08-30,final_residual_additions.csv,"[""https://investors.ke.com/"",""https://investors.ke.com/static-files/1fa581d1-e84c-4840-b898-0bfcd593000d"",""https://investors.ke.com/zh-hans/annual-reports""]",2026-08-30,A,preserved_source_assertion
ast-4dd2c33ca7b6,org-keppel-5873745,Keppel,canonical_url,https://www.keppel.com/,global_real_estate_pioneers_agent.csv,"[""https://keppel.com/"",""https://keppel.com/annualreport2024"",""https://keppel.com/annualreport2024/theme/default/pdf/keppel-ltd-ar2024.pdf""]",2026-08-30,A,preserved_source_assertion
ast-67c1e2d30756,org-keppel-5873745,Keppel,entity_type,asset manager real estate infrastructure connectivity,global_real_estate_pioneers_agent.csv,"[""https://keppel.com/"",""https://keppel.com/annualreport2024"",""https://keppel.com/annualreport2024/theme/default/pdf/keppel-ltd-ar2024.pdf""]",2026-08-30,A,preserved_source_assertion
ast-5669c168d803,org-keppel-5873745,Keppel,evidence_grade,A,global_real_estate_pioneers_agent.csv,"[""https://keppel.com/"",""https://keppel.com/annualreport2024"",""https://keppel.com/annualreport2024/theme/default/pdf/keppel-ltd-ar2024.pdf""]",2026-08-30,A,preserved_source_assertion
ast-181518148662,org-keppel-5873745,Keppel,hq_country,Singapore,global_real_estate_pioneers_agent.csv,"[""https://keppel.com/"",""https://keppel.com/annualreport2024"",""https://keppel.com/annualreport2024/theme/default/pdf/keppel-ltd-ar2024.pdf""]",2026-08-30,A,preserved_source_assertion
ast-35ea77e39ac2,org-keppel-5873745,Keppel,primary_lifecycle,F/O/E,global_real_estate_pioneers_agent.csv,"[""https://keppel.com/"",""https://keppel.com/annualreport2024"",""https://keppel.com/annualreport2024/theme/default/pdf/keppel-ltd-ar2024.pdf""]",2026-08-30,A,preserved_source_assertion
ast-74615fee2623,org-keppel-5873745,Keppel,relevance_tier,A,global_real_estate_pioneers_agent.csv,"[""https://keppel.com/"",""https://keppel.com/annualreport2024"",""https://keppel.com/annualreport2024/theme/default/pdf/keppel-ltd-ar2024.pdf""]",2026-08-30,A,preserved_source_assertion
ast-2c90050bb7d9,org-keppel-5873745,Keppel,status,active,global_real_estate_pioneers_agent.csv,"[""https://keppel.com/"",""https://keppel.com/annualreport2024"",""https://keppel.com/annualreport2024/theme/default/pdf/keppel-ltd-ar2024.pdf""]",2026-08-30,A,preserved_source_assertion
ast-1494695a9a07,org-kestrix-45a7de9,Kestrix,business_model,software plus survey services,coverage_gap_additions.csv,"[""https://kestrix.io/"",""https://pilabs.vc/portfolio?sort=date_desc""]",2026-08-30,A,preserved_source_assertion
ast-aba636f31cd1,org-kestrix-45a7de9,Kestrix,canonical_url,https://www.kestrix.io/,coverage_gap_additions.csv,"[""https://kestrix.io/"",""https://pilabs.vc/portfolio?sort=date_desc""]",2026-08-30,A,preserved_source_assertion
ast-14182919e7f0,org-kestrix-45a7de9,Kestrix,category,machine-learning energy surveying and building intelligence,coverage_gap_additions.csv,"[""https://kestrix.io/"",""https://pilabs.vc/portfolio?sort=date_desc""]",2026-08-30,A,preserved_source_assertion
ast-1c9966730e21,org-kestrix-45a7de9,Kestrix,cohort_or_ecosystem,Pi Labs,coverage_gap_additions.csv,"[""https://kestrix.io/"",""https://pilabs.vc/portfolio?sort=date_desc""]",2026-08-30,A,preserved_source_assertion
ast-6e4a40faa098,org-kestrix-45a7de9,Kestrix,entity_type,private startup,coverage_gap_additions.csv,"[""https://kestrix.io/"",""https://pilabs.vc/portfolio?sort=date_desc""]",2026-08-30,A,preserved_source_assertion
ast-e1f99673f212,org-kestrix-45a7de9,Kestrix,evidence_grade,A,coverage_gap_additions.csv,"[""https://kestrix.io/"",""https://pilabs.vc/portfolio?sort=date_desc""]",2026-08-30,A,preserved_source_assertion
ast-12fcb24eded3,org-kestrix-45a7de9,Kestrix,founding_year,2022,coverage_gap_additions.csv,"[""https://kestrix.io/"",""https://pilabs.vc/portfolio?sort=date_desc""]",2026-08-30,A,preserved_source_assertion
ast-4de5856f904b,org-kestrix-45a7de9,Kestrix,hq_country,United Kingdom,coverage_gap_additions.csv,"[""https://kestrix.io/"",""https://pilabs.vc/portfolio?sort=date_desc""]",2026-08-30,A,preserved_source_assertion
ast-33c642ad5a6a,org-kestrix-45a7de9,Kestrix,maturity,early-growth,coverage_gap_additions.csv,"[""https://kestrix.io/"",""https://pilabs.vc/portfolio?sort=date_desc""]",2026-08-30,A,preserved_source_assertion
ast-67b33a96c8be,org-kestrix-45a7de9,Kestrix,primary_lifecycle,L8 Property operations,coverage_gap_additions.csv,"[""https://kestrix.io/"",""https://pilabs.vc/portfolio?sort=date_desc""]",2026-08-30,A,preserved_source_assertion
ast-a416c8e0d09c,org-kestrix-45a7de9,Kestrix,relevance_tier,B,coverage_gap_additions.csv,"[""https://kestrix.io/"",""https://pilabs.vc/portfolio?sort=date_desc""]",2026-08-30,A,preserved_source_assertion
ast-5e150a3ada7a,org-kestrix-45a7de9,Kestrix,secondary_lifecycle,L10 ESG/L9 Portfolio,coverage_gap_additions.csv,"[""https://kestrix.io/"",""https://pilabs.vc/portfolio?sort=date_desc""]",2026-08-30,A,preserved_source_assertion
ast-d197d23e7c2c,org-kestrix-45a7de9,Kestrix,status,active,coverage_gap_additions.csv,"[""https://kestrix.io/"",""https://pilabs.vc/portfolio?sort=date_desc""]",2026-08-30,A,preserved_source_assertion
ast-0671de7ddfef,org-kestrix-45a7de9,Kestrix,status_as_of,2026-08-30,coverage_gap_additions.csv,"[""https://kestrix.io/"",""https://pilabs.vc/portfolio?sort=date_desc""]",2026-08-30,A,preserved_source_assertion
ast-2782447cb7e6,org-la-haus-46fe911,La Haus,business_model,transaction and lead fees,coverage_gap_additions.csv,"[""https://lahaus.com/quienes-somos""]",2026-08-30,A,preserved_source_assertion
ast-697ec1172b64,org-la-haus-46fe911,La Haus,canonical_url,https://www.lahaus.com/quienes-somos,coverage_gap_additions.csv,"[""https://lahaus.com/quienes-somos""]",2026-08-30,A,preserved_source_assertion
ast-3cba129f01f0,org-la-haus-46fe911,La Haus,category,new-home marketplace and developer transaction platform,coverage_gap_additions.csv,"[""https://lahaus.com/quienes-somos""]",2026-08-30,A,preserved_source_assertion
ast-27fc5781fe4c,org-la-haus-46fe911,La Haus,cohort_or_ecosystem,Independent,coverage_gap_additions.csv,"[""https://lahaus.com/quienes-somos""]",2026-08-30,A,preserved_source_assertion
ast-d37c4f479d7c,org-la-haus-46fe911,La Haus,entity_type,private company,coverage_gap_additions.csv,"[""https://lahaus.com/quienes-somos""]",2026-08-30,A,preserved_source_assertion
ast-e0d77b504158,org-la-haus-46fe911,La Haus,evidence_grade,A,coverage_gap_additions.csv,"[""https://lahaus.com/quienes-somos""]",2026-08-30,A,preserved_source_assertion
ast-83e7b3ff23e9,org-la-haus-46fe911,La Haus,founding_year,2017,coverage_gap_additions.csv,"[""https://lahaus.com/quienes-somos""]",2026-08-30,A,preserved_source_assertion
ast-24756ad4e4f1,org-la-haus-46fe911,La Haus,hq_country,Colombia,coverage_gap_additions.csv,"[""https://lahaus.com/quienes-somos""]",2026-08-30,A,preserved_source_assertion
ast-175ad03a24f6,org-la-haus-46fe911,La Haus,maturity,scaleup,coverage_gap_additions.csv,"[""https://lahaus.com/quienes-somos""]",2026-08-30,A,preserved_source_assertion
ast-21d4e7256cf2,org-la-haus-46fe911,La Haus,primary_lifecycle,L6 Marketing/sales,coverage_gap_additions.csv,"[""https://lahaus.com/quienes-somos""]",2026-08-30,A,preserved_source_assertion
ast-325ad30627dc,org-la-haus-46fe911,La Haus,relevance_tier,A,coverage_gap_additions.csv,"[""https://lahaus.com/quienes-somos""]",2026-08-30,A,preserved_source_assertion
ast-c00ed075c3fe,org-la-haus-46fe911,La Haus,secondary_lifecycle,L1 Land/site/L3 Capital/finance,coverage_gap_additions.csv,"[""https://lahaus.com/quienes-somos""]",2026-08-30,A,preserved_source_assertion
ast-cc541a587f68,org-la-haus-46fe911,La Haus,status,active,coverage_gap_additions.csv,"[""https://lahaus.com/quienes-somos""]",2026-08-30,A,preserved_source_assertion
ast-646f7c22a851,org-la-haus-46fe911,La Haus,status_as_of,2026-08-30,coverage_gap_additions.csv,"[""https://lahaus.com/quienes-somos""]",2026-08-30,A,preserved_source_assertion
ast-d358ab0ea0ce,org-landeed-505b2d4,Landeed,business_model,subscription-data-services,regional_companies_agent.csv,"[""https://landeed.com/"",""https://landeed.com/about""]",2026-08-30,B/C,preserved_source_assertion
ast-9206b2c1282c,org-landeed-505b2d4,Landeed,canonical_url,https://www.landeed.com/,regional_companies_agent.csv,"[""https://landeed.com/"",""https://landeed.com/about""]",2026-08-30,B/C,preserved_source_assertion
ast-aaac1927d9ef,org-landeed-505b2d4,Landeed,category,property-records-platform,regional_companies_agent.csv,"[""https://landeed.com/"",""https://landeed.com/about""]",2026-08-30,B/C,preserved_source_assertion
ast-8b2f3f54d0c5,org-landeed-505b2d4,Landeed,cohort_or_ecosystem,Indian-proptech-venture,regional_companies_agent.csv,"[""https://landeed.com/"",""https://landeed.com/about""]",2026-08-30,B/C,preserved_source_assertion
ast-4d2ae3c51732,org-landeed-505b2d4,Landeed,entity_type,private-startup,regional_companies_agent.csv,"[""https://landeed.com/"",""https://landeed.com/about""]",2026-08-30,B/C,preserved_source_assertion
ast-8ee36ab6b9ef,org-landeed-505b2d4,Landeed,evidence_grade,B/C,regional_companies_agent.csv,"[""https://landeed.com/"",""https://landeed.com/about""]",2026-08-30,B/C,preserved_source_assertion
ast-765dacd8c254,org-landeed-505b2d4,Landeed,founding_year,Unknown,regional_companies_agent.csv,"[""https://landeed.com/"",""https://landeed.com/about""]",2026-08-30,B/C,preserved_source_assertion
ast-2615d47a9651,org-landeed-505b2d4,Landeed,hq_country,India,regional_companies_agent.csv,"[""https://landeed.com/"",""https://landeed.com/about""]",2026-08-30,B/C,preserved_source_assertion
ast-511492a09b90,org-landeed-505b2d4,Landeed,maturity,early-growth,regional_companies_agent.csv,"[""https://landeed.com/"",""https://landeed.com/about""]",2026-08-30,B/C,preserved_source_assertion
ast-46b3478c0a35,org-landeed-505b2d4,Landeed,primary_lifecycle,title-document-search,regional_companies_agent.csv,"[""https://landeed.com/"",""https://landeed.com/about""]",2026-08-30,B/C,preserved_source_assertion
ast-f915884939a6,org-landeed-505b2d4,Landeed,relevance_tier,B,regional_companies_agent.csv,"[""https://landeed.com/"",""https://landeed.com/about""]",2026-08-30,B/C,preserved_source_assertion
ast-f9797cd600da,org-landeed-505b2d4,Landeed,secondary_lifecycle,valuation-market-data,regional_companies_agent.csv,"[""https://landeed.com/"",""https://landeed.com/about""]",2026-08-30,B/C,preserved_source_assertion
ast-d875c51421d2,org-landeed-505b2d4,Landeed,status,active,regional_companies_agent.csv,"[""https://landeed.com/"",""https://landeed.com/about""]",2026-08-30,B/C,preserved_source_assertion
ast-45309dbe4587,org-landeed-505b2d4,Landeed,status_as_of,2026-08-30,regional_companies_agent.csv,"[""https://landeed.com/"",""https://landeed.com/about""]",2026-08-30,B/C,preserved_source_assertion
ast-3293fc794dbd,org-landtech-82e0a84,LandTech,business_model,B2B SaaS,proptech_startups_agent.csv,"[""https://land.tech/"",""https://pilabs.vc/portfolio?sort=date_desc""]",2026-08-30,A,preserved_source_assertion
ast-1935b7ef86b3,org-landtech-82e0a84,LandTech,canonical_url,https://land.tech/,proptech_startups_agent.csv,"[""https://land.tech/"",""https://pilabs.vc/portfolio?sort=date_desc""]",2026-08-30,A,preserved_source_assertion
ast-3035319cb288,org-landtech-82e0a84,LandTech,category,Land sourcing planning,proptech_startups_agent.csv,"[""https://land.tech/"",""https://pilabs.vc/portfolio?sort=date_desc""]",2026-08-30,A,preserved_source_assertion
ast-ea457aa8e729,org-landtech-82e0a84,LandTech,cohort_or_ecosystem,Pi Labs,proptech_startups_agent.csv,"[""https://land.tech/"",""https://pilabs.vc/portfolio?sort=date_desc""]",2026-08-30,A,preserved_source_assertion
ast-16fda90f2423,org-landtech-82e0a84,LandTech,entity_type,Company,proptech_startups_agent.csv,"[""https://land.tech/"",""https://pilabs.vc/portfolio?sort=date_desc""]",2026-08-30,A,preserved_source_assertion
ast-5b062aaad574,org-landtech-82e0a84,LandTech,evidence_grade,A,proptech_startups_agent.csv,"[""https://land.tech/"",""https://pilabs.vc/portfolio?sort=date_desc""]",2026-08-30,A,preserved_source_assertion
ast-dfc8c68afcf9,org-landtech-82e0a84,LandTech,founding_year,Unknown,proptech_startups_agent.csv,"[""https://land.tech/"",""https://pilabs.vc/portfolio?sort=date_desc""]",2026-08-30,A,preserved_source_assertion
ast-4367d7963583,org-landtech-82e0a84,LandTech,hq_country,United Kingdom,proptech_startups_agent.csv,"[""https://land.tech/"",""https://pilabs.vc/portfolio?sort=date_desc""]",2026-08-30,A,preserved_source_assertion
ast-babbcabf19c2,org-landtech-82e0a84,LandTech,maturity,Scaleup,proptech_startups_agent.csv,"[""https://land.tech/"",""https://pilabs.vc/portfolio?sort=date_desc""]",2026-08-30,A,preserved_source_assertion
ast-2559c9b5b3af,org-landtech-82e0a84,LandTech,primary_lifecycle,Land,proptech_startups_agent.csv,"[""https://land.tech/"",""https://pilabs.vc/portfolio?sort=date_desc""]",2026-08-30,A,preserved_source_assertion
ast-d6d1d721b599,org-landtech-82e0a84,LandTech,relevance_tier,A,proptech_startups_agent.csv,"[""https://land.tech/"",""https://pilabs.vc/portfolio?sort=date_desc""]",2026-08-30,A,preserved_source_assertion
ast-f5e5c1d71900,org-landtech-82e0a84,LandTech,secondary_lifecycle,Data,proptech_startups_agent.csv,"[""https://land.tech/"",""https://pilabs.vc/portfolio?sort=date_desc""]",2026-08-30,A,preserved_source_assertion
ast-baec0dd428a0,org-landtech-82e0a84,LandTech,status,Active,proptech_startups_agent.csv,"[""https://land.tech/"",""https://pilabs.vc/portfolio?sort=date_desc""]",2026-08-30,A,preserved_source_assertion
ast-81a182e248cd,org-landtech-82e0a84,LandTech,status_as_of,2026-08-30,proptech_startups_agent.csv,"[""https://land.tech/"",""https://pilabs.vc/portfolio?sort=date_desc""]",2026-08-30,A,preserved_source_assertion
ast-0eb97a6c6e9a,org-lendlease-4cdee7b,Lendlease,canonical_url,https://www.lendlease.com/,global_real_estate_pioneers_agent.csv,"[""https://lendlease.com/"",""https://lendlease.com/siteassets/lendlease/shared/investor-centre/announcements/reports/2021/2021-lendlease-annual-report-pdf.pdf"",""https://lendlease.com/siteassets/lendlease/shared/investor-centre/announcements/results/2020/fy20---2020-annual-report.pdf""]",2026-08-30,A,preserved_source_assertion
ast-0697569a8d99,org-lendlease-4cdee7b,Lendlease,entity_type,developer constructor investment manager,global_real_estate_pioneers_agent.csv,"[""https://lendlease.com/"",""https://lendlease.com/siteassets/lendlease/shared/investor-centre/announcements/reports/2021/2021-lendlease-annual-report-pdf.pdf"",""https://lendlease.com/siteassets/lendlease/shared/investor-centre/announcements/results/2020/fy20---2020-annual-report.pdf""]",2026-08-30,A,preserved_source_assertion
ast-500541698fad,org-lendlease-4cdee7b,Lendlease,evidence_grade,A,global_real_estate_pioneers_agent.csv,"[""https://lendlease.com/"",""https://lendlease.com/siteassets/lendlease/shared/investor-centre/announcements/reports/2021/2021-lendlease-annual-report-pdf.pdf"",""https://lendlease.com/siteassets/lendlease/shared/investor-centre/announcements/results/2020/fy20---2020-annual-report.pdf""]",2026-08-30,A,preserved_source_assertion
ast-239efc04698d,org-lendlease-4cdee7b,Lendlease,hq_country,Australia,global_real_estate_pioneers_agent.csv,"[""https://lendlease.com/"",""https://lendlease.com/siteassets/lendlease/shared/investor-centre/announcements/reports/2021/2021-lendlease-annual-report-pdf.pdf"",""https://lendlease.com/siteassets/lendlease/shared/investor-centre/announcements/results/2020/fy20---2020-annual-report.pdf""]",2026-08-30,A,preserved_source_assertion
ast-b9a8f3018f6e,org-lendlease-4cdee7b,Lendlease,primary_lifecycle,L/D/C/O/E,global_real_estate_pioneers_agent.csv,"[""https://lendlease.com/"",""https://lendlease.com/siteassets/lendlease/shared/investor-centre/announcements/reports/2021/2021-lendlease-annual-report-pdf.pdf"",""https://lendlease.com/siteassets/lendlease/shared/investor-centre/announcements/results/2020/fy20---2020-annual-report.pdf""]",2026-08-30,A,preserved_source_assertion
ast-c9e9880b4bd8,org-lendlease-4cdee7b,Lendlease,relevance_tier,A,global_real_estate_pioneers_agent.csv,"[""https://lendlease.com/"",""https://lendlease.com/siteassets/lendlease/shared/investor-centre/announcements/reports/2021/2021-lendlease-annual-report-pdf.pdf"",""https://lendlease.com/siteassets/lendlease/shared/investor-centre/announcements/results/2020/fy20---2020-annual-report.pdf""]",2026-08-30,A,preserved_source_assertion
ast-f17403e6afc5,org-lendlease-4cdee7b,Lendlease,status,active,global_real_estate_pioneers_agent.csv,"[""https://lendlease.com/"",""https://lendlease.com/siteassets/lendlease/shared/investor-centre/announcements/reports/2021/2021-lendlease-annual-report-pdf.pdf"",""https://lendlease.com/siteassets/lendlease/shared/investor-centre/announcements/results/2020/fy20---2020-annual-report.pdf""]",2026-08-30,A,preserved_source_assertion
ast-4fa07ecf69df,org-lennar-fec1a05,Lennar,business_model,"homebuilding plus financial services, digital lead-to-close and LENX strategic investments",operator_coverage_additions.csv,"[""https://investors.lennar.com/"",""https://investors.lennar.com/press-releases/2026/03-30-2026"",""https://investors.lennar.com/~/media/Files/L/Lennar-IR-V3/documents/annual-reports/annual-report-2025.pdf"",""https://lennar.com/""]",2026-08-30,A,preserved_source_assertion
ast-4369c50e41eb,org-lennar-fec1a05,Lennar,canonical_url,https://www.lennar.com/,operator_coverage_additions.csv,"[""https://investors.lennar.com/"",""https://investors.lennar.com/press-releases/2026/03-30-2026"",""https://investors.lennar.com/~/media/Files/L/Lennar-IR-V3/documents/annual-reports/annual-report-2025.pdf"",""https://lennar.com/""]",2026-08-30,A,preserved_source_assertion
ast-173bae4abe57,org-lennar-fec1a05,Lennar,category,"high-volume homebuilder, mortgage/title and innovation platform",operator_coverage_additions.csv,"[""https://investors.lennar.com/"",""https://investors.lennar.com/press-releases/2026/03-30-2026"",""https://investors.lennar.com/~/media/Files/L/Lennar-IR-V3/documents/annual-reports/annual-report-2025.pdf"",""https://lennar.com/""]",2026-08-30,A,preserved_source_assertion
ast-1735cbbcb83f,org-lennar-fec1a05,Lennar,cohort_or_ecosystem,Independent; LENX; Veev by Lennar relationship,operator_coverage_additions.csv,"[""https://investors.lennar.com/"",""https://investors.lennar.com/press-releases/2026/03-30-2026"",""https://investors.lennar.com/~/media/Files/L/Lennar-IR-V3/documents/annual-reports/annual-report-2025.pdf"",""https://lennar.com/""]",2026-08-30,A,preserved_source_assertion
ast-79a6d13c1458,org-lennar-fec1a05,Lennar,entity_type,developer and captive-finance operator,operator_coverage_additions.csv,"[""https://investors.lennar.com/"",""https://investors.lennar.com/press-releases/2026/03-30-2026"",""https://investors.lennar.com/~/media/Files/L/Lennar-IR-V3/documents/annual-reports/annual-report-2025.pdf"",""https://lennar.com/""]",2026-08-30,A,preserved_source_assertion
ast-e7d9947360eb,org-lennar-fec1a05,Lennar,evidence_grade,A,operator_coverage_additions.csv,"[""https://investors.lennar.com/"",""https://investors.lennar.com/press-releases/2026/03-30-2026"",""https://investors.lennar.com/~/media/Files/L/Lennar-IR-V3/documents/annual-reports/annual-report-2025.pdf"",""https://lennar.com/""]",2026-08-30,A,preserved_source_assertion
ast-43dc3b32ff61,org-lennar-fec1a05,Lennar,founding_year,1954,operator_coverage_additions.csv,"[""https://investors.lennar.com/"",""https://investors.lennar.com/press-releases/2026/03-30-2026"",""https://investors.lennar.com/~/media/Files/L/Lennar-IR-V3/documents/annual-reports/annual-report-2025.pdf"",""https://lennar.com/""]",2026-08-30,A,preserved_source_assertion
ast-3b1eb82a29de,org-lennar-fec1a05,Lennar,hq_country,United States,operator_coverage_additions.csv,"[""https://investors.lennar.com/"",""https://investors.lennar.com/press-releases/2026/03-30-2026"",""https://investors.lennar.com/~/media/Files/L/Lennar-IR-V3/documents/annual-reports/annual-report-2025.pdf"",""https://lennar.com/""]",2026-08-30,A,preserved_source_assertion
ast-b9295b97d32d,org-lennar-fec1a05,Lennar,maturity,scale operator,operator_coverage_additions.csv,"[""https://investors.lennar.com/"",""https://investors.lennar.com/press-releases/2026/03-30-2026"",""https://investors.lennar.com/~/media/Files/L/Lennar-IR-V3/documents/annual-reports/annual-report-2025.pdf"",""https://lennar.com/""]",2026-08-30,A,preserved_source_assertion
ast-661eff010582,org-lennar-fec1a05,Lennar,primary_lifecycle,L/D/C/S/F/H/O,operator_coverage_additions.csv,"[""https://investors.lennar.com/"",""https://investors.lennar.com/press-releases/2026/03-30-2026"",""https://investors.lennar.com/~/media/Files/L/Lennar-IR-V3/documents/annual-reports/annual-report-2025.pdf"",""https://lennar.com/""]",2026-08-30,A,preserved_source_assertion
ast-21c49ab77083,org-lennar-fec1a05,Lennar,relevance_tier,A,operator_coverage_additions.csv,"[""https://investors.lennar.com/"",""https://investors.lennar.com/press-releases/2026/03-30-2026"",""https://investors.lennar.com/~/media/Files/L/Lennar-IR-V3/documents/annual-reports/annual-report-2025.pdf"",""https://lennar.com/""]",2026-08-30,A,preserved_source_assertion
ast-2494cdef43d9,org-lennar-fec1a05,Lennar,secondary_lifecycle,L/F/E,operator_coverage_additions.csv,"[""https://investors.lennar.com/"",""https://investors.lennar.com/press-releases/2026/03-30-2026"",""https://investors.lennar.com/~/media/Files/L/Lennar-IR-V3/documents/annual-reports/annual-report-2025.pdf"",""https://lennar.com/""]",2026-08-30,A,preserved_source_assertion
ast-c040fd546b30,org-lennar-fec1a05,Lennar,status,active,operator_coverage_additions.csv,"[""https://investors.lennar.com/"",""https://investors.lennar.com/press-releases/2026/03-30-2026"",""https://investors.lennar.com/~/media/Files/L/Lennar-IR-V3/documents/annual-reports/annual-report-2025.pdf"",""https://lennar.com/""]",2026-08-30,A,preserved_source_assertion
ast-a33b51af77e6,org-lennar-fec1a05,Lennar,status_as_of,2026-08-30,operator_coverage_additions.csv,"[""https://investors.lennar.com/"",""https://investors.lennar.com/press-releases/2026/03-30-2026"",""https://investors.lennar.com/~/media/Files/L/Lennar-IR-V3/documents/annual-reports/annual-report-2025.pdf"",""https://lennar.com/""]",2026-08-30,A,preserved_source_assertion
ast-1a1669373248,org-link-reit-3ef24b7,Link REIT,business_model,"retail, office, logistics, community services, sustainability and data transparency",operator_coverage_additions.csv,"[""https://linkreit.com/en"",""https://linkreit.com/en/investor-relations"",""https://linkreit.com/en/investor-relations/financial-reports"",""https://linkreit.com/en/sustainability""]",2026-08-30,B,preserved_source_assertion
ast-ce505d11ab40,org-link-reit-3ef24b7,Link REIT,canonical_url,https://www.linkreit.com/en/,operator_coverage_additions.csv,"[""https://linkreit.com/en"",""https://linkreit.com/en/investor-relations"",""https://linkreit.com/en/investor-relations/financial-reports"",""https://linkreit.com/en/sustainability""]",2026-08-30,B,preserved_source_assertion
ast-8e32e8ae678a,org-link-reit-3ef24b7,Link REIT,category,APAC internally managed REIT and community operator,operator_coverage_additions.csv,"[""https://linkreit.com/en"",""https://linkreit.com/en/investor-relations"",""https://linkreit.com/en/investor-relations/financial-reports"",""https://linkreit.com/en/sustainability""]",2026-08-30,B,preserved_source_assertion
ast-d1e1fd041f73,org-link-reit-3ef24b7,Link REIT,cohort_or_ecosystem,Independent; internally managed,operator_coverage_additions.csv,"[""https://linkreit.com/en"",""https://linkreit.com/en/investor-relations"",""https://linkreit.com/en/investor-relations/financial-reports"",""https://linkreit.com/en/sustainability""]",2026-08-30,B,preserved_source_assertion
ast-d7066520eaac,org-link-reit-3ef24b7,Link REIT,entity_type,REIT and asset-management platform,operator_coverage_additions.csv,"[""https://linkreit.com/en"",""https://linkreit.com/en/investor-relations"",""https://linkreit.com/en/investor-relations/financial-reports"",""https://linkreit.com/en/sustainability""]",2026-08-30,B,preserved_source_assertion
ast-67cde6e54a13,org-link-reit-3ef24b7,Link REIT,evidence_grade,B,operator_coverage_additions.csv,"[""https://linkreit.com/en"",""https://linkreit.com/en/investor-relations"",""https://linkreit.com/en/investor-relations/financial-reports"",""https://linkreit.com/en/sustainability""]",2026-08-30,B,preserved_source_assertion
ast-c86d50869a1c,org-link-reit-3ef24b7,Link REIT,founding_year,2005,operator_coverage_additions.csv,"[""https://linkreit.com/en"",""https://linkreit.com/en/investor-relations"",""https://linkreit.com/en/investor-relations/financial-reports"",""https://linkreit.com/en/sustainability""]",2026-08-30,B,preserved_source_assertion
ast-2e498467fc91,org-link-reit-3ef24b7,Link REIT,hq_country,Hong Kong,operator_coverage_additions.csv,"[""https://linkreit.com/en"",""https://linkreit.com/en/investor-relations"",""https://linkreit.com/en/investor-relations/financial-reports"",""https://linkreit.com/en/sustainability""]",2026-08-30,B,preserved_source_assertion
ast-fa8e3ae4c77f,org-link-reit-3ef24b7,Link REIT,maturity,scale operator,operator_coverage_additions.csv,"[""https://linkreit.com/en"",""https://linkreit.com/en/investor-relations"",""https://linkreit.com/en/investor-relations/financial-reports"",""https://linkreit.com/en/sustainability""]",2026-08-30,B,preserved_source_assertion
ast-c95d77c5f7d2,org-link-reit-3ef24b7,Link REIT,primary_lifecycle,L/S/H/O/E,operator_coverage_additions.csv,"[""https://linkreit.com/en"",""https://linkreit.com/en/investor-relations"",""https://linkreit.com/en/investor-relations/financial-reports"",""https://linkreit.com/en/sustainability""]",2026-08-30,B,preserved_source_assertion
ast-82d47a876f2d,org-link-reit-3ef24b7,Link REIT,relevance_tier,B,operator_coverage_additions.csv,"[""https://linkreit.com/en"",""https://linkreit.com/en/investor-relations"",""https://linkreit.com/en/investor-relations/financial-reports"",""https://linkreit.com/en/sustainability""]",2026-08-30,B,preserved_source_assertion
ast-87f85b68b4d2,org-link-reit-3ef24b7,Link REIT,secondary_lifecycle,F,operator_coverage_additions.csv,"[""https://linkreit.com/en"",""https://linkreit.com/en/investor-relations"",""https://linkreit.com/en/investor-relations/financial-reports"",""https://linkreit.com/en/sustainability""]",2026-08-30,B,preserved_source_assertion
ast-e5d83f93152c,org-link-reit-3ef24b7,Link REIT,status,active,operator_coverage_additions.csv,"[""https://linkreit.com/en"",""https://linkreit.com/en/investor-relations"",""https://linkreit.com/en/investor-relations/financial-reports"",""https://linkreit.com/en/sustainability""]",2026-08-30,B,preserved_source_assertion
ast-849540def24b,org-link-reit-3ef24b7,Link REIT,status_as_of,2026-08-30,operator_coverage_additions.csv,"[""https://linkreit.com/en"",""https://linkreit.com/en/investor-relations"",""https://linkreit.com/en/investor-relations/financial-reports"",""https://linkreit.com/en/sustainability""]",2026-08-30,B,preserved_source_assertion
ast-ab5b4b389ebb,org-livspace-8e2af3d,Livspace,business_model,marketplace design manufacturing installation and warranty,coverage_gap_additions.csv,"[""https://livspace.com/in"",""https://livspace.com/in/about-us""]",2026-08-30,A,preserved_source_assertion
ast-42f655a28894,org-livspace-8e2af3d,Livspace,canonical_url,https://www.livspace.com/in,coverage_gap_additions.csv,"[""https://livspace.com/in"",""https://livspace.com/in/about-us""]",2026-08-30,A,preserved_source_assertion
ast-69cbcb96af89,org-livspace-8e2af3d,Livspace,category,tech-enabled end-to-end interiors and renovation,coverage_gap_additions.csv,"[""https://livspace.com/in"",""https://livspace.com/in/about-us""]",2026-08-30,A,preserved_source_assertion
ast-797609eae66a,org-livspace-8e2af3d,Livspace,cohort_or_ecosystem,Independent,coverage_gap_additions.csv,"[""https://livspace.com/in"",""https://livspace.com/in/about-us""]",2026-08-30,A,preserved_source_assertion
ast-ab0c9b470f19,org-livspace-8e2af3d,Livspace,entity_type,private company,coverage_gap_additions.csv,"[""https://livspace.com/in"",""https://livspace.com/in/about-us""]",2026-08-30,A,preserved_source_assertion
ast-fc0e3e10bf10,org-livspace-8e2af3d,Livspace,evidence_grade,A,coverage_gap_additions.csv,"[""https://livspace.com/in"",""https://livspace.com/in/about-us""]",2026-08-30,A,preserved_source_assertion
ast-3097d6a06099,org-livspace-8e2af3d,Livspace,founding_year,2014,coverage_gap_additions.csv,"[""https://livspace.com/in"",""https://livspace.com/in/about-us""]",2026-08-30,A,preserved_source_assertion
ast-3cfb8383aafe,org-livspace-8e2af3d,Livspace,hq_country,India,coverage_gap_additions.csv,"[""https://livspace.com/in"",""https://livspace.com/in/about-us""]",2026-08-30,A,preserved_source_assertion
ast-94c2800c8627,org-livspace-8e2af3d,Livspace,maturity,scaleup,coverage_gap_additions.csv,"[""https://livspace.com/in"",""https://livspace.com/in/about-us""]",2026-08-30,A,preserved_source_assertion
ast-57b160ab9f9b,org-livspace-8e2af3d,Livspace,primary_lifecycle,L11 Handover/end-of-life,coverage_gap_additions.csv,"[""https://livspace.com/in"",""https://livspace.com/in/about-us""]",2026-08-30,A,preserved_source_assertion
ast-18c7b88d77cf,org-livspace-8e2af3d,Livspace,relevance_tier,B,coverage_gap_additions.csv,"[""https://livspace.com/in"",""https://livspace.com/in/about-us""]",2026-08-30,A,preserved_source_assertion
ast-a90568d43f05,org-livspace-8e2af3d,Livspace,secondary_lifecycle,L4 Design/L5 Construction,coverage_gap_additions.csv,"[""https://livspace.com/in"",""https://livspace.com/in/about-us""]",2026-08-30,A,preserved_source_assertion
ast-c2551cfc1a1c,org-livspace-8e2af3d,Livspace,status,active,coverage_gap_additions.csv,"[""https://livspace.com/in"",""https://livspace.com/in/about-us""]",2026-08-30,A,preserved_source_assertion
ast-e6b810dcdd14,org-livspace-8e2af3d,Livspace,status_as_of,2026-08-30,coverage_gap_additions.csv,"[""https://livspace.com/in"",""https://livspace.com/in/about-us""]",2026-08-30,A,preserved_source_assertion
ast-2a94551f4eb0,org-localize-ec8bde7,Localize,business_model,Data/SaaS,proptech_startups_agent.csv,"[""https://calcalistech.com/ctechnews/article/sypuszzjr"",""https://localize.city/""]",2026-08-30,B,preserved_source_assertion
ast-33d04aac6475,org-localize-ec8bde7,Localize,canonical_url,https://www.localize.city/,proptech_startups_agent.csv,"[""https://calcalistech.com/ctechnews/article/sypuszzjr"",""https://localize.city/""]",2026-08-30,B,preserved_source_assertion
ast-ac46204c088b,org-localize-ec8bde7,Localize,category,Property data and buyer tools,proptech_startups_agent.csv,"[""https://calcalistech.com/ctechnews/article/sypuszzjr"",""https://localize.city/""]",2026-08-30,B,preserved_source_assertion
ast-17e5896fd8e5,org-localize-ec8bde7,Localize,cohort_or_ecosystem,Independent,proptech_startups_agent.csv,"[""https://calcalistech.com/ctechnews/article/sypuszzjr"",""https://localize.city/""]",2026-08-30,B,preserved_source_assertion
ast-efc17bdee36f,org-localize-ec8bde7,Localize,entity_type,Company,proptech_startups_agent.csv,"[""https://calcalistech.com/ctechnews/article/sypuszzjr"",""https://localize.city/""]",2026-08-30,B,preserved_source_assertion
ast-712e4e7ae90b,org-localize-ec8bde7,Localize,evidence_grade,B,proptech_startups_agent.csv,"[""https://calcalistech.com/ctechnews/article/sypuszzjr"",""https://localize.city/""]",2026-08-30,B,preserved_source_assertion
ast-4cff3d4b9cf2,org-localize-ec8bde7,Localize,founding_year,2016,proptech_startups_agent.csv,"[""https://calcalistech.com/ctechnews/article/sypuszzjr"",""https://localize.city/""]",2026-08-30,B,preserved_source_assertion
ast-14c72a243d9e,org-localize-ec8bde7,Localize,hq_country,Israel,proptech_startups_agent.csv,"[""https://calcalistech.com/ctechnews/article/sypuszzjr"",""https://localize.city/""]",2026-08-30,B,preserved_source_assertion
ast-73328a5ebfcc,org-localize-ec8bde7,Localize,maturity,Regional shutdown,proptech_startups_agent.csv,"[""https://calcalistech.com/ctechnews/article/sypuszzjr"",""https://localize.city/""]",2026-08-30,B,preserved_source_assertion
ast-6248d018accd,org-localize-ec8bde7,Localize,primary_lifecycle,Data,proptech_startups_agent.csv,"[""https://calcalistech.com/ctechnews/article/sypuszzjr"",""https://localize.city/""]",2026-08-30,B,preserved_source_assertion
ast-cc440482e726,org-localize-ec8bde7,Localize,relevance_tier,C,proptech_startups_agent.csv,"[""https://calcalistech.com/ctechnews/article/sypuszzjr"",""https://localize.city/""]",2026-08-30,B,preserved_source_assertion
ast-a8083ecd9d40,org-localize-ec8bde7,Localize,secondary_lifecycle,Sales,proptech_startups_agent.csv,"[""https://calcalistech.com/ctechnews/article/sypuszzjr"",""https://localize.city/""]",2026-08-30,B,preserved_source_assertion
ast-3d8ef684fb43,org-localize-ec8bde7,Localize,status,US operations shut,proptech_startups_agent.csv,"[""https://calcalistech.com/ctechnews/article/sypuszzjr"",""https://localize.city/""]",2026-08-30,B,preserved_source_assertion
ast-8696502791c6,org-localize-ec8bde7,Localize,status_as_of,2026-08-30,proptech_startups_agent.csv,"[""https://calcalistech.com/ctechnews/article/sypuszzjr"",""https://localize.city/""]",2026-08-30,B,preserved_source_assertion
ast-2cbef9e4262d,org-lodha-developers-macrotech-fabb78c,Lodha Developers / Macrotech,canonical_url,https://www.lodhagroup.com/,global_real_estate_pioneers_agent.csv,"[""https://lodhagroup.com/"",""https://lodhagroup.com/investor-relations"",""https://lodhagroup.in/investor-relations/assets/pdf/3rd-Integrated-Annual-Report_2023-24.pdf""]",2026-08-30,A,preserved_source_assertion
ast-7f1ee49d34a0,org-lodha-developers-macrotech-fabb78c,Lodha Developers / Macrotech,entity_type,residential commercial developer,global_real_estate_pioneers_agent.csv,"[""https://lodhagroup.com/"",""https://lodhagroup.com/investor-relations"",""https://lodhagroup.in/investor-relations/assets/pdf/3rd-Integrated-Annual-Report_2023-24.pdf""]",2026-08-30,A,preserved_source_assertion
ast-e5dee36cbe10,org-lodha-developers-macrotech-fabb78c,Lodha Developers / Macrotech,evidence_grade,A,global_real_estate_pioneers_agent.csv,"[""https://lodhagroup.com/"",""https://lodhagroup.com/investor-relations"",""https://lodhagroup.in/investor-relations/assets/pdf/3rd-Integrated-Annual-Report_2023-24.pdf""]",2026-08-30,A,preserved_source_assertion
ast-1f5728a109eb,org-lodha-developers-macrotech-fabb78c,Lodha Developers / Macrotech,hq_country,India,global_real_estate_pioneers_agent.csv,"[""https://lodhagroup.com/"",""https://lodhagroup.com/investor-relations"",""https://lodhagroup.in/investor-relations/assets/pdf/3rd-Integrated-Annual-Report_2023-24.pdf""]",2026-08-30,A,preserved_source_assertion
ast-d806fcda9f54,org-lodha-developers-macrotech-fabb78c,Lodha Developers / Macrotech,primary_lifecycle,L/D/S/F/H/O/E,global_real_estate_pioneers_agent.csv,"[""https://lodhagroup.com/"",""https://lodhagroup.com/investor-relations"",""https://lodhagroup.in/investor-relations/assets/pdf/3rd-Integrated-Annual-Report_2023-24.pdf""]",2026-08-30,A,preserved_source_assertion
ast-190e5a1aa312,org-lodha-developers-macrotech-fabb78c,Lodha Developers / Macrotech,relevance_tier,A,global_real_estate_pioneers_agent.csv,"[""https://lodhagroup.com/"",""https://lodhagroup.com/investor-relations"",""https://lodhagroup.in/investor-relations/assets/pdf/3rd-Integrated-Annual-Report_2023-24.pdf""]",2026-08-30,A,preserved_source_assertion
ast-f28026c789a0,org-lodha-developers-macrotech-fabb78c,Lodha Developers / Macrotech,status,active,global_real_estate_pioneers_agent.csv,"[""https://lodhagroup.com/"",""https://lodhagroup.com/investor-relations"",""https://lodhagroup.in/investor-relations/assets/pdf/3rd-Integrated-Annual-Report_2023-24.pdf""]",2026-08-30,A,preserved_source_assertion
ast-bb374aeca9e5,org-loft-ed3b4dd,Loft,business_model,software plus financial intermediation and guarantee,coverage_gap_additions.csv,"[""https://loft.com.br/para-imobiliarias"",""https://loft.com.br/para-imobiliarias/institucional-loft""]",2026-08-30,A,preserved_source_assertion
ast-7b68d439439a,org-loft-ed3b4dd,Loft,canonical_url,https://loft.com.br/para-imobiliarias/institucional-loft/,coverage_gap_additions.csv,"[""https://loft.com.br/para-imobiliarias"",""https://loft.com.br/para-imobiliarias/institucional-loft""]",2026-08-30,A,preserved_source_assertion
ast-b71d89699585,org-loft-ed3b4dd,Loft,category,real-estate platform CRM credit and rental guarantee,coverage_gap_additions.csv,"[""https://loft.com.br/para-imobiliarias"",""https://loft.com.br/para-imobiliarias/institucional-loft""]",2026-08-30,A,preserved_source_assertion
ast-f0b103ce49e5,org-loft-ed3b4dd,Loft,cohort_or_ecosystem,Independent,coverage_gap_additions.csv,"[""https://loft.com.br/para-imobiliarias"",""https://loft.com.br/para-imobiliarias/institucional-loft""]",2026-08-30,A,preserved_source_assertion
ast-ac2fa4d38bf2,org-loft-ed3b4dd,Loft,entity_type,private company,coverage_gap_additions.csv,"[""https://loft.com.br/para-imobiliarias"",""https://loft.com.br/para-imobiliarias/institucional-loft""]",2026-08-30,A,preserved_source_assertion
ast-e6983861da7d,org-loft-ed3b4dd,Loft,evidence_grade,A,coverage_gap_additions.csv,"[""https://loft.com.br/para-imobiliarias"",""https://loft.com.br/para-imobiliarias/institucional-loft""]",2026-08-30,A,preserved_source_assertion
ast-6a3135d987cb,org-loft-ed3b4dd,Loft,founding_year,2018,coverage_gap_additions.csv,"[""https://loft.com.br/para-imobiliarias"",""https://loft.com.br/para-imobiliarias/institucional-loft""]",2026-08-30,A,preserved_source_assertion
ast-489b105ffe2c,org-loft-ed3b4dd,Loft,hq_country,Brazil,coverage_gap_additions.csv,"[""https://loft.com.br/para-imobiliarias"",""https://loft.com.br/para-imobiliarias/institucional-loft""]",2026-08-30,A,preserved_source_assertion
ast-494a39ed5cac,org-loft-ed3b4dd,Loft,maturity,scaleup,coverage_gap_additions.csv,"[""https://loft.com.br/para-imobiliarias"",""https://loft.com.br/para-imobiliarias/institucional-loft""]",2026-08-30,A,preserved_source_assertion
ast-50e3d19fa81f,org-loft-ed3b4dd,Loft,primary_lifecycle,L6 Marketing/sales,coverage_gap_additions.csv,"[""https://loft.com.br/para-imobiliarias"",""https://loft.com.br/para-imobiliarias/institucional-loft""]",2026-08-30,A,preserved_source_assertion
ast-0435095ecdcf,org-loft-ed3b4dd,Loft,relevance_tier,A,coverage_gap_additions.csv,"[""https://loft.com.br/para-imobiliarias"",""https://loft.com.br/para-imobiliarias/institucional-loft""]",2026-08-30,A,preserved_source_assertion
ast-707641fe453c,org-loft-ed3b4dd,Loft,secondary_lifecycle,L3 Capital/finance/L7 Occupancy,coverage_gap_additions.csv,"[""https://loft.com.br/para-imobiliarias"",""https://loft.com.br/para-imobiliarias/institucional-loft""]",2026-08-30,A,preserved_source_assertion
ast-3bcd0dace07d,org-loft-ed3b4dd,Loft,status,active,coverage_gap_additions.csv,"[""https://loft.com.br/para-imobiliarias"",""https://loft.com.br/para-imobiliarias/institucional-loft""]",2026-08-30,A,preserved_source_assertion
ast-6f26803ad6ec,org-loft-ed3b4dd,Loft,status_as_of,2026-08-30,coverage_gap_additions.csv,"[""https://loft.com.br/para-imobiliarias"",""https://loft.com.br/para-imobiliarias/institucional-loft""]",2026-08-30,A,preserved_source_assertion
ast-91a63f4b373a,org-lotroll-83be313,LotRoll,business_model,Data marketplace,proptech_startups_agent.csv,"[""https://nar-reach.com/second-century-ventures-announces-6-technology-companies-for-2026-reach-scale-up-program""]",2026-08-30,A,preserved_source_assertion
ast-d79a5fbf38a3,org-lotroll-83be313,LotRoll,canonical_url,https://www.nar-reach.com/second-century-ventures-announces-6-technology-companies-for-2026-reach-scale-up-program,proptech_startups_agent.csv,"[""https://nar-reach.com/second-century-ventures-announces-6-technology-companies-for-2026-reach-scale-up-program""]",2026-08-30,A,preserved_source_assertion
ast-b6707d1e71ed,org-lotroll-83be313,LotRoll,category,Manufactured-housing data/infrastructure,proptech_startups_agent.csv,"[""https://nar-reach.com/second-century-ventures-announces-6-technology-companies-for-2026-reach-scale-up-program""]",2026-08-30,A,preserved_source_assertion
ast-1d267edafafb,org-lotroll-83be313,LotRoll,cohort_or_ecosystem,NAR REACH US Residential 2026,proptech_startups_agent.csv,"[""https://nar-reach.com/second-century-ventures-announces-6-technology-companies-for-2026-reach-scale-up-program""]",2026-08-30,A,preserved_source_assertion
ast-17f1acdbc5f9,org-lotroll-83be313,LotRoll,entity_type,Company,proptech_startups_agent.csv,"[""https://nar-reach.com/second-century-ventures-announces-6-technology-companies-for-2026-reach-scale-up-program""]",2026-08-30,A,preserved_source_assertion
ast-ad71dd0abb48,org-lotroll-83be313,LotRoll,evidence_grade,A,proptech_startups_agent.csv,"[""https://nar-reach.com/second-century-ventures-announces-6-technology-companies-for-2026-reach-scale-up-program""]",2026-08-30,A,preserved_source_assertion
ast-7c3d205d2305,org-lotroll-83be313,LotRoll,founding_year,Unknown,proptech_startups_agent.csv,"[""https://nar-reach.com/second-century-ventures-announces-6-technology-companies-for-2026-reach-scale-up-program""]",2026-08-30,A,preserved_source_assertion
ast-56dcdb1c55be,org-lotroll-83be313,LotRoll,hq_country,United States,proptech_startups_agent.csv,"[""https://nar-reach.com/second-century-ventures-announces-6-technology-companies-for-2026-reach-scale-up-program""]",2026-08-30,A,preserved_source_assertion
ast-9d4b25d053d3,org-lotroll-83be313,LotRoll,maturity,Early,proptech_startups_agent.csv,"[""https://nar-reach.com/second-century-ventures-announces-6-technology-companies-for-2026-reach-scale-up-program""]",2026-08-30,A,preserved_source_assertion
ast-0a4a7cbb24fe,org-lotroll-83be313,LotRoll,primary_lifecycle,Sales,proptech_startups_agent.csv,"[""https://nar-reach.com/second-century-ventures-announces-6-technology-companies-for-2026-reach-scale-up-program""]",2026-08-30,A,preserved_source_assertion
ast-09edb6917984,org-lotroll-83be313,LotRoll,relevance_tier,B,proptech_startups_agent.csv,"[""https://nar-reach.com/second-century-ventures-announces-6-technology-companies-for-2026-reach-scale-up-program""]",2026-08-30,A,preserved_source_assertion
ast-1569cffd0601,org-lotroll-83be313,LotRoll,secondary_lifecycle,Data,proptech_startups_agent.csv,"[""https://nar-reach.com/second-century-ventures-announces-6-technology-companies-for-2026-reach-scale-up-program""]",2026-08-30,A,preserved_source_assertion
ast-bb9306663347,org-lotroll-83be313,LotRoll,status,Selected 2026 cohort,proptech_startups_agent.csv,"[""https://nar-reach.com/second-century-ventures-announces-6-technology-companies-for-2026-reach-scale-up-program""]",2026-08-30,A,preserved_source_assertion
ast-b7d58ea904aa,org-lotroll-83be313,LotRoll,status_as_of,2026-08-30,proptech_startups_agent.csv,"[""https://nar-reach.com/second-century-ventures-announces-6-technology-companies-for-2026-reach-scale-up-program""]",2026-08-30,A,preserved_source_assertion
ast-dd0d9d172d5a,org-lula-f8449a2,Lula,business_model,managed marketplace plus SaaS,startup_core_additions.csv,"[""https://lula.life/"",""https://lula.life/company"",""https://ret.vc/portfolio""]",2026-08-30,A,preserved_source_assertion
ast-bdb1fd2d4858,org-lula-f8449a2,Lula,canonical_url,https://lula.life/,startup_core_additions.csv,"[""https://lula.life/"",""https://lula.life/company"",""https://ret.vc/portfolio""]",2026-08-30,A,preserved_source_assertion
ast-ac15ed91bbe1,org-lula-f8449a2,Lula,category,property maintenance coordination and vendor network,startup_core_additions.csv,"[""https://lula.life/"",""https://lula.life/company"",""https://ret.vc/portfolio""]",2026-08-30,A,preserved_source_assertion
ast-b7d76137939a,org-lula-f8449a2,Lula,cohort_or_ecosystem,RET Ventures,startup_core_additions.csv,"[""https://lula.life/"",""https://lula.life/company"",""https://ret.vc/portfolio""]",2026-08-30,A,preserved_source_assertion
ast-77256a359e5f,org-lula-f8449a2,Lula,entity_type,private company,startup_core_additions.csv,"[""https://lula.life/"",""https://lula.life/company"",""https://ret.vc/portfolio""]",2026-08-30,A,preserved_source_assertion
ast-ffc8c1b5751d,org-lula-f8449a2,Lula,evidence_grade,A,startup_core_additions.csv,"[""https://lula.life/"",""https://lula.life/company"",""https://ret.vc/portfolio""]",2026-08-30,A,preserved_source_assertion
ast-32d6be8c63c8,org-lula-f8449a2,Lula,hq_country,United States,startup_core_additions.csv,"[""https://lula.life/"",""https://lula.life/company"",""https://ret.vc/portfolio""]",2026-08-30,A,preserved_source_assertion
ast-45e8e09e7a86,org-lula-f8449a2,Lula,maturity,scaleup,startup_core_additions.csv,"[""https://lula.life/"",""https://lula.life/company"",""https://ret.vc/portfolio""]",2026-08-30,A,preserved_source_assertion
ast-82b6ebf56d8f,org-lula-f8449a2,Lula,primary_lifecycle,L8 Property operations,startup_core_additions.csv,"[""https://lula.life/"",""https://lula.life/company"",""https://ret.vc/portfolio""]",2026-08-30,A,preserved_source_assertion
ast-9726e5005db2,org-lula-f8449a2,Lula,relevance_tier,A,startup_core_additions.csv,"[""https://lula.life/"",""https://lula.life/company"",""https://ret.vc/portfolio""]",2026-08-30,A,preserved_source_assertion
ast-a6244bf70f77,org-lula-f8449a2,Lula,secondary_lifecycle,L5 Construction,startup_core_additions.csv,"[""https://lula.life/"",""https://lula.life/company"",""https://ret.vc/portfolio""]",2026-08-30,A,preserved_source_assertion
ast-6b4654cb98a9,org-lula-f8449a2,Lula,status,active,startup_core_additions.csv,"[""https://lula.life/"",""https://lula.life/company"",""https://ret.vc/portfolio""]",2026-08-30,A,preserved_source_assertion
ast-257c26652e86,org-lula-f8449a2,Lula,status_as_of,2026-08-30,startup_core_additions.csv,"[""https://lula.life/"",""https://lula.life/company"",""https://ret.vc/portfolio""]",2026-08-30,A,preserved_source_assertion
ast-3b4491b24d41,org-lumina-375ff59,Lumina,business_model,hardware plus equipment operations,startup_core_additions.csv,"[""https://luminatech.co/"",""https://luminatech.co/moonlander"",""https://shadow.vc/investments/lumina""]",2026-08-30,A,preserved_source_assertion
ast-8369c4bf051c,org-lumina-375ff59,Lumina,canonical_url,https://luminatech.co/,startup_core_additions.csv,"[""https://luminatech.co/"",""https://luminatech.co/moonlander"",""https://shadow.vc/investments/lumina""]",2026-08-30,A,preserved_source_assertion
ast-df21159b1df9,org-lumina-375ff59,Lumina,category,zero-emission heavy civil equipment and robotics,startup_core_additions.csv,"[""https://luminatech.co/"",""https://luminatech.co/moonlander"",""https://shadow.vc/investments/lumina""]",2026-08-30,A,preserved_source_assertion
ast-12697e7345fa,org-lumina-375ff59,Lumina,cohort_or_ecosystem,Shadow Ventures,startup_core_additions.csv,"[""https://luminatech.co/"",""https://luminatech.co/moonlander"",""https://shadow.vc/investments/lumina""]",2026-08-30,A,preserved_source_assertion
ast-9e4c5b550774,org-lumina-375ff59,Lumina,entity_type,private company,startup_core_additions.csv,"[""https://luminatech.co/"",""https://luminatech.co/moonlander"",""https://shadow.vc/investments/lumina""]",2026-08-30,A,preserved_source_assertion
ast-5580cf502334,org-lumina-375ff59,Lumina,evidence_grade,A,startup_core_additions.csv,"[""https://luminatech.co/"",""https://luminatech.co/moonlander"",""https://shadow.vc/investments/lumina""]",2026-08-30,A,preserved_source_assertion
ast-f979460c8637,org-lumina-375ff59,Lumina,hq_country,United States,startup_core_additions.csv,"[""https://luminatech.co/"",""https://luminatech.co/moonlander"",""https://shadow.vc/investments/lumina""]",2026-08-30,A,preserved_source_assertion
ast-a1366e8824bf,org-lumina-375ff59,Lumina,maturity,scaleup,startup_core_additions.csv,"[""https://luminatech.co/"",""https://luminatech.co/moonlander"",""https://shadow.vc/investments/lumina""]",2026-08-30,A,preserved_source_assertion
ast-3833b6d8680a,org-lumina-375ff59,Lumina,primary_lifecycle,L5 Construction,startup_core_additions.csv,"[""https://luminatech.co/"",""https://luminatech.co/moonlander"",""https://shadow.vc/investments/lumina""]",2026-08-30,A,preserved_source_assertion
ast-353e4bf5a3fe,org-lumina-375ff59,Lumina,relevance_tier,A,startup_core_additions.csv,"[""https://luminatech.co/"",""https://luminatech.co/moonlander"",""https://shadow.vc/investments/lumina""]",2026-08-30,A,preserved_source_assertion
ast-ae8716b38974,org-lumina-375ff59,Lumina,secondary_lifecycle,L10 Climate/energy,startup_core_additions.csv,"[""https://luminatech.co/"",""https://luminatech.co/moonlander"",""https://shadow.vc/investments/lumina""]",2026-08-30,A,preserved_source_assertion
ast-e971eba6675e,org-lumina-375ff59,Lumina,status,active,startup_core_additions.csv,"[""https://luminatech.co/"",""https://luminatech.co/moonlander"",""https://shadow.vc/investments/lumina""]",2026-08-30,A,preserved_source_assertion
ast-0682d5d9e0a2,org-lumina-375ff59,Lumina,status_as_of,2026-08-30,startup_core_additions.csv,"[""https://luminatech.co/"",""https://luminatech.co/moonlander"",""https://shadow.vc/investments/lumina""]",2026-08-30,A,preserved_source_assertion
ast-afc6f2b193b1,org-magicdoor-2e9843c,MagicDoor,business_model,SaaS subscription,startup_core_additions.csv,"[""https://magicdoor.com/"",""https://shadow.vc/blog/announcing-our-investment-in-magicdoor"",""https://shadow.vc/investments/magicdoor""]",2026-08-30,A,preserved_source_assertion
ast-d8bd02b3569e,org-magicdoor-2e9843c,MagicDoor,canonical_url,https://magicdoor.com/,startup_core_additions.csv,"[""https://magicdoor.com/"",""https://shadow.vc/blog/announcing-our-investment-in-magicdoor"",""https://shadow.vc/investments/magicdoor""]",2026-08-30,A,preserved_source_assertion
ast-5503db0ac356,org-magicdoor-2e9843c,MagicDoor,category,AI-native property management for leasing maintenance accounting and resident communication,startup_core_additions.csv,"[""https://magicdoor.com/"",""https://shadow.vc/blog/announcing-our-investment-in-magicdoor"",""https://shadow.vc/investments/magicdoor""]",2026-08-30,A,preserved_source_assertion
ast-ef41876cda4e,org-magicdoor-2e9843c,MagicDoor,cohort_or_ecosystem,Shadow Ventures,startup_core_additions.csv,"[""https://magicdoor.com/"",""https://shadow.vc/blog/announcing-our-investment-in-magicdoor"",""https://shadow.vc/investments/magicdoor""]",2026-08-30,A,preserved_source_assertion
ast-420f86241596,org-magicdoor-2e9843c,MagicDoor,entity_type,private company,startup_core_additions.csv,"[""https://magicdoor.com/"",""https://shadow.vc/blog/announcing-our-investment-in-magicdoor"",""https://shadow.vc/investments/magicdoor""]",2026-08-30,A,preserved_source_assertion
ast-bdc1876d6000,org-magicdoor-2e9843c,MagicDoor,evidence_grade,A,startup_core_additions.csv,"[""https://magicdoor.com/"",""https://shadow.vc/blog/announcing-our-investment-in-magicdoor"",""https://shadow.vc/investments/magicdoor""]",2026-08-30,A,preserved_source_assertion
ast-0b2deedc2254,org-magicdoor-2e9843c,MagicDoor,hq_country,United States,startup_core_additions.csv,"[""https://magicdoor.com/"",""https://shadow.vc/blog/announcing-our-investment-in-magicdoor"",""https://shadow.vc/investments/magicdoor""]",2026-08-30,A,preserved_source_assertion
ast-b320c82f5ffc,org-magicdoor-2e9843c,MagicDoor,maturity,early,startup_core_additions.csv,"[""https://magicdoor.com/"",""https://shadow.vc/blog/announcing-our-investment-in-magicdoor"",""https://shadow.vc/investments/magicdoor""]",2026-08-30,A,preserved_source_assertion
ast-7016d47dc1f4,org-magicdoor-2e9843c,MagicDoor,primary_lifecycle,L8 Property operations,startup_core_additions.csv,"[""https://magicdoor.com/"",""https://shadow.vc/blog/announcing-our-investment-in-magicdoor"",""https://shadow.vc/investments/magicdoor""]",2026-08-30,A,preserved_source_assertion
ast-d72b4250bdc6,org-magicdoor-2e9843c,MagicDoor,relevance_tier,A,startup_core_additions.csv,"[""https://magicdoor.com/"",""https://shadow.vc/blog/announcing-our-investment-in-magicdoor"",""https://shadow.vc/investments/magicdoor""]",2026-08-30,A,preserved_source_assertion
ast-679e3099ca1b,org-magicdoor-2e9843c,MagicDoor,secondary_lifecycle,L6 Marketing/sales,startup_core_additions.csv,"[""https://magicdoor.com/"",""https://shadow.vc/blog/announcing-our-investment-in-magicdoor"",""https://shadow.vc/investments/magicdoor""]",2026-08-30,A,preserved_source_assertion
ast-ffca9952a770,org-magicdoor-2e9843c,MagicDoor,status,active,startup_core_additions.csv,"[""https://magicdoor.com/"",""https://shadow.vc/blog/announcing-our-investment-in-magicdoor"",""https://shadow.vc/investments/magicdoor""]",2026-08-30,A,preserved_source_assertion
ast-90f9056c1a84,org-magicdoor-2e9843c,MagicDoor,status_as_of,2026-08-30,startup_core_additions.csv,"[""https://magicdoor.com/"",""https://shadow.vc/blog/announcing-our-investment-in-magicdoor"",""https://shadow.vc/investments/magicdoor""]",2026-08-30,A,preserved_source_assertion
ast-be3b9c689e99,org-mahindra-lifespaces-55a7354,Mahindra Lifespaces,business_model,"net-zero homes, industrial land, sustainable design and community operations",operator_coverage_additions.csv,"[""https://cms.mahindralifespaces.com/web/node/4161"",""https://mahindralifespaces.com/"",""https://mahindralifespaces.com/investor-center?category=annual-reports"",""https://mldlprodstorage.blob.core.windows.net/live/2025/07/269865_MLDL_AR_2025_Final.pdf""]",2026-08-30,B,preserved_source_assertion
ast-04ba12116c3d,org-mahindra-lifespaces-55a7354,Mahindra Lifespaces,canonical_url,https://www.mahindralifespaces.com/,operator_coverage_additions.csv,"[""https://cms.mahindralifespaces.com/web/node/4161"",""https://mahindralifespaces.com/"",""https://mahindralifespaces.com/investor-center?category=annual-reports"",""https://mldlprodstorage.blob.core.windows.net/live/2025/07/269865_MLDL_AR_2025_Final.pdf""]",2026-08-30,B,preserved_source_assertion
ast-c34e5cc29768,org-mahindra-lifespaces-55a7354,Mahindra Lifespaces,category,"India residential, industrial-cluster and net-zero developer",operator_coverage_additions.csv,"[""https://cms.mahindralifespaces.com/web/node/4161"",""https://mahindralifespaces.com/"",""https://mahindralifespaces.com/investor-center?category=annual-reports"",""https://mldlprodstorage.blob.core.windows.net/live/2025/07/269865_MLDL_AR_2025_Final.pdf""]",2026-08-30,B,preserved_source_assertion
ast-731e203b82e9,org-mahindra-lifespaces-55a7354,Mahindra Lifespaces,cohort_or_ecosystem,Mahindra Group,operator_coverage_additions.csv,"[""https://cms.mahindralifespaces.com/web/node/4161"",""https://mahindralifespaces.com/"",""https://mahindralifespaces.com/investor-center?category=annual-reports"",""https://mldlprodstorage.blob.core.windows.net/live/2025/07/269865_MLDL_AR_2025_Final.pdf""]",2026-08-30,B,preserved_source_assertion
ast-7e3f3f0dd527,org-mahindra-lifespaces-55a7354,Mahindra Lifespaces,entity_type,developer and integrated-cities platform,operator_coverage_additions.csv,"[""https://cms.mahindralifespaces.com/web/node/4161"",""https://mahindralifespaces.com/"",""https://mahindralifespaces.com/investor-center?category=annual-reports"",""https://mldlprodstorage.blob.core.windows.net/live/2025/07/269865_MLDL_AR_2025_Final.pdf""]",2026-08-30,B,preserved_source_assertion
ast-85cd20441791,org-mahindra-lifespaces-55a7354,Mahindra Lifespaces,evidence_grade,B,operator_coverage_additions.csv,"[""https://cms.mahindralifespaces.com/web/node/4161"",""https://mahindralifespaces.com/"",""https://mahindralifespaces.com/investor-center?category=annual-reports"",""https://mldlprodstorage.blob.core.windows.net/live/2025/07/269865_MLDL_AR_2025_Final.pdf""]",2026-08-30,B,preserved_source_assertion
ast-59d1662889db,org-mahindra-lifespaces-55a7354,Mahindra Lifespaces,founding_year,1994,operator_coverage_additions.csv,"[""https://cms.mahindralifespaces.com/web/node/4161"",""https://mahindralifespaces.com/"",""https://mahindralifespaces.com/investor-center?category=annual-reports"",""https://mldlprodstorage.blob.core.windows.net/live/2025/07/269865_MLDL_AR_2025_Final.pdf""]",2026-08-30,B,preserved_source_assertion
ast-217b424fe140,org-mahindra-lifespaces-55a7354,Mahindra Lifespaces,hq_country,India,operator_coverage_additions.csv,"[""https://cms.mahindralifespaces.com/web/node/4161"",""https://mahindralifespaces.com/"",""https://mahindralifespaces.com/investor-center?category=annual-reports"",""https://mldlprodstorage.blob.core.windows.net/live/2025/07/269865_MLDL_AR_2025_Final.pdf""]",2026-08-30,B,preserved_source_assertion
ast-ed7621c79e13,org-mahindra-lifespaces-55a7354,Mahindra Lifespaces,maturity,growth platform,operator_coverage_additions.csv,"[""https://cms.mahindralifespaces.com/web/node/4161"",""https://mahindralifespaces.com/"",""https://mahindralifespaces.com/investor-center?category=annual-reports"",""https://mldlprodstorage.blob.core.windows.net/live/2025/07/269865_MLDL_AR_2025_Final.pdf""]",2026-08-30,B,preserved_source_assertion
ast-96eb124c6575,org-mahindra-lifespaces-55a7354,Mahindra Lifespaces,primary_lifecycle,L/D/C/H/O/E,operator_coverage_additions.csv,"[""https://cms.mahindralifespaces.com/web/node/4161"",""https://mahindralifespaces.com/"",""https://mahindralifespaces.com/investor-center?category=annual-reports"",""https://mldlprodstorage.blob.core.windows.net/live/2025/07/269865_MLDL_AR_2025_Final.pdf""]",2026-08-30,B,preserved_source_assertion
ast-5e39dcb27ccf,org-mahindra-lifespaces-55a7354,Mahindra Lifespaces,relevance_tier,B,operator_coverage_additions.csv,"[""https://cms.mahindralifespaces.com/web/node/4161"",""https://mahindralifespaces.com/"",""https://mahindralifespaces.com/investor-center?category=annual-reports"",""https://mldlprodstorage.blob.core.windows.net/live/2025/07/269865_MLDL_AR_2025_Final.pdf""]",2026-08-30,B,preserved_source_assertion
ast-46f7f3029910,org-mahindra-lifespaces-55a7354,Mahindra Lifespaces,secondary_lifecycle,E,operator_coverage_additions.csv,"[""https://cms.mahindralifespaces.com/web/node/4161"",""https://mahindralifespaces.com/"",""https://mahindralifespaces.com/investor-center?category=annual-reports"",""https://mldlprodstorage.blob.core.windows.net/live/2025/07/269865_MLDL_AR_2025_Final.pdf""]",2026-08-30,B,preserved_source_assertion
ast-598a780d05da,org-mahindra-lifespaces-55a7354,Mahindra Lifespaces,status,active,operator_coverage_additions.csv,"[""https://cms.mahindralifespaces.com/web/node/4161"",""https://mahindralifespaces.com/"",""https://mahindralifespaces.com/investor-center?category=annual-reports"",""https://mldlprodstorage.blob.core.windows.net/live/2025/07/269865_MLDL_AR_2025_Final.pdf""]",2026-08-30,B,preserved_source_assertion
ast-b0f52d2fe24d,org-mahindra-lifespaces-55a7354,Mahindra Lifespaces,status_as_of,2026-08-30,operator_coverage_additions.csv,"[""https://cms.mahindralifespaces.com/web/node/4161"",""https://mahindralifespaces.com/"",""https://mahindralifespaces.com/investor-center?category=annual-reports"",""https://mldlprodstorage.blob.core.windows.net/live/2025/07/269865_MLDL_AR_2025_Final.pdf""]",2026-08-30,B,preserved_source_assertion
ast-8ea4cf3524a6,org-majid-al-futtaim-0b14d94,Majid Al Futtaim,business_model,"development, asset management, retail, loyalty, quick commerce, AI-enabled media and entertainment",operator_coverage_additions.csv,"[""https://majidalfuttaim.com/"",""https://majidalfuttaim.com/docs/default-source/reports/majid-alfuttaim-holding-consolidated-fs-2025.pdf?sfvrsn=aa95b9a_3"",""https://majidalfuttaim.com/en/investor-relations/financial-summary"",""https://majidalfuttaim.com/en/media-centre/press-releases/detail/2025/09/strategic-investments--digital-scale-drive-majid-al-futtaims-solid-h1-2025-results""]",2026-08-30,A,preserved_source_assertion
ast-f625c434ea8f,org-majid-al-futtaim-0b14d94,Majid Al Futtaim,canonical_url,https://www.majidalfuttaim.com/,operator_coverage_additions.csv,"[""https://majidalfuttaim.com/"",""https://majidalfuttaim.com/docs/default-source/reports/majid-alfuttaim-holding-consolidated-fs-2025.pdf?sfvrsn=aa95b9a_3"",""https://majidalfuttaim.com/en/investor-relations/financial-summary"",""https://majidalfuttaim.com/en/media-centre/press-releases/detail/2025/09/strategic-investments--digital-scale-drive-majid-al-futtaims-solid-h1-2025-results""]",2026-08-30,A,preserved_source_assertion
ast-285afaea381a,org-majid-al-futtaim-0b14d94,Majid Al Futtaim,category,"MENA integrated developer, mall/hotel/entertainment owner and digital ecosystem",operator_coverage_additions.csv,"[""https://majidalfuttaim.com/"",""https://majidalfuttaim.com/docs/default-source/reports/majid-alfuttaim-holding-consolidated-fs-2025.pdf?sfvrsn=aa95b9a_3"",""https://majidalfuttaim.com/en/investor-relations/financial-summary"",""https://majidalfuttaim.com/en/media-centre/press-releases/detail/2025/09/strategic-investments--digital-scale-drive-majid-al-futtaims-solid-h1-2025-results""]",2026-08-30,A,preserved_source_assertion
ast-b427d5b797f0,org-majid-al-futtaim-0b14d94,Majid Al Futtaim,cohort_or_ecosystem,Independent; MAF Properties and MAF Technology relationships,operator_coverage_additions.csv,"[""https://majidalfuttaim.com/"",""https://majidalfuttaim.com/docs/default-source/reports/majid-alfuttaim-holding-consolidated-fs-2025.pdf?sfvrsn=aa95b9a_3"",""https://majidalfuttaim.com/en/investor-relations/financial-summary"",""https://majidalfuttaim.com/en/media-centre/press-releases/detail/2025/09/strategic-investments--digital-scale-drive-majid-al-futtaims-solid-h1-2025-results""]",2026-08-30,A,preserved_source_assertion
ast-cc8e2457a7c5,org-majid-al-futtaim-0b14d94,Majid Al Futtaim,entity_type,integrated owner/operator and digital-retail platform,operator_coverage_additions.csv,"[""https://majidalfuttaim.com/"",""https://majidalfuttaim.com/docs/default-source/reports/majid-alfuttaim-holding-consolidated-fs-2025.pdf?sfvrsn=aa95b9a_3"",""https://majidalfuttaim.com/en/investor-relations/financial-summary"",""https://majidalfuttaim.com/en/media-centre/press-releases/detail/2025/09/strategic-investments--digital-scale-drive-majid-al-futtaims-solid-h1-2025-results""]",2026-08-30,A,preserved_source_assertion
ast-b7fc1a810cc8,org-majid-al-futtaim-0b14d94,Majid Al Futtaim,evidence_grade,A,operator_coverage_additions.csv,"[""https://majidalfuttaim.com/"",""https://majidalfuttaim.com/docs/default-source/reports/majid-alfuttaim-holding-consolidated-fs-2025.pdf?sfvrsn=aa95b9a_3"",""https://majidalfuttaim.com/en/investor-relations/financial-summary"",""https://majidalfuttaim.com/en/media-centre/press-releases/detail/2025/09/strategic-investments--digital-scale-drive-majid-al-futtaims-solid-h1-2025-results""]",2026-08-30,A,preserved_source_assertion
ast-3a4ed6a56ae1,org-majid-al-futtaim-0b14d94,Majid Al Futtaim,founding_year,1992,operator_coverage_additions.csv,"[""https://majidalfuttaim.com/"",""https://majidalfuttaim.com/docs/default-source/reports/majid-alfuttaim-holding-consolidated-fs-2025.pdf?sfvrsn=aa95b9a_3"",""https://majidalfuttaim.com/en/investor-relations/financial-summary"",""https://majidalfuttaim.com/en/media-centre/press-releases/detail/2025/09/strategic-investments--digital-scale-drive-majid-al-futtaims-solid-h1-2025-results""]",2026-08-30,A,preserved_source_assertion
ast-abf4eafb1da2,org-majid-al-futtaim-0b14d94,Majid Al Futtaim,hq_country,United Arab Emirates,operator_coverage_additions.csv,"[""https://majidalfuttaim.com/"",""https://majidalfuttaim.com/docs/default-source/reports/majid-alfuttaim-holding-consolidated-fs-2025.pdf?sfvrsn=aa95b9a_3"",""https://majidalfuttaim.com/en/investor-relations/financial-summary"",""https://majidalfuttaim.com/en/media-centre/press-releases/detail/2025/09/strategic-investments--digital-scale-drive-majid-al-futtaims-solid-h1-2025-results""]",2026-08-30,A,preserved_source_assertion
ast-670bbfc57fe9,org-majid-al-futtaim-0b14d94,Majid Al Futtaim,maturity,scale platform,operator_coverage_additions.csv,"[""https://majidalfuttaim.com/"",""https://majidalfuttaim.com/docs/default-source/reports/majid-alfuttaim-holding-consolidated-fs-2025.pdf?sfvrsn=aa95b9a_3"",""https://majidalfuttaim.com/en/investor-relations/financial-summary"",""https://majidalfuttaim.com/en/media-centre/press-releases/detail/2025/09/strategic-investments--digital-scale-drive-majid-al-futtaims-solid-h1-2025-results""]",2026-08-30,A,preserved_source_assertion
ast-27dd84df5a56,org-majid-al-futtaim-0b14d94,Majid Al Futtaim,primary_lifecycle,L/S/H/O/E/F,operator_coverage_additions.csv,"[""https://majidalfuttaim.com/"",""https://majidalfuttaim.com/docs/default-source/reports/majid-alfuttaim-holding-consolidated-fs-2025.pdf?sfvrsn=aa95b9a_3"",""https://majidalfuttaim.com/en/investor-relations/financial-summary"",""https://majidalfuttaim.com/en/media-centre/press-releases/detail/2025/09/strategic-investments--digital-scale-drive-majid-al-futtaims-solid-h1-2025-results""]",2026-08-30,A,preserved_source_assertion
ast-0f54ca332ce1,org-majid-al-futtaim-0b14d94,Majid Al Futtaim,relevance_tier,A,operator_coverage_additions.csv,"[""https://majidalfuttaim.com/"",""https://majidalfuttaim.com/docs/default-source/reports/majid-alfuttaim-holding-consolidated-fs-2025.pdf?sfvrsn=aa95b9a_3"",""https://majidalfuttaim.com/en/investor-relations/financial-summary"",""https://majidalfuttaim.com/en/media-centre/press-releases/detail/2025/09/strategic-investments--digital-scale-drive-majid-al-futtaims-solid-h1-2025-results""]",2026-08-30,A,preserved_source_assertion
ast-366c1ca2e8df,org-majid-al-futtaim-0b14d94,Majid Al Futtaim,secondary_lifecycle,F,operator_coverage_additions.csv,"[""https://majidalfuttaim.com/"",""https://majidalfuttaim.com/docs/default-source/reports/majid-alfuttaim-holding-consolidated-fs-2025.pdf?sfvrsn=aa95b9a_3"",""https://majidalfuttaim.com/en/investor-relations/financial-summary"",""https://majidalfuttaim.com/en/media-centre/press-releases/detail/2025/09/strategic-investments--digital-scale-drive-majid-al-futtaims-solid-h1-2025-results""]",2026-08-30,A,preserved_source_assertion
ast-eda019e2e2b4,org-majid-al-futtaim-0b14d94,Majid Al Futtaim,status,active,operator_coverage_additions.csv,"[""https://majidalfuttaim.com/"",""https://majidalfuttaim.com/docs/default-source/reports/majid-alfuttaim-holding-consolidated-fs-2025.pdf?sfvrsn=aa95b9a_3"",""https://majidalfuttaim.com/en/investor-relations/financial-summary"",""https://majidalfuttaim.com/en/media-centre/press-releases/detail/2025/09/strategic-investments--digital-scale-drive-majid-al-futtaims-solid-h1-2025-results""]",2026-08-30,A,preserved_source_assertion
ast-67dec85d3cd4,org-majid-al-futtaim-0b14d94,Majid Al Futtaim,status_as_of,2026-08-30,operator_coverage_additions.csv,"[""https://majidalfuttaim.com/"",""https://majidalfuttaim.com/docs/default-source/reports/majid-alfuttaim-holding-consolidated-fs-2025.pdf?sfvrsn=aa95b9a_3"",""https://majidalfuttaim.com/en/investor-relations/financial-summary"",""https://majidalfuttaim.com/en/media-centre/press-releases/detail/2025/09/strategic-investments--digital-scale-drive-majid-al-futtaims-solid-h1-2025-results""]",2026-08-30,A,preserved_source_assertion
ast-1072c3686327,org-mapletree-38e8d9a,Mapletree,canonical_url,https://www.mapletree.com.sg/,global_real_estate_pioneers_agent.csv,"[""https://mapletree.com.sg/""]",2026-08-30,C,preserved_source_assertion
ast-82aa420c6efb,org-mapletree-38e8d9a,Mapletree,entity_type,developer owner operator,global_real_estate_pioneers_agent.csv,"[""https://mapletree.com.sg/""]",2026-08-30,C,preserved_source_assertion
ast-4e5551d0cb90,org-mapletree-38e8d9a,Mapletree,evidence_grade,C,global_real_estate_pioneers_agent.csv,"[""https://mapletree.com.sg/""]",2026-08-30,C,preserved_source_assertion
ast-54f97530b1b1,org-mapletree-38e8d9a,Mapletree,hq_country,Singapore,global_real_estate_pioneers_agent.csv,"[""https://mapletree.com.sg/""]",2026-08-30,C,preserved_source_assertion
ast-f23af2647981,org-mapletree-38e8d9a,Mapletree,primary_lifecycle,L/O/E,global_real_estate_pioneers_agent.csv,"[""https://mapletree.com.sg/""]",2026-08-30,C,preserved_source_assertion
ast-5d9277e3f1b7,org-mapletree-38e8d9a,Mapletree,relevance_tier,B,global_real_estate_pioneers_agent.csv,"[""https://mapletree.com.sg/""]",2026-08-30,C,preserved_source_assertion
ast-e76fc6cf45eb,org-mapletree-38e8d9a,Mapletree,status,active,global_real_estate_pioneers_agent.csv,"[""https://mapletree.com.sg/""]",2026-08-30,C,preserved_source_assertion
ast-d459594ad47a,org-marriott-international-a8d5e3d,Marriott International,business_model,"property management, reservations, loyalty, digital guest/owner systems and AI enablement",operator_coverage_additions.csv,"[""https://marriott.com/"",""https://marriott.gcs-web.com/annual"",""https://marriott.gcs-web.com/static-files/b82978a6-9d28-4e38-9855-fc4ae2cebe11"",""https://sec.gov/Archives/edgar/data/1048286/000104828626000007/mar-20251231.htm""]",2026-08-30,A,preserved_source_assertion
ast-c1f6eefaf79e,org-marriott-international-a8d5e3d,Marriott International,canonical_url,https://www.marriott.com/,operator_coverage_additions.csv,"[""https://marriott.com/"",""https://marriott.gcs-web.com/annual"",""https://marriott.gcs-web.com/static-files/b82978a6-9d28-4e38-9855-fc4ae2cebe11"",""https://sec.gov/Archives/edgar/data/1048286/000104828626000007/mar-20251231.htm""]",2026-08-30,A,preserved_source_assertion
ast-7407470ef6cf,org-marriott-international-a8d5e3d,Marriott International,category,global hospitality platform and owner-facing operator,operator_coverage_additions.csv,"[""https://marriott.com/"",""https://marriott.gcs-web.com/annual"",""https://marriott.gcs-web.com/static-files/b82978a6-9d28-4e38-9855-fc4ae2cebe11"",""https://sec.gov/Archives/edgar/data/1048286/000104828626000007/mar-20251231.htm""]",2026-08-30,A,preserved_source_assertion
ast-49842204840e,org-marriott-international-a8d5e3d,Marriott International,cohort_or_ecosystem,Independent,operator_coverage_additions.csv,"[""https://marriott.com/"",""https://marriott.gcs-web.com/annual"",""https://marriott.gcs-web.com/static-files/b82978a6-9d28-4e38-9855-fc4ae2cebe11"",""https://sec.gov/Archives/edgar/data/1048286/000104828626000007/mar-20251231.htm""]",2026-08-30,A,preserved_source_assertion
ast-5c7519afa67c,org-marriott-international-a8d5e3d,Marriott International,entity_type,"asset-light hotel brand, reservation and loyalty platform",operator_coverage_additions.csv,"[""https://marriott.com/"",""https://marriott.gcs-web.com/annual"",""https://marriott.gcs-web.com/static-files/b82978a6-9d28-4e38-9855-fc4ae2cebe11"",""https://sec.gov/Archives/edgar/data/1048286/000104828626000007/mar-20251231.htm""]",2026-08-30,A,preserved_source_assertion
ast-8ae5ab9d5144,org-marriott-international-a8d5e3d,Marriott International,evidence_grade,A,operator_coverage_additions.csv,"[""https://marriott.com/"",""https://marriott.gcs-web.com/annual"",""https://marriott.gcs-web.com/static-files/b82978a6-9d28-4e38-9855-fc4ae2cebe11"",""https://sec.gov/Archives/edgar/data/1048286/000104828626000007/mar-20251231.htm""]",2026-08-30,A,preserved_source_assertion
ast-0ef77dccb407,org-marriott-international-a8d5e3d,Marriott International,founding_year,1927,operator_coverage_additions.csv,"[""https://marriott.com/"",""https://marriott.gcs-web.com/annual"",""https://marriott.gcs-web.com/static-files/b82978a6-9d28-4e38-9855-fc4ae2cebe11"",""https://sec.gov/Archives/edgar/data/1048286/000104828626000007/mar-20251231.htm""]",2026-08-30,A,preserved_source_assertion
ast-1b02e595197c,org-marriott-international-a8d5e3d,Marriott International,hq_country,United States,operator_coverage_additions.csv,"[""https://marriott.com/"",""https://marriott.gcs-web.com/annual"",""https://marriott.gcs-web.com/static-files/b82978a6-9d28-4e38-9855-fc4ae2cebe11"",""https://sec.gov/Archives/edgar/data/1048286/000104828626000007/mar-20251231.htm""]",2026-08-30,A,preserved_source_assertion
ast-44680af732da,org-marriott-international-a8d5e3d,Marriott International,maturity,scale platform,operator_coverage_additions.csv,"[""https://marriott.com/"",""https://marriott.gcs-web.com/annual"",""https://marriott.gcs-web.com/static-files/b82978a6-9d28-4e38-9855-fc4ae2cebe11"",""https://sec.gov/Archives/edgar/data/1048286/000104828626000007/mar-20251231.htm""]",2026-08-30,A,preserved_source_assertion
ast-f6982aaa3969,org-marriott-international-a8d5e3d,Marriott International,primary_lifecycle,D/C/H/O/F,operator_coverage_additions.csv,"[""https://marriott.com/"",""https://marriott.gcs-web.com/annual"",""https://marriott.gcs-web.com/static-files/b82978a6-9d28-4e38-9855-fc4ae2cebe11"",""https://sec.gov/Archives/edgar/data/1048286/000104828626000007/mar-20251231.htm""]",2026-08-30,A,preserved_source_assertion
ast-0c1427f53a76,org-marriott-international-a8d5e3d,Marriott International,relevance_tier,A,operator_coverage_additions.csv,"[""https://marriott.com/"",""https://marriott.gcs-web.com/annual"",""https://marriott.gcs-web.com/static-files/b82978a6-9d28-4e38-9855-fc4ae2cebe11"",""https://sec.gov/Archives/edgar/data/1048286/000104828626000007/mar-20251231.htm""]",2026-08-30,A,preserved_source_assertion
ast-abad3b50fb25,org-marriott-international-a8d5e3d,Marriott International,secondary_lifecycle,F,operator_coverage_additions.csv,"[""https://marriott.com/"",""https://marriott.gcs-web.com/annual"",""https://marriott.gcs-web.com/static-files/b82978a6-9d28-4e38-9855-fc4ae2cebe11"",""https://sec.gov/Archives/edgar/data/1048286/000104828626000007/mar-20251231.htm""]",2026-08-30,A,preserved_source_assertion
ast-42561e20300a,org-marriott-international-a8d5e3d,Marriott International,status,active,operator_coverage_additions.csv,"[""https://marriott.com/"",""https://marriott.gcs-web.com/annual"",""https://marriott.gcs-web.com/static-files/b82978a6-9d28-4e38-9855-fc4ae2cebe11"",""https://sec.gov/Archives/edgar/data/1048286/000104828626000007/mar-20251231.htm""]",2026-08-30,A,preserved_source_assertion
ast-6eea94fcf2fb,org-marriott-international-a8d5e3d,Marriott International,status_as_of,2026-08-30,operator_coverage_additions.csv,"[""https://marriott.com/"",""https://marriott.gcs-web.com/annual"",""https://marriott.gcs-web.com/static-files/b82978a6-9d28-4e38-9855-fc4ae2cebe11"",""https://sec.gov/Archives/edgar/data/1048286/000104828626000007/mar-20251231.htm""]",2026-08-30,A,preserved_source_assertion
ast-dd3c4eab779d,org-masdar-city-eee2e48,Masdar City,canonical_url,https://www.mubadala.com/en/what-we-do/masdar-city,global_real_estate_pioneers_agent.csv,"[""https://masdar.ae/en/news/newsroom/tech-park-at-masdar-city-to-position-abu-dhabi-as-an-innovation-hub-for-start-ups"",""https://mubadala.com/en/what-we-do/masdar-city""]",2026-08-30,B,preserved_source_assertion
ast-81f8fc94459f,org-masdar-city-eee2e48,Masdar City,entity_type,smart sustainable urban development,global_real_estate_pioneers_agent.csv,"[""https://masdar.ae/en/news/newsroom/tech-park-at-masdar-city-to-position-abu-dhabi-as-an-innovation-hub-for-start-ups"",""https://mubadala.com/en/what-we-do/masdar-city""]",2026-08-30,B,preserved_source_assertion
ast-4d5e378542ce,org-masdar-city-eee2e48,Masdar City,evidence_grade,B,global_real_estate_pioneers_agent.csv,"[""https://masdar.ae/en/news/newsroom/tech-park-at-masdar-city-to-position-abu-dhabi-as-an-innovation-hub-for-start-ups"",""https://mubadala.com/en/what-we-do/masdar-city""]",2026-08-30,B,preserved_source_assertion
ast-74e9f0896989,org-masdar-city-eee2e48,Masdar City,hq_country,United Arab Emirates,global_real_estate_pioneers_agent.csv,"[""https://masdar.ae/en/news/newsroom/tech-park-at-masdar-city-to-position-abu-dhabi-as-an-innovation-hub-for-start-ups"",""https://mubadala.com/en/what-we-do/masdar-city""]",2026-08-30,B,preserved_source_assertion
ast-d64abba467ee,org-masdar-city-eee2e48,Masdar City,primary_lifecycle,L/D/O/E,global_real_estate_pioneers_agent.csv,"[""https://masdar.ae/en/news/newsroom/tech-park-at-masdar-city-to-position-abu-dhabi-as-an-innovation-hub-for-start-ups"",""https://mubadala.com/en/what-we-do/masdar-city""]",2026-08-30,B,preserved_source_assertion
ast-786304b3476d,org-masdar-city-eee2e48,Masdar City,relevance_tier,B,global_real_estate_pioneers_agent.csv,"[""https://masdar.ae/en/news/newsroom/tech-park-at-masdar-city-to-position-abu-dhabi-as-an-innovation-hub-for-start-ups"",""https://mubadala.com/en/what-we-do/masdar-city""]",2026-08-30,B,preserved_source_assertion
ast-e1bf8dc665f4,org-masdar-city-eee2e48,Masdar City,status,active,global_real_estate_pioneers_agent.csv,"[""https://masdar.ae/en/news/newsroom/tech-park-at-masdar-city-to-position-abu-dhabi-as-an-innovation-hub-for-start-ups"",""https://mubadala.com/en/what-we-do/masdar-city""]",2026-08-30,B,preserved_source_assertion
ast-4e786ce963fd,org-material-depot-494da72,Material Depot,business_model,marketplace and direct commerce,coverage_gap_additions.csv,"[""https://ycombinator.com/companies/material-depot""]",2026-08-30,A,preserved_source_assertion
ast-0ce3c6e882d5,org-material-depot-494da72,Material Depot,canonical_url,https://www.ycombinator.com/companies/material-depot,coverage_gap_additions.csv,"[""https://ycombinator.com/companies/material-depot""]",2026-08-30,A,preserved_source_assertion
ast-1ff754fd0d9c,org-material-depot-494da72,Material Depot,category,interior-material marketplace and supply chain,coverage_gap_additions.csv,"[""https://ycombinator.com/companies/material-depot""]",2026-08-30,A,preserved_source_assertion
ast-c6e14577cc18,org-material-depot-494da72,Material Depot,cohort_or_ecosystem,Y Combinator W2022,coverage_gap_additions.csv,"[""https://ycombinator.com/companies/material-depot""]",2026-08-30,A,preserved_source_assertion
ast-691e25682efb,org-material-depot-494da72,Material Depot,entity_type,private startup,coverage_gap_additions.csv,"[""https://ycombinator.com/companies/material-depot""]",2026-08-30,A,preserved_source_assertion
ast-4b5397294db3,org-material-depot-494da72,Material Depot,evidence_grade,A,coverage_gap_additions.csv,"[""https://ycombinator.com/companies/material-depot""]",2026-08-30,A,preserved_source_assertion
ast-6643f80c4c7c,org-material-depot-494da72,Material Depot,founding_year,2022,coverage_gap_additions.csv,"[""https://ycombinator.com/companies/material-depot""]",2026-08-30,A,preserved_source_assertion
ast-a7d4ce36f71c,org-material-depot-494da72,Material Depot,hq_country,India,coverage_gap_additions.csv,"[""https://ycombinator.com/companies/material-depot""]",2026-08-30,A,preserved_source_assertion
ast-89c910b7058d,org-material-depot-494da72,Material Depot,maturity,scaleup,coverage_gap_additions.csv,"[""https://ycombinator.com/companies/material-depot""]",2026-08-30,A,preserved_source_assertion
ast-4af17d2330fd,org-material-depot-494da72,Material Depot,primary_lifecycle,L5 Construction,coverage_gap_additions.csv,"[""https://ycombinator.com/companies/material-depot""]",2026-08-30,A,preserved_source_assertion
ast-b9d1ac273aee,org-material-depot-494da72,Material Depot,relevance_tier,B,coverage_gap_additions.csv,"[""https://ycombinator.com/companies/material-depot""]",2026-08-30,A,preserved_source_assertion
ast-6a13d3e6751b,org-material-depot-494da72,Material Depot,secondary_lifecycle,L11 Handover/end-of-life,coverage_gap_additions.csv,"[""https://ycombinator.com/companies/material-depot""]",2026-08-30,A,preserved_source_assertion
ast-8dcba1a21fc4,org-material-depot-494da72,Material Depot,status,active,coverage_gap_additions.csv,"[""https://ycombinator.com/companies/material-depot""]",2026-08-30,A,preserved_source_assertion
ast-12a5931f4c51,org-material-depot-494da72,Material Depot,status_as_of,2026-08-30,coverage_gap_additions.csv,"[""https://ycombinator.com/companies/material-depot""]",2026-08-30,A,preserved_source_assertion
ast-a828e7ad0794,org-matterport-6ed468a,Matterport,business_model,Hardware plus SaaS,proptech_startups_agent.csv,"[""https://costargroup.com/"",""https://matterport.com/""]",2026-08-30,A,preserved_source_assertion
ast-42aaca4340f8,org-matterport-6ed468a,Matterport,canonical_url,https://matterport.com/,global_real_estate_pioneers_agent.csv,"[""https://matterport.com/"",""https://static.matterport.com/mp_cms/media/filer_public/4f/bf/4fbfdb3a-4e41-494c-b3ab-e45ab1f81569/matterport_for_real_estate_-_script_updated.pdf""]",2026-08-30,B,preserved_source_assertion
ast-c65f3101aede,org-matterport-6ed468a,Matterport,canonical_url,https://matterport.com/,proptech_startups_agent.csv,"[""https://costargroup.com/"",""https://matterport.com/""]",2026-08-30,A,preserved_source_assertion
ast-644f71bd54c4,org-matterport-6ed468a,Matterport,category,3D capture digital twin,proptech_startups_agent.csv,"[""https://costargroup.com/"",""https://matterport.com/""]",2026-08-30,A,preserved_source_assertion
ast-f2c72414c4ad,org-matterport-6ed468a,Matterport,cohort_or_ecosystem,CoStar,proptech_startups_agent.csv,"[""https://costargroup.com/"",""https://matterport.com/""]",2026-08-30,A,preserved_source_assertion
ast-35733431c6c8,org-matterport-6ed468a,Matterport,entity_type,Subsidiary,proptech_startups_agent.csv,"[""https://costargroup.com/"",""https://matterport.com/""]",2026-08-30,A,preserved_source_assertion
ast-6628f75111dc,org-matterport-6ed468a,Matterport,entity_type,spatial capture digital twin software,global_real_estate_pioneers_agent.csv,"[""https://matterport.com/"",""https://static.matterport.com/mp_cms/media/filer_public/4f/bf/4fbfdb3a-4e41-494c-b3ab-e45ab1f81569/matterport_for_real_estate_-_script_updated.pdf""]",2026-08-30,B,preserved_source_assertion
ast-2cf2f69e312f,org-matterport-6ed468a,Matterport,evidence_grade,A,proptech_startups_agent.csv,"[""https://costargroup.com/"",""https://matterport.com/""]",2026-08-30,A,preserved_source_assertion
ast-32dc51f8bdfc,org-matterport-6ed468a,Matterport,evidence_grade,B,global_real_estate_pioneers_agent.csv,"[""https://matterport.com/"",""https://static.matterport.com/mp_cms/media/filer_public/4f/bf/4fbfdb3a-4e41-494c-b3ab-e45ab1f81569/matterport_for_real_estate_-_script_updated.pdf""]",2026-08-30,B,preserved_source_assertion
ast-9a38ae980e50,org-matterport-6ed468a,Matterport,founding_year,2011,proptech_startups_agent.csv,"[""https://costargroup.com/"",""https://matterport.com/""]",2026-08-30,A,preserved_source_assertion
ast-0e3734295589,org-matterport-6ed468a,Matterport,hq_country,United States,proptech_startups_agent.csv,"[""https://costargroup.com/"",""https://matterport.com/""]",2026-08-30,A,preserved_source_assertion
ast-871403647d90,org-matterport-6ed468a,Matterport,hq_country,United States,global_real_estate_pioneers_agent.csv,"[""https://matterport.com/"",""https://static.matterport.com/mp_cms/media/filer_public/4f/bf/4fbfdb3a-4e41-494c-b3ab-e45ab1f81569/matterport_for_real_estate_-_script_updated.pdf""]",2026-08-30,B,preserved_source_assertion
ast-fbf04d1fc098,org-matterport-6ed468a,Matterport,maturity,Public,proptech_startups_agent.csv,"[""https://costargroup.com/"",""https://matterport.com/""]",2026-08-30,A,preserved_source_assertion
ast-52bf8488a032,org-matterport-6ed468a,Matterport,primary_lifecycle,Sales,proptech_startups_agent.csv,"[""https://costargroup.com/"",""https://matterport.com/""]",2026-08-30,A,preserved_source_assertion
ast-84468bb4cd37,org-matterport-6ed468a,Matterport,primary_lifecycle,D/S/O,global_real_estate_pioneers_agent.csv,"[""https://matterport.com/"",""https://static.matterport.com/mp_cms/media/filer_public/4f/bf/4fbfdb3a-4e41-494c-b3ab-e45ab1f81569/matterport_for_real_estate_-_script_updated.pdf""]",2026-08-30,B,preserved_source_assertion
ast-09dbb0f7d417,org-matterport-6ed468a,Matterport,relevance_tier,A,proptech_startups_agent.csv,"[""https://costargroup.com/"",""https://matterport.com/""]",2026-08-30,A,preserved_source_assertion
ast-58d5b2c3e2cb,org-matterport-6ed468a,Matterport,relevance_tier,B,global_real_estate_pioneers_agent.csv,"[""https://matterport.com/"",""https://static.matterport.com/mp_cms/media/filer_public/4f/bf/4fbfdb3a-4e41-494c-b3ab-e45ab1f81569/matterport_for_real_estate_-_script_updated.pdf""]",2026-08-30,B,preserved_source_assertion
ast-a9b187009a83,org-matterport-6ed468a,Matterport,secondary_lifecycle,Design,proptech_startups_agent.csv,"[""https://costargroup.com/"",""https://matterport.com/""]",2026-08-30,A,preserved_source_assertion
ast-99e6c128179b,org-matterport-6ed468a,Matterport,status,active,global_real_estate_pioneers_agent.csv,"[""https://matterport.com/"",""https://static.matterport.com/mp_cms/media/filer_public/4f/bf/4fbfdb3a-4e41-494c-b3ab-e45ab1f81569/matterport_for_real_estate_-_script_updated.pdf""]",2026-08-30,B,preserved_source_assertion
ast-a2aa637d4ed3,org-matterport-6ed468a,Matterport,status,Acquired/subsidiary,proptech_startups_agent.csv,"[""https://costargroup.com/"",""https://matterport.com/""]",2026-08-30,A,preserved_source_assertion
ast-37ff10f9cb90,org-matterport-6ed468a,Matterport,status_as_of,2026-08-30,proptech_startups_agent.csv,"[""https://costargroup.com/"",""https://matterport.com/""]",2026-08-30,A,preserved_source_assertion
ast-e45ea330c1b9,org-maxhome-ai-e6888c9,MaxHome.ai,business_model,AI SaaS,proptech_startups_agent.csv,"[""https://nar-reach.com/second-century-ventures-announces-6-technology-companies-for-2026-reach-scale-up-program""]",2026-08-30,A,preserved_source_assertion
ast-9efb99dd2e38,org-maxhome-ai-e6888c9,MaxHome.ai,canonical_url,https://www.nar-reach.com/second-century-ventures-announces-6-technology-companies-for-2026-reach-scale-up-program,proptech_startups_agent.csv,"[""https://nar-reach.com/second-century-ventures-announces-6-technology-companies-for-2026-reach-scale-up-program""]",2026-08-30,A,preserved_source_assertion
ast-c1df7e01b195,org-maxhome-ai-e6888c9,MaxHome.ai,category,Transaction intelligence,proptech_startups_agent.csv,"[""https://nar-reach.com/second-century-ventures-announces-6-technology-companies-for-2026-reach-scale-up-program""]",2026-08-30,A,preserved_source_assertion
ast-f988b5ac1b7e,org-maxhome-ai-e6888c9,MaxHome.ai,cohort_or_ecosystem,NAR REACH US Residential 2026,proptech_startups_agent.csv,"[""https://nar-reach.com/second-century-ventures-announces-6-technology-companies-for-2026-reach-scale-up-program""]",2026-08-30,A,preserved_source_assertion
ast-24d084e12a00,org-maxhome-ai-e6888c9,MaxHome.ai,entity_type,Company,proptech_startups_agent.csv,"[""https://nar-reach.com/second-century-ventures-announces-6-technology-companies-for-2026-reach-scale-up-program""]",2026-08-30,A,preserved_source_assertion
ast-61e9f758bd8b,org-maxhome-ai-e6888c9,MaxHome.ai,evidence_grade,A,proptech_startups_agent.csv,"[""https://nar-reach.com/second-century-ventures-announces-6-technology-companies-for-2026-reach-scale-up-program""]",2026-08-30,A,preserved_source_assertion
ast-1eec55e07207,org-maxhome-ai-e6888c9,MaxHome.ai,founding_year,Unknown,proptech_startups_agent.csv,"[""https://nar-reach.com/second-century-ventures-announces-6-technology-companies-for-2026-reach-scale-up-program""]",2026-08-30,A,preserved_source_assertion
ast-76a748c9f6b4,org-maxhome-ai-e6888c9,MaxHome.ai,hq_country,United States,proptech_startups_agent.csv,"[""https://nar-reach.com/second-century-ventures-announces-6-technology-companies-for-2026-reach-scale-up-program""]",2026-08-30,A,preserved_source_assertion
ast-5576bc085859,org-maxhome-ai-e6888c9,MaxHome.ai,maturity,Early,proptech_startups_agent.csv,"[""https://nar-reach.com/second-century-ventures-announces-6-technology-companies-for-2026-reach-scale-up-program""]",2026-08-30,A,preserved_source_assertion
ast-969f9f8824de,org-maxhome-ai-e6888c9,MaxHome.ai,primary_lifecycle,Transaction,proptech_startups_agent.csv,"[""https://nar-reach.com/second-century-ventures-announces-6-technology-companies-for-2026-reach-scale-up-program""]",2026-08-30,A,preserved_source_assertion
ast-18247c15484b,org-maxhome-ai-e6888c9,MaxHome.ai,relevance_tier,B,proptech_startups_agent.csv,"[""https://nar-reach.com/second-century-ventures-announces-6-technology-companies-for-2026-reach-scale-up-program""]",2026-08-30,A,preserved_source_assertion
ast-8ffb10ca53bb,org-maxhome-ai-e6888c9,MaxHome.ai,secondary_lifecycle,Operations,proptech_startups_agent.csv,"[""https://nar-reach.com/second-century-ventures-announces-6-technology-companies-for-2026-reach-scale-up-program""]",2026-08-30,A,preserved_source_assertion
ast-5b3a3a375b0c,org-maxhome-ai-e6888c9,MaxHome.ai,status,Selected 2026 cohort,proptech_startups_agent.csv,"[""https://nar-reach.com/second-century-ventures-announces-6-technology-companies-for-2026-reach-scale-up-program""]",2026-08-30,A,preserved_source_assertion
ast-c110a81c9fae,org-maxhome-ai-e6888c9,MaxHome.ai,status_as_of,2026-08-30,proptech_startups_agent.csv,"[""https://nar-reach.com/second-century-ventures-announces-6-technology-companies-for-2026-reach-scale-up-program""]",2026-08-30,A,preserved_source_assertion
ast-f630210cbbac,org-measurabl-19110f1,Measurabl,business_model,SaaS,proptech_startups_agent.csv,"[""https://measurabl.com/"",""https://tarongagroup.com/realtechx""]",2026-08-30,A,preserved_source_assertion
ast-98cd396d236d,org-measurabl-19110f1,Measurabl,canonical_url,https://www.measurabl.com/,proptech_startups_agent.csv,"[""https://measurabl.com/"",""https://tarongagroup.com/realtechx""]",2026-08-30,A,preserved_source_assertion
ast-8877339a907b,org-measurabl-19110f1,Measurabl,category,ESG utility data,proptech_startups_agent.csv,"[""https://measurabl.com/"",""https://tarongagroup.com/realtechx""]",2026-08-30,A,preserved_source_assertion
ast-cd3fa9c2d6e8,org-measurabl-19110f1,Measurabl,cohort_or_ecosystem,Taronga RealTechX,proptech_startups_agent.csv,"[""https://measurabl.com/"",""https://tarongagroup.com/realtechx""]",2026-08-30,A,preserved_source_assertion
ast-b4d3d53ffb3a,org-measurabl-19110f1,Measurabl,entity_type,Company,proptech_startups_agent.csv,"[""https://measurabl.com/"",""https://tarongagroup.com/realtechx""]",2026-08-30,A,preserved_source_assertion
ast-9a394b03dde0,org-measurabl-19110f1,Measurabl,evidence_grade,A,proptech_startups_agent.csv,"[""https://measurabl.com/"",""https://tarongagroup.com/realtechx""]",2026-08-30,A,preserved_source_assertion
ast-e88345fe74af,org-measurabl-19110f1,Measurabl,founding_year,2013,proptech_startups_agent.csv,"[""https://measurabl.com/"",""https://tarongagroup.com/realtechx""]",2026-08-30,A,preserved_source_assertion
ast-eedecbd905cf,org-measurabl-19110f1,Measurabl,hq_country,United States,proptech_startups_agent.csv,"[""https://measurabl.com/"",""https://tarongagroup.com/realtechx""]",2026-08-30,A,preserved_source_assertion
ast-3c4c91a423d6,org-measurabl-19110f1,Measurabl,maturity,Scaleup,proptech_startups_agent.csv,"[""https://measurabl.com/"",""https://tarongagroup.com/realtechx""]",2026-08-30,A,preserved_source_assertion
ast-af8ea32976b2,org-measurabl-19110f1,Measurabl,primary_lifecycle,Climate,proptech_startups_agent.csv,"[""https://measurabl.com/"",""https://tarongagroup.com/realtechx""]",2026-08-30,A,preserved_source_assertion
ast-9c8e5daa8ef4,org-measurabl-19110f1,Measurabl,relevance_tier,A,proptech_startups_agent.csv,"[""https://measurabl.com/"",""https://tarongagroup.com/realtechx""]",2026-08-30,A,preserved_source_assertion
ast-7cfdd1751a47,org-measurabl-19110f1,Measurabl,secondary_lifecycle,Data,proptech_startups_agent.csv,"[""https://measurabl.com/"",""https://tarongagroup.com/realtechx""]",2026-08-30,A,preserved_source_assertion
ast-8c0b70bb9786,org-measurabl-19110f1,Measurabl,status,Active,proptech_startups_agent.csv,"[""https://measurabl.com/"",""https://tarongagroup.com/realtechx""]",2026-08-30,A,preserved_source_assertion
ast-ae7a236dea78,org-measurabl-19110f1,Measurabl,status_as_of,2026-08-30,proptech_startups_agent.csv,"[""https://measurabl.com/"",""https://tarongagroup.com/realtechx""]",2026-08-30,A,preserved_source_assertion
ast-1bceff9b7a2b,org-metaprop-portfolio-bda9b60,MetaProp portfolio,business_model,Portfolio,proptech_startups_agent.csv,"[""https://metaprop.com/"",""https://metaprop.com/portfolio""]",2026-08-30,A,preserved_source_assertion
ast-54aa438abfac,org-metaprop-portfolio-bda9b60,MetaProp portfolio,canonical_url,https://www.metaprop.com/portfolio,proptech_startups_agent.csv,"[""https://metaprop.com/"",""https://metaprop.com/portfolio""]",2026-08-30,A,preserved_source_assertion
ast-2d732f61b209,org-metaprop-portfolio-bda9b60,MetaProp portfolio,category,PropTech VC ecosystem index,proptech_startups_agent.csv,"[""https://metaprop.com/"",""https://metaprop.com/portfolio""]",2026-08-30,A,preserved_source_assertion
ast-da8903ff5799,org-metaprop-portfolio-bda9b60,MetaProp portfolio,cohort_or_ecosystem,MetaProp,proptech_startups_agent.csv,"[""https://metaprop.com/"",""https://metaprop.com/portfolio""]",2026-08-30,A,preserved_source_assertion
ast-6575d7a4dff9,org-metaprop-portfolio-bda9b60,MetaProp portfolio,entity_type,Investor,proptech_startups_agent.csv,"[""https://metaprop.com/"",""https://metaprop.com/portfolio""]",2026-08-30,A,preserved_source_assertion
ast-125377ea5c8f,org-metaprop-portfolio-bda9b60,MetaProp portfolio,evidence_grade,A,proptech_startups_agent.csv,"[""https://metaprop.com/"",""https://metaprop.com/portfolio""]",2026-08-30,A,preserved_source_assertion
ast-282f6f371b82,org-metaprop-portfolio-bda9b60,MetaProp portfolio,founding_year,2015,proptech_startups_agent.csv,"[""https://metaprop.com/"",""https://metaprop.com/portfolio""]",2026-08-30,A,preserved_source_assertion
ast-b7e53b49ff3f,org-metaprop-portfolio-bda9b60,MetaProp portfolio,hq_country,United States,proptech_startups_agent.csv,"[""https://metaprop.com/"",""https://metaprop.com/portfolio""]",2026-08-30,A,preserved_source_assertion
ast-ca0b77e1875a,org-metaprop-portfolio-bda9b60,MetaProp portfolio,maturity,Portfolio index,proptech_startups_agent.csv,"[""https://metaprop.com/"",""https://metaprop.com/portfolio""]",2026-08-30,A,preserved_source_assertion
ast-a48d39b5d588,org-metaprop-portfolio-bda9b60,MetaProp portfolio,primary_lifecycle,Data,proptech_startups_agent.csv,"[""https://metaprop.com/"",""https://metaprop.com/portfolio""]",2026-08-30,A,preserved_source_assertion
ast-7872e76f4d3d,org-metaprop-portfolio-bda9b60,MetaProp portfolio,relevance_tier,C,proptech_startups_agent.csv,"[""https://metaprop.com/"",""https://metaprop.com/portfolio""]",2026-08-30,A,preserved_source_assertion
ast-d39da2277efa,org-metaprop-portfolio-bda9b60,MetaProp portfolio,secondary_lifecycle,Finance,proptech_startups_agent.csv,"[""https://metaprop.com/"",""https://metaprop.com/portfolio""]",2026-08-30,A,preserved_source_assertion
ast-ed79de19575a,org-metaprop-portfolio-bda9b60,MetaProp portfolio,status,Active index,proptech_startups_agent.csv,"[""https://metaprop.com/"",""https://metaprop.com/portfolio""]",2026-08-30,A,preserved_source_assertion
ast-1ceefb11cf22,org-metaprop-portfolio-bda9b60,MetaProp portfolio,status_as_of,2026-08-30,proptech_startups_agent.csv,"[""https://metaprop.com/"",""https://metaprop.com/portfolio""]",2026-08-30,A,preserved_source_assertion
ast-d8727522289f,org-mirvac-df71b9e,Mirvac,canonical_url,https://www.mirvac.com/,global_real_estate_pioneers_agent.csv,"[""https://mirvac.com/""]",2026-08-30,C,preserved_source_assertion
ast-7fa62522989c,org-mirvac-df71b9e,Mirvac,entity_type,developer owner operator,global_real_estate_pioneers_agent.csv,"[""https://mirvac.com/""]",2026-08-30,C,preserved_source_assertion
ast-d4db798be7d5,org-mirvac-df71b9e,Mirvac,evidence_grade,C,global_real_estate_pioneers_agent.csv,"[""https://mirvac.com/""]",2026-08-30,C,preserved_source_assertion
ast-475f96dc455f,org-mirvac-df71b9e,Mirvac,hq_country,Australia,global_real_estate_pioneers_agent.csv,"[""https://mirvac.com/""]",2026-08-30,C,preserved_source_assertion
ast-04ffa579ecd1,org-mirvac-df71b9e,Mirvac,primary_lifecycle,L/D/H/O/E,global_real_estate_pioneers_agent.csv,"[""https://mirvac.com/""]",2026-08-30,C,preserved_source_assertion
ast-5d4ed114b0b1,org-mirvac-df71b9e,Mirvac,relevance_tier,B,global_real_estate_pioneers_agent.csv,"[""https://mirvac.com/""]",2026-08-30,C,preserved_source_assertion
ast-40873f281e4b,org-mirvac-df71b9e,Mirvac,status,active,global_real_estate_pioneers_agent.csv,"[""https://mirvac.com/""]",2026-08-30,C,preserved_source_assertion
ast-3d25b5ff8447,org-mitsubishi-estate-e9746be,Mitsubishi Estate,canonical_url,https://www.mec.co.jp/en/,global_real_estate_pioneers_agent.csv,"[""https://bricks-fundtokyo.com/"",""https://mec.co.jp/en""]",2026-08-30,B,preserved_source_assertion
ast-1b7aea929dd5,org-mitsubishi-estate-e9746be,Mitsubishi Estate,entity_type,developer owner operator,global_real_estate_pioneers_agent.csv,"[""https://bricks-fundtokyo.com/"",""https://mec.co.jp/en""]",2026-08-30,B,preserved_source_assertion
ast-64ad89f986ef,org-mitsubishi-estate-e9746be,Mitsubishi Estate,evidence_grade,B,global_real_estate_pioneers_agent.csv,"[""https://bricks-fundtokyo.com/"",""https://mec.co.jp/en""]",2026-08-30,B,preserved_source_assertion
ast-473d1d308349,org-mitsubishi-estate-e9746be,Mitsubishi Estate,hq_country,Japan,global_real_estate_pioneers_agent.csv,"[""https://bricks-fundtokyo.com/"",""https://mec.co.jp/en""]",2026-08-30,B,preserved_source_assertion
ast-cd610cbc717b,org-mitsubishi-estate-e9746be,Mitsubishi Estate,primary_lifecycle,L/H/O/E,global_real_estate_pioneers_agent.csv,"[""https://bricks-fundtokyo.com/"",""https://mec.co.jp/en""]",2026-08-30,B,preserved_source_assertion
ast-2c89cfd8c1e6,org-mitsubishi-estate-e9746be,Mitsubishi Estate,relevance_tier,B,global_real_estate_pioneers_agent.csv,"[""https://bricks-fundtokyo.com/"",""https://mec.co.jp/en""]",2026-08-30,B,preserved_source_assertion
ast-a9ce3a694ddf,org-mitsubishi-estate-e9746be,Mitsubishi Estate,status,active,global_real_estate_pioneers_agent.csv,"[""https://bricks-fundtokyo.com/"",""https://mec.co.jp/en""]",2026-08-30,B,preserved_source_assertion
ast-d71507246f78,org-mitsui-fudosan-e8608ec,Mitsui Fudosan,canonical_url,https://www.mitsuifudosan.co.jp/english/,global_real_estate_pioneers_agent.csv,"[""https://mitsuifudosan.co.jp/english"",""https://mitsuifudosan.co.jp/english/corporate/ir/library/integratedreport/ir2025/dx"",""https://mitsuifudosan.co.jp/english/corporate/ir/library/integratedreport/pdf/IR2025_en.pdf""]",2026-08-30,A,preserved_source_assertion
ast-f1edf6860cf1,org-mitsui-fudosan-e8608ec,Mitsui Fudosan,entity_type,developer urban platform,global_real_estate_pioneers_agent.csv,"[""https://mitsuifudosan.co.jp/english"",""https://mitsuifudosan.co.jp/english/corporate/ir/library/integratedreport/ir2025/dx"",""https://mitsuifudosan.co.jp/english/corporate/ir/library/integratedreport/pdf/IR2025_en.pdf""]",2026-08-30,A,preserved_source_assertion
ast-3a3822da6bd0,org-mitsui-fudosan-e8608ec,Mitsui Fudosan,evidence_grade,A,global_real_estate_pioneers_agent.csv,"[""https://mitsuifudosan.co.jp/english"",""https://mitsuifudosan.co.jp/english/corporate/ir/library/integratedreport/ir2025/dx"",""https://mitsuifudosan.co.jp/english/corporate/ir/library/integratedreport/pdf/IR2025_en.pdf""]",2026-08-30,A,preserved_source_assertion
ast-73d38e0df594,org-mitsui-fudosan-e8608ec,Mitsui Fudosan,hq_country,Japan,global_real_estate_pioneers_agent.csv,"[""https://mitsuifudosan.co.jp/english"",""https://mitsuifudosan.co.jp/english/corporate/ir/library/integratedreport/ir2025/dx"",""https://mitsuifudosan.co.jp/english/corporate/ir/library/integratedreport/pdf/IR2025_en.pdf""]",2026-08-30,A,preserved_source_assertion
ast-af9d754eba0e,org-mitsui-fudosan-e8608ec,Mitsui Fudosan,primary_lifecycle,L/D/S/H/O/E,global_real_estate_pioneers_agent.csv,"[""https://mitsuifudosan.co.jp/english"",""https://mitsuifudosan.co.jp/english/corporate/ir/library/integratedreport/ir2025/dx"",""https://mitsuifudosan.co.jp/english/corporate/ir/library/integratedreport/pdf/IR2025_en.pdf""]",2026-08-30,A,preserved_source_assertion
ast-cae97830fb64,org-mitsui-fudosan-e8608ec,Mitsui Fudosan,relevance_tier,A,global_real_estate_pioneers_agent.csv,"[""https://mitsuifudosan.co.jp/english"",""https://mitsuifudosan.co.jp/english/corporate/ir/library/integratedreport/ir2025/dx"",""https://mitsuifudosan.co.jp/english/corporate/ir/library/integratedreport/pdf/IR2025_en.pdf""]",2026-08-30,A,preserved_source_assertion
ast-1966ed626cd7,org-mitsui-fudosan-e8608ec,Mitsui Fudosan,status,active,global_real_estate_pioneers_agent.csv,"[""https://mitsuifudosan.co.jp/english"",""https://mitsuifudosan.co.jp/english/corporate/ir/library/integratedreport/ir2025/dx"",""https://mitsuifudosan.co.jp/english/corporate/ir/library/integratedreport/pdf/IR2025_en.pdf""]",2026-08-30,A,preserved_source_assertion
ast-27a07dbc3273,org-mri-software-e66e243,MRI Software,business_model,Enterprise SaaS,proptech_startups_agent.csv,"[""https://mrisoftware.com/""]",2026-08-30,A,preserved_source_assertion
ast-2facc56befb7,org-mri-software-e66e243,MRI Software,canonical_url,https://www.mrisoftware.com/,global_real_estate_pioneers_agent.csv,"[""https://mrisoftware.com/""]",2026-08-30,C,preserved_source_assertion
ast-dc7e6391fade,org-mri-software-e66e243,MRI Software,canonical_url,https://www.mrisoftware.com/,proptech_startups_agent.csv,"[""https://mrisoftware.com/""]",2026-08-30,A,preserved_source_assertion
ast-1cd60f456185,org-mri-software-e66e243,MRI Software,category,Property/facilities ERP,proptech_startups_agent.csv,"[""https://mrisoftware.com/""]",2026-08-30,A,preserved_source_assertion
ast-69109cf0a369,org-mri-software-e66e243,MRI Software,cohort_or_ecosystem,Independent,proptech_startups_agent.csv,"[""https://mrisoftware.com/""]",2026-08-30,A,preserved_source_assertion
ast-4212aabecc12,org-mri-software-e66e243,MRI Software,entity_type,Company,proptech_startups_agent.csv,"[""https://mrisoftware.com/""]",2026-08-30,A,preserved_source_assertion
ast-d806bad94638,org-mri-software-e66e243,MRI Software,entity_type,property management and CRE software,global_real_estate_pioneers_agent.csv,"[""https://mrisoftware.com/""]",2026-08-30,C,preserved_source_assertion
ast-1ab61dba9a79,org-mri-software-e66e243,MRI Software,evidence_grade,C,global_real_estate_pioneers_agent.csv,"[""https://mrisoftware.com/""]",2026-08-30,C,preserved_source_assertion
ast-892573743a17,org-mri-software-e66e243,MRI Software,evidence_grade,A,proptech_startups_agent.csv,"[""https://mrisoftware.com/""]",2026-08-30,A,preserved_source_assertion
ast-57040ec3a6dd,org-mri-software-e66e243,MRI Software,founding_year,1971,proptech_startups_agent.csv,"[""https://mrisoftware.com/""]",2026-08-30,A,preserved_source_assertion
ast-21aaf0e26836,org-mri-software-e66e243,MRI Software,hq_country,United States,global_real_estate_pioneers_agent.csv,"[""https://mrisoftware.com/""]",2026-08-30,C,preserved_source_assertion
ast-9259be7dcdc7,org-mri-software-e66e243,MRI Software,hq_country,United States,proptech_startups_agent.csv,"[""https://mrisoftware.com/""]",2026-08-30,A,preserved_source_assertion
ast-22816a9fd701,org-mri-software-e66e243,MRI Software,maturity,Enterprise,proptech_startups_agent.csv,"[""https://mrisoftware.com/""]",2026-08-30,A,preserved_source_assertion
ast-140fecd646c3,org-mri-software-e66e243,MRI Software,primary_lifecycle,Operations,proptech_startups_agent.csv,"[""https://mrisoftware.com/""]",2026-08-30,A,preserved_source_assertion
ast-a43d8ab08f57,org-mri-software-e66e243,MRI Software,primary_lifecycle,F/S/H/O,global_real_estate_pioneers_agent.csv,"[""https://mrisoftware.com/""]",2026-08-30,C,preserved_source_assertion
ast-3a5365b28814,org-mri-software-e66e243,MRI Software,relevance_tier,A,proptech_startups_agent.csv,"[""https://mrisoftware.com/""]",2026-08-30,A,preserved_source_assertion
ast-981115ec7b89,org-mri-software-e66e243,MRI Software,relevance_tier,B,global_real_estate_pioneers_agent.csv,"[""https://mrisoftware.com/""]",2026-08-30,C,preserved_source_assertion
ast-7e001cb038c0,org-mri-software-e66e243,MRI Software,secondary_lifecycle,Facilities,proptech_startups_agent.csv,"[""https://mrisoftware.com/""]",2026-08-30,A,preserved_source_assertion
ast-b5cbe8b3f086,org-mri-software-e66e243,MRI Software,status,Active,proptech_startups_agent.csv,"[""https://mrisoftware.com/""]",2026-08-30,A,preserved_source_assertion
ast-d9ea3236a9e0,org-mri-software-e66e243,MRI Software,status,active,global_real_estate_pioneers_agent.csv,"[""https://mrisoftware.com/""]",2026-08-30,C,preserved_source_assertion
ast-b15f35fa545f,org-mri-software-e66e243,MRI Software,status_as_of,2026-08-30,proptech_startups_agent.csv,"[""https://mrisoftware.com/""]",2026-08-30,A,preserved_source_assertion
ast-6223a22d3635,org-mubadala-real-assets-18e6cb7,Mubadala Real Assets,canonical_url,https://www.mubadala.com/,global_real_estate_pioneers_agent.csv,"[""https://annual2024.mubadala.com/en/onemubadala/real-assets"",""https://mubadala.com/""]",2026-08-30,A,preserved_source_assertion
ast-1cd4963e8a35,org-mubadala-real-assets-18e6cb7,Mubadala Real Assets,entity_type,sovereign investor real assets,global_real_estate_pioneers_agent.csv,"[""https://annual2024.mubadala.com/en/onemubadala/real-assets"",""https://mubadala.com/""]",2026-08-30,A,preserved_source_assertion
ast-f08d5ccdc376,org-mubadala-real-assets-18e6cb7,Mubadala Real Assets,evidence_grade,A,global_real_estate_pioneers_agent.csv,"[""https://annual2024.mubadala.com/en/onemubadala/real-assets"",""https://mubadala.com/""]",2026-08-30,A,preserved_source_assertion
ast-b955cbc01a13,org-mubadala-real-assets-18e6cb7,Mubadala Real Assets,hq_country,United Arab Emirates,global_real_estate_pioneers_agent.csv,"[""https://annual2024.mubadala.com/en/onemubadala/real-assets"",""https://mubadala.com/""]",2026-08-30,A,preserved_source_assertion
ast-978ab1f3c3db,org-mubadala-real-assets-18e6cb7,Mubadala Real Assets,primary_lifecycle,L/F/O/E,global_real_estate_pioneers_agent.csv,"[""https://annual2024.mubadala.com/en/onemubadala/real-assets"",""https://mubadala.com/""]",2026-08-30,A,preserved_source_assertion
ast-a9c3e7b149f5,org-mubadala-real-assets-18e6cb7,Mubadala Real Assets,relevance_tier,B,global_real_estate_pioneers_agent.csv,"[""https://annual2024.mubadala.com/en/onemubadala/real-assets"",""https://mubadala.com/""]",2026-08-30,A,preserved_source_assertion
ast-73675bf77acc,org-mubadala-real-assets-18e6cb7,Mubadala Real Assets,status,active,global_real_estate_pioneers_agent.csv,"[""https://annual2024.mubadala.com/en/onemubadala/real-assets"",""https://mubadala.com/""]",2026-08-30,A,preserved_source_assertion
ast-a53743d04aa5,org-mubawab-4b0178e,Mubawab,business_model,listing subscriptions advertising and transaction services,coverage_gap_additions.csv,"[""https://mubawab.com/"",""https://mubawab.ma/en/about""]",2026-08-30,A,preserved_source_assertion
ast-595ab03d0ae0,org-mubawab-4b0178e,Mubawab,canonical_url,https://www.mubawab.ma/en/about,coverage_gap_additions.csv,"[""https://mubawab.com/"",""https://mubawab.ma/en/about""]",2026-08-30,A,preserved_source_assertion
ast-97bdf3a4f71e,org-mubawab-4b0178e,Mubawab,category,North African property marketplace and market data,coverage_gap_additions.csv,"[""https://mubawab.com/"",""https://mubawab.ma/en/about""]",2026-08-30,A,preserved_source_assertion
ast-9d63f82d6cfe,org-mubawab-4b0178e,Mubawab,cohort_or_ecosystem,Africa Property Portals,coverage_gap_additions.csv,"[""https://mubawab.com/"",""https://mubawab.ma/en/about""]",2026-08-30,A,preserved_source_assertion
ast-afe0f98f48d5,org-mubawab-4b0178e,Mubawab,entity_type,private company,coverage_gap_additions.csv,"[""https://mubawab.com/"",""https://mubawab.ma/en/about""]",2026-08-30,A,preserved_source_assertion
ast-4ec1c3d9ee4d,org-mubawab-4b0178e,Mubawab,evidence_grade,A,coverage_gap_additions.csv,"[""https://mubawab.com/"",""https://mubawab.ma/en/about""]",2026-08-30,A,preserved_source_assertion
ast-849a5b25e759,org-mubawab-4b0178e,Mubawab,founding_year,2012,coverage_gap_additions.csv,"[""https://mubawab.com/"",""https://mubawab.ma/en/about""]",2026-08-30,A,preserved_source_assertion
ast-79069fed0f46,org-mubawab-4b0178e,Mubawab,hq_country,Morocco,coverage_gap_additions.csv,"[""https://mubawab.com/"",""https://mubawab.ma/en/about""]",2026-08-30,A,preserved_source_assertion
ast-037844ca1f87,org-mubawab-4b0178e,Mubawab,maturity,scaleup,coverage_gap_additions.csv,"[""https://mubawab.com/"",""https://mubawab.ma/en/about""]",2026-08-30,A,preserved_source_assertion
ast-dfc5f6f52d2e,org-mubawab-4b0178e,Mubawab,primary_lifecycle,L6 Marketing/sales,coverage_gap_additions.csv,"[""https://mubawab.com/"",""https://mubawab.ma/en/about""]",2026-08-30,A,preserved_source_assertion
ast-1b2f7419a4c2,org-mubawab-4b0178e,Mubawab,relevance_tier,B,coverage_gap_additions.csv,"[""https://mubawab.com/"",""https://mubawab.ma/en/about""]",2026-08-30,A,preserved_source_assertion
ast-38b7599a9783,org-mubawab-4b0178e,Mubawab,secondary_lifecycle,L9 Portfolio,coverage_gap_additions.csv,"[""https://mubawab.com/"",""https://mubawab.ma/en/about""]",2026-08-30,A,preserved_source_assertion
ast-17e1290efed9,org-mubawab-4b0178e,Mubawab,status,active,coverage_gap_additions.csv,"[""https://mubawab.com/"",""https://mubawab.ma/en/about""]",2026-08-30,A,preserved_source_assertion
ast-708fb4616e6d,org-mubawab-4b0178e,Mubawab,status_as_of,2026-08-30,coverage_gap_additions.csv,"[""https://mubawab.com/"",""https://mubawab.ma/en/about""]",2026-08-30,A,preserved_source_assertion
ast-d6853efc571a,org-nabr-9ac18d4,Nabr,business_model,development plus productized construction,startup_core_additions.csv,"[""https://2150.vc/investments/nabr"",""https://2150.vc/wp-content/uploads/2024/01/2150_Impact-report-2023_Master_2605.pdf"",""https://nabr.com/""]",2026-08-30,A,preserved_source_assertion
ast-472fa36e4cba,org-nabr-9ac18d4,Nabr,canonical_url,https://www.nabr.com/,startup_core_additions.csv,"[""https://2150.vc/investments/nabr"",""https://2150.vc/wp-content/uploads/2024/01/2150_Impact-report-2023_Master_2605.pdf"",""https://nabr.com/""]",2026-08-30,A,preserved_source_assertion
ast-0bc6bbc52140,org-nabr-9ac18d4,Nabr,category,industrialized sustainable apartments and direct-to-consumer housing,startup_core_additions.csv,"[""https://2150.vc/investments/nabr"",""https://2150.vc/wp-content/uploads/2024/01/2150_Impact-report-2023_Master_2605.pdf"",""https://nabr.com/""]",2026-08-30,A,preserved_source_assertion
ast-8fb5ae294515,org-nabr-9ac18d4,Nabr,cohort_or_ecosystem,2150,startup_core_additions.csv,"[""https://2150.vc/investments/nabr"",""https://2150.vc/wp-content/uploads/2024/01/2150_Impact-report-2023_Master_2605.pdf"",""https://nabr.com/""]",2026-08-30,A,preserved_source_assertion
ast-bb8590eb5c9b,org-nabr-9ac18d4,Nabr,entity_type,private company,startup_core_additions.csv,"[""https://2150.vc/investments/nabr"",""https://2150.vc/wp-content/uploads/2024/01/2150_Impact-report-2023_Master_2605.pdf"",""https://nabr.com/""]",2026-08-30,A,preserved_source_assertion
ast-5ed454595f2c,org-nabr-9ac18d4,Nabr,evidence_grade,A,startup_core_additions.csv,"[""https://2150.vc/investments/nabr"",""https://2150.vc/wp-content/uploads/2024/01/2150_Impact-report-2023_Master_2605.pdf"",""https://nabr.com/""]",2026-08-30,A,preserved_source_assertion
ast-9205e612ab98,org-nabr-9ac18d4,Nabr,hq_country,United States,startup_core_additions.csv,"[""https://2150.vc/investments/nabr"",""https://2150.vc/wp-content/uploads/2024/01/2150_Impact-report-2023_Master_2605.pdf"",""https://nabr.com/""]",2026-08-30,A,preserved_source_assertion
ast-bcfbec1d8f54,org-nabr-9ac18d4,Nabr,maturity,early,startup_core_additions.csv,"[""https://2150.vc/investments/nabr"",""https://2150.vc/wp-content/uploads/2024/01/2150_Impact-report-2023_Master_2605.pdf"",""https://nabr.com/""]",2026-08-30,A,preserved_source_assertion
ast-6bfae8dfd57c,org-nabr-9ac18d4,Nabr,primary_lifecycle,L5 Construction,startup_core_additions.csv,"[""https://2150.vc/investments/nabr"",""https://2150.vc/wp-content/uploads/2024/01/2150_Impact-report-2023_Master_2605.pdf"",""https://nabr.com/""]",2026-08-30,A,preserved_source_assertion
ast-8487601d2fa5,org-nabr-9ac18d4,Nabr,relevance_tier,A,startup_core_additions.csv,"[""https://2150.vc/investments/nabr"",""https://2150.vc/wp-content/uploads/2024/01/2150_Impact-report-2023_Master_2605.pdf"",""https://nabr.com/""]",2026-08-30,A,preserved_source_assertion
ast-85cef77c99f6,org-nabr-9ac18d4,Nabr,secondary_lifecycle,L6 Marketing/sales,startup_core_additions.csv,"[""https://2150.vc/investments/nabr"",""https://2150.vc/wp-content/uploads/2024/01/2150_Impact-report-2023_Master_2605.pdf"",""https://nabr.com/""]",2026-08-30,A,preserved_source_assertion
ast-b451dd0f59dd,org-nabr-9ac18d4,Nabr,status,active,startup_core_additions.csv,"[""https://2150.vc/investments/nabr"",""https://2150.vc/wp-content/uploads/2024/01/2150_Impact-report-2023_Master_2605.pdf"",""https://nabr.com/""]",2026-08-30,A,preserved_source_assertion
ast-642d5fdf6b68,org-nabr-9ac18d4,Nabr,status_as_of,2026-08-30,startup_core_additions.csv,"[""https://2150.vc/investments/nabr"",""https://2150.vc/wp-content/uploads/2024/01/2150_Impact-report-2023_Master_2605.pdf"",""https://nabr.com/""]",2026-08-30,A,preserved_source_assertion
ast-9076a80477aa,org-nar-reach-portfolio-068d892,NAR REACH portfolio,business_model,Portfolio/program,proptech_startups_agent.csv,"[""https://nar-reach.com/""]",2026-08-30,A,preserved_source_assertion
ast-9174d8864030,org-nar-reach-portfolio-068d892,NAR REACH portfolio,canonical_url,https://www.nar-reach.com/,proptech_startups_agent.csv,"[""https://nar-reach.com/""]",2026-08-30,A,preserved_source_assertion
ast-ae7ecc9e305a,org-nar-reach-portfolio-068d892,NAR REACH portfolio,category,Real-estate accelerator ecosystem index,proptech_startups_agent.csv,"[""https://nar-reach.com/""]",2026-08-30,A,preserved_source_assertion
ast-24f97c3f06ff,org-nar-reach-portfolio-068d892,NAR REACH portfolio,cohort_or_ecosystem,NAR/Second Century Ventures,proptech_startups_agent.csv,"[""https://nar-reach.com/""]",2026-08-30,A,preserved_source_assertion
ast-ab9a4be923dd,org-nar-reach-portfolio-068d892,NAR REACH portfolio,entity_type,Accelerator,proptech_startups_agent.csv,"[""https://nar-reach.com/""]",2026-08-30,A,preserved_source_assertion
ast-b544864735a8,org-nar-reach-portfolio-068d892,NAR REACH portfolio,evidence_grade,A,proptech_startups_agent.csv,"[""https://nar-reach.com/""]",2026-08-30,A,preserved_source_assertion
ast-3453ef50d4d5,org-nar-reach-portfolio-068d892,NAR REACH portfolio,founding_year,2013,proptech_startups_agent.csv,"[""https://nar-reach.com/""]",2026-08-30,A,preserved_source_assertion
ast-5c684143c5d2,org-nar-reach-portfolio-068d892,NAR REACH portfolio,hq_country,United States,proptech_startups_agent.csv,"[""https://nar-reach.com/""]",2026-08-30,A,preserved_source_assertion
ast-74540226c003,org-nar-reach-portfolio-068d892,NAR REACH portfolio,maturity,Portfolio index,proptech_startups_agent.csv,"[""https://nar-reach.com/""]",2026-08-30,A,preserved_source_assertion
ast-0eaa752d36b4,org-nar-reach-portfolio-068d892,NAR REACH portfolio,primary_lifecycle,Sales,proptech_startups_agent.csv,"[""https://nar-reach.com/""]",2026-08-30,A,preserved_source_assertion
ast-984de850d3dc,org-nar-reach-portfolio-068d892,NAR REACH portfolio,relevance_tier,C,proptech_startups_agent.csv,"[""https://nar-reach.com/""]",2026-08-30,A,preserved_source_assertion
ast-b5101e762208,org-nar-reach-portfolio-068d892,NAR REACH portfolio,secondary_lifecycle,Transaction,proptech_startups_agent.csv,"[""https://nar-reach.com/""]",2026-08-30,A,preserved_source_assertion
ast-6d0717f7c2c9,org-nar-reach-portfolio-068d892,NAR REACH portfolio,status,Active index,proptech_startups_agent.csv,"[""https://nar-reach.com/""]",2026-08-30,A,preserved_source_assertion
ast-da931f77a2fe,org-nar-reach-portfolio-068d892,NAR REACH portfolio,status_as_of,2026-08-30,proptech_startups_agent.csv,"[""https://nar-reach.com/""]",2026-08-30,A,preserved_source_assertion
ast-825d9b4051ba,org-nawy-fea68ec,Nawy,business_model,commission-financing-fees,regional_companies_agent.csv,"[""https://nawy.com/"",""https://nawy.com/about-us"",""https://nawy.com/blog/116847-nawy-raises-a-52m-series-a-to-take-on-mena""]",2026-08-30,B,preserved_source_assertion
ast-f537ae3e025a,org-nawy-fea68ec,Nawy,canonical_url,https://www.nawy.com/,regional_companies_agent.csv,"[""https://nawy.com/"",""https://nawy.com/about-us"",""https://nawy.com/blog/116847-nawy-raises-a-52m-series-a-to-take-on-mena""]",2026-08-30,B,preserved_source_assertion
ast-ebea5e910a1d,org-nawy-fea68ec,Nawy,category,integrated-proptech,regional_companies_agent.csv,"[""https://nawy.com/"",""https://nawy.com/about-us"",""https://nawy.com/blog/116847-nawy-raises-a-52m-series-a-to-take-on-mena""]",2026-08-30,B,preserved_source_assertion
ast-e080fe3efec3,org-nawy-fea68ec,Nawy,cohort_or_ecosystem,Partech-eCapital-Nclude,regional_companies_agent.csv,"[""https://nawy.com/"",""https://nawy.com/about-us"",""https://nawy.com/blog/116847-nawy-raises-a-52m-series-a-to-take-on-mena""]",2026-08-30,B,preserved_source_assertion
ast-a38cd8d8d4cb,org-nawy-fea68ec,Nawy,entity_type,private-growth,regional_companies_agent.csv,"[""https://nawy.com/"",""https://nawy.com/about-us"",""https://nawy.com/blog/116847-nawy-raises-a-52m-series-a-to-take-on-mena""]",2026-08-30,B,preserved_source_assertion
ast-7b7c6c40ca4b,org-nawy-fea68ec,Nawy,evidence_grade,B,regional_companies_agent.csv,"[""https://nawy.com/"",""https://nawy.com/about-us"",""https://nawy.com/blog/116847-nawy-raises-a-52m-series-a-to-take-on-mena""]",2026-08-30,B,preserved_source_assertion
ast-e77f7a8c57ab,org-nawy-fea68ec,Nawy,founding_year,2019,regional_companies_agent.csv,"[""https://nawy.com/"",""https://nawy.com/about-us"",""https://nawy.com/blog/116847-nawy-raises-a-52m-series-a-to-take-on-mena""]",2026-08-30,B,preserved_source_assertion
ast-3e6d9a0f9a72,org-nawy-fea68ec,Nawy,hq_country,Egypt,regional_companies_agent.csv,"[""https://nawy.com/"",""https://nawy.com/about-us"",""https://nawy.com/blog/116847-nawy-raises-a-52m-series-a-to-take-on-mena""]",2026-08-30,B,preserved_source_assertion
ast-acbb84ee924a,org-nawy-fea68ec,Nawy,maturity,scale,regional_companies_agent.csv,"[""https://nawy.com/"",""https://nawy.com/about-us"",""https://nawy.com/blog/116847-nawy-raises-a-52m-series-a-to-take-on-mena""]",2026-08-30,B,preserved_source_assertion
ast-4db18c3fa69a,org-nawy-fea68ec,Nawy,primary_lifecycle,property-discovery-brokerage,regional_companies_agent.csv,"[""https://nawy.com/"",""https://nawy.com/about-us"",""https://nawy.com/blog/116847-nawy-raises-a-52m-series-a-to-take-on-mena""]",2026-08-30,B,preserved_source_assertion
ast-cb0547700003,org-nawy-fea68ec,Nawy,relevance_tier,B,regional_companies_agent.csv,"[""https://nawy.com/"",""https://nawy.com/about-us"",""https://nawy.com/blog/116847-nawy-raises-a-52m-series-a-to-take-on-mena""]",2026-08-30,B,preserved_source_assertion
ast-8d015b3a74f1,org-nawy-fea68ec,Nawy,secondary_lifecycle,mortgage-fractional-B2B-brokers,regional_companies_agent.csv,"[""https://nawy.com/"",""https://nawy.com/about-us"",""https://nawy.com/blog/116847-nawy-raises-a-52m-series-a-to-take-on-mena""]",2026-08-30,B,preserved_source_assertion
ast-7e6c4850bffa,org-nawy-fea68ec,Nawy,status,active,regional_companies_agent.csv,"[""https://nawy.com/"",""https://nawy.com/about-us"",""https://nawy.com/blog/116847-nawy-raises-a-52m-series-a-to-take-on-mena""]",2026-08-30,B,preserved_source_assertion
ast-0e420b8b9d25,org-nawy-fea68ec,Nawy,status_as_of,2026-08-30,regional_companies_agent.csv,"[""https://nawy.com/"",""https://nawy.com/about-us"",""https://nawy.com/blog/116847-nawy-raises-a-52m-series-a-to-take-on-mena""]",2026-08-30,B,preserved_source_assertion
ast-81f0b08c1606,org-nearmap-8a8f2ad,Nearmap,business_model,subscription-API,regional_companies_agent.csv,"[""https://nearmap.com/au"",""https://nearmap.com/au/about"",""https://nearmap.com/au/property-intelligence""]",2026-08-30,B,preserved_source_assertion
ast-10d22e553666,org-nearmap-8a8f2ad,Nearmap,canonical_url,https://www.nearmap.com/au,regional_companies_agent.csv,"[""https://nearmap.com/au"",""https://nearmap.com/au/about"",""https://nearmap.com/au/property-intelligence""]",2026-08-30,B,preserved_source_assertion
ast-63b5515d1961,org-nearmap-8a8f2ad,Nearmap,category,aerial-imagery-AI,regional_companies_agent.csv,"[""https://nearmap.com/au"",""https://nearmap.com/au/about"",""https://nearmap.com/au/property-intelligence""]",2026-08-30,B,preserved_source_assertion
ast-0701d0823a8a,org-nearmap-8a8f2ad,Nearmap,cohort_or_ecosystem,aerial-property-intelligence,regional_companies_agent.csv,"[""https://nearmap.com/au"",""https://nearmap.com/au/about"",""https://nearmap.com/au/property-intelligence""]",2026-08-30,B,preserved_source_assertion
ast-7751a74a04ae,org-nearmap-8a8f2ad,Nearmap,entity_type,public-global-company,regional_companies_agent.csv,"[""https://nearmap.com/au"",""https://nearmap.com/au/about"",""https://nearmap.com/au/property-intelligence""]",2026-08-30,B,preserved_source_assertion
ast-d34ac25fb9ef,org-nearmap-8a8f2ad,Nearmap,evidence_grade,B,regional_companies_agent.csv,"[""https://nearmap.com/au"",""https://nearmap.com/au/about"",""https://nearmap.com/au/property-intelligence""]",2026-08-30,B,preserved_source_assertion
ast-7dc3ef41b598,org-nearmap-8a8f2ad,Nearmap,founding_year,2007,regional_companies_agent.csv,"[""https://nearmap.com/au"",""https://nearmap.com/au/about"",""https://nearmap.com/au/property-intelligence""]",2026-08-30,B,preserved_source_assertion
ast-e041829a2d7f,org-nearmap-8a8f2ad,Nearmap,hq_country,Australia,regional_companies_agent.csv,"[""https://nearmap.com/au"",""https://nearmap.com/au/about"",""https://nearmap.com/au/property-intelligence""]",2026-08-30,B,preserved_source_assertion
ast-0e407319dcdf,org-nearmap-8a8f2ad,Nearmap,maturity,scale,regional_companies_agent.csv,"[""https://nearmap.com/au"",""https://nearmap.com/au/about"",""https://nearmap.com/au/property-intelligence""]",2026-08-30,B,preserved_source_assertion
ast-b2e18266a138,org-nearmap-8a8f2ad,Nearmap,primary_lifecycle,site-property-intelligence,regional_companies_agent.csv,"[""https://nearmap.com/au"",""https://nearmap.com/au/about"",""https://nearmap.com/au/property-intelligence""]",2026-08-30,B,preserved_source_assertion
ast-0b6e8e1c9eb2,org-nearmap-8a8f2ad,Nearmap,relevance_tier,B,regional_companies_agent.csv,"[""https://nearmap.com/au"",""https://nearmap.com/au/about"",""https://nearmap.com/au/property-intelligence""]",2026-08-30,B,preserved_source_assertion
ast-117968ebc15f,org-nearmap-8a8f2ad,Nearmap,secondary_lifecycle,construction-insurance-government,regional_companies_agent.csv,"[""https://nearmap.com/au"",""https://nearmap.com/au/about"",""https://nearmap.com/au/property-intelligence""]",2026-08-30,B,preserved_source_assertion
ast-ca5b9bbe63cc,org-nearmap-8a8f2ad,Nearmap,status,active,regional_companies_agent.csv,"[""https://nearmap.com/au"",""https://nearmap.com/au/about"",""https://nearmap.com/au/property-intelligence""]",2026-08-30,B,preserved_source_assertion
ast-9bddf781dde4,org-nearmap-8a8f2ad,Nearmap,status_as_of,2026-08-30,regional_companies_agent.csv,"[""https://nearmap.com/au"",""https://nearmap.com/au/about"",""https://nearmap.com/au/property-intelligence""]",2026-08-30,B,preserved_source_assertion
ast-7288ae3d1303,org-nemetschek-8aa57f2,Nemetschek,business_model,enterprise and subscription software,coverage_gap_additions.csv,"[""https://nemetschek.com/en/company/brands"",""https://nemetschek.com/en/solutions""]",2026-08-30,A,preserved_source_assertion
ast-01a88867646e,org-nemetschek-8aa57f2,Nemetschek,canonical_url,https://www.nemetschek.com/en/solutions,coverage_gap_additions.csv,"[""https://nemetschek.com/en/company/brands"",""https://nemetschek.com/en/solutions""]",2026-08-30,A,preserved_source_assertion
ast-282b9a5a7ab6,org-nemetschek-8aa57f2,Nemetschek,category,open BIM design construction and building-management software,coverage_gap_additions.csv,"[""https://nemetschek.com/en/company/brands"",""https://nemetschek.com/en/solutions""]",2026-08-30,A,preserved_source_assertion
ast-288969193771,org-nemetschek-8aa57f2,Nemetschek,cohort_or_ecosystem,Public,coverage_gap_additions.csv,"[""https://nemetschek.com/en/company/brands"",""https://nemetschek.com/en/solutions""]",2026-08-30,A,preserved_source_assertion
ast-874e0414d60d,org-nemetschek-8aa57f2,Nemetschek,entity_type,public company,coverage_gap_additions.csv,"[""https://nemetschek.com/en/company/brands"",""https://nemetschek.com/en/solutions""]",2026-08-30,A,preserved_source_assertion
ast-b607f3b2701f,org-nemetschek-8aa57f2,Nemetschek,evidence_grade,A,coverage_gap_additions.csv,"[""https://nemetschek.com/en/company/brands"",""https://nemetschek.com/en/solutions""]",2026-08-30,A,preserved_source_assertion
ast-9e4290e35a0c,org-nemetschek-8aa57f2,Nemetschek,founding_year,1963,coverage_gap_additions.csv,"[""https://nemetschek.com/en/company/brands"",""https://nemetschek.com/en/solutions""]",2026-08-30,A,preserved_source_assertion
ast-ad05daa181e5,org-nemetschek-8aa57f2,Nemetschek,hq_country,Germany,coverage_gap_additions.csv,"[""https://nemetschek.com/en/company/brands"",""https://nemetschek.com/en/solutions""]",2026-08-30,A,preserved_source_assertion
ast-ff87f4ec8dd2,org-nemetschek-8aa57f2,Nemetschek,maturity,enterprise,coverage_gap_additions.csv,"[""https://nemetschek.com/en/company/brands"",""https://nemetschek.com/en/solutions""]",2026-08-30,A,preserved_source_assertion
ast-b7d1728588a7,org-nemetschek-8aa57f2,Nemetschek,primary_lifecycle,L4 Design,coverage_gap_additions.csv,"[""https://nemetschek.com/en/company/brands"",""https://nemetschek.com/en/solutions""]",2026-08-30,A,preserved_source_assertion
ast-15ae0b23a348,org-nemetschek-8aa57f2,Nemetschek,relevance_tier,B,coverage_gap_additions.csv,"[""https://nemetschek.com/en/company/brands"",""https://nemetschek.com/en/solutions""]",2026-08-30,A,preserved_source_assertion
ast-a5e05422ae91,org-nemetschek-8aa57f2,Nemetschek,secondary_lifecycle,L5 Construction/L8 Property operations,coverage_gap_additions.csv,"[""https://nemetschek.com/en/company/brands"",""https://nemetschek.com/en/solutions""]",2026-08-30,A,preserved_source_assertion
ast-e3e783dc5018,org-nemetschek-8aa57f2,Nemetschek,status,active,coverage_gap_additions.csv,"[""https://nemetschek.com/en/company/brands"",""https://nemetschek.com/en/solutions""]",2026-08-30,A,preserved_source_assertion
ast-5a1737d1fc7d,org-nemetschek-8aa57f2,Nemetschek,status_as_of,2026-08-30,coverage_gap_additions.csv,"[""https://nemetschek.com/en/company/brands"",""https://nemetschek.com/en/solutions""]",2026-08-30,A,preserved_source_assertion
ast-d98c1bd69c5f,org-neom-e682d22,NEOM,canonical_url,https://www.neom.com/,global_real_estate_pioneers_agent.csv,"[""https://neom.com/""]",2026-08-30,C,preserved_source_assertion
ast-c043cfc9c9e9,org-neom-e682d22,NEOM,entity_type,master developer,global_real_estate_pioneers_agent.csv,"[""https://neom.com/""]",2026-08-30,C,preserved_source_assertion
ast-ca0adc9a1453,org-neom-e682d22,NEOM,evidence_grade,C,global_real_estate_pioneers_agent.csv,"[""https://neom.com/""]",2026-08-30,C,preserved_source_assertion
ast-580edb7f3825,org-neom-e682d22,NEOM,hq_country,Saudi Arabia,global_real_estate_pioneers_agent.csv,"[""https://neom.com/""]",2026-08-30,C,preserved_source_assertion
ast-c5ae154b121e,org-neom-e682d22,NEOM,primary_lifecycle,L/D/O/E,global_real_estate_pioneers_agent.csv,"[""https://neom.com/""]",2026-08-30,C,preserved_source_assertion
ast-87480e04b089,org-neom-e682d22,NEOM,relevance_tier,B,global_real_estate_pioneers_agent.csv,"[""https://neom.com/""]",2026-08-30,C,preserved_source_assertion
ast-e7dad4195a93,org-neom-e682d22,NEOM,status,active,global_real_estate_pioneers_agent.csv,"[""https://neom.com/""]",2026-08-30,C,preserved_source_assertion
ast-ed4cf9df45b7,org-nigeria-property-centre-6683212,Nigeria Property Centre,business_model,listing subscriptions advertising and data,coverage_gap_additions.csv,"[""https://nigeriapropertycentre.com/about-us""]",2026-08-30,A,preserved_source_assertion
ast-4865c1ca284f,org-nigeria-property-centre-6683212,Nigeria Property Centre,canonical_url,https://nigeriapropertycentre.com/about-us,coverage_gap_additions.csv,"[""https://nigeriapropertycentre.com/about-us""]",2026-08-30,A,preserved_source_assertion
ast-77e3d0367f98,org-nigeria-property-centre-6683212,Nigeria Property Centre,category,pan-African property search platform,coverage_gap_additions.csv,"[""https://nigeriapropertycentre.com/about-us""]",2026-08-30,A,preserved_source_assertion
ast-7d4efc464abf,org-nigeria-property-centre-6683212,Nigeria Property Centre,cohort_or_ecosystem,Independent,coverage_gap_additions.csv,"[""https://nigeriapropertycentre.com/about-us""]",2026-08-30,A,preserved_source_assertion
ast-2f2c2f62623d,org-nigeria-property-centre-6683212,Nigeria Property Centre,entity_type,private company,coverage_gap_additions.csv,"[""https://nigeriapropertycentre.com/about-us""]",2026-08-30,A,preserved_source_assertion
ast-3dce4c585644,org-nigeria-property-centre-6683212,Nigeria Property Centre,evidence_grade,A,coverage_gap_additions.csv,"[""https://nigeriapropertycentre.com/about-us""]",2026-08-30,A,preserved_source_assertion
ast-21c506ccc84c,org-nigeria-property-centre-6683212,Nigeria Property Centre,founding_year,2011,coverage_gap_additions.csv,"[""https://nigeriapropertycentre.com/about-us""]",2026-08-30,A,preserved_source_assertion
ast-d2ad8025708b,org-nigeria-property-centre-6683212,Nigeria Property Centre,hq_country,Nigeria,coverage_gap_additions.csv,"[""https://nigeriapropertycentre.com/about-us""]",2026-08-30,A,preserved_source_assertion
ast-7c9b78a1b901,org-nigeria-property-centre-6683212,Nigeria Property Centre,maturity,scaleup,coverage_gap_additions.csv,"[""https://nigeriapropertycentre.com/about-us""]",2026-08-30,A,preserved_source_assertion
ast-7eeeaca140a1,org-nigeria-property-centre-6683212,Nigeria Property Centre,primary_lifecycle,L6 Marketing/sales,coverage_gap_additions.csv,"[""https://nigeriapropertycentre.com/about-us""]",2026-08-30,A,preserved_source_assertion
ast-e952455307af,org-nigeria-property-centre-6683212,Nigeria Property Centre,relevance_tier,B,coverage_gap_additions.csv,"[""https://nigeriapropertycentre.com/about-us""]",2026-08-30,A,preserved_source_assertion
ast-574685c73aa7,org-nigeria-property-centre-6683212,Nigeria Property Centre,secondary_lifecycle,L9 Portfolio/L3 Capital/finance,coverage_gap_additions.csv,"[""https://nigeriapropertycentre.com/about-us""]",2026-08-30,A,preserved_source_assertion
ast-ced65112c8bc,org-nigeria-property-centre-6683212,Nigeria Property Centre,status,active,coverage_gap_additions.csv,"[""https://nigeriapropertycentre.com/about-us""]",2026-08-30,A,preserved_source_assertion
ast-56c5cafce3f7,org-nigeria-property-centre-6683212,Nigeria Property Centre,status_as_of,2026-08-30,coverage_gap_additions.csv,"[""https://nigeriapropertycentre.com/about-us""]",2026-08-30,A,preserved_source_assertion
ast-32aefa9265b8,org-nirmanbazaar-a26f78c,NirmanBazaar,business_model,marketplace-margin-credit,regional_companies_agent.csv,"[""https://info-vendor.nirmanbazaar.com/"",""https://nirmanbazaar.com.bd/""]",2026-08-30,B/D,preserved_source_assertion
ast-f8b96681d8ad,org-nirmanbazaar-a26f78c,NirmanBazaar,business_model,Marketplace,proptech_startups_agent.csv,"[""https://nirmanbazaar.com/""]",2026-08-30,D,preserved_source_assertion
ast-668c78ac0af0,org-nirmanbazaar-a26f78c,NirmanBazaar,canonical_url,https://www.nirmanbazaar.com.bd/,regional_companies_agent.csv,"[""https://info-vendor.nirmanbazaar.com/"",""https://nirmanbazaar.com.bd/""]",2026-08-30,B/D,preserved_source_assertion
ast-68cb419293ea,org-nirmanbazaar-a26f78c,NirmanBazaar,canonical_url,https://nirmanbazaar.com/,proptech_startups_agent.csv,"[""https://nirmanbazaar.com/""]",2026-08-30,D,preserved_source_assertion
ast-11c32d9af1ed,org-nirmanbazaar-a26f78c,NirmanBazaar,category,construction-marketplace,regional_companies_agent.csv,"[""https://info-vendor.nirmanbazaar.com/"",""https://nirmanbazaar.com.bd/""]",2026-08-30,B/D,preserved_source_assertion
ast-4909f1f62d4a,org-nirmanbazaar-a26f78c,NirmanBazaar,category,Materials marketplace,proptech_startups_agent.csv,"[""https://nirmanbazaar.com/""]",2026-08-30,D,preserved_source_assertion
ast-15e21703528f,org-nirmanbazaar-a26f78c,NirmanBazaar,cohort_or_ecosystem,local-early-stage,regional_companies_agent.csv,"[""https://info-vendor.nirmanbazaar.com/"",""https://nirmanbazaar.com.bd/""]",2026-08-30,B/D,preserved_source_assertion
ast-43f185ce73ef,org-nirmanbazaar-a26f78c,NirmanBazaar,cohort_or_ecosystem,Independent,proptech_startups_agent.csv,"[""https://nirmanbazaar.com/""]",2026-08-30,D,preserved_source_assertion
ast-4d979aba28f1,org-nirmanbazaar-a26f78c,NirmanBazaar,entity_type,private-startup,regional_companies_agent.csv,"[""https://info-vendor.nirmanbazaar.com/"",""https://nirmanbazaar.com.bd/""]",2026-08-30,B/D,preserved_source_assertion
ast-ca26bd67355f,org-nirmanbazaar-a26f78c,NirmanBazaar,entity_type,Company,proptech_startups_agent.csv,"[""https://nirmanbazaar.com/""]",2026-08-30,D,preserved_source_assertion
ast-0c76d8202528,org-nirmanbazaar-a26f78c,NirmanBazaar,evidence_grade,B/D,regional_companies_agent.csv,"[""https://info-vendor.nirmanbazaar.com/"",""https://nirmanbazaar.com.bd/""]",2026-08-30,B/D,preserved_source_assertion
ast-cde3550df030,org-nirmanbazaar-a26f78c,NirmanBazaar,evidence_grade,D,proptech_startups_agent.csv,"[""https://nirmanbazaar.com/""]",2026-08-30,D,preserved_source_assertion
ast-12411ab469ab,org-nirmanbazaar-a26f78c,NirmanBazaar,founding_year,Unknown,regional_companies_agent.csv,"[""https://info-vendor.nirmanbazaar.com/"",""https://nirmanbazaar.com.bd/""]",2026-08-30,B/D,preserved_source_assertion
ast-af3f1ea50d19,org-nirmanbazaar-a26f78c,NirmanBazaar,founding_year,Unknown,proptech_startups_agent.csv,"[""https://nirmanbazaar.com/""]",2026-08-30,D,preserved_source_assertion
ast-a63c0f6eef23,org-nirmanbazaar-a26f78c,NirmanBazaar,hq_country,Bangladesh,regional_companies_agent.csv,"[""https://info-vendor.nirmanbazaar.com/"",""https://nirmanbazaar.com.bd/""]",2026-08-30,B/D,preserved_source_assertion
ast-bdeb1b14e4b9,org-nirmanbazaar-a26f78c,NirmanBazaar,hq_country,Bangladesh,proptech_startups_agent.csv,"[""https://nirmanbazaar.com/""]",2026-08-30,D,preserved_source_assertion
ast-37a4f525ef4d,org-nirmanbazaar-a26f78c,NirmanBazaar,maturity,early-stage,regional_companies_agent.csv,"[""https://info-vendor.nirmanbazaar.com/"",""https://nirmanbazaar.com.bd/""]",2026-08-30,B/D,preserved_source_assertion
ast-fd3067c6ab36,org-nirmanbazaar-a26f78c,NirmanBazaar,maturity,Early,proptech_startups_agent.csv,"[""https://nirmanbazaar.com/""]",2026-08-30,D,preserved_source_assertion
ast-14c4c692084c,org-nirmanbazaar-a26f78c,NirmanBazaar,primary_lifecycle,materials-procurement-delivery,regional_companies_agent.csv,"[""https://info-vendor.nirmanbazaar.com/"",""https://nirmanbazaar.com.bd/""]",2026-08-30,B/D,preserved_source_assertion
ast-40bb1085e271,org-nirmanbazaar-a26f78c,NirmanBazaar,primary_lifecycle,Procurement,proptech_startups_agent.csv,"[""https://nirmanbazaar.com/""]",2026-08-30,D,preserved_source_assertion
ast-16fe7a3fa82f,org-nirmanbazaar-a26f78c,NirmanBazaar,relevance_tier,B,regional_companies_agent.csv,"[""https://info-vendor.nirmanbazaar.com/"",""https://nirmanbazaar.com.bd/""]",2026-08-30,B/D,preserved_source_assertion
ast-960936f4ea96,org-nirmanbazaar-a26f78c,NirmanBazaar,relevance_tier,B,proptech_startups_agent.csv,"[""https://nirmanbazaar.com/""]",2026-08-30,D,preserved_source_assertion
ast-6607ed3b5ced,org-nirmanbazaar-a26f78c,NirmanBazaar,secondary_lifecycle,project-tracking-cost-loans-credit,regional_companies_agent.csv,"[""https://info-vendor.nirmanbazaar.com/"",""https://nirmanbazaar.com.bd/""]",2026-08-30,B/D,preserved_source_assertion
ast-800443f5b913,org-nirmanbazaar-a26f78c,NirmanBazaar,secondary_lifecycle,Construction,proptech_startups_agent.csv,"[""https://nirmanbazaar.com/""]",2026-08-30,D,preserved_source_assertion
ast-105c42241d02,org-nirmanbazaar-a26f78c,NirmanBazaar,status,live-product,regional_companies_agent.csv,"[""https://info-vendor.nirmanbazaar.com/"",""https://nirmanbazaar.com.bd/""]",2026-08-30,B/D,preserved_source_assertion
ast-b9d9ae90ad46,org-nirmanbazaar-a26f78c,NirmanBazaar,status,Unclear,proptech_startups_agent.csv,"[""https://nirmanbazaar.com/""]",2026-08-30,D,preserved_source_assertion
ast-5acd20ff3b7d,org-nirmanbazaar-a26f78c,NirmanBazaar,status_as_of,2026-08-30,regional_companies_agent.csv,"[""https://info-vendor.nirmanbazaar.com/"",""https://nirmanbazaar.com.bd/""]",2026-08-30,B/D,preserved_source_assertion
ast-87685bb8d521,org-nirmanbazaar-a26f78c,NirmanBazaar,status_as_of,2026-08-30,proptech_startups_agent.csv,"[""https://nirmanbazaar.com/""]",2026-08-30,D,preserved_source_assertion
ast-2376e0b61167,org-nobroker-efe14d3,NoBroker,business_model,service-fees-subscriptions,regional_companies_agent.csv,"[""https://assets.nobroker.in/static/img/press/nb_in_chennai.pdf"",""https://nobroker.in/"",""https://nobroker.in/forum/wp-content/uploads/2026/01/NoBroker_Realestate_Report_2025_compressed.pdf""]",2026-08-30,B/C,preserved_source_assertion
ast-745262eaf177,org-nobroker-efe14d3,NoBroker,canonical_url,https://www.nobroker.in/,regional_companies_agent.csv,"[""https://assets.nobroker.in/static/img/press/nb_in_chennai.pdf"",""https://nobroker.in/"",""https://nobroker.in/forum/wp-content/uploads/2026/01/NoBroker_Realestate_Report_2025_compressed.pdf""]",2026-08-30,B/C,preserved_source_assertion
ast-1f28596b3655,org-nobroker-efe14d3,NoBroker,category,consumer-marketplace,regional_companies_agent.csv,"[""https://assets.nobroker.in/static/img/press/nb_in_chennai.pdf"",""https://nobroker.in/"",""https://nobroker.in/forum/wp-content/uploads/2026/01/NoBroker_Realestate_Report_2025_compressed.pdf""]",2026-08-30,B/C,preserved_source_assertion
ast-0eb36e45b2a0,org-nobroker-efe14d3,NoBroker,cohort_or_ecosystem,Indian-proptech-scaleup,regional_companies_agent.csv,"[""https://assets.nobroker.in/static/img/press/nb_in_chennai.pdf"",""https://nobroker.in/"",""https://nobroker.in/forum/wp-content/uploads/2026/01/NoBroker_Realestate_Report_2025_compressed.pdf""]",2026-08-30,B/C,preserved_source_assertion
ast-05072edaa898,org-nobroker-efe14d3,NoBroker,entity_type,private-startup,regional_companies_agent.csv,"[""https://assets.nobroker.in/static/img/press/nb_in_chennai.pdf"",""https://nobroker.in/"",""https://nobroker.in/forum/wp-content/uploads/2026/01/NoBroker_Realestate_Report_2025_compressed.pdf""]",2026-08-30,B/C,preserved_source_assertion
ast-33d9f36f2b09,org-nobroker-efe14d3,NoBroker,evidence_grade,B/C,regional_companies_agent.csv,"[""https://assets.nobroker.in/static/img/press/nb_in_chennai.pdf"",""https://nobroker.in/"",""https://nobroker.in/forum/wp-content/uploads/2026/01/NoBroker_Realestate_Report_2025_compressed.pdf""]",2026-08-30,B/C,preserved_source_assertion
ast-d68b982c6424,org-nobroker-efe14d3,NoBroker,founding_year,2014,regional_companies_agent.csv,"[""https://assets.nobroker.in/static/img/press/nb_in_chennai.pdf"",""https://nobroker.in/"",""https://nobroker.in/forum/wp-content/uploads/2026/01/NoBroker_Realestate_Report_2025_compressed.pdf""]",2026-08-30,B/C,preserved_source_assertion
ast-62bb000c6d84,org-nobroker-efe14d3,NoBroker,hq_country,India,regional_companies_agent.csv,"[""https://assets.nobroker.in/static/img/press/nb_in_chennai.pdf"",""https://nobroker.in/"",""https://nobroker.in/forum/wp-content/uploads/2026/01/NoBroker_Realestate_Report_2025_compressed.pdf""]",2026-08-30,B/C,preserved_source_assertion
ast-21afb7f0c143,org-nobroker-efe14d3,NoBroker,maturity,scale,regional_companies_agent.csv,"[""https://assets.nobroker.in/static/img/press/nb_in_chennai.pdf"",""https://nobroker.in/"",""https://nobroker.in/forum/wp-content/uploads/2026/01/NoBroker_Realestate_Report_2025_compressed.pdf""]",2026-08-30,B/C,preserved_source_assertion
ast-06053e75076d,org-nobroker-efe14d3,NoBroker,primary_lifecycle,owner-buyer-renter-marketplace,regional_companies_agent.csv,"[""https://assets.nobroker.in/static/img/press/nb_in_chennai.pdf"",""https://nobroker.in/"",""https://nobroker.in/forum/wp-content/uploads/2026/01/NoBroker_Realestate_Report_2025_compressed.pdf""]",2026-08-30,B/C,preserved_source_assertion
ast-37b74b3f1d34,org-nobroker-efe14d3,NoBroker,relevance_tier,C,regional_companies_agent.csv,"[""https://assets.nobroker.in/static/img/press/nb_in_chennai.pdf"",""https://nobroker.in/"",""https://nobroker.in/forum/wp-content/uploads/2026/01/NoBroker_Realestate_Report_2025_compressed.pdf""]",2026-08-30,B/C,preserved_source_assertion
ast-ff5b7726e42e,org-nobroker-efe14d3,NoBroker,secondary_lifecycle,property-society-services,regional_companies_agent.csv,"[""https://assets.nobroker.in/static/img/press/nb_in_chennai.pdf"",""https://nobroker.in/"",""https://nobroker.in/forum/wp-content/uploads/2026/01/NoBroker_Realestate_Report_2025_compressed.pdf""]",2026-08-30,B/C,preserved_source_assertion
ast-1efc4d32e311,org-nobroker-efe14d3,NoBroker,status,active,regional_companies_agent.csv,"[""https://assets.nobroker.in/static/img/press/nb_in_chennai.pdf"",""https://nobroker.in/"",""https://nobroker.in/forum/wp-content/uploads/2026/01/NoBroker_Realestate_Report_2025_compressed.pdf""]",2026-08-30,B/C,preserved_source_assertion
ast-f750dd1df969,org-nobroker-efe14d3,NoBroker,status_as_of,2026-08-30,regional_companies_agent.csv,"[""https://assets.nobroker.in/static/img/press/nb_in_chennai.pdf"",""https://nobroker.in/"",""https://nobroker.in/forum/wp-content/uploads/2026/01/NoBroker_Realestate_Report_2025_compressed.pdf""]",2026-08-30,B/C,preserved_source_assertion
ast-925bd41c71ff,org-northspyre-fb51dcc,Northspyre,business_model,enterprise SaaS and advisory,enterprise_platform_additions.csv,"[""https://northspyre.com/"",""https://northspyre.com/about-us"",""https://northspyre.com/all-asset-classes/commercial"",""https://northspyre.com/blog/northspyre-2025-year-in-review""]",2026-08-30,A,preserved_source_assertion
ast-22b83f00f411,org-northspyre-fb51dcc,Northspyre,canonical_url,https://www.northspyre.com/,enterprise_platform_additions.csv,"[""https://northspyre.com/"",""https://northspyre.com/about-us"",""https://northspyre.com/all-asset-classes/commercial"",""https://northspyre.com/blog/northspyre-2025-year-in-review""]",2026-08-30,A,preserved_source_assertion
ast-6b295e108372,org-northspyre-fb51dcc,Northspyre,category,development management acquisition budget vendor and approval workflow platform,enterprise_platform_additions.csv,"[""https://northspyre.com/"",""https://northspyre.com/about-us"",""https://northspyre.com/all-asset-classes/commercial"",""https://northspyre.com/blog/northspyre-2025-year-in-review""]",2026-08-30,A,preserved_source_assertion
ast-ec869c65c4ab,org-northspyre-fb51dcc,Northspyre,cohort_or_ecosystem,Independent,enterprise_platform_additions.csv,"[""https://northspyre.com/"",""https://northspyre.com/about-us"",""https://northspyre.com/all-asset-classes/commercial"",""https://northspyre.com/blog/northspyre-2025-year-in-review""]",2026-08-30,A,preserved_source_assertion
ast-c9d44f3c1437,org-northspyre-fb51dcc,Northspyre,entity_type,private startup,enterprise_platform_additions.csv,"[""https://northspyre.com/"",""https://northspyre.com/about-us"",""https://northspyre.com/all-asset-classes/commercial"",""https://northspyre.com/blog/northspyre-2025-year-in-review""]",2026-08-30,A,preserved_source_assertion
ast-ae4157ea50ab,org-northspyre-fb51dcc,Northspyre,evidence_grade,A,enterprise_platform_additions.csv,"[""https://northspyre.com/"",""https://northspyre.com/about-us"",""https://northspyre.com/all-asset-classes/commercial"",""https://northspyre.com/blog/northspyre-2025-year-in-review""]",2026-08-30,A,preserved_source_assertion
ast-c16740b8f7be,org-northspyre-fb51dcc,Northspyre,founding_year,unknown,enterprise_platform_additions.csv,"[""https://northspyre.com/"",""https://northspyre.com/about-us"",""https://northspyre.com/all-asset-classes/commercial"",""https://northspyre.com/blog/northspyre-2025-year-in-review""]",2026-08-30,A,preserved_source_assertion
ast-527c4c5c7326,org-northspyre-fb51dcc,Northspyre,hq_country,United States,enterprise_platform_additions.csv,"[""https://northspyre.com/"",""https://northspyre.com/about-us"",""https://northspyre.com/all-asset-classes/commercial"",""https://northspyre.com/blog/northspyre-2025-year-in-review""]",2026-08-30,A,preserved_source_assertion
ast-d15b59df22ce,org-northspyre-fb51dcc,Northspyre,maturity,scaleup,enterprise_platform_additions.csv,"[""https://northspyre.com/"",""https://northspyre.com/about-us"",""https://northspyre.com/all-asset-classes/commercial"",""https://northspyre.com/blog/northspyre-2025-year-in-review""]",2026-08-30,A,preserved_source_assertion
ast-c5a913ba17fc,org-northspyre-fb51dcc,Northspyre,primary_lifecycle,L2 Feasibility,enterprise_platform_additions.csv,"[""https://northspyre.com/"",""https://northspyre.com/about-us"",""https://northspyre.com/all-asset-classes/commercial"",""https://northspyre.com/blog/northspyre-2025-year-in-review""]",2026-08-30,A,preserved_source_assertion
ast-34277e229881,org-northspyre-fb51dcc,Northspyre,relevance_tier,A,enterprise_platform_additions.csv,"[""https://northspyre.com/"",""https://northspyre.com/about-us"",""https://northspyre.com/all-asset-classes/commercial"",""https://northspyre.com/blog/northspyre-2025-year-in-review""]",2026-08-30,A,preserved_source_assertion
ast-1a3ac50cfc04,org-northspyre-fb51dcc,Northspyre,secondary_lifecycle,L1 Land/site/L3 Capital/finance/L4 Design/L5 Construction/L9 Portfolio,enterprise_platform_additions.csv,"[""https://northspyre.com/"",""https://northspyre.com/about-us"",""https://northspyre.com/all-asset-classes/commercial"",""https://northspyre.com/blog/northspyre-2025-year-in-review""]",2026-08-30,A,preserved_source_assertion
ast-beb9ab910c18,org-northspyre-fb51dcc,Northspyre,status,active,enterprise_platform_additions.csv,"[""https://northspyre.com/"",""https://northspyre.com/about-us"",""https://northspyre.com/all-asset-classes/commercial"",""https://northspyre.com/blog/northspyre-2025-year-in-review""]",2026-08-30,A,preserved_source_assertion
ast-5888e076868f,org-northspyre-fb51dcc,Northspyre,status_as_of,2026-08-30,enterprise_platform_additions.csv,"[""https://northspyre.com/"",""https://northspyre.com/about-us"",""https://northspyre.com/all-asset-classes/commercial"",""https://northspyre.com/blog/northspyre-2025-year-in-review""]",2026-08-30,A,preserved_source_assertion
ast-f44ec8da0650,org-nuveen-real-estate-cdf03a7,Nuveen Real Estate,canonical_url,https://www.nuveen.com/global/real-estate,global_real_estate_pioneers_agent.csv,"[""https://nuveen.com/global/real-estate""]",2026-08-30,C,preserved_source_assertion
ast-f6e71ac5e41d,org-nuveen-real-estate-cdf03a7,Nuveen Real Estate,entity_type,institutional investment manager,global_real_estate_pioneers_agent.csv,"[""https://nuveen.com/global/real-estate""]",2026-08-30,C,preserved_source_assertion
ast-abe4aae2742e,org-nuveen-real-estate-cdf03a7,Nuveen Real Estate,evidence_grade,C,global_real_estate_pioneers_agent.csv,"[""https://nuveen.com/global/real-estate""]",2026-08-30,C,preserved_source_assertion
ast-0d28f8b9c5fe,org-nuveen-real-estate-cdf03a7,Nuveen Real Estate,hq_country,United States,global_real_estate_pioneers_agent.csv,"[""https://nuveen.com/global/real-estate""]",2026-08-30,C,preserved_source_assertion
ast-4f8529992a37,org-nuveen-real-estate-cdf03a7,Nuveen Real Estate,primary_lifecycle,F/O/E,global_real_estate_pioneers_agent.csv,"[""https://nuveen.com/global/real-estate""]",2026-08-30,C,preserved_source_assertion
ast-c76c1eb00a2f,org-nuveen-real-estate-cdf03a7,Nuveen Real Estate,relevance_tier,B,global_real_estate_pioneers_agent.csv,"[""https://nuveen.com/global/real-estate""]",2026-08-30,C,preserved_source_assertion
ast-15bbf1075681,org-nuveen-real-estate-cdf03a7,Nuveen Real Estate,status,active,global_real_estate_pioneers_agent.csv,"[""https://nuveen.com/global/real-estate""]",2026-08-30,C,preserved_source_assertion
ast-6b6af412c79d,org-obayashi-6a0d181,Obayashi,canonical_url,https://www.obayashi.co.jp/en/,global_real_estate_pioneers_agent.csv,"[""https://obayashi.co.jp/en""]",2026-08-30,C,preserved_source_assertion
ast-2c05b22cb01c,org-obayashi-6a0d181,Obayashi,entity_type,construction contractor developer,global_real_estate_pioneers_agent.csv,"[""https://obayashi.co.jp/en""]",2026-08-30,C,preserved_source_assertion
ast-7018f1306c71,org-obayashi-6a0d181,Obayashi,evidence_grade,C,global_real_estate_pioneers_agent.csv,"[""https://obayashi.co.jp/en""]",2026-08-30,C,preserved_source_assertion
ast-6d94492b97e6,org-obayashi-6a0d181,Obayashi,hq_country,Japan,global_real_estate_pioneers_agent.csv,"[""https://obayashi.co.jp/en""]",2026-08-30,C,preserved_source_assertion
ast-ab356db02bfb,org-obayashi-6a0d181,Obayashi,primary_lifecycle,D/C/O/E,global_real_estate_pioneers_agent.csv,"[""https://obayashi.co.jp/en""]",2026-08-30,C,preserved_source_assertion
ast-5c51ebe3e6f3,org-obayashi-6a0d181,Obayashi,relevance_tier,B,global_real_estate_pioneers_agent.csv,"[""https://obayashi.co.jp/en""]",2026-08-30,C,preserved_source_assertion
ast-c618995a8e01,org-obayashi-6a0d181,Obayashi,status,active,global_real_estate_pioneers_agent.csv,"[""https://obayashi.co.jp/en""]",2026-08-30,C,preserved_source_assertion
ast-771eaf17c1a8,org-one-click-lca-def3638,One Click LCA,business_model,SaaS subscription,startup_core_additions.csv,"[""https://builtworlds.com/insights/2025-building-tech-top-50-list"",""https://oneclicklca.com/en-gb""]",2026-08-30,A,preserved_source_assertion
ast-426b4e2098bc,org-one-click-lca-def3638,One Click LCA,canonical_url,https://oneclicklca.com/en-gb/,startup_core_additions.csv,"[""https://builtworlds.com/insights/2025-building-tech-top-50-list"",""https://oneclicklca.com/en-gb""]",2026-08-30,A,preserved_source_assertion
ast-c01df40bfffb,org-one-click-lca-def3638,One Click LCA,category,life-cycle assessment EPD and embodied-carbon software,startup_core_additions.csv,"[""https://builtworlds.com/insights/2025-building-tech-top-50-list"",""https://oneclicklca.com/en-gb""]",2026-08-30,A,preserved_source_assertion
ast-9e4016479c2a,org-one-click-lca-def3638,One Click LCA,cohort_or_ecosystem,BuiltWorlds Building Tech Top 50 2025,startup_core_additions.csv,"[""https://builtworlds.com/insights/2025-building-tech-top-50-list"",""https://oneclicklca.com/en-gb""]",2026-08-30,A,preserved_source_assertion
ast-453076b78fe6,org-one-click-lca-def3638,One Click LCA,entity_type,private company,startup_core_additions.csv,"[""https://builtworlds.com/insights/2025-building-tech-top-50-list"",""https://oneclicklca.com/en-gb""]",2026-08-30,A,preserved_source_assertion
ast-aed1d54d24b8,org-one-click-lca-def3638,One Click LCA,evidence_grade,A,startup_core_additions.csv,"[""https://builtworlds.com/insights/2025-building-tech-top-50-list"",""https://oneclicklca.com/en-gb""]",2026-08-30,A,preserved_source_assertion
ast-ad7a24d4f0a1,org-one-click-lca-def3638,One Click LCA,hq_country,Finland,startup_core_additions.csv,"[""https://builtworlds.com/insights/2025-building-tech-top-50-list"",""https://oneclicklca.com/en-gb""]",2026-08-30,A,preserved_source_assertion
ast-fd24b0a5d775,org-one-click-lca-def3638,One Click LCA,maturity,scaleup,startup_core_additions.csv,"[""https://builtworlds.com/insights/2025-building-tech-top-50-list"",""https://oneclicklca.com/en-gb""]",2026-08-30,A,preserved_source_assertion
ast-fb2382c883ec,org-one-click-lca-def3638,One Click LCA,primary_lifecycle,L4 Design,startup_core_additions.csv,"[""https://builtworlds.com/insights/2025-building-tech-top-50-list"",""https://oneclicklca.com/en-gb""]",2026-08-30,A,preserved_source_assertion
ast-4e1ade2f5b7a,org-one-click-lca-def3638,One Click LCA,relevance_tier,A,startup_core_additions.csv,"[""https://builtworlds.com/insights/2025-building-tech-top-50-list"",""https://oneclicklca.com/en-gb""]",2026-08-30,A,preserved_source_assertion
ast-f1bbce746760,org-one-click-lca-def3638,One Click LCA,secondary_lifecycle,L5 Construction,startup_core_additions.csv,"[""https://builtworlds.com/insights/2025-building-tech-top-50-list"",""https://oneclicklca.com/en-gb""]",2026-08-30,A,preserved_source_assertion
ast-a2c06e070d52,org-one-click-lca-def3638,One Click LCA,status,active,startup_core_additions.csv,"[""https://builtworlds.com/insights/2025-building-tech-top-50-list"",""https://oneclicklca.com/en-gb""]",2026-08-30,A,preserved_source_assertion
ast-9254ec1eff18,org-one-click-lca-def3638,One Click LCA,status_as_of,2026-08-30,startup_core_additions.csv,"[""https://builtworlds.com/insights/2025-building-tech-top-50-list"",""https://oneclicklca.com/en-gb""]",2026-08-30,A,preserved_source_assertion
ast-4b5a7145b6ac,org-opendoor-bd08442,Opendoor,canonical_url,https://www.opendoor.com/,global_real_estate_pioneers_agent.csv,"[""https://opendoor.com/""]",2026-08-30,C,preserved_source_assertion
ast-f64d80564b79,org-opendoor-bd08442,Opendoor,entity_type,iBuyer technology-enabled brokerage,global_real_estate_pioneers_agent.csv,"[""https://opendoor.com/""]",2026-08-30,C,preserved_source_assertion
ast-8f99a0872e3a,org-opendoor-bd08442,Opendoor,evidence_grade,C,global_real_estate_pioneers_agent.csv,"[""https://opendoor.com/""]",2026-08-30,C,preserved_source_assertion
ast-10cf168b2e69,org-opendoor-bd08442,Opendoor,hq_country,United States,global_real_estate_pioneers_agent.csv,"[""https://opendoor.com/""]",2026-08-30,C,preserved_source_assertion
ast-6767c194b2f9,org-opendoor-bd08442,Opendoor,primary_lifecycle,S/F,global_real_estate_pioneers_agent.csv,"[""https://opendoor.com/""]",2026-08-30,C,preserved_source_assertion
ast-69e4fd1ef4b3,org-opendoor-bd08442,Opendoor,relevance_tier,B,global_real_estate_pioneers_agent.csv,"[""https://opendoor.com/""]",2026-08-30,C,preserved_source_assertion
ast-31ae20d56c52,org-opendoor-bd08442,Opendoor,status,active,global_real_estate_pioneers_agent.csv,"[""https://opendoor.com/""]",2026-08-30,C,preserved_source_assertion
ast-4f2d2cacfcc2,org-opensolar-375b039,OpenSolar,business_model,SaaS subscription with free core product,startup_core_additions.csv,"[""https://2150.vc/investments/opensolar"",""https://opensolar.com/""]",2026-08-30,A,preserved_source_assertion
ast-d0982692e4c1,org-opensolar-375b039,OpenSolar,canonical_url,https://www.opensolar.com/,startup_core_additions.csv,"[""https://2150.vc/investments/opensolar"",""https://opensolar.com/""]",2026-08-30,A,preserved_source_assertion
ast-be296f3be612,org-opensolar-375b039,OpenSolar,category,solar contractor design sales finance and project-management software,startup_core_additions.csv,"[""https://2150.vc/investments/opensolar"",""https://opensolar.com/""]",2026-08-30,A,preserved_source_assertion
ast-d5c273b876f7,org-opensolar-375b039,OpenSolar,cohort_or_ecosystem,2150,startup_core_additions.csv,"[""https://2150.vc/investments/opensolar"",""https://opensolar.com/""]",2026-08-30,A,preserved_source_assertion
ast-24324879b0e5,org-opensolar-375b039,OpenSolar,entity_type,private company,startup_core_additions.csv,"[""https://2150.vc/investments/opensolar"",""https://opensolar.com/""]",2026-08-30,A,preserved_source_assertion
ast-e66dfe73e866,org-opensolar-375b039,OpenSolar,evidence_grade,A,startup_core_additions.csv,"[""https://2150.vc/investments/opensolar"",""https://opensolar.com/""]",2026-08-30,A,preserved_source_assertion
ast-18070a5d1069,org-opensolar-375b039,OpenSolar,hq_country,United Kingdom,startup_core_additions.csv,"[""https://2150.vc/investments/opensolar"",""https://opensolar.com/""]",2026-08-30,A,preserved_source_assertion
ast-9d7dfe968226,org-opensolar-375b039,OpenSolar,maturity,scaleup,startup_core_additions.csv,"[""https://2150.vc/investments/opensolar"",""https://opensolar.com/""]",2026-08-30,A,preserved_source_assertion
ast-ce9367e173ac,org-opensolar-375b039,OpenSolar,primary_lifecycle,L6 Marketing/sales,startup_core_additions.csv,"[""https://2150.vc/investments/opensolar"",""https://opensolar.com/""]",2026-08-30,A,preserved_source_assertion
ast-9281c2c49cc1,org-opensolar-375b039,OpenSolar,relevance_tier,A,startup_core_additions.csv,"[""https://2150.vc/investments/opensolar"",""https://opensolar.com/""]",2026-08-30,A,preserved_source_assertion
ast-1bc7d803de92,org-opensolar-375b039,OpenSolar,secondary_lifecycle,L10 Climate/energy,startup_core_additions.csv,"[""https://2150.vc/investments/opensolar"",""https://opensolar.com/""]",2026-08-30,A,preserved_source_assertion
ast-4a8b08e8b47d,org-opensolar-375b039,OpenSolar,status,active,startup_core_additions.csv,"[""https://2150.vc/investments/opensolar"",""https://opensolar.com/""]",2026-08-30,A,preserved_source_assertion
ast-ad0b57ac776a,org-opensolar-375b039,OpenSolar,status_as_of,2026-08-30,startup_core_additions.csv,"[""https://2150.vc/investments/opensolar"",""https://opensolar.com/""]",2026-08-30,A,preserved_source_assertion
ast-50f5b7c065c3,org-openspace-15aa2fd,OpenSpace,business_model,Managed capture plus SaaS,proptech_startups_agent.csv,"[""https://get.openspace.ai/rs/283-OVQ-169/images/OpenSpace-Case-Study-Lendlease-en.pdf"",""https://openspace.ai/""]",2026-08-30,A,preserved_source_assertion
ast-c6b0ca690b9b,org-openspace-15aa2fd,OpenSpace,canonical_url,https://www.openspace.ai/,proptech_startups_agent.csv,"[""https://get.openspace.ai/rs/283-OVQ-169/images/OpenSpace-Case-Study-Lendlease-en.pdf"",""https://openspace.ai/""]",2026-08-30,A,preserved_source_assertion
ast-0ff1971e3051,org-openspace-15aa2fd,OpenSpace,category,Reality capture progress,proptech_startups_agent.csv,"[""https://get.openspace.ai/rs/283-OVQ-169/images/OpenSpace-Case-Study-Lendlease-en.pdf"",""https://openspace.ai/""]",2026-08-30,A,preserved_source_assertion
ast-46d4859e9481,org-openspace-15aa2fd,OpenSpace,cohort_or_ecosystem,Taronga RealTechX,proptech_startups_agent.csv,"[""https://get.openspace.ai/rs/283-OVQ-169/images/OpenSpace-Case-Study-Lendlease-en.pdf"",""https://openspace.ai/""]",2026-08-30,A,preserved_source_assertion
ast-efb8b2345a34,org-openspace-15aa2fd,OpenSpace,entity_type,Company,proptech_startups_agent.csv,"[""https://get.openspace.ai/rs/283-OVQ-169/images/OpenSpace-Case-Study-Lendlease-en.pdf"",""https://openspace.ai/""]",2026-08-30,A,preserved_source_assertion
ast-92ff5cffac18,org-openspace-15aa2fd,OpenSpace,evidence_grade,A,proptech_startups_agent.csv,"[""https://get.openspace.ai/rs/283-OVQ-169/images/OpenSpace-Case-Study-Lendlease-en.pdf"",""https://openspace.ai/""]",2026-08-30,A,preserved_source_assertion
ast-9718dd9d8181,org-openspace-15aa2fd,OpenSpace,founding_year,2017,proptech_startups_agent.csv,"[""https://get.openspace.ai/rs/283-OVQ-169/images/OpenSpace-Case-Study-Lendlease-en.pdf"",""https://openspace.ai/""]",2026-08-30,A,preserved_source_assertion
ast-6019286bd4d0,org-openspace-15aa2fd,OpenSpace,hq_country,United States,proptech_startups_agent.csv,"[""https://get.openspace.ai/rs/283-OVQ-169/images/OpenSpace-Case-Study-Lendlease-en.pdf"",""https://openspace.ai/""]",2026-08-30,A,preserved_source_assertion
ast-22e42876e4b8,org-openspace-15aa2fd,OpenSpace,maturity,Scaleup,proptech_startups_agent.csv,"[""https://get.openspace.ai/rs/283-OVQ-169/images/OpenSpace-Case-Study-Lendlease-en.pdf"",""https://openspace.ai/""]",2026-08-30,A,preserved_source_assertion
ast-da729311499b,org-openspace-15aa2fd,OpenSpace,primary_lifecycle,Construction,proptech_startups_agent.csv,"[""https://get.openspace.ai/rs/283-OVQ-169/images/OpenSpace-Case-Study-Lendlease-en.pdf"",""https://openspace.ai/""]",2026-08-30,A,preserved_source_assertion
ast-3b16f325c655,org-openspace-15aa2fd,OpenSpace,relevance_tier,A,proptech_startups_agent.csv,"[""https://get.openspace.ai/rs/283-OVQ-169/images/OpenSpace-Case-Study-Lendlease-en.pdf"",""https://openspace.ai/""]",2026-08-30,A,preserved_source_assertion
ast-338c94ec3046,org-openspace-15aa2fd,OpenSpace,secondary_lifecycle,Design,proptech_startups_agent.csv,"[""https://get.openspace.ai/rs/283-OVQ-169/images/OpenSpace-Case-Study-Lendlease-en.pdf"",""https://openspace.ai/""]",2026-08-30,A,preserved_source_assertion
ast-af44c7b2cefa,org-openspace-15aa2fd,OpenSpace,status,Active,proptech_startups_agent.csv,"[""https://get.openspace.ai/rs/283-OVQ-169/images/OpenSpace-Case-Study-Lendlease-en.pdf"",""https://openspace.ai/""]",2026-08-30,A,preserved_source_assertion
ast-fc99a8efd9be,org-openspace-15aa2fd,OpenSpace,status_as_of,2026-08-30,proptech_startups_agent.csv,"[""https://get.openspace.ai/rs/283-OVQ-169/images/OpenSpace-Case-Study-Lendlease-en.pdf"",""https://openspace.ai/""]",2026-08-30,A,preserved_source_assertion
ast-607dc6f23fbe,org-oracle-construction-and-engineering-7e92f1f,Oracle Construction & Engineering,business_model,enterprise software licensing and cloud services,enterprise_platform_additions.csv,"[""https://docs.oracle.com/en/industries/construction-engineering"",""https://oracle.com/construction-engineering/aconex"",""https://oracle.com/construction-engineering/textura-construction-payment-management""]",2026-08-30,A,preserved_source_assertion
ast-e5880496a22f,org-oracle-construction-and-engineering-7e92f1f,Oracle Construction & Engineering,canonical_url,https://www.oracle.com/construction-engineering/aconex/,enterprise_platform_additions.csv,"[""https://docs.oracle.com/en/industries/construction-engineering"",""https://oracle.com/construction-engineering/aconex"",""https://oracle.com/construction-engineering/textura-construction-payment-management""]",2026-08-30,A,preserved_source_assertion
ast-7e47b44c0fa2,org-oracle-construction-and-engineering-7e92f1f,Oracle Construction & Engineering,category,construction CDE payment and project-controls platform suite,enterprise_platform_additions.csv,"[""https://docs.oracle.com/en/industries/construction-engineering"",""https://oracle.com/construction-engineering/aconex"",""https://oracle.com/construction-engineering/textura-construction-payment-management""]",2026-08-30,A,preserved_source_assertion
ast-38ddf665eee9,org-oracle-construction-and-engineering-7e92f1f,Oracle Construction & Engineering,cohort_or_ecosystem,Oracle,enterprise_platform_additions.csv,"[""https://docs.oracle.com/en/industries/construction-engineering"",""https://oracle.com/construction-engineering/aconex"",""https://oracle.com/construction-engineering/textura-construction-payment-management""]",2026-08-30,A,preserved_source_assertion
ast-e896afb692c6,org-oracle-construction-and-engineering-7e92f1f,Oracle Construction & Engineering,entity_type,public company,enterprise_platform_additions.csv,"[""https://docs.oracle.com/en/industries/construction-engineering"",""https://oracle.com/construction-engineering/aconex"",""https://oracle.com/construction-engineering/textura-construction-payment-management""]",2026-08-30,A,preserved_source_assertion
ast-4a82d0dc5d59,org-oracle-construction-and-engineering-7e92f1f,Oracle Construction & Engineering,evidence_grade,A,enterprise_platform_additions.csv,"[""https://docs.oracle.com/en/industries/construction-engineering"",""https://oracle.com/construction-engineering/aconex"",""https://oracle.com/construction-engineering/textura-construction-payment-management""]",2026-08-30,A,preserved_source_assertion
ast-17c22686c730,org-oracle-construction-and-engineering-7e92f1f,Oracle Construction & Engineering,founding_year,unknown,enterprise_platform_additions.csv,"[""https://docs.oracle.com/en/industries/construction-engineering"",""https://oracle.com/construction-engineering/aconex"",""https://oracle.com/construction-engineering/textura-construction-payment-management""]",2026-08-30,A,preserved_source_assertion
ast-22bac9b75a96,org-oracle-construction-and-engineering-7e92f1f,Oracle Construction & Engineering,hq_country,United States,enterprise_platform_additions.csv,"[""https://docs.oracle.com/en/industries/construction-engineering"",""https://oracle.com/construction-engineering/aconex"",""https://oracle.com/construction-engineering/textura-construction-payment-management""]",2026-08-30,A,preserved_source_assertion
ast-f1345c053f63,org-oracle-construction-and-engineering-7e92f1f,Oracle Construction & Engineering,maturity,enterprise,enterprise_platform_additions.csv,"[""https://docs.oracle.com/en/industries/construction-engineering"",""https://oracle.com/construction-engineering/aconex"",""https://oracle.com/construction-engineering/textura-construction-payment-management""]",2026-08-30,A,preserved_source_assertion
ast-97e5cb5107e6,org-oracle-construction-and-engineering-7e92f1f,Oracle Construction & Engineering,primary_lifecycle,L5 Construction,enterprise_platform_additions.csv,"[""https://docs.oracle.com/en/industries/construction-engineering"",""https://oracle.com/construction-engineering/aconex"",""https://oracle.com/construction-engineering/textura-construction-payment-management""]",2026-08-30,A,preserved_source_assertion
ast-bd0d424ea623,org-oracle-construction-and-engineering-7e92f1f,Oracle Construction & Engineering,relevance_tier,A,enterprise_platform_additions.csv,"[""https://docs.oracle.com/en/industries/construction-engineering"",""https://oracle.com/construction-engineering/aconex"",""https://oracle.com/construction-engineering/textura-construction-payment-management""]",2026-08-30,A,preserved_source_assertion
ast-6478fab197c5,org-oracle-construction-and-engineering-7e92f1f,Oracle Construction & Engineering,secondary_lifecycle,L2 Feasibility/L3 Capital/finance/L11 Handover/end-of-life,enterprise_platform_additions.csv,"[""https://docs.oracle.com/en/industries/construction-engineering"",""https://oracle.com/construction-engineering/aconex"",""https://oracle.com/construction-engineering/textura-construction-payment-management""]",2026-08-30,A,preserved_source_assertion
ast-49d811c05a52,org-oracle-construction-and-engineering-7e92f1f,Oracle Construction & Engineering,status,active,enterprise_platform_additions.csv,"[""https://docs.oracle.com/en/industries/construction-engineering"",""https://oracle.com/construction-engineering/aconex"",""https://oracle.com/construction-engineering/textura-construction-payment-management""]",2026-08-30,A,preserved_source_assertion
ast-9db45ea8e946,org-oracle-construction-and-engineering-7e92f1f,Oracle Construction & Engineering,status_as_of,2026-08-30,enterprise_platform_additions.csv,"[""https://docs.oracle.com/en/industries/construction-engineering"",""https://oracle.com/construction-engineering/aconex"",""https://oracle.com/construction-engineering/textura-construction-payment-management""]",2026-08-30,A,preserved_source_assertion
ast-7beacedb9c79,org-orbital-witness-cc3955e,Orbital Witness,business_model,legal-tech SaaS and document services,coverage_gap_additions.csv,"[""https://orbital.tech/uk"",""https://orbital.tech/uk/solutions/acquisitions""]",2026-08-30,A,preserved_source_assertion
ast-a662e55ba94a,org-orbital-witness-cc3955e,Orbital Witness,canonical_url,https://www.orbital.tech/uk,coverage_gap_additions.csv,"[""https://orbital.tech/uk"",""https://orbital.tech/uk/solutions/acquisitions""]",2026-08-30,A,preserved_source_assertion
ast-8260a117dc62,org-orbital-witness-cc3955e,Orbital Witness,category,AI-assisted title and property due diligence,coverage_gap_additions.csv,"[""https://orbital.tech/uk"",""https://orbital.tech/uk/solutions/acquisitions""]",2026-08-30,A,preserved_source_assertion
ast-92ecc0f016da,org-orbital-witness-cc3955e,Orbital Witness,cohort_or_ecosystem,Independent,coverage_gap_additions.csv,"[""https://orbital.tech/uk"",""https://orbital.tech/uk/solutions/acquisitions""]",2026-08-30,A,preserved_source_assertion
ast-e907d234837b,org-orbital-witness-cc3955e,Orbital Witness,entity_type,private company,coverage_gap_additions.csv,"[""https://orbital.tech/uk"",""https://orbital.tech/uk/solutions/acquisitions""]",2026-08-30,A,preserved_source_assertion
ast-8b3cdf783ecd,org-orbital-witness-cc3955e,Orbital Witness,evidence_grade,A,coverage_gap_additions.csv,"[""https://orbital.tech/uk"",""https://orbital.tech/uk/solutions/acquisitions""]",2026-08-30,A,preserved_source_assertion
ast-d696b2df00bc,org-orbital-witness-cc3955e,Orbital Witness,founding_year,unknown,coverage_gap_additions.csv,"[""https://orbital.tech/uk"",""https://orbital.tech/uk/solutions/acquisitions""]",2026-08-30,A,preserved_source_assertion
ast-60dbc8070f6f,org-orbital-witness-cc3955e,Orbital Witness,hq_country,United Kingdom,coverage_gap_additions.csv,"[""https://orbital.tech/uk"",""https://orbital.tech/uk/solutions/acquisitions""]",2026-08-30,A,preserved_source_assertion
ast-ae19bf26f686,org-orbital-witness-cc3955e,Orbital Witness,maturity,scaleup,coverage_gap_additions.csv,"[""https://orbital.tech/uk"",""https://orbital.tech/uk/solutions/acquisitions""]",2026-08-30,A,preserved_source_assertion
ast-ccb6f2bdc985,org-orbital-witness-cc3955e,Orbital Witness,primary_lifecycle,L1 Land/site,coverage_gap_additions.csv,"[""https://orbital.tech/uk"",""https://orbital.tech/uk/solutions/acquisitions""]",2026-08-30,A,preserved_source_assertion
ast-2de4f630ac9c,org-orbital-witness-cc3955e,Orbital Witness,relevance_tier,A,coverage_gap_additions.csv,"[""https://orbital.tech/uk"",""https://orbital.tech/uk/solutions/acquisitions""]",2026-08-30,A,preserved_source_assertion
ast-4b9cd9f435e7,org-orbital-witness-cc3955e,Orbital Witness,secondary_lifecycle,L3 Capital/finance/L6 Marketing/sales,coverage_gap_additions.csv,"[""https://orbital.tech/uk"",""https://orbital.tech/uk/solutions/acquisitions""]",2026-08-30,A,preserved_source_assertion
ast-273b54e805f9,org-orbital-witness-cc3955e,Orbital Witness,status,active,coverage_gap_additions.csv,"[""https://orbital.tech/uk"",""https://orbital.tech/uk/solutions/acquisitions""]",2026-08-30,A,preserved_source_assertion
ast-322f4872b25c,org-orbital-witness-cc3955e,Orbital Witness,status_as_of,2026-08-30,coverage_gap_additions.csv,"[""https://orbital.tech/uk"",""https://orbital.tech/uk/solutions/acquisitions""]",2026-08-30,A,preserved_source_assertion
ast-faa476bf8851,org-outbuild-f066346,Outbuild,business_model,SaaS subscription,startup_core_additions.csv,"[""https://outbuild.com/"",""https://outbuild.com/about-us"",""https://zacuaventures.com/portfolio""]",2026-08-30,A,preserved_source_assertion
ast-19083326bc86,org-outbuild-f066346,Outbuild,canonical_url,https://www.outbuild.com/,startup_core_additions.csv,"[""https://outbuild.com/"",""https://outbuild.com/about-us"",""https://zacuaventures.com/portfolio""]",2026-08-30,A,preserved_source_assertion
ast-9c2db1344afe,org-outbuild-f066346,Outbuild,category,scheduling and field coordination software,startup_core_additions.csv,"[""https://outbuild.com/"",""https://outbuild.com/about-us"",""https://zacuaventures.com/portfolio""]",2026-08-30,A,preserved_source_assertion
ast-685f5d439c9c,org-outbuild-f066346,Outbuild,cohort_or_ecosystem,Zacua Ventures,startup_core_additions.csv,"[""https://outbuild.com/"",""https://outbuild.com/about-us"",""https://zacuaventures.com/portfolio""]",2026-08-30,A,preserved_source_assertion
ast-7ace73afd1ba,org-outbuild-f066346,Outbuild,entity_type,private company,startup_core_additions.csv,"[""https://outbuild.com/"",""https://outbuild.com/about-us"",""https://zacuaventures.com/portfolio""]",2026-08-30,A,preserved_source_assertion
ast-7d07ba36349c,org-outbuild-f066346,Outbuild,evidence_grade,A,startup_core_additions.csv,"[""https://outbuild.com/"",""https://outbuild.com/about-us"",""https://zacuaventures.com/portfolio""]",2026-08-30,A,preserved_source_assertion
ast-1b15344f7a9b,org-outbuild-f066346,Outbuild,hq_country,United States,startup_core_additions.csv,"[""https://outbuild.com/"",""https://outbuild.com/about-us"",""https://zacuaventures.com/portfolio""]",2026-08-30,A,preserved_source_assertion
ast-de148dfe4925,org-outbuild-f066346,Outbuild,maturity,scaleup,startup_core_additions.csv,"[""https://outbuild.com/"",""https://outbuild.com/about-us"",""https://zacuaventures.com/portfolio""]",2026-08-30,A,preserved_source_assertion
ast-506fcc767390,org-outbuild-f066346,Outbuild,primary_lifecycle,L5 Construction,startup_core_additions.csv,"[""https://outbuild.com/"",""https://outbuild.com/about-us"",""https://zacuaventures.com/portfolio""]",2026-08-30,A,preserved_source_assertion
ast-77005d8a6d1c,org-outbuild-f066346,Outbuild,relevance_tier,A,startup_core_additions.csv,"[""https://outbuild.com/"",""https://outbuild.com/about-us"",""https://zacuaventures.com/portfolio""]",2026-08-30,A,preserved_source_assertion
ast-1234b47a997c,org-outbuild-f066346,Outbuild,secondary_lifecycle,L9 Portfolio,startup_core_additions.csv,"[""https://outbuild.com/"",""https://outbuild.com/about-us"",""https://zacuaventures.com/portfolio""]",2026-08-30,A,preserved_source_assertion
ast-d94c3b5eeb5a,org-outbuild-f066346,Outbuild,status,active,startup_core_additions.csv,"[""https://outbuild.com/"",""https://outbuild.com/about-us"",""https://zacuaventures.com/portfolio""]",2026-08-30,A,preserved_source_assertion
ast-d883e6cad2cf,org-outbuild-f066346,Outbuild,status_as_of,2026-08-30,startup_core_additions.csv,"[""https://outbuild.com/"",""https://outbuild.com/about-us"",""https://zacuaventures.com/portfolio""]",2026-08-30,A,preserved_source_assertion
ast-b9ac8f4861bc,org-oxford-properties-1e070f3,Oxford Properties,canonical_url,https://www.oxfordproperties.com/,global_real_estate_pioneers_agent.csv,"[""https://oxfordproperties.com/""]",2026-08-30,C,preserved_source_assertion
ast-458baabd559b,org-oxford-properties-1e070f3,Oxford Properties,entity_type,institutional owner manager,global_real_estate_pioneers_agent.csv,"[""https://oxfordproperties.com/""]",2026-08-30,C,preserved_source_assertion
ast-5218fa35f522,org-oxford-properties-1e070f3,Oxford Properties,evidence_grade,C,global_real_estate_pioneers_agent.csv,"[""https://oxfordproperties.com/""]",2026-08-30,C,preserved_source_assertion
ast-836081f7c2cc,org-oxford-properties-1e070f3,Oxford Properties,hq_country,Canada,global_real_estate_pioneers_agent.csv,"[""https://oxfordproperties.com/""]",2026-08-30,C,preserved_source_assertion
ast-801ff8138d2a,org-oxford-properties-1e070f3,Oxford Properties,primary_lifecycle,F/O/E,global_real_estate_pioneers_agent.csv,"[""https://oxfordproperties.com/""]",2026-08-30,C,preserved_source_assertion
ast-73b293655b8a,org-oxford-properties-1e070f3,Oxford Properties,relevance_tier,B,global_real_estate_pioneers_agent.csv,"[""https://oxfordproperties.com/""]",2026-08-30,C,preserved_source_assertion
ast-985c329e7ec0,org-oxford-properties-1e070f3,Oxford Properties,status,active,global_real_estate_pioneers_agent.csv,"[""https://oxfordproperties.com/""]",2026-08-30,C,preserved_source_assertion
ast-ab643700ba6e,org-paces-c08a2fe,Paces,business_model,AI SaaS and development services,coverage_gap_additions.csv,"[""https://ycombinator.com/companies/paces""]",2026-08-30,A,preserved_source_assertion
ast-7dda299a376e,org-paces-c08a2fe,Paces,canonical_url,https://www.ycombinator.com/companies/paces,coverage_gap_additions.csv,"[""https://ycombinator.com/companies/paces""]",2026-08-30,A,preserved_source_assertion
ast-e27bf583fc91,org-paces-c08a2fe,Paces,category,AI siting interconnection permitting and renewable/data-center development,coverage_gap_additions.csv,"[""https://ycombinator.com/companies/paces""]",2026-08-30,A,preserved_source_assertion
ast-b0466cb259af,org-paces-c08a2fe,Paces,cohort_or_ecosystem,Y Combinator S2022,coverage_gap_additions.csv,"[""https://ycombinator.com/companies/paces""]",2026-08-30,A,preserved_source_assertion
ast-5c161739e70e,org-paces-c08a2fe,Paces,entity_type,private startup,coverage_gap_additions.csv,"[""https://ycombinator.com/companies/paces""]",2026-08-30,A,preserved_source_assertion
ast-4c72a99ee6f0,org-paces-c08a2fe,Paces,evidence_grade,A,coverage_gap_additions.csv,"[""https://ycombinator.com/companies/paces""]",2026-08-30,A,preserved_source_assertion
ast-9f0e7fde8e43,org-paces-c08a2fe,Paces,founding_year,2022,coverage_gap_additions.csv,"[""https://ycombinator.com/companies/paces""]",2026-08-30,A,preserved_source_assertion
ast-7d46b397af38,org-paces-c08a2fe,Paces,hq_country,United States,coverage_gap_additions.csv,"[""https://ycombinator.com/companies/paces""]",2026-08-30,A,preserved_source_assertion
ast-2c44be5b1152,org-paces-c08a2fe,Paces,maturity,early-growth,coverage_gap_additions.csv,"[""https://ycombinator.com/companies/paces""]",2026-08-30,A,preserved_source_assertion
ast-b9c3951ab181,org-paces-c08a2fe,Paces,primary_lifecycle,L1 Land/site,coverage_gap_additions.csv,"[""https://ycombinator.com/companies/paces""]",2026-08-30,A,preserved_source_assertion
ast-847061711501,org-paces-c08a2fe,Paces,relevance_tier,B,coverage_gap_additions.csv,"[""https://ycombinator.com/companies/paces""]",2026-08-30,A,preserved_source_assertion
ast-bfaf1b9164ef,org-paces-c08a2fe,Paces,secondary_lifecycle,L2 Feasibility/L5 Construction,coverage_gap_additions.csv,"[""https://ycombinator.com/companies/paces""]",2026-08-30,A,preserved_source_assertion
ast-9a65a0f00b30,org-paces-c08a2fe,Paces,status,active,coverage_gap_additions.csv,"[""https://ycombinator.com/companies/paces""]",2026-08-30,A,preserved_source_assertion
ast-029e2adb8577,org-paces-c08a2fe,Paces,status_as_of,2026-08-30,coverage_gap_additions.csv,"[""https://ycombinator.com/companies/paces""]",2026-08-30,A,preserved_source_assertion
ast-bf20524cca64,org-pares-ai-de8df6d,PARES AI,business_model,AI-native services,proptech_startups_agent.csv,"[""https://ycombinator.com/companies/pares-ai""]",2026-08-30,A,preserved_source_assertion
ast-766fb7c13826,org-pares-ai-de8df6d,PARES AI,canonical_url,https://www.ycombinator.com/companies/pares-ai,proptech_startups_agent.csv,"[""https://ycombinator.com/companies/pares-ai""]",2026-08-30,A,preserved_source_assertion
ast-bdf08d11acc3,org-pares-ai-de8df6d,PARES AI,category,AI brokerage/property management,proptech_startups_agent.csv,"[""https://ycombinator.com/companies/pares-ai""]",2026-08-30,A,preserved_source_assertion
ast-7bd1b7f2ff05,org-pares-ai-de8df6d,PARES AI,cohort_or_ecosystem,YC S2025,proptech_startups_agent.csv,"[""https://ycombinator.com/companies/pares-ai""]",2026-08-30,A,preserved_source_assertion
ast-c9e21a2a02f0,org-pares-ai-de8df6d,PARES AI,entity_type,Company,proptech_startups_agent.csv,"[""https://ycombinator.com/companies/pares-ai""]",2026-08-30,A,preserved_source_assertion
ast-1a38d581ff3c,org-pares-ai-de8df6d,PARES AI,evidence_grade,A,proptech_startups_agent.csv,"[""https://ycombinator.com/companies/pares-ai""]",2026-08-30,A,preserved_source_assertion
ast-9afc3d69f9ab,org-pares-ai-de8df6d,PARES AI,founding_year,Unknown,proptech_startups_agent.csv,"[""https://ycombinator.com/companies/pares-ai""]",2026-08-30,A,preserved_source_assertion
ast-4843a4be0d1c,org-pares-ai-de8df6d,PARES AI,hq_country,United States,proptech_startups_agent.csv,"[""https://ycombinator.com/companies/pares-ai""]",2026-08-30,A,preserved_source_assertion
ast-187048d63a7b,org-pares-ai-de8df6d,PARES AI,maturity,Very early,proptech_startups_agent.csv,"[""https://ycombinator.com/companies/pares-ai""]",2026-08-30,A,preserved_source_assertion
ast-2a4d6cdbbbf4,org-pares-ai-de8df6d,PARES AI,primary_lifecycle,Operations,proptech_startups_agent.csv,"[""https://ycombinator.com/companies/pares-ai""]",2026-08-30,A,preserved_source_assertion
ast-59735a2da2bb,org-pares-ai-de8df6d,PARES AI,relevance_tier,B,proptech_startups_agent.csv,"[""https://ycombinator.com/companies/pares-ai""]",2026-08-30,A,preserved_source_assertion
ast-ea770957ca82,org-pares-ai-de8df6d,PARES AI,secondary_lifecycle,Sales,proptech_startups_agent.csv,"[""https://ycombinator.com/companies/pares-ai""]",2026-08-30,A,preserved_source_assertion
ast-20f2893bc859,org-pares-ai-de8df6d,PARES AI,status,Active,proptech_startups_agent.csv,"[""https://ycombinator.com/companies/pares-ai""]",2026-08-30,A,preserved_source_assertion
ast-d27224d89e02,org-pares-ai-de8df6d,PARES AI,status_as_of,2026-08-30,proptech_startups_agent.csv,"[""https://ycombinator.com/companies/pares-ai""]",2026-08-30,A,preserved_source_assertion
ast-a3aef86aa461,org-passivelogic-138e956,PassiveLogic,business_model,AI SaaS and hardware software,enterprise_platform_additions.csv,"[""https://passivelogic.com/"",""https://passivelogic.com/downloads/Builder-ProdSheet-%202025_web.pdf"",""https://prnewswire.com/news-releases/passivelogic-introduces-the-worlds-first-generative-autonomy-platform-for-buildings-and-industrial-infrastructure-302820208.html""]",2026-08-30,B,preserved_source_assertion
ast-2a1d85de7c95,org-passivelogic-138e956,PassiveLogic,canonical_url,https://www.passivelogic.com/,enterprise_platform_additions.csv,"[""https://passivelogic.com/"",""https://passivelogic.com/downloads/Builder-ProdSheet-%202025_web.pdf"",""https://prnewswire.com/news-releases/passivelogic-introduces-the-worlds-first-generative-autonomy-platform-for-buildings-and-industrial-infrastructure-302820208.html""]",2026-08-30,B,preserved_source_assertion
ast-64140a18ef2f,org-passivelogic-138e956,PassiveLogic,category,physics-based digital twin generative controls and autonomous building platform,enterprise_platform_additions.csv,"[""https://passivelogic.com/"",""https://passivelogic.com/downloads/Builder-ProdSheet-%202025_web.pdf"",""https://prnewswire.com/news-releases/passivelogic-introduces-the-worlds-first-generative-autonomy-platform-for-buildings-and-industrial-infrastructure-302820208.html""]",2026-08-30,B,preserved_source_assertion
ast-1d02b650378e,org-passivelogic-138e956,PassiveLogic,cohort_or_ecosystem,RET Ventures portfolio,enterprise_platform_additions.csv,"[""https://passivelogic.com/"",""https://passivelogic.com/downloads/Builder-ProdSheet-%202025_web.pdf"",""https://prnewswire.com/news-releases/passivelogic-introduces-the-worlds-first-generative-autonomy-platform-for-buildings-and-industrial-infrastructure-302820208.html""]",2026-08-30,B,preserved_source_assertion
ast-d0e844f721eb,org-passivelogic-138e956,PassiveLogic,entity_type,private startup,enterprise_platform_additions.csv,"[""https://passivelogic.com/"",""https://passivelogic.com/downloads/Builder-ProdSheet-%202025_web.pdf"",""https://prnewswire.com/news-releases/passivelogic-introduces-the-worlds-first-generative-autonomy-platform-for-buildings-and-industrial-infrastructure-302820208.html""]",2026-08-30,B,preserved_source_assertion
ast-40b3d2eb651a,org-passivelogic-138e956,PassiveLogic,evidence_grade,B,enterprise_platform_additions.csv,"[""https://passivelogic.com/"",""https://passivelogic.com/downloads/Builder-ProdSheet-%202025_web.pdf"",""https://prnewswire.com/news-releases/passivelogic-introduces-the-worlds-first-generative-autonomy-platform-for-buildings-and-industrial-infrastructure-302820208.html""]",2026-08-30,B,preserved_source_assertion
ast-82137e6b4174,org-passivelogic-138e956,PassiveLogic,founding_year,unknown,enterprise_platform_additions.csv,"[""https://passivelogic.com/"",""https://passivelogic.com/downloads/Builder-ProdSheet-%202025_web.pdf"",""https://prnewswire.com/news-releases/passivelogic-introduces-the-worlds-first-generative-autonomy-platform-for-buildings-and-industrial-infrastructure-302820208.html""]",2026-08-30,B,preserved_source_assertion
ast-3c4dfd5c1fee,org-passivelogic-138e956,PassiveLogic,hq_country,United States,enterprise_platform_additions.csv,"[""https://passivelogic.com/"",""https://passivelogic.com/downloads/Builder-ProdSheet-%202025_web.pdf"",""https://prnewswire.com/news-releases/passivelogic-introduces-the-worlds-first-generative-autonomy-platform-for-buildings-and-industrial-infrastructure-302820208.html""]",2026-08-30,B,preserved_source_assertion
ast-a6e6552add11,org-passivelogic-138e956,PassiveLogic,maturity,early-growth,enterprise_platform_additions.csv,"[""https://passivelogic.com/"",""https://passivelogic.com/downloads/Builder-ProdSheet-%202025_web.pdf"",""https://prnewswire.com/news-releases/passivelogic-introduces-the-worlds-first-generative-autonomy-platform-for-buildings-and-industrial-infrastructure-302820208.html""]",2026-08-30,B,preserved_source_assertion
ast-512fb554dd92,org-passivelogic-138e956,PassiveLogic,primary_lifecycle,L4 Design,enterprise_platform_additions.csv,"[""https://passivelogic.com/"",""https://passivelogic.com/downloads/Builder-ProdSheet-%202025_web.pdf"",""https://prnewswire.com/news-releases/passivelogic-introduces-the-worlds-first-generative-autonomy-platform-for-buildings-and-industrial-infrastructure-302820208.html""]",2026-08-30,B,preserved_source_assertion
ast-9324a9ecf9ec,org-passivelogic-138e956,PassiveLogic,relevance_tier,B,enterprise_platform_additions.csv,"[""https://passivelogic.com/"",""https://passivelogic.com/downloads/Builder-ProdSheet-%202025_web.pdf"",""https://prnewswire.com/news-releases/passivelogic-introduces-the-worlds-first-generative-autonomy-platform-for-buildings-and-industrial-infrastructure-302820208.html""]",2026-08-30,B,preserved_source_assertion
ast-af154fdf2098,org-passivelogic-138e956,PassiveLogic,secondary_lifecycle,L5 Construction/L8 Property operations/L10 ESG,enterprise_platform_additions.csv,"[""https://passivelogic.com/"",""https://passivelogic.com/downloads/Builder-ProdSheet-%202025_web.pdf"",""https://prnewswire.com/news-releases/passivelogic-introduces-the-worlds-first-generative-autonomy-platform-for-buildings-and-industrial-infrastructure-302820208.html""]",2026-08-30,B,preserved_source_assertion
ast-9b6241af7046,org-passivelogic-138e956,PassiveLogic,status,active,enterprise_platform_additions.csv,"[""https://passivelogic.com/"",""https://passivelogic.com/downloads/Builder-ProdSheet-%202025_web.pdf"",""https://prnewswire.com/news-releases/passivelogic-introduces-the-worlds-first-generative-autonomy-platform-for-buildings-and-industrial-infrastructure-302820208.html""]",2026-08-30,B,preserved_source_assertion
ast-3582e5ee0ce7,org-passivelogic-138e956,PassiveLogic,status_as_of,2026-08-30,enterprise_platform_additions.csv,"[""https://passivelogic.com/"",""https://passivelogic.com/downloads/Builder-ProdSheet-%202025_web.pdf"",""https://prnewswire.com/news-releases/passivelogic-introduces-the-worlds-first-generative-autonomy-platform-for-buildings-and-industrial-infrastructure-302820208.html""]",2026-08-30,B,preserved_source_assertion
ast-a08d2a7c1f71,org-permitflow-157886b,PermitFlow,business_model,AI SaaS,coverage_gap_additions.csv,"[""https://ycombinator.com/companies/permitflow""]",2026-08-30,A,preserved_source_assertion
ast-adc42aa8d93f,org-permitflow-157886b,PermitFlow,canonical_url,https://www.ycombinator.com/companies/permitflow,coverage_gap_additions.csv,"[""https://ycombinator.com/companies/permitflow""]",2026-08-30,A,preserved_source_assertion
ast-53cf3e1c11cb,org-permitflow-157886b,PermitFlow,category,AI preconstruction and permit management,coverage_gap_additions.csv,"[""https://ycombinator.com/companies/permitflow""]",2026-08-30,A,preserved_source_assertion
ast-d33a5d574aa4,org-permitflow-157886b,PermitFlow,cohort_or_ecosystem,Y Combinator W2022,coverage_gap_additions.csv,"[""https://ycombinator.com/companies/permitflow""]",2026-08-30,A,preserved_source_assertion
ast-f8fc1a8e39f3,org-permitflow-157886b,PermitFlow,entity_type,private startup,coverage_gap_additions.csv,"[""https://ycombinator.com/companies/permitflow""]",2026-08-30,A,preserved_source_assertion
ast-c49981f71a6f,org-permitflow-157886b,PermitFlow,evidence_grade,A,coverage_gap_additions.csv,"[""https://ycombinator.com/companies/permitflow""]",2026-08-30,A,preserved_source_assertion
ast-302c2f9027d5,org-permitflow-157886b,PermitFlow,founding_year,2022,coverage_gap_additions.csv,"[""https://ycombinator.com/companies/permitflow""]",2026-08-30,A,preserved_source_assertion
ast-a8a72d7d70a9,org-permitflow-157886b,PermitFlow,hq_country,United States,coverage_gap_additions.csv,"[""https://ycombinator.com/companies/permitflow""]",2026-08-30,A,preserved_source_assertion
ast-2fbd03abcf40,org-permitflow-157886b,PermitFlow,maturity,scaleup,coverage_gap_additions.csv,"[""https://ycombinator.com/companies/permitflow""]",2026-08-30,A,preserved_source_assertion
ast-2163e18aff20,org-permitflow-157886b,PermitFlow,primary_lifecycle,L2 Feasibility,coverage_gap_additions.csv,"[""https://ycombinator.com/companies/permitflow""]",2026-08-30,A,preserved_source_assertion
ast-5a970edb47bb,org-permitflow-157886b,PermitFlow,relevance_tier,B,coverage_gap_additions.csv,"[""https://ycombinator.com/companies/permitflow""]",2026-08-30,A,preserved_source_assertion
ast-917efed66d81,org-permitflow-157886b,PermitFlow,secondary_lifecycle,L5 Construction/L1 Land/site,coverage_gap_additions.csv,"[""https://ycombinator.com/companies/permitflow""]",2026-08-30,A,preserved_source_assertion
ast-00a51ebe7836,org-permitflow-157886b,PermitFlow,status,active,coverage_gap_additions.csv,"[""https://ycombinator.com/companies/permitflow""]",2026-08-30,A,preserved_source_assertion
ast-0e4adddb9d13,org-permitflow-157886b,PermitFlow,status_as_of,2026-08-30,coverage_gap_additions.csv,"[""https://ycombinator.com/companies/permitflow""]",2026-08-30,A,preserved_source_assertion
ast-388aeb94e5a4,org-permitportal-5607258,PermitPortal,business_model,SaaS,proptech_startups_agent.csv,"[""https://ycombinator.com/companies/permitportal""]",2026-08-30,A,preserved_source_assertion
ast-2bf83638628f,org-permitportal-5607258,PermitPortal,canonical_url,https://www.ycombinator.com/companies/permitportal,proptech_startups_agent.csv,"[""https://ycombinator.com/companies/permitportal""]",2026-08-30,A,preserved_source_assertion
ast-d33c4e9d8c83,org-permitportal-5607258,PermitPortal,canonical_url,https://www.ycombinator.com/companies/industry/real-estate-and-construction,global_real_estate_pioneers_agent.csv,"[""https://ycombinator.com/companies/industry/real-estate-and-construction""]",2026-08-30,D,preserved_source_assertion
ast-79af6f7ee748,org-permitportal-5607258,PermitPortal,category,Entitlement permit workflow,proptech_startups_agent.csv,"[""https://ycombinator.com/companies/permitportal""]",2026-08-30,A,preserved_source_assertion
ast-6c552d121c00,org-permitportal-5607258,PermitPortal,cohort_or_ecosystem,YC F2024,proptech_startups_agent.csv,"[""https://ycombinator.com/companies/permitportal""]",2026-08-30,A,preserved_source_assertion
ast-6bbcc87b4630,org-permitportal-5607258,PermitPortal,entity_type,YC site-to-permit workflow startup,global_real_estate_pioneers_agent.csv,"[""https://ycombinator.com/companies/industry/real-estate-and-construction""]",2026-08-30,D,preserved_source_assertion
ast-8456b497ed0a,org-permitportal-5607258,PermitPortal,entity_type,Company,proptech_startups_agent.csv,"[""https://ycombinator.com/companies/permitportal""]",2026-08-30,A,preserved_source_assertion
ast-9146613a20ad,org-permitportal-5607258,PermitPortal,evidence_grade,D,global_real_estate_pioneers_agent.csv,"[""https://ycombinator.com/companies/industry/real-estate-and-construction""]",2026-08-30,D,preserved_source_assertion
ast-fc9bb03b053f,org-permitportal-5607258,PermitPortal,evidence_grade,A,proptech_startups_agent.csv,"[""https://ycombinator.com/companies/permitportal""]",2026-08-30,A,preserved_source_assertion
ast-7d4cefac48f8,org-permitportal-5607258,PermitPortal,founding_year,Unknown,proptech_startups_agent.csv,"[""https://ycombinator.com/companies/permitportal""]",2026-08-30,A,preserved_source_assertion
ast-6e03a67fcf0a,org-permitportal-5607258,PermitPortal,hq_country,United States,proptech_startups_agent.csv,"[""https://ycombinator.com/companies/permitportal""]",2026-08-30,A,preserved_source_assertion
ast-a8ebb2e105cc,org-permitportal-5607258,PermitPortal,hq_country,United States,global_real_estate_pioneers_agent.csv,"[""https://ycombinator.com/companies/industry/real-estate-and-construction""]",2026-08-30,D,preserved_source_assertion
ast-c3e21d04c8bb,org-permitportal-5607258,PermitPortal,maturity,Early,proptech_startups_agent.csv,"[""https://ycombinator.com/companies/permitportal""]",2026-08-30,A,preserved_source_assertion
ast-0548549718d2,org-permitportal-5607258,PermitPortal,primary_lifecycle,Land,proptech_startups_agent.csv,"[""https://ycombinator.com/companies/permitportal""]",2026-08-30,A,preserved_source_assertion
ast-3c7d92333935,org-permitportal-5607258,PermitPortal,primary_lifecycle,L/D,global_real_estate_pioneers_agent.csv,"[""https://ycombinator.com/companies/industry/real-estate-and-construction""]",2026-08-30,D,preserved_source_assertion
ast-0a7d7db79e84,org-permitportal-5607258,PermitPortal,relevance_tier,C,global_real_estate_pioneers_agent.csv,"[""https://ycombinator.com/companies/industry/real-estate-and-construction""]",2026-08-30,D,preserved_source_assertion
ast-e77382101591,org-permitportal-5607258,PermitPortal,relevance_tier,A,proptech_startups_agent.csv,"[""https://ycombinator.com/companies/permitportal""]",2026-08-30,A,preserved_source_assertion
ast-1b7ba49353fb,org-permitportal-5607258,PermitPortal,secondary_lifecycle,Construction,proptech_startups_agent.csv,"[""https://ycombinator.com/companies/permitportal""]",2026-08-30,A,preserved_source_assertion
ast-073496633aa0,org-permitportal-5607258,PermitPortal,status,Active,proptech_startups_agent.csv,"[""https://ycombinator.com/companies/permitportal""]",2026-08-30,A,preserved_source_assertion
ast-4f18a77e5fb5,org-permitportal-5607258,PermitPortal,status,watchlist,global_real_estate_pioneers_agent.csv,"[""https://ycombinator.com/companies/industry/real-estate-and-construction""]",2026-08-30,D,preserved_source_assertion
ast-880ff0ce91d8,org-permitportal-5607258,PermitPortal,status_as_of,2026-08-30,proptech_startups_agent.csv,"[""https://ycombinator.com/companies/permitportal""]",2026-08-30,A,preserved_source_assertion
ast-4fa48789ca93,org-pi-labs-portfolio-188a1d3,Pi Labs portfolio,business_model,Portfolio,proptech_startups_agent.csv,"[""https://pilabs.vc/portfolio?sort=date_desc""]",2026-08-30,A,preserved_source_assertion
ast-3541c6e5050c,org-pi-labs-portfolio-188a1d3,Pi Labs portfolio,canonical_url,https://pilabs.vc/portfolio?sort=date_desc,proptech_startups_agent.csv,"[""https://pilabs.vc/portfolio?sort=date_desc""]",2026-08-30,A,preserved_source_assertion
ast-f911d65233c2,org-pi-labs-portfolio-188a1d3,Pi Labs portfolio,category,PropTech ecosystem index,proptech_startups_agent.csv,"[""https://pilabs.vc/portfolio?sort=date_desc""]",2026-08-30,A,preserved_source_assertion
ast-7cbb99a5ae94,org-pi-labs-portfolio-188a1d3,Pi Labs portfolio,cohort_or_ecosystem,Pi Labs,proptech_startups_agent.csv,"[""https://pilabs.vc/portfolio?sort=date_desc""]",2026-08-30,A,preserved_source_assertion
ast-1434a71aaefc,org-pi-labs-portfolio-188a1d3,Pi Labs portfolio,entity_type,Investor/accelerator,proptech_startups_agent.csv,"[""https://pilabs.vc/portfolio?sort=date_desc""]",2026-08-30,A,preserved_source_assertion
ast-d12c2493a3fe,org-pi-labs-portfolio-188a1d3,Pi Labs portfolio,evidence_grade,A,proptech_startups_agent.csv,"[""https://pilabs.vc/portfolio?sort=date_desc""]",2026-08-30,A,preserved_source_assertion
ast-49a54bf9fe3a,org-pi-labs-portfolio-188a1d3,Pi Labs portfolio,founding_year,2015,proptech_startups_agent.csv,"[""https://pilabs.vc/portfolio?sort=date_desc""]",2026-08-30,A,preserved_source_assertion
ast-d704d70a7a6e,org-pi-labs-portfolio-188a1d3,Pi Labs portfolio,hq_country,United Kingdom,proptech_startups_agent.csv,"[""https://pilabs.vc/portfolio?sort=date_desc""]",2026-08-30,A,preserved_source_assertion
ast-ccd19a439546,org-pi-labs-portfolio-188a1d3,Pi Labs portfolio,maturity,Portfolio index,proptech_startups_agent.csv,"[""https://pilabs.vc/portfolio?sort=date_desc""]",2026-08-30,A,preserved_source_assertion
ast-863a6c70245a,org-pi-labs-portfolio-188a1d3,Pi Labs portfolio,primary_lifecycle,Data,proptech_startups_agent.csv,"[""https://pilabs.vc/portfolio?sort=date_desc""]",2026-08-30,A,preserved_source_assertion
ast-05631d99d98c,org-pi-labs-portfolio-188a1d3,Pi Labs portfolio,relevance_tier,C,proptech_startups_agent.csv,"[""https://pilabs.vc/portfolio?sort=date_desc""]",2026-08-30,A,preserved_source_assertion
ast-71e3cb953e27,org-pi-labs-portfolio-188a1d3,Pi Labs portfolio,secondary_lifecycle,Climate,proptech_startups_agent.csv,"[""https://pilabs.vc/portfolio?sort=date_desc""]",2026-08-30,A,preserved_source_assertion
ast-14dd82539987,org-pi-labs-portfolio-188a1d3,Pi Labs portfolio,status,Active index,proptech_startups_agent.csv,"[""https://pilabs.vc/portfolio?sort=date_desc""]",2026-08-30,A,preserved_source_assertion
ast-4989ef3bf5b3,org-pi-labs-portfolio-188a1d3,Pi Labs portfolio,status_as_of,2026-08-30,proptech_startups_agent.csv,"[""https://pilabs.vc/portfolio?sort=date_desc""]",2026-08-30,A,preserved_source_assertion
ast-46afec2c4965,org-pinhome-8799253,Pinhome,business_model,marketplace financial referral and services,coverage_gap_additions.csv,"[""https://assets.pinhome.id/static/market-report/downloads/market-report_downloads_id_market_report_2024_and_outlook_2025.pdf"",""https://pinhome.id/pages/tentang-kami""]",2026-08-30,A,preserved_source_assertion
ast-82398349d6bf,org-pinhome-8799253,Pinhome,canonical_url,https://www.pinhome.id/pages/tentang-kami,coverage_gap_additions.csv,"[""https://assets.pinhome.id/static/market-report/downloads/market-report_downloads_id_market_report_2024_and_outlook_2025.pdf"",""https://pinhome.id/pages/tentang-kami""]",2026-08-30,A,preserved_source_assertion
ast-d9b0ca5aff5d,org-pinhome-8799253,Pinhome,category,integrated property marketplace finance and home services,coverage_gap_additions.csv,"[""https://assets.pinhome.id/static/market-report/downloads/market-report_downloads_id_market_report_2024_and_outlook_2025.pdf"",""https://pinhome.id/pages/tentang-kami""]",2026-08-30,A,preserved_source_assertion
ast-a2be0f18ae2b,org-pinhome-8799253,Pinhome,cohort_or_ecosystem,Independent,coverage_gap_additions.csv,"[""https://assets.pinhome.id/static/market-report/downloads/market-report_downloads_id_market_report_2024_and_outlook_2025.pdf"",""https://pinhome.id/pages/tentang-kami""]",2026-08-30,A,preserved_source_assertion
ast-ad1232a67caf,org-pinhome-8799253,Pinhome,entity_type,private company,coverage_gap_additions.csv,"[""https://assets.pinhome.id/static/market-report/downloads/market-report_downloads_id_market_report_2024_and_outlook_2025.pdf"",""https://pinhome.id/pages/tentang-kami""]",2026-08-30,A,preserved_source_assertion
ast-997aa9bd4839,org-pinhome-8799253,Pinhome,evidence_grade,A,coverage_gap_additions.csv,"[""https://assets.pinhome.id/static/market-report/downloads/market-report_downloads_id_market_report_2024_and_outlook_2025.pdf"",""https://pinhome.id/pages/tentang-kami""]",2026-08-30,A,preserved_source_assertion
ast-96bba9f87df4,org-pinhome-8799253,Pinhome,founding_year,2020,coverage_gap_additions.csv,"[""https://assets.pinhome.id/static/market-report/downloads/market-report_downloads_id_market_report_2024_and_outlook_2025.pdf"",""https://pinhome.id/pages/tentang-kami""]",2026-08-30,A,preserved_source_assertion
ast-5a519e5426d5,org-pinhome-8799253,Pinhome,hq_country,Indonesia,coverage_gap_additions.csv,"[""https://assets.pinhome.id/static/market-report/downloads/market-report_downloads_id_market_report_2024_and_outlook_2025.pdf"",""https://pinhome.id/pages/tentang-kami""]",2026-08-30,A,preserved_source_assertion
ast-457fcd0cf8cf,org-pinhome-8799253,Pinhome,maturity,scaleup,coverage_gap_additions.csv,"[""https://assets.pinhome.id/static/market-report/downloads/market-report_downloads_id_market_report_2024_and_outlook_2025.pdf"",""https://pinhome.id/pages/tentang-kami""]",2026-08-30,A,preserved_source_assertion
ast-12338b2a8982,org-pinhome-8799253,Pinhome,primary_lifecycle,L6 Marketing/sales,coverage_gap_additions.csv,"[""https://assets.pinhome.id/static/market-report/downloads/market-report_downloads_id_market_report_2024_and_outlook_2025.pdf"",""https://pinhome.id/pages/tentang-kami""]",2026-08-30,A,preserved_source_assertion
ast-94bc1b938168,org-pinhome-8799253,Pinhome,relevance_tier,B,coverage_gap_additions.csv,"[""https://assets.pinhome.id/static/market-report/downloads/market-report_downloads_id_market_report_2024_and_outlook_2025.pdf"",""https://pinhome.id/pages/tentang-kami""]",2026-08-30,A,preserved_source_assertion
ast-f7a256706c6a,org-pinhome-8799253,Pinhome,secondary_lifecycle,L3 Capital/finance/L7 Occupancy,coverage_gap_additions.csv,"[""https://assets.pinhome.id/static/market-report/downloads/market-report_downloads_id_market_report_2024_and_outlook_2025.pdf"",""https://pinhome.id/pages/tentang-kami""]",2026-08-30,A,preserved_source_assertion
ast-a2b9a8438d48,org-pinhome-8799253,Pinhome,status,active,coverage_gap_additions.csv,"[""https://assets.pinhome.id/static/market-report/downloads/market-report_downloads_id_market_report_2024_and_outlook_2025.pdf"",""https://pinhome.id/pages/tentang-kami""]",2026-08-30,A,preserved_source_assertion
ast-5979bbd37beb,org-pinhome-8799253,Pinhome,status_as_of,2026-08-30,coverage_gap_additions.csv,"[""https://assets.pinhome.id/static/market-report/downloads/market-report_downloads_id_market_report_2024_and_outlook_2025.pdf"",""https://pinhome.id/pages/tentang-kami""]",2026-08-30,A,preserved_source_assertion
ast-664f092956e3,org-plan0-ai-b7d6d9e,PLAN0 AI,canonical_url,https://www.ycombinator.com/companies/industry/real-estate-and-construction,global_real_estate_pioneers_agent.csv,"[""https://ycombinator.com/companies/industry/real-estate-and-construction""]",2026-08-30,D,preserved_source_assertion
ast-8f9485a92389,org-plan0-ai-b7d6d9e,PLAN0 AI,entity_type,YC preconstruction analytics startup,global_real_estate_pioneers_agent.csv,"[""https://ycombinator.com/companies/industry/real-estate-and-construction""]",2026-08-30,D,preserved_source_assertion
ast-164c74e91e64,org-plan0-ai-b7d6d9e,PLAN0 AI,evidence_grade,D,global_real_estate_pioneers_agent.csv,"[""https://ycombinator.com/companies/industry/real-estate-and-construction""]",2026-08-30,D,preserved_source_assertion
ast-af166d5a25ae,org-plan0-ai-b7d6d9e,PLAN0 AI,hq_country,unknown,global_real_estate_pioneers_agent.csv,"[""https://ycombinator.com/companies/industry/real-estate-and-construction""]",2026-08-30,D,preserved_source_assertion
ast-e55b012e4f26,org-plan0-ai-b7d6d9e,PLAN0 AI,primary_lifecycle,L/D/C/F,global_real_estate_pioneers_agent.csv,"[""https://ycombinator.com/companies/industry/real-estate-and-construction""]",2026-08-30,D,preserved_source_assertion
ast-32496d21cf89,org-plan0-ai-b7d6d9e,PLAN0 AI,relevance_tier,C,global_real_estate_pioneers_agent.csv,"[""https://ycombinator.com/companies/industry/real-estate-and-construction""]",2026-08-30,D,preserved_source_assertion
ast-26baead03f1e,org-plan0-ai-b7d6d9e,PLAN0 AI,status,watchlist,global_real_estate_pioneers_agent.csv,"[""https://ycombinator.com/companies/industry/real-estate-and-construction""]",2026-08-30,D,preserved_source_assertion
ast-e08a4fe60ef3,org-plangrid-378edb8,PlanGrid,business_model,Enterprise SaaS,proptech_startups_agent.csv,"[""https://brickmortar.vc/portfolio"",""https://plangrid.com/""]",2026-08-30,A,preserved_source_assertion
ast-f1437f312414,org-plangrid-378edb8,PlanGrid,canonical_url,https://www.plangrid.com/,proptech_startups_agent.csv,"[""https://brickmortar.vc/portfolio"",""https://plangrid.com/""]",2026-08-30,A,preserved_source_assertion
ast-234fd49be7ff,org-plangrid-378edb8,PlanGrid,category,Field construction software,proptech_startups_agent.csv,"[""https://brickmortar.vc/portfolio"",""https://plangrid.com/""]",2026-08-30,A,preserved_source_assertion
ast-7accf2284108,org-plangrid-378edb8,PlanGrid,cohort_or_ecosystem,Brick & Mortar,proptech_startups_agent.csv,"[""https://brickmortar.vc/portfolio"",""https://plangrid.com/""]",2026-08-30,A,preserved_source_assertion
ast-8abb83d79434,org-plangrid-378edb8,PlanGrid,entity_type,Subsidiary,proptech_startups_agent.csv,"[""https://brickmortar.vc/portfolio"",""https://plangrid.com/""]",2026-08-30,A,preserved_source_assertion
ast-edd6159e26ab,org-plangrid-378edb8,PlanGrid,evidence_grade,A,proptech_startups_agent.csv,"[""https://brickmortar.vc/portfolio"",""https://plangrid.com/""]",2026-08-30,A,preserved_source_assertion
ast-b6fdb1c87a58,org-plangrid-378edb8,PlanGrid,founding_year,2011,proptech_startups_agent.csv,"[""https://brickmortar.vc/portfolio"",""https://plangrid.com/""]",2026-08-30,A,preserved_source_assertion
ast-f70367f9f30c,org-plangrid-378edb8,PlanGrid,hq_country,United States,proptech_startups_agent.csv,"[""https://brickmortar.vc/portfolio"",""https://plangrid.com/""]",2026-08-30,A,preserved_source_assertion
ast-4dd7515044c0,org-plangrid-378edb8,PlanGrid,maturity,Acquired,proptech_startups_agent.csv,"[""https://brickmortar.vc/portfolio"",""https://plangrid.com/""]",2026-08-30,A,preserved_source_assertion
ast-d2907a8cbb9a,org-plangrid-378edb8,PlanGrid,primary_lifecycle,Construction,proptech_startups_agent.csv,"[""https://brickmortar.vc/portfolio"",""https://plangrid.com/""]",2026-08-30,A,preserved_source_assertion
ast-35387e7ce367,org-plangrid-378edb8,PlanGrid,relevance_tier,C,proptech_startups_agent.csv,"[""https://brickmortar.vc/portfolio"",""https://plangrid.com/""]",2026-08-30,A,preserved_source_assertion
ast-d7c63b7ee3d1,org-plangrid-378edb8,PlanGrid,secondary_lifecycle,Design,proptech_startups_agent.csv,"[""https://brickmortar.vc/portfolio"",""https://plangrid.com/""]",2026-08-30,A,preserved_source_assertion
ast-f2fada8b7eff,org-plangrid-378edb8,PlanGrid,status,Acquired by Autodesk,proptech_startups_agent.csv,"[""https://brickmortar.vc/portfolio"",""https://plangrid.com/""]",2026-08-30,A,preserved_source_assertion
ast-af6ded081d19,org-plangrid-378edb8,PlanGrid,status_as_of,2026-08-30,proptech_startups_agent.csv,"[""https://brickmortar.vc/portfolio"",""https://plangrid.com/""]",2026-08-30,A,preserved_source_assertion
ast-248839ba6d9b,org-planradar-0ba22d1,PlanRadar,business_model,Per-user SaaS,proptech_startups_agent.csv,"[""https://planradar.com/""]",2026-08-30,A,preserved_source_assertion
ast-41a9f55d4b98,org-planradar-0ba22d1,PlanRadar,canonical_url,https://www.planradar.com/,proptech_startups_agent.csv,"[""https://planradar.com/""]",2026-08-30,A,preserved_source_assertion
ast-81076306886b,org-planradar-0ba22d1,PlanRadar,category,Inspections defects FM,proptech_startups_agent.csv,"[""https://planradar.com/""]",2026-08-30,A,preserved_source_assertion
ast-472e0b7c3660,org-planradar-0ba22d1,PlanRadar,cohort_or_ecosystem,Independent,proptech_startups_agent.csv,"[""https://planradar.com/""]",2026-08-30,A,preserved_source_assertion
ast-6fd56ee1bb2b,org-planradar-0ba22d1,PlanRadar,entity_type,Company,proptech_startups_agent.csv,"[""https://planradar.com/""]",2026-08-30,A,preserved_source_assertion
ast-8fcf9aa59312,org-planradar-0ba22d1,PlanRadar,evidence_grade,A,proptech_startups_agent.csv,"[""https://planradar.com/""]",2026-08-30,A,preserved_source_assertion
ast-bac913aa99c2,org-planradar-0ba22d1,PlanRadar,founding_year,2013,proptech_startups_agent.csv,"[""https://planradar.com/""]",2026-08-30,A,preserved_source_assertion
ast-622b550d148e,org-planradar-0ba22d1,PlanRadar,hq_country,Austria,proptech_startups_agent.csv,"[""https://planradar.com/""]",2026-08-30,A,preserved_source_assertion
ast-d6e1992e8026,org-planradar-0ba22d1,PlanRadar,maturity,Scaleup,proptech_startups_agent.csv,"[""https://planradar.com/""]",2026-08-30,A,preserved_source_assertion
ast-93b476b46206,org-planradar-0ba22d1,PlanRadar,primary_lifecycle,Construction,proptech_startups_agent.csv,"[""https://planradar.com/""]",2026-08-30,A,preserved_source_assertion
ast-5e5ff7b8d34b,org-planradar-0ba22d1,PlanRadar,relevance_tier,A,proptech_startups_agent.csv,"[""https://planradar.com/""]",2026-08-30,A,preserved_source_assertion
ast-5e68529ed88c,org-planradar-0ba22d1,PlanRadar,secondary_lifecycle,Handover,proptech_startups_agent.csv,"[""https://planradar.com/""]",2026-08-30,A,preserved_source_assertion
ast-81895f73c344,org-planradar-0ba22d1,PlanRadar,status,Active,proptech_startups_agent.csv,"[""https://planradar.com/""]",2026-08-30,A,preserved_source_assertion
ast-3a1e6aab5347,org-planradar-0ba22d1,PlanRadar,status_as_of,2026-08-30,proptech_startups_agent.csv,"[""https://planradar.com/""]",2026-08-30,A,preserved_source_assertion
ast-f7fbf850ecad,org-plentific-279d25e,Plentific,business_model,enterprise SaaS and supplier marketplace,coverage_gap_additions.csv,"[""https://pilabs.vc/portfolio?sort=date_desc"",""https://plentific.com/""]",2026-08-30,A,preserved_source_assertion
ast-51ad9256b034,org-plentific-279d25e,Plentific,canonical_url,https://www.plentific.com/,coverage_gap_additions.csv,"[""https://pilabs.vc/portfolio?sort=date_desc"",""https://plentific.com/""]",2026-08-30,A,preserved_source_assertion
ast-90cec967052b,org-plentific-279d25e,Plentific,category,property operations maintenance procurement and compliance,coverage_gap_additions.csv,"[""https://pilabs.vc/portfolio?sort=date_desc"",""https://plentific.com/""]",2026-08-30,A,preserved_source_assertion
ast-11193152376f,org-plentific-279d25e,Plentific,cohort_or_ecosystem,Pi Labs,coverage_gap_additions.csv,"[""https://pilabs.vc/portfolio?sort=date_desc"",""https://plentific.com/""]",2026-08-30,A,preserved_source_assertion
ast-55bb90cf6db2,org-plentific-279d25e,Plentific,entity_type,private company,coverage_gap_additions.csv,"[""https://pilabs.vc/portfolio?sort=date_desc"",""https://plentific.com/""]",2026-08-30,A,preserved_source_assertion
ast-de05230f839d,org-plentific-279d25e,Plentific,evidence_grade,A,coverage_gap_additions.csv,"[""https://pilabs.vc/portfolio?sort=date_desc"",""https://plentific.com/""]",2026-08-30,A,preserved_source_assertion
ast-147eac65971e,org-plentific-279d25e,Plentific,founding_year,2012,coverage_gap_additions.csv,"[""https://pilabs.vc/portfolio?sort=date_desc"",""https://plentific.com/""]",2026-08-30,A,preserved_source_assertion
ast-5e6933a7931f,org-plentific-279d25e,Plentific,hq_country,United Kingdom,coverage_gap_additions.csv,"[""https://pilabs.vc/portfolio?sort=date_desc"",""https://plentific.com/""]",2026-08-30,A,preserved_source_assertion
ast-1100bbaac057,org-plentific-279d25e,Plentific,maturity,scaleup,coverage_gap_additions.csv,"[""https://pilabs.vc/portfolio?sort=date_desc"",""https://plentific.com/""]",2026-08-30,A,preserved_source_assertion
ast-7d34e0fce821,org-plentific-279d25e,Plentific,primary_lifecycle,L8 Property operations,coverage_gap_additions.csv,"[""https://pilabs.vc/portfolio?sort=date_desc"",""https://plentific.com/""]",2026-08-30,A,preserved_source_assertion
ast-76e48885ce33,org-plentific-279d25e,Plentific,relevance_tier,A,coverage_gap_additions.csv,"[""https://pilabs.vc/portfolio?sort=date_desc"",""https://plentific.com/""]",2026-08-30,A,preserved_source_assertion
ast-66d0345ac3f5,org-plentific-279d25e,Plentific,secondary_lifecycle,L7 Occupancy/L9 Portfolio,coverage_gap_additions.csv,"[""https://pilabs.vc/portfolio?sort=date_desc"",""https://plentific.com/""]",2026-08-30,A,preserved_source_assertion
ast-5e62e8d5d20b,org-plentific-279d25e,Plentific,status,active,coverage_gap_additions.csv,"[""https://pilabs.vc/portfolio?sort=date_desc"",""https://plentific.com/""]",2026-08-30,A,preserved_source_assertion
ast-1f5eabf5fd08,org-plentific-279d25e,Plentific,status_as_of,2026-08-30,coverage_gap_additions.csv,"[""https://pilabs.vc/portfolio?sort=date_desc"",""https://plentific.com/""]",2026-08-30,A,preserved_source_assertion
ast-de21e9102b38,org-plug-and-play-real-estate-and-construction-d45b0c2,Plug and Play Real Estate & Construction,business_model,Portfolio/program,proptech_startups_agent.csv,"[""https://welcome.plugandplaytechcenter.com/hubfs/Mobility%20SV%20Folder/June%20Summit%202025%20Decks/Real%20Estate%20%26%20Construction%20Expo.pdf"",""https://welcome.plugandplaytechcenter.com/investment-portfolio""]",2026-08-30,A,preserved_source_assertion
ast-de0a1791b676,org-plug-and-play-real-estate-and-construction-d45b0c2,Plug and Play Real Estate & Construction,canonical_url,https://welcome.plugandplaytechcenter.com/investment-portfolio,proptech_startups_agent.csv,"[""https://welcome.plugandplaytechcenter.com/hubfs/Mobility%20SV%20Folder/June%20Summit%202025%20Decks/Real%20Estate%20%26%20Construction%20Expo.pdf"",""https://welcome.plugandplaytechcenter.com/investment-portfolio""]",2026-08-30,A,preserved_source_assertion
ast-093c6a68ff9e,org-plug-and-play-real-estate-and-construction-d45b0c2,Plug and Play Real Estate & Construction,category,Accelerator ecosystem index,proptech_startups_agent.csv,"[""https://welcome.plugandplaytechcenter.com/hubfs/Mobility%20SV%20Folder/June%20Summit%202025%20Decks/Real%20Estate%20%26%20Construction%20Expo.pdf"",""https://welcome.plugandplaytechcenter.com/investment-portfolio""]",2026-08-30,A,preserved_source_assertion
ast-2710c8c640bf,org-plug-and-play-real-estate-and-construction-d45b0c2,Plug and Play Real Estate & Construction,cohort_or_ecosystem,Plug and Play,proptech_startups_agent.csv,"[""https://welcome.plugandplaytechcenter.com/hubfs/Mobility%20SV%20Folder/June%20Summit%202025%20Decks/Real%20Estate%20%26%20Construction%20Expo.pdf"",""https://welcome.plugandplaytechcenter.com/investment-portfolio""]",2026-08-30,A,preserved_source_assertion
ast-0127f58a1086,org-plug-and-play-real-estate-and-construction-d45b0c2,Plug and Play Real Estate & Construction,entity_type,Accelerator/investor,proptech_startups_agent.csv,"[""https://welcome.plugandplaytechcenter.com/hubfs/Mobility%20SV%20Folder/June%20Summit%202025%20Decks/Real%20Estate%20%26%20Construction%20Expo.pdf"",""https://welcome.plugandplaytechcenter.com/investment-portfolio""]",2026-08-30,A,preserved_source_assertion
ast-6a6bba0c124d,org-plug-and-play-real-estate-and-construction-d45b0c2,Plug and Play Real Estate & Construction,evidence_grade,A,proptech_startups_agent.csv,"[""https://welcome.plugandplaytechcenter.com/hubfs/Mobility%20SV%20Folder/June%20Summit%202025%20Decks/Real%20Estate%20%26%20Construction%20Expo.pdf"",""https://welcome.plugandplaytechcenter.com/investment-portfolio""]",2026-08-30,A,preserved_source_assertion
ast-df622c5ede5b,org-plug-and-play-real-estate-and-construction-d45b0c2,Plug and Play Real Estate & Construction,founding_year,2006,proptech_startups_agent.csv,"[""https://welcome.plugandplaytechcenter.com/hubfs/Mobility%20SV%20Folder/June%20Summit%202025%20Decks/Real%20Estate%20%26%20Construction%20Expo.pdf"",""https://welcome.plugandplaytechcenter.com/investment-portfolio""]",2026-08-30,A,preserved_source_assertion
ast-bd37a84cfd4d,org-plug-and-play-real-estate-and-construction-d45b0c2,Plug and Play Real Estate & Construction,hq_country,United States,proptech_startups_agent.csv,"[""https://welcome.plugandplaytechcenter.com/hubfs/Mobility%20SV%20Folder/June%20Summit%202025%20Decks/Real%20Estate%20%26%20Construction%20Expo.pdf"",""https://welcome.plugandplaytechcenter.com/investment-portfolio""]",2026-08-30,A,preserved_source_assertion
ast-4a42ec9afed9,org-plug-and-play-real-estate-and-construction-d45b0c2,Plug and Play Real Estate & Construction,maturity,Portfolio index,proptech_startups_agent.csv,"[""https://welcome.plugandplaytechcenter.com/hubfs/Mobility%20SV%20Folder/June%20Summit%202025%20Decks/Real%20Estate%20%26%20Construction%20Expo.pdf"",""https://welcome.plugandplaytechcenter.com/investment-portfolio""]",2026-08-30,A,preserved_source_assertion
ast-ee22ba78c4d5,org-plug-and-play-real-estate-and-construction-d45b0c2,Plug and Play Real Estate & Construction,primary_lifecycle,Data,proptech_startups_agent.csv,"[""https://welcome.plugandplaytechcenter.com/hubfs/Mobility%20SV%20Folder/June%20Summit%202025%20Decks/Real%20Estate%20%26%20Construction%20Expo.pdf"",""https://welcome.plugandplaytechcenter.com/investment-portfolio""]",2026-08-30,A,preserved_source_assertion
ast-8ad044a20504,org-plug-and-play-real-estate-and-construction-d45b0c2,Plug and Play Real Estate & Construction,relevance_tier,C,proptech_startups_agent.csv,"[""https://welcome.plugandplaytechcenter.com/hubfs/Mobility%20SV%20Folder/June%20Summit%202025%20Decks/Real%20Estate%20%26%20Construction%20Expo.pdf"",""https://welcome.plugandplaytechcenter.com/investment-portfolio""]",2026-08-30,A,preserved_source_assertion
ast-f40f3058519c,org-plug-and-play-real-estate-and-construction-d45b0c2,Plug and Play Real Estate & Construction,secondary_lifecycle,Construction,proptech_startups_agent.csv,"[""https://welcome.plugandplaytechcenter.com/hubfs/Mobility%20SV%20Folder/June%20Summit%202025%20Decks/Real%20Estate%20%26%20Construction%20Expo.pdf"",""https://welcome.plugandplaytechcenter.com/investment-portfolio""]",2026-08-30,A,preserved_source_assertion
ast-a810e2ffe45a,org-plug-and-play-real-estate-and-construction-d45b0c2,Plug and Play Real Estate & Construction,status,Active index,proptech_startups_agent.csv,"[""https://welcome.plugandplaytechcenter.com/hubfs/Mobility%20SV%20Folder/June%20Summit%202025%20Decks/Real%20Estate%20%26%20Construction%20Expo.pdf"",""https://welcome.plugandplaytechcenter.com/investment-portfolio""]",2026-08-30,A,preserved_source_assertion
ast-f26bbe525606,org-plug-and-play-real-estate-and-construction-d45b0c2,Plug and Play Real Estate & Construction,status_as_of,2026-08-30,proptech_startups_agent.csv,"[""https://welcome.plugandplaytechcenter.com/hubfs/Mobility%20SV%20Folder/June%20Summit%202025%20Decks/Real%20Estate%20%26%20Construction%20Expo.pdf"",""https://welcome.plugandplaytechcenter.com/investment-portfolio""]",2026-08-30,A,preserved_source_assertion
ast-c03b1708dd7e,org-powerplay-ca9649a,Powerplay,business_model,subscription-SaaS,regional_companies_agent.csv,"[""https://accel.com/companies/powerplay""]",2026-08-30,C,preserved_source_assertion
ast-aa1fa172708d,org-powerplay-ca9649a,Powerplay,canonical_url,https://www.accel.com/companies/powerplay,regional_companies_agent.csv,"[""https://accel.com/companies/powerplay""]",2026-08-30,C,preserved_source_assertion
ast-acfa4d36c3b2,org-powerplay-ca9649a,Powerplay,category,ConTech-collaboration-SaaS,regional_companies_agent.csv,"[""https://accel.com/companies/powerplay""]",2026-08-30,C,preserved_source_assertion
ast-8c921db1b126,org-powerplay-ca9649a,Powerplay,cohort_or_ecosystem,Accel-seed-2021,regional_companies_agent.csv,"[""https://accel.com/companies/powerplay""]",2026-08-30,C,preserved_source_assertion
ast-dacefaa3990b,org-powerplay-ca9649a,Powerplay,entity_type,private-startup,regional_companies_agent.csv,"[""https://accel.com/companies/powerplay""]",2026-08-30,C,preserved_source_assertion
ast-3e10779538f4,org-powerplay-ca9649a,Powerplay,evidence_grade,C,regional_companies_agent.csv,"[""https://accel.com/companies/powerplay""]",2026-08-30,C,preserved_source_assertion
ast-2eb564803be2,org-powerplay-ca9649a,Powerplay,founding_year,Unknown,regional_companies_agent.csv,"[""https://accel.com/companies/powerplay""]",2026-08-30,C,preserved_source_assertion
ast-80af4568021f,org-powerplay-ca9649a,Powerplay,hq_country,India,regional_companies_agent.csv,"[""https://accel.com/companies/powerplay""]",2026-08-30,C,preserved_source_assertion
ast-6c6251ba43fc,org-powerplay-ca9649a,Powerplay,maturity,early-growth,regional_companies_agent.csv,"[""https://accel.com/companies/powerplay""]",2026-08-30,C,preserved_source_assertion
ast-4e816d7ba41d,org-powerplay-ca9649a,Powerplay,primary_lifecycle,site-collaboration-documents,regional_companies_agent.csv,"[""https://accel.com/companies/powerplay""]",2026-08-30,C,preserved_source_assertion
ast-a2171334b7b8,org-powerplay-ca9649a,Powerplay,relevance_tier,C,regional_companies_agent.csv,"[""https://accel.com/companies/powerplay""]",2026-08-30,C,preserved_source_assertion
ast-364e18a360b2,org-powerplay-ca9649a,Powerplay,secondary_lifecycle,project-communication-architecture,regional_companies_agent.csv,"[""https://accel.com/companies/powerplay""]",2026-08-30,C,preserved_source_assertion
ast-4654b54501ff,org-powerplay-ca9649a,Powerplay,status,active,regional_companies_agent.csv,"[""https://accel.com/companies/powerplay""]",2026-08-30,C,preserved_source_assertion
ast-e718e299e587,org-powerplay-ca9649a,Powerplay,status_as_of,2026-08-30,regional_companies_agent.csv,"[""https://accel.com/companies/powerplay""]",2026-08-30,C,preserved_source_assertion
ast-ad288e1be5dd,org-predictap-bf6e0e8,PredictAP,business_model,SaaS subscription,startup_core_additions.csv,"[""https://predictap.com/"",""https://ret.vc/perspectives/looking-back-on-a-successful-2023"",""https://ret.vc/portfolio""]",2026-08-30,A,preserved_source_assertion
ast-b9980c60c173,org-predictap-bf6e0e8,PredictAP,canonical_url,https://www.predictap.com/,startup_core_additions.csv,"[""https://predictap.com/"",""https://ret.vc/perspectives/looking-back-on-a-successful-2023"",""https://ret.vc/portfolio""]",2026-08-30,A,preserved_source_assertion
ast-162ecf6aaad3,org-predictap-bf6e0e8,PredictAP,category,AI invoice ingestion coding and AP controls for real estate,startup_core_additions.csv,"[""https://predictap.com/"",""https://ret.vc/perspectives/looking-back-on-a-successful-2023"",""https://ret.vc/portfolio""]",2026-08-30,A,preserved_source_assertion
ast-fe585876e2e7,org-predictap-bf6e0e8,PredictAP,cohort_or_ecosystem,RET Ventures,startup_core_additions.csv,"[""https://predictap.com/"",""https://ret.vc/perspectives/looking-back-on-a-successful-2023"",""https://ret.vc/portfolio""]",2026-08-30,A,preserved_source_assertion
ast-abdbf4ca0e5e,org-predictap-bf6e0e8,PredictAP,entity_type,private company,startup_core_additions.csv,"[""https://predictap.com/"",""https://ret.vc/perspectives/looking-back-on-a-successful-2023"",""https://ret.vc/portfolio""]",2026-08-30,A,preserved_source_assertion
ast-2b530f8b6d52,org-predictap-bf6e0e8,PredictAP,evidence_grade,A,startup_core_additions.csv,"[""https://predictap.com/"",""https://ret.vc/perspectives/looking-back-on-a-successful-2023"",""https://ret.vc/portfolio""]",2026-08-30,A,preserved_source_assertion
ast-54138c6fb6d2,org-predictap-bf6e0e8,PredictAP,hq_country,United States,startup_core_additions.csv,"[""https://predictap.com/"",""https://ret.vc/perspectives/looking-back-on-a-successful-2023"",""https://ret.vc/portfolio""]",2026-08-30,A,preserved_source_assertion
ast-ea3a568d8858,org-predictap-bf6e0e8,PredictAP,maturity,scaleup,startup_core_additions.csv,"[""https://predictap.com/"",""https://ret.vc/perspectives/looking-back-on-a-successful-2023"",""https://ret.vc/portfolio""]",2026-08-30,A,preserved_source_assertion
ast-150c6aaa8712,org-predictap-bf6e0e8,PredictAP,primary_lifecycle,L8 Property operations,startup_core_additions.csv,"[""https://predictap.com/"",""https://ret.vc/perspectives/looking-back-on-a-successful-2023"",""https://ret.vc/portfolio""]",2026-08-30,A,preserved_source_assertion
ast-5d148ebb34c7,org-predictap-bf6e0e8,PredictAP,relevance_tier,A,startup_core_additions.csv,"[""https://predictap.com/"",""https://ret.vc/perspectives/looking-back-on-a-successful-2023"",""https://ret.vc/portfolio""]",2026-08-30,A,preserved_source_assertion
ast-039ecdc84e3a,org-predictap-bf6e0e8,PredictAP,secondary_lifecycle,L3 Capital/finance,startup_core_additions.csv,"[""https://predictap.com/"",""https://ret.vc/perspectives/looking-back-on-a-successful-2023"",""https://ret.vc/portfolio""]",2026-08-30,A,preserved_source_assertion
ast-18a228a0115e,org-predictap-bf6e0e8,PredictAP,status,active,startup_core_additions.csv,"[""https://predictap.com/"",""https://ret.vc/perspectives/looking-back-on-a-successful-2023"",""https://ret.vc/portfolio""]",2026-08-30,A,preserved_source_assertion
ast-cbe2c81b22d5,org-predictap-bf6e0e8,PredictAP,status_as_of,2026-08-30,startup_core_additions.csv,"[""https://predictap.com/"",""https://ret.vc/perspectives/looking-back-on-a-successful-2023"",""https://ret.vc/portfolio""]",2026-08-30,A,preserved_source_assertion
ast-c1e1a3abcdbd,org-prestige-group-0cc8c3c,Prestige Group,canonical_url,https://www.prestigeconstructions.com/,global_real_estate_pioneers_agent.csv,"[""https://bsmedia.business-standard.com/_media/bs/data/announcements/bse/19082025/0884e44f-01ac-4a6c-8a62-90727fe88fdb.pdf"",""https://prestigeconstructions.com/""]",2026-08-30,B,preserved_source_assertion
ast-d9b32b7a214d,org-prestige-group-0cc8c3c,Prestige Group,entity_type,mixed-use developer operator,global_real_estate_pioneers_agent.csv,"[""https://bsmedia.business-standard.com/_media/bs/data/announcements/bse/19082025/0884e44f-01ac-4a6c-8a62-90727fe88fdb.pdf"",""https://prestigeconstructions.com/""]",2026-08-30,B,preserved_source_assertion
ast-5cbcb06c4fef,org-prestige-group-0cc8c3c,Prestige Group,evidence_grade,B,global_real_estate_pioneers_agent.csv,"[""https://bsmedia.business-standard.com/_media/bs/data/announcements/bse/19082025/0884e44f-01ac-4a6c-8a62-90727fe88fdb.pdf"",""https://prestigeconstructions.com/""]",2026-08-30,B,preserved_source_assertion
ast-28dfcd2689be,org-prestige-group-0cc8c3c,Prestige Group,hq_country,India,global_real_estate_pioneers_agent.csv,"[""https://bsmedia.business-standard.com/_media/bs/data/announcements/bse/19082025/0884e44f-01ac-4a6c-8a62-90727fe88fdb.pdf"",""https://prestigeconstructions.com/""]",2026-08-30,B,preserved_source_assertion
ast-31a767f6dc6f,org-prestige-group-0cc8c3c,Prestige Group,primary_lifecycle,S/H/O,global_real_estate_pioneers_agent.csv,"[""https://bsmedia.business-standard.com/_media/bs/data/announcements/bse/19082025/0884e44f-01ac-4a6c-8a62-90727fe88fdb.pdf"",""https://prestigeconstructions.com/""]",2026-08-30,B,preserved_source_assertion
ast-b422e5c9bd03,org-prestige-group-0cc8c3c,Prestige Group,relevance_tier,A,global_real_estate_pioneers_agent.csv,"[""https://bsmedia.business-standard.com/_media/bs/data/announcements/bse/19082025/0884e44f-01ac-4a6c-8a62-90727fe88fdb.pdf"",""https://prestigeconstructions.com/""]",2026-08-30,B,preserved_source_assertion
ast-84bf55b62357,org-prestige-group-0cc8c3c,Prestige Group,status,active,global_real_estate_pioneers_agent.csv,"[""https://bsmedia.business-standard.com/_media/bs/data/announcements/bse/19082025/0884e44f-01ac-4a6c-8a62-90727fe88fdb.pdf"",""https://prestigeconstructions.com/""]",2026-08-30,B,preserved_source_assertion
ast-07aa6025d24c,org-private-property-nigeria-a4f087b,Private Property Nigeria,business_model,listing subscriptions and advertising,coverage_gap_additions.csv,"[""https://privateproperty.ng/about""]",2026-08-30,A,preserved_source_assertion
ast-f16e7baf9920,org-private-property-nigeria-a4f087b,Private Property Nigeria,canonical_url,https://privateproperty.ng/about,coverage_gap_additions.csv,"[""https://privateproperty.ng/about""]",2026-08-30,A,preserved_source_assertion
ast-96e7b4efe441,org-private-property-nigeria-a4f087b,Private Property Nigeria,category,property classified marketplace,coverage_gap_additions.csv,"[""https://privateproperty.ng/about""]",2026-08-30,A,preserved_source_assertion
ast-a8151dd0f291,org-private-property-nigeria-a4f087b,Private Property Nigeria,cohort_or_ecosystem,Independent,coverage_gap_additions.csv,"[""https://privateproperty.ng/about""]",2026-08-30,A,preserved_source_assertion
ast-596dc56b9a16,org-private-property-nigeria-a4f087b,Private Property Nigeria,entity_type,private company,coverage_gap_additions.csv,"[""https://privateproperty.ng/about""]",2026-08-30,A,preserved_source_assertion
ast-ed1184df2854,org-private-property-nigeria-a4f087b,Private Property Nigeria,evidence_grade,A,coverage_gap_additions.csv,"[""https://privateproperty.ng/about""]",2026-08-30,A,preserved_source_assertion
ast-a79f6efa7880,org-private-property-nigeria-a4f087b,Private Property Nigeria,founding_year,2011,coverage_gap_additions.csv,"[""https://privateproperty.ng/about""]",2026-08-30,A,preserved_source_assertion
ast-6271535c01e5,org-private-property-nigeria-a4f087b,Private Property Nigeria,hq_country,Nigeria,coverage_gap_additions.csv,"[""https://privateproperty.ng/about""]",2026-08-30,A,preserved_source_assertion
ast-1b66a554b4db,org-private-property-nigeria-a4f087b,Private Property Nigeria,maturity,scaleup,coverage_gap_additions.csv,"[""https://privateproperty.ng/about""]",2026-08-30,A,preserved_source_assertion
ast-590051d484ff,org-private-property-nigeria-a4f087b,Private Property Nigeria,primary_lifecycle,L6 Marketing/sales,coverage_gap_additions.csv,"[""https://privateproperty.ng/about""]",2026-08-30,A,preserved_source_assertion
ast-e289b83d3149,org-private-property-nigeria-a4f087b,Private Property Nigeria,relevance_tier,B,coverage_gap_additions.csv,"[""https://privateproperty.ng/about""]",2026-08-30,A,preserved_source_assertion
ast-8230ae9511b9,org-private-property-nigeria-a4f087b,Private Property Nigeria,secondary_lifecycle,L9 Portfolio,coverage_gap_additions.csv,"[""https://privateproperty.ng/about""]",2026-08-30,A,preserved_source_assertion
ast-9950f5116587,org-private-property-nigeria-a4f087b,Private Property Nigeria,status,active,coverage_gap_additions.csv,"[""https://privateproperty.ng/about""]",2026-08-30,A,preserved_source_assertion
ast-a8116c18eeba,org-private-property-nigeria-a4f087b,Private Property Nigeria,status_as_of,2026-08-30,coverage_gap_additions.csv,"[""https://privateproperty.ng/about""]",2026-08-30,A,preserved_source_assertion
ast-394bd5325967,org-procore-9fbe212,Procore,business_model,Enterprise SaaS,proptech_startups_agent.csv,"[""https://fifthwall.com/portfolio"",""https://procore.com/""]",2026-08-30,A,preserved_source_assertion
ast-4da85aac49bc,org-procore-9fbe212,Procore,canonical_url,https://www.procore.com/,proptech_startups_agent.csv,"[""https://fifthwall.com/portfolio"",""https://procore.com/""]",2026-08-30,A,preserved_source_assertion
ast-f1d347210a69,org-procore-9fbe212,Procore,canonical_url,https://www.procore.com/,global_real_estate_pioneers_agent.csv,"[""https://procore.com/""]",2026-08-30,B,preserved_source_assertion
ast-0b02ed184b6e,org-procore-9fbe212,Procore,category,Project controls,proptech_startups_agent.csv,"[""https://fifthwall.com/portfolio"",""https://procore.com/""]",2026-08-30,A,preserved_source_assertion
ast-0397a11dddc0,org-procore-9fbe212,Procore,cohort_or_ecosystem,Fifth Wall,proptech_startups_agent.csv,"[""https://fifthwall.com/portfolio"",""https://procore.com/""]",2026-08-30,A,preserved_source_assertion
ast-2402ff3ad1ff,org-procore-9fbe212,Procore,entity_type,Company,proptech_startups_agent.csv,"[""https://fifthwall.com/portfolio"",""https://procore.com/""]",2026-08-30,A,preserved_source_assertion
ast-41849fcc0cf4,org-procore-9fbe212,Procore,entity_type,construction software,global_real_estate_pioneers_agent.csv,"[""https://procore.com/""]",2026-08-30,B,preserved_source_assertion
ast-2fbb09659c50,org-procore-9fbe212,Procore,evidence_grade,A,proptech_startups_agent.csv,"[""https://fifthwall.com/portfolio"",""https://procore.com/""]",2026-08-30,A,preserved_source_assertion
ast-95c456430489,org-procore-9fbe212,Procore,evidence_grade,B,global_real_estate_pioneers_agent.csv,"[""https://procore.com/""]",2026-08-30,B,preserved_source_assertion
ast-d18337c4edb9,org-procore-9fbe212,Procore,founding_year,2002,proptech_startups_agent.csv,"[""https://fifthwall.com/portfolio"",""https://procore.com/""]",2026-08-30,A,preserved_source_assertion
ast-501a9189b821,org-procore-9fbe212,Procore,hq_country,United States,global_real_estate_pioneers_agent.csv,"[""https://procore.com/""]",2026-08-30,B,preserved_source_assertion
ast-d80775e5946d,org-procore-9fbe212,Procore,hq_country,United States,proptech_startups_agent.csv,"[""https://fifthwall.com/portfolio"",""https://procore.com/""]",2026-08-30,A,preserved_source_assertion
ast-5fdeeb1ca059,org-procore-9fbe212,Procore,maturity,Enterprise,proptech_startups_agent.csv,"[""https://fifthwall.com/portfolio"",""https://procore.com/""]",2026-08-30,A,preserved_source_assertion
ast-3001c60f7cd3,org-procore-9fbe212,Procore,primary_lifecycle,Construction,proptech_startups_agent.csv,"[""https://fifthwall.com/portfolio"",""https://procore.com/""]",2026-08-30,A,preserved_source_assertion
ast-4dc36fb2cb05,org-procore-9fbe212,Procore,primary_lifecycle,D/C/F,global_real_estate_pioneers_agent.csv,"[""https://procore.com/""]",2026-08-30,B,preserved_source_assertion
ast-4d48749f6bed,org-procore-9fbe212,Procore,relevance_tier,B,global_real_estate_pioneers_agent.csv,"[""https://procore.com/""]",2026-08-30,B,preserved_source_assertion
ast-a28769c355ba,org-procore-9fbe212,Procore,relevance_tier,A,proptech_startups_agent.csv,"[""https://fifthwall.com/portfolio"",""https://procore.com/""]",2026-08-30,A,preserved_source_assertion
ast-18ea505e0aeb,org-procore-9fbe212,Procore,secondary_lifecycle,Operations,proptech_startups_agent.csv,"[""https://fifthwall.com/portfolio"",""https://procore.com/""]",2026-08-30,A,preserved_source_assertion
ast-cf01e75d7e05,org-procore-9fbe212,Procore,status,active,global_real_estate_pioneers_agent.csv,"[""https://procore.com/""]",2026-08-30,B,preserved_source_assertion
ast-fe1b1639cdaa,org-procore-9fbe212,Procore,status,Active,proptech_startups_agent.csv,"[""https://fifthwall.com/portfolio"",""https://procore.com/""]",2026-08-30,A,preserved_source_assertion
ast-cfd2650b52f6,org-procore-9fbe212,Procore,status_as_of,2026-08-30,proptech_startups_agent.csv,"[""https://fifthwall.com/portfolio"",""https://procore.com/""]",2026-08-30,A,preserved_source_assertion
ast-713b952953e1,org-prologis-0017226,Prologis,canonical_url,https://www.prologis.com/,global_real_estate_pioneers_agent.csv,"[""https://ir.prologis.com/financials/sec-filings/content/0001193125-26-051453/pld-20251231.htm"",""https://prologis.com/"",""https://prologis.com/shareholder-letter-2025""]",2026-08-30,A,preserved_source_assertion
ast-01a3b0398a8b,org-prologis-0017226,Prologis,entity_type,logistics REIT developer operator,global_real_estate_pioneers_agent.csv,"[""https://ir.prologis.com/financials/sec-filings/content/0001193125-26-051453/pld-20251231.htm"",""https://prologis.com/"",""https://prologis.com/shareholder-letter-2025""]",2026-08-30,A,preserved_source_assertion
ast-3eb2a7e28eb6,org-prologis-0017226,Prologis,evidence_grade,A,global_real_estate_pioneers_agent.csv,"[""https://ir.prologis.com/financials/sec-filings/content/0001193125-26-051453/pld-20251231.htm"",""https://prologis.com/"",""https://prologis.com/shareholder-letter-2025""]",2026-08-30,A,preserved_source_assertion
ast-881088b48c43,org-prologis-0017226,Prologis,hq_country,United States,global_real_estate_pioneers_agent.csv,"[""https://ir.prologis.com/financials/sec-filings/content/0001193125-26-051453/pld-20251231.htm"",""https://prologis.com/"",""https://prologis.com/shareholder-letter-2025""]",2026-08-30,A,preserved_source_assertion
ast-13880e200537,org-prologis-0017226,Prologis,primary_lifecycle,L/F/O/E,global_real_estate_pioneers_agent.csv,"[""https://ir.prologis.com/financials/sec-filings/content/0001193125-26-051453/pld-20251231.htm"",""https://prologis.com/"",""https://prologis.com/shareholder-letter-2025""]",2026-08-30,A,preserved_source_assertion
ast-1f606191eea1,org-prologis-0017226,Prologis,relevance_tier,A,global_real_estate_pioneers_agent.csv,"[""https://ir.prologis.com/financials/sec-filings/content/0001193125-26-051453/pld-20251231.htm"",""https://prologis.com/"",""https://prologis.com/shareholder-letter-2025""]",2026-08-30,A,preserved_source_assertion
ast-6270be348985,org-prologis-0017226,Prologis,status,active,global_real_estate_pioneers_agent.csv,"[""https://ir.prologis.com/financials/sec-filings/content/0001193125-26-051453/pld-20251231.htm"",""https://prologis.com/"",""https://prologis.com/shareholder-letter-2025""]",2026-08-30,A,preserved_source_assertion
ast-35662e1b5114,org-propaya-ee84d26,Propaya,business_model,AI SaaS,coverage_gap_additions.csv,"[""https://ycombinator.com/companies/propaya""]",2026-08-30,A,preserved_source_assertion
ast-f12ae853a53b,org-propaya-ee84d26,Propaya,canonical_url,https://www.ycombinator.com/companies/propaya,coverage_gap_additions.csv,"[""https://ycombinator.com/companies/propaya""]",2026-08-30,A,preserved_source_assertion
ast-e81ce8919879,org-propaya-ee84d26,Propaya,category,AI extraction of CRE leases and property documents,coverage_gap_additions.csv,"[""https://ycombinator.com/companies/propaya""]",2026-08-30,A,preserved_source_assertion
ast-045988e40763,org-propaya-ee84d26,Propaya,cohort_or_ecosystem,Y Combinator S2024,coverage_gap_additions.csv,"[""https://ycombinator.com/companies/propaya""]",2026-08-30,A,preserved_source_assertion
ast-6ecb4313723e,org-propaya-ee84d26,Propaya,entity_type,private startup,coverage_gap_additions.csv,"[""https://ycombinator.com/companies/propaya""]",2026-08-30,A,preserved_source_assertion
ast-8b4b28491b00,org-propaya-ee84d26,Propaya,evidence_grade,A,coverage_gap_additions.csv,"[""https://ycombinator.com/companies/propaya""]",2026-08-30,A,preserved_source_assertion
ast-b2ceb500b50b,org-propaya-ee84d26,Propaya,founding_year,2024,coverage_gap_additions.csv,"[""https://ycombinator.com/companies/propaya""]",2026-08-30,A,preserved_source_assertion
ast-9929c3fb1ba4,org-propaya-ee84d26,Propaya,hq_country,United States,coverage_gap_additions.csv,"[""https://ycombinator.com/companies/propaya""]",2026-08-30,A,preserved_source_assertion
ast-767e2c3046f3,org-propaya-ee84d26,Propaya,maturity,early-stage,coverage_gap_additions.csv,"[""https://ycombinator.com/companies/propaya""]",2026-08-30,A,preserved_source_assertion
ast-e0edf5bd372c,org-propaya-ee84d26,Propaya,primary_lifecycle,L3 Capital/finance,coverage_gap_additions.csv,"[""https://ycombinator.com/companies/propaya""]",2026-08-30,A,preserved_source_assertion
ast-bd85a414ccaa,org-propaya-ee84d26,Propaya,relevance_tier,B,coverage_gap_additions.csv,"[""https://ycombinator.com/companies/propaya""]",2026-08-30,A,preserved_source_assertion
ast-680514cbdf7c,org-propaya-ee84d26,Propaya,secondary_lifecycle,L9 Portfolio/L1 Land/site,coverage_gap_additions.csv,"[""https://ycombinator.com/companies/propaya""]",2026-08-30,A,preserved_source_assertion
ast-3130c4c3898d,org-propaya-ee84d26,Propaya,status,active,coverage_gap_additions.csv,"[""https://ycombinator.com/companies/propaya""]",2026-08-30,A,preserved_source_assertion
ast-2b253f9280b8,org-propaya-ee84d26,Propaya,status_as_of,2026-08-30,coverage_gap_additions.csv,"[""https://ycombinator.com/companies/propaya""]",2026-08-30,A,preserved_source_assertion
ast-42d7849ead83,org-properp-1c4f6f4,PropERP,business_model,SaaS,proptech_startups_agent.csv,"[""https://properp.app/""]",2026-08-30,D,preserved_source_assertion
ast-a0500d36234a,org-properp-1c4f6f4,PropERP,business_model,subscription-implementation,regional_companies_agent.csv,"[""https://properp.app/"",""https://properp.app/bn""]",2026-08-30,B/D,preserved_source_assertion
ast-3812021f0de7,org-properp-1c4f6f4,PropERP,canonical_url,https://properp.app/,regional_companies_agent.csv,"[""https://properp.app/"",""https://properp.app/bn""]",2026-08-30,B/D,preserved_source_assertion
ast-9be0fc798716,org-properp-1c4f6f4,PropERP,canonical_url,https://properp.app/,proptech_startups_agent.csv,"[""https://properp.app/""]",2026-08-30,D,preserved_source_assertion
ast-0b1b09bfd0f8,org-properp-1c4f6f4,PropERP,category,Developer CRM/ERP,proptech_startups_agent.csv,"[""https://properp.app/""]",2026-08-30,D,preserved_source_assertion
ast-425e6ccc041d,org-properp-1c4f6f4,PropERP,category,developer-ERP-automation,regional_companies_agent.csv,"[""https://properp.app/"",""https://properp.app/bn""]",2026-08-30,B/D,preserved_source_assertion
ast-6ff0367c94eb,org-properp-1c4f6f4,PropERP,cohort_or_ecosystem,SpaGreen-Creative,regional_companies_agent.csv,"[""https://properp.app/"",""https://properp.app/bn""]",2026-08-30,B/D,preserved_source_assertion
ast-cdd4807d6356,org-properp-1c4f6f4,PropERP,cohort_or_ecosystem,Independent,proptech_startups_agent.csv,"[""https://properp.app/""]",2026-08-30,D,preserved_source_assertion
ast-8f76c66404b4,org-properp-1c4f6f4,PropERP,entity_type,private-product,regional_companies_agent.csv,"[""https://properp.app/"",""https://properp.app/bn""]",2026-08-30,B/D,preserved_source_assertion
ast-9497a6deeedd,org-properp-1c4f6f4,PropERP,entity_type,Company,proptech_startups_agent.csv,"[""https://properp.app/""]",2026-08-30,D,preserved_source_assertion
ast-b78f0dfe63a6,org-properp-1c4f6f4,PropERP,evidence_grade,B/D,regional_companies_agent.csv,"[""https://properp.app/"",""https://properp.app/bn""]",2026-08-30,B/D,preserved_source_assertion
ast-f95c1b34ca45,org-properp-1c4f6f4,PropERP,evidence_grade,D,proptech_startups_agent.csv,"[""https://properp.app/""]",2026-08-30,D,preserved_source_assertion
ast-256f71a76fa8,org-properp-1c4f6f4,PropERP,founding_year,Unknown,proptech_startups_agent.csv,"[""https://properp.app/""]",2026-08-30,D,preserved_source_assertion
ast-8db9b307fae5,org-properp-1c4f6f4,PropERP,founding_year,2018,regional_companies_agent.csv,"[""https://properp.app/"",""https://properp.app/bn""]",2026-08-30,B/D,preserved_source_assertion
ast-4e0b45a098a8,org-properp-1c4f6f4,PropERP,hq_country,Bangladesh,proptech_startups_agent.csv,"[""https://properp.app/""]",2026-08-30,D,preserved_source_assertion
ast-835ca5aba4a6,org-properp-1c4f6f4,PropERP,hq_country,Bangladesh,regional_companies_agent.csv,"[""https://properp.app/"",""https://properp.app/bn""]",2026-08-30,B/D,preserved_source_assertion
ast-28e3584efbf8,org-properp-1c4f6f4,PropERP,maturity,early-scale,regional_companies_agent.csv,"[""https://properp.app/"",""https://properp.app/bn""]",2026-08-30,B/D,preserved_source_assertion
ast-90aedacf1f10,org-properp-1c4f6f4,PropERP,maturity,Early,proptech_startups_agent.csv,"[""https://properp.app/""]",2026-08-30,D,preserved_source_assertion
ast-09f69e0e313f,org-properp-1c4f6f4,PropERP,primary_lifecycle,booking-collections-JV,regional_companies_agent.csv,"[""https://properp.app/"",""https://properp.app/bn""]",2026-08-30,B/D,preserved_source_assertion
ast-89b1b71d9445,org-properp-1c4f6f4,PropERP,primary_lifecycle,Operations,proptech_startups_agent.csv,"[""https://properp.app/""]",2026-08-30,D,preserved_source_assertion
ast-45de8a285a68,org-properp-1c4f6f4,PropERP,relevance_tier,A,regional_companies_agent.csv,"[""https://properp.app/"",""https://properp.app/bn""]",2026-08-30,B/D,preserved_source_assertion
ast-d7bd83273491,org-properp-1c4f6f4,PropERP,relevance_tier,B,proptech_startups_agent.csv,"[""https://properp.app/""]",2026-08-30,D,preserved_source_assertion
ast-adeb85d4880f,org-properp-1c4f6f4,PropERP,secondary_lifecycle,CRM-marketing-brokers-inventory,regional_companies_agent.csv,"[""https://properp.app/"",""https://properp.app/bn""]",2026-08-30,B/D,preserved_source_assertion
ast-d2c42847fd45,org-properp-1c4f6f4,PropERP,secondary_lifecycle,Sales,proptech_startups_agent.csv,"[""https://properp.app/""]",2026-08-30,D,preserved_source_assertion
ast-3b6124cd3f14,org-properp-1c4f6f4,PropERP,status,Unclear,proptech_startups_agent.csv,"[""https://properp.app/""]",2026-08-30,D,preserved_source_assertion
ast-941a3026adcc,org-properp-1c4f6f4,PropERP,status,live-product,regional_companies_agent.csv,"[""https://properp.app/"",""https://properp.app/bn""]",2026-08-30,B/D,preserved_source_assertion
ast-a7510d45c5a7,org-properp-1c4f6f4,PropERP,status_as_of,2026-08-30,regional_companies_agent.csv,"[""https://properp.app/"",""https://properp.app/bn""]",2026-08-30,B/D,preserved_source_assertion
ast-d800c9822997,org-properp-1c4f6f4,PropERP,status_as_of,2026-08-30,proptech_startups_agent.csv,"[""https://properp.app/""]",2026-08-30,D,preserved_source_assertion
ast-c15bb35172ef,org-property-finder-e45a134,Property Finder,business_model,listing subscriptions data products and transaction services,coverage_gap_additions.csv,"[""https://propertyfinder.ae/en"",""https://propertyfinder.ae/en/about-us.html""]",2026-08-30,A,preserved_source_assertion
ast-f92fd65bd8bd,org-property-finder-e45a134,Property Finder,canonical_url,https://www.propertyfinder.ae/en/about-us.html,coverage_gap_additions.csv,"[""https://propertyfinder.ae/en"",""https://propertyfinder.ae/en/about-us.html""]",2026-08-30,A,preserved_source_assertion
ast-652b6540d6b6,org-property-finder-e45a134,Property Finder,category,property marketplace data and agent technology,coverage_gap_additions.csv,"[""https://propertyfinder.ae/en"",""https://propertyfinder.ae/en/about-us.html""]",2026-08-30,A,preserved_source_assertion
ast-3e8ce995e69e,org-property-finder-e45a134,Property Finder,cohort_or_ecosystem,Independent,coverage_gap_additions.csv,"[""https://propertyfinder.ae/en"",""https://propertyfinder.ae/en/about-us.html""]",2026-08-30,A,preserved_source_assertion
ast-23ad7a707636,org-property-finder-e45a134,Property Finder,entity_type,private company,coverage_gap_additions.csv,"[""https://propertyfinder.ae/en"",""https://propertyfinder.ae/en/about-us.html""]",2026-08-30,A,preserved_source_assertion
ast-fdcea860f439,org-property-finder-e45a134,Property Finder,evidence_grade,A,coverage_gap_additions.csv,"[""https://propertyfinder.ae/en"",""https://propertyfinder.ae/en/about-us.html""]",2026-08-30,A,preserved_source_assertion
ast-78df269554f1,org-property-finder-e45a134,Property Finder,founding_year,2005,coverage_gap_additions.csv,"[""https://propertyfinder.ae/en"",""https://propertyfinder.ae/en/about-us.html""]",2026-08-30,A,preserved_source_assertion
ast-a366b9541356,org-property-finder-e45a134,Property Finder,hq_country,United Arab Emirates,coverage_gap_additions.csv,"[""https://propertyfinder.ae/en"",""https://propertyfinder.ae/en/about-us.html""]",2026-08-30,A,preserved_source_assertion
ast-e67d2ed58897,org-property-finder-e45a134,Property Finder,maturity,scaleup,coverage_gap_additions.csv,"[""https://propertyfinder.ae/en"",""https://propertyfinder.ae/en/about-us.html""]",2026-08-30,A,preserved_source_assertion
ast-ddc8ea33ab72,org-property-finder-e45a134,Property Finder,primary_lifecycle,L6 Marketing/sales,coverage_gap_additions.csv,"[""https://propertyfinder.ae/en"",""https://propertyfinder.ae/en/about-us.html""]",2026-08-30,A,preserved_source_assertion
ast-0ad3795eeb70,org-property-finder-e45a134,Property Finder,relevance_tier,A,coverage_gap_additions.csv,"[""https://propertyfinder.ae/en"",""https://propertyfinder.ae/en/about-us.html""]",2026-08-30,A,preserved_source_assertion
ast-a3b4e37b469f,org-property-finder-e45a134,Property Finder,secondary_lifecycle,L3 Capital/finance/L9 Portfolio,coverage_gap_additions.csv,"[""https://propertyfinder.ae/en"",""https://propertyfinder.ae/en/about-us.html""]",2026-08-30,A,preserved_source_assertion
ast-20e807994360,org-property-finder-e45a134,Property Finder,status,active,coverage_gap_additions.csv,"[""https://propertyfinder.ae/en"",""https://propertyfinder.ae/en/about-us.html""]",2026-08-30,A,preserved_source_assertion
ast-67babbc9a130,org-property-finder-e45a134,Property Finder,status_as_of,2026-08-30,coverage_gap_additions.csv,"[""https://propertyfinder.ae/en"",""https://propertyfinder.ae/en/about-us.html""]",2026-08-30,A,preserved_source_assertion
ast-61bdff0c50c7,org-property-shield-8c6800f,Property Shield,business_model,SaaS subscription,startup_core_additions.csv,"[""https://propertyshield.co/"",""https://ret.vc/portfolio""]",2026-08-30,A,preserved_source_assertion
ast-720e6b8a2185,org-property-shield-8c6800f,Property Shield,canonical_url,https://propertyshield.co/,startup_core_additions.csv,"[""https://propertyshield.co/"",""https://ret.vc/portfolio""]",2026-08-30,A,preserved_source_assertion
ast-ccd799e252b9,org-property-shield-8c6800f,Property Shield,category,AI real-estate fraud and data-security platform,startup_core_additions.csv,"[""https://propertyshield.co/"",""https://ret.vc/portfolio""]",2026-08-30,A,preserved_source_assertion
ast-64d4b51eed56,org-property-shield-8c6800f,Property Shield,cohort_or_ecosystem,RET Ventures,startup_core_additions.csv,"[""https://propertyshield.co/"",""https://ret.vc/portfolio""]",2026-08-30,A,preserved_source_assertion
ast-9294c0c103a3,org-property-shield-8c6800f,Property Shield,entity_type,private company,startup_core_additions.csv,"[""https://propertyshield.co/"",""https://ret.vc/portfolio""]",2026-08-30,A,preserved_source_assertion
ast-3073dcb62a06,org-property-shield-8c6800f,Property Shield,evidence_grade,A,startup_core_additions.csv,"[""https://propertyshield.co/"",""https://ret.vc/portfolio""]",2026-08-30,A,preserved_source_assertion
ast-b62cc063db4a,org-property-shield-8c6800f,Property Shield,hq_country,United States,startup_core_additions.csv,"[""https://propertyshield.co/"",""https://ret.vc/portfolio""]",2026-08-30,A,preserved_source_assertion
ast-1b8f97675bbc,org-property-shield-8c6800f,Property Shield,maturity,early,startup_core_additions.csv,"[""https://propertyshield.co/"",""https://ret.vc/portfolio""]",2026-08-30,A,preserved_source_assertion
ast-ea9ca78355bb,org-property-shield-8c6800f,Property Shield,primary_lifecycle,L8 Property operations,startup_core_additions.csv,"[""https://propertyshield.co/"",""https://ret.vc/portfolio""]",2026-08-30,A,preserved_source_assertion
ast-14ed48a3871b,org-property-shield-8c6800f,Property Shield,relevance_tier,A,startup_core_additions.csv,"[""https://propertyshield.co/"",""https://ret.vc/portfolio""]",2026-08-30,A,preserved_source_assertion
ast-959e0c923dce,org-property-shield-8c6800f,Property Shield,secondary_lifecycle,L3 Capital/finance,startup_core_additions.csv,"[""https://propertyshield.co/"",""https://ret.vc/portfolio""]",2026-08-30,A,preserved_source_assertion
ast-10452c419540,org-property-shield-8c6800f,Property Shield,status,active,startup_core_additions.csv,"[""https://propertyshield.co/"",""https://ret.vc/portfolio""]",2026-08-30,A,preserved_source_assertion
ast-c74c01a318aa,org-property-shield-8c6800f,Property Shield,status_as_of,2026-08-30,startup_core_additions.csv,"[""https://propertyshield.co/"",""https://ret.vc/portfolio""]",2026-08-30,A,preserved_source_assertion
ast-78f9124489e6,org-property24-3a2a0bf,Property24,business_model,listing subscriptions advertising and data,coverage_gap_additions.csv,"[""https://property24.com/about-us""]",2026-08-30,A,preserved_source_assertion
ast-545ae99a500f,org-property24-3a2a0bf,Property24,canonical_url,https://www.property24.com/about-us,coverage_gap_additions.csv,"[""https://property24.com/about-us""]",2026-08-30,A,preserved_source_assertion
ast-6df2009f1f03,org-property24-3a2a0bf,Property24,category,property portal and agent/developer marketing,coverage_gap_additions.csv,"[""https://property24.com/about-us""]",2026-08-30,A,preserved_source_assertion
ast-e0d4b879955a,org-property24-3a2a0bf,Property24,cohort_or_ecosystem,Naspers,coverage_gap_additions.csv,"[""https://property24.com/about-us""]",2026-08-30,A,preserved_source_assertion
ast-dfec34925c50,org-property24-3a2a0bf,Property24,entity_type,private subsidiary,coverage_gap_additions.csv,"[""https://property24.com/about-us""]",2026-08-30,A,preserved_source_assertion
ast-21d0f89827d8,org-property24-3a2a0bf,Property24,evidence_grade,A,coverage_gap_additions.csv,"[""https://property24.com/about-us""]",2026-08-30,A,preserved_source_assertion
ast-ce3c011f999b,org-property24-3a2a0bf,Property24,founding_year,unknown,coverage_gap_additions.csv,"[""https://property24.com/about-us""]",2026-08-30,A,preserved_source_assertion
ast-bb6774cfc079,org-property24-3a2a0bf,Property24,hq_country,South Africa,coverage_gap_additions.csv,"[""https://property24.com/about-us""]",2026-08-30,A,preserved_source_assertion
ast-f6b892d61128,org-property24-3a2a0bf,Property24,maturity,scaleup,coverage_gap_additions.csv,"[""https://property24.com/about-us""]",2026-08-30,A,preserved_source_assertion
ast-e029b9b60182,org-property24-3a2a0bf,Property24,primary_lifecycle,L6 Marketing/sales,coverage_gap_additions.csv,"[""https://property24.com/about-us""]",2026-08-30,A,preserved_source_assertion
ast-d4cef88b39ed,org-property24-3a2a0bf,Property24,relevance_tier,B,coverage_gap_additions.csv,"[""https://property24.com/about-us""]",2026-08-30,A,preserved_source_assertion
ast-7fc974ce0422,org-property24-3a2a0bf,Property24,secondary_lifecycle,L9 Portfolio,coverage_gap_additions.csv,"[""https://property24.com/about-us""]",2026-08-30,A,preserved_source_assertion
ast-b0895a55aea5,org-property24-3a2a0bf,Property24,status,active,coverage_gap_additions.csv,"[""https://property24.com/about-us""]",2026-08-30,A,preserved_source_assertion
ast-a2680ebf02a0,org-property24-3a2a0bf,Property24,status_as_of,2026-08-30,coverage_gap_additions.csv,"[""https://property24.com/about-us""]",2026-08-30,A,preserved_source_assertion
ast-1ca1adde2ce5,org-propertyguru-366b88f,PropertyGuru,business_model,advertising-subscriptions-leads,regional_companies_agent.csv,"[""https://propertyguru.com.sg/"",""https://propertyguru.com.sg/about-us/our-company""]",2026-08-30,B,preserved_source_assertion
ast-c8c7a6d19020,org-propertyguru-366b88f,PropertyGuru,business_model,Ads/leads marketplace,proptech_startups_agent.csv,"[""https://propertyguru.com.sg/""]",2026-08-30,A,preserved_source_assertion
ast-2ebd36adc500,org-propertyguru-366b88f,PropertyGuru,canonical_url,https://www.propertyguru.com.sg/,regional_companies_agent.csv,"[""https://propertyguru.com.sg/"",""https://propertyguru.com.sg/about-us/our-company""]",2026-08-30,B,preserved_source_assertion
ast-9c9b58b65ce7,org-propertyguru-366b88f,PropertyGuru,canonical_url,https://www.propertyguru.com.sg/,proptech_startups_agent.csv,"[""https://propertyguru.com.sg/""]",2026-08-30,A,preserved_source_assertion
ast-ef10d2efe463,org-propertyguru-366b88f,PropertyGuru,category,online-property-portal,regional_companies_agent.csv,"[""https://propertyguru.com.sg/"",""https://propertyguru.com.sg/about-us/our-company""]",2026-08-30,B,preserved_source_assertion
ast-fc87f50bd456,org-propertyguru-366b88f,PropertyGuru,category,Property marketplace,proptech_startups_agent.csv,"[""https://propertyguru.com.sg/""]",2026-08-30,A,preserved_source_assertion
ast-2e4bf2f04946,org-propertyguru-366b88f,PropertyGuru,cohort_or_ecosystem,SEA-portal,regional_companies_agent.csv,"[""https://propertyguru.com.sg/"",""https://propertyguru.com.sg/about-us/our-company""]",2026-08-30,B,preserved_source_assertion
ast-49920d88e115,org-propertyguru-366b88f,PropertyGuru,cohort_or_ecosystem,Independent,proptech_startups_agent.csv,"[""https://propertyguru.com.sg/""]",2026-08-30,A,preserved_source_assertion
ast-bba6d1ddcbc3,org-propertyguru-366b88f,PropertyGuru,entity_type,Company,proptech_startups_agent.csv,"[""https://propertyguru.com.sg/""]",2026-08-30,A,preserved_source_assertion
ast-f7f94ed5d566,org-propertyguru-366b88f,PropertyGuru,entity_type,public-status-verify,regional_companies_agent.csv,"[""https://propertyguru.com.sg/"",""https://propertyguru.com.sg/about-us/our-company""]",2026-08-30,B,preserved_source_assertion
ast-2788ed9a2428,org-propertyguru-366b88f,PropertyGuru,evidence_grade,B,regional_companies_agent.csv,"[""https://propertyguru.com.sg/"",""https://propertyguru.com.sg/about-us/our-company""]",2026-08-30,B,preserved_source_assertion
ast-4094f16e050c,org-propertyguru-366b88f,PropertyGuru,evidence_grade,A,proptech_startups_agent.csv,"[""https://propertyguru.com.sg/""]",2026-08-30,A,preserved_source_assertion
ast-b8f5d8b6aac2,org-propertyguru-366b88f,PropertyGuru,founding_year,2007,proptech_startups_agent.csv,"[""https://propertyguru.com.sg/""]",2026-08-30,A,preserved_source_assertion
ast-efd113b66edf,org-propertyguru-366b88f,PropertyGuru,founding_year,2007,regional_companies_agent.csv,"[""https://propertyguru.com.sg/"",""https://propertyguru.com.sg/about-us/our-company""]",2026-08-30,B,preserved_source_assertion
ast-27503267fbff,org-propertyguru-366b88f,PropertyGuru,hq_country,Singapore,regional_companies_agent.csv,"[""https://propertyguru.com.sg/"",""https://propertyguru.com.sg/about-us/our-company""]",2026-08-30,B,preserved_source_assertion
ast-e17c7f0bbe91,org-propertyguru-366b88f,PropertyGuru,hq_country,Singapore,proptech_startups_agent.csv,"[""https://propertyguru.com.sg/""]",2026-08-30,A,preserved_source_assertion
ast-2108c8740b51,org-propertyguru-366b88f,PropertyGuru,maturity,scale,regional_companies_agent.csv,"[""https://propertyguru.com.sg/"",""https://propertyguru.com.sg/about-us/our-company""]",2026-08-30,B,preserved_source_assertion
ast-fbbf82c8e687,org-propertyguru-366b88f,PropertyGuru,maturity,Public,proptech_startups_agent.csv,"[""https://propertyguru.com.sg/""]",2026-08-30,A,preserved_source_assertion
ast-1c73080fa080,org-propertyguru-366b88f,PropertyGuru,primary_lifecycle,property-discovery-advertising,regional_companies_agent.csv,"[""https://propertyguru.com.sg/"",""https://propertyguru.com.sg/about-us/our-company""]",2026-08-30,B,preserved_source_assertion
ast-f0f86a06e3ea,org-propertyguru-366b88f,PropertyGuru,primary_lifecycle,Sales,proptech_startups_agent.csv,"[""https://propertyguru.com.sg/""]",2026-08-30,A,preserved_source_assertion
ast-56e2440eb97d,org-propertyguru-366b88f,PropertyGuru,relevance_tier,A,proptech_startups_agent.csv,"[""https://propertyguru.com.sg/""]",2026-08-30,A,preserved_source_assertion
ast-c80a8aeec6fb,org-propertyguru-366b88f,PropertyGuru,relevance_tier,B,regional_companies_agent.csv,"[""https://propertyguru.com.sg/"",""https://propertyguru.com.sg/about-us/our-company""]",2026-08-30,B,preserved_source_assertion
ast-8d69ceec4659,org-propertyguru-366b88f,PropertyGuru,secondary_lifecycle,Finance,proptech_startups_agent.csv,"[""https://propertyguru.com.sg/""]",2026-08-30,A,preserved_source_assertion
ast-a5da284f0acd,org-propertyguru-366b88f,PropertyGuru,secondary_lifecycle,developer-leads-data-events,regional_companies_agent.csv,"[""https://propertyguru.com.sg/"",""https://propertyguru.com.sg/about-us/our-company""]",2026-08-30,B,preserved_source_assertion
ast-078e3505d169,org-propertyguru-366b88f,PropertyGuru,status,Active,proptech_startups_agent.csv,"[""https://propertyguru.com.sg/""]",2026-08-30,A,preserved_source_assertion
ast-37b9b915ad8a,org-propertyguru-366b88f,PropertyGuru,status,active,regional_companies_agent.csv,"[""https://propertyguru.com.sg/"",""https://propertyguru.com.sg/about-us/our-company""]",2026-08-30,B,preserved_source_assertion
ast-4062944c3da6,org-propertyguru-366b88f,PropertyGuru,status_as_of,2026-08-30,proptech_startups_agent.csv,"[""https://propertyguru.com.sg/""]",2026-08-30,A,preserved_source_assertion
ast-888fd942aeee,org-propertyguru-366b88f,PropertyGuru,status_as_of,2026-08-30,regional_companies_agent.csv,"[""https://propertyguru.com.sg/"",""https://propertyguru.com.sg/about-us/our-company""]",2026-08-30,B,preserved_source_assertion
ast-fa6e166cddcb,org-propertyland-b1fe12b,PropertyLand,business_model,transaction-and-advisory,regional_companies_agent.csv,"[""https://propertyland.co/"",""https://propertyland.co/footer/about""]",2026-08-30,B/D,preserved_source_assertion
ast-8d97790febc0,org-propertyland-b1fe12b,PropertyLand,canonical_url,https://www.propertyland.co/,regional_companies_agent.csv,"[""https://propertyland.co/"",""https://propertyland.co/footer/about""]",2026-08-30,B/D,preserved_source_assertion
ast-39e814bfc0f1,org-propertyland-b1fe12b,PropertyLand,category,marketplace-legal-guidance,regional_companies_agent.csv,"[""https://propertyland.co/"",""https://propertyland.co/footer/about""]",2026-08-30,B/D,preserved_source_assertion
ast-58e08d8f4ba4,org-propertyland-b1fe12b,PropertyLand,cohort_or_ecosystem,local-early-stage,regional_companies_agent.csv,"[""https://propertyland.co/"",""https://propertyland.co/footer/about""]",2026-08-30,B/D,preserved_source_assertion
ast-a74f64a77a2f,org-propertyland-b1fe12b,PropertyLand,entity_type,private-startup,regional_companies_agent.csv,"[""https://propertyland.co/"",""https://propertyland.co/footer/about""]",2026-08-30,B/D,preserved_source_assertion
ast-424a669d5d1c,org-propertyland-b1fe12b,PropertyLand,evidence_grade,B/D,regional_companies_agent.csv,"[""https://propertyland.co/"",""https://propertyland.co/footer/about""]",2026-08-30,B/D,preserved_source_assertion
ast-ee026d607213,org-propertyland-b1fe12b,PropertyLand,founding_year,2024,regional_companies_agent.csv,"[""https://propertyland.co/"",""https://propertyland.co/footer/about""]",2026-08-30,B/D,preserved_source_assertion
ast-8d7aee7785b7,org-propertyland-b1fe12b,PropertyLand,hq_country,Bangladesh,regional_companies_agent.csv,"[""https://propertyland.co/"",""https://propertyland.co/footer/about""]",2026-08-30,B/D,preserved_source_assertion
ast-a835b197f724,org-propertyland-b1fe12b,PropertyLand,maturity,early-stage,regional_companies_agent.csv,"[""https://propertyland.co/"",""https://propertyland.co/footer/about""]",2026-08-30,B/D,preserved_source_assertion
ast-b4058e7be0c7,org-propertyland-b1fe12b,PropertyLand,primary_lifecycle,discover-buy-sell,regional_companies_agent.csv,"[""https://propertyland.co/"",""https://propertyland.co/footer/about""]",2026-08-30,B/D,preserved_source_assertion
ast-8781a673ad16,org-propertyland-b1fe12b,PropertyLand,relevance_tier,B,regional_companies_agent.csv,"[""https://propertyland.co/"",""https://propertyland.co/footer/about""]",2026-08-30,B/D,preserved_source_assertion
ast-ee81ba6b7289,org-propertyland-b1fe12b,PropertyLand,secondary_lifecycle,legal-investment-consulting,regional_companies_agent.csv,"[""https://propertyland.co/"",""https://propertyland.co/footer/about""]",2026-08-30,B/D,preserved_source_assertion
ast-ef4a807db713,org-propertyland-b1fe12b,PropertyLand,status,live,regional_companies_agent.csv,"[""https://propertyland.co/"",""https://propertyland.co/footer/about""]",2026-08-30,B/D,preserved_source_assertion
ast-1f799917579e,org-propertyland-b1fe12b,PropertyLand,status_as_of,2026-08-30,regional_companies_agent.csv,"[""https://propertyland.co/"",""https://propertyland.co/footer/about""]",2026-08-30,B/D,preserved_source_assertion
ast-482fed4ba2ac,org-propexo-5b7a6ab,Propexo,business_model,API/SaaS,proptech_startups_agent.csv,"[""https://propexo.com/"",""https://ycombinator.com/companies/propexo""]",2026-08-30,A,preserved_source_assertion
ast-510ac9a8cd0d,org-propexo-5b7a6ab,Propexo,canonical_url,https://www.propexo.com/,proptech_startups_agent.csv,"[""https://propexo.com/"",""https://ycombinator.com/companies/propexo""]",2026-08-30,A,preserved_source_assertion
ast-4ca204dbfa97,org-propexo-5b7a6ab,Propexo,category,Property integration,proptech_startups_agent.csv,"[""https://propexo.com/"",""https://ycombinator.com/companies/propexo""]",2026-08-30,A,preserved_source_assertion
ast-77ac77166894,org-propexo-5b7a6ab,Propexo,cohort_or_ecosystem,Y Combinator,proptech_startups_agent.csv,"[""https://propexo.com/"",""https://ycombinator.com/companies/propexo""]",2026-08-30,A,preserved_source_assertion
ast-cedd4604d7a8,org-propexo-5b7a6ab,Propexo,entity_type,Company,proptech_startups_agent.csv,"[""https://propexo.com/"",""https://ycombinator.com/companies/propexo""]",2026-08-30,A,preserved_source_assertion
ast-2f0989d20b6e,org-propexo-5b7a6ab,Propexo,evidence_grade,A,proptech_startups_agent.csv,"[""https://propexo.com/"",""https://ycombinator.com/companies/propexo""]",2026-08-30,A,preserved_source_assertion
ast-52f6a78cedf4,org-propexo-5b7a6ab,Propexo,founding_year,Unknown,proptech_startups_agent.csv,"[""https://propexo.com/"",""https://ycombinator.com/companies/propexo""]",2026-08-30,A,preserved_source_assertion
ast-2d15dc93f0cb,org-propexo-5b7a6ab,Propexo,hq_country,United States,proptech_startups_agent.csv,"[""https://propexo.com/"",""https://ycombinator.com/companies/propexo""]",2026-08-30,A,preserved_source_assertion
ast-c6052d440b7f,org-propexo-5b7a6ab,Propexo,maturity,Early/scaleup,proptech_startups_agent.csv,"[""https://propexo.com/"",""https://ycombinator.com/companies/propexo""]",2026-08-30,A,preserved_source_assertion
ast-c0553981686e,org-propexo-5b7a6ab,Propexo,primary_lifecycle,Operations,proptech_startups_agent.csv,"[""https://propexo.com/"",""https://ycombinator.com/companies/propexo""]",2026-08-30,A,preserved_source_assertion
ast-d90ff3ffe6a2,org-propexo-5b7a6ab,Propexo,relevance_tier,A,proptech_startups_agent.csv,"[""https://propexo.com/"",""https://ycombinator.com/companies/propexo""]",2026-08-30,A,preserved_source_assertion
ast-03230577d521,org-propexo-5b7a6ab,Propexo,secondary_lifecycle,Data,proptech_startups_agent.csv,"[""https://propexo.com/"",""https://ycombinator.com/companies/propexo""]",2026-08-30,A,preserved_source_assertion
ast-c8533020eab8,org-propexo-5b7a6ab,Propexo,status,Active,proptech_startups_agent.csv,"[""https://propexo.com/"",""https://ycombinator.com/companies/propexo""]",2026-08-30,A,preserved_source_assertion
ast-e2a8080632a1,org-propexo-5b7a6ab,Propexo,status_as_of,2026-08-30,proptech_startups_agent.csv,"[""https://propexo.com/"",""https://ycombinator.com/companies/propexo""]",2026-08-30,A,preserved_source_assertion
ast-35d7e428a4d4,org-proprise-71fd7fd,PropRise,canonical_url,https://www.ycombinator.com/companies/industry/real-estate-and-construction,global_real_estate_pioneers_agent.csv,"[""https://ycombinator.com/companies/industry/real-estate-and-construction""]",2026-08-30,D,preserved_source_assertion
ast-23d69559ded7,org-proprise-71fd7fd,PropRise,entity_type,YC CRE investment analytics,global_real_estate_pioneers_agent.csv,"[""https://ycombinator.com/companies/industry/real-estate-and-construction""]",2026-08-30,D,preserved_source_assertion
ast-d455abf5a82c,org-proprise-71fd7fd,PropRise,evidence_grade,D,global_real_estate_pioneers_agent.csv,"[""https://ycombinator.com/companies/industry/real-estate-and-construction""]",2026-08-30,D,preserved_source_assertion
ast-8e45d7cc1aa4,org-proprise-71fd7fd,PropRise,hq_country,United States,global_real_estate_pioneers_agent.csv,"[""https://ycombinator.com/companies/industry/real-estate-and-construction""]",2026-08-30,D,preserved_source_assertion
ast-bd42086469c7,org-proprise-71fd7fd,PropRise,primary_lifecycle,F,global_real_estate_pioneers_agent.csv,"[""https://ycombinator.com/companies/industry/real-estate-and-construction""]",2026-08-30,D,preserved_source_assertion
ast-9b193058b042,org-proprise-71fd7fd,PropRise,relevance_tier,C,global_real_estate_pioneers_agent.csv,"[""https://ycombinator.com/companies/industry/real-estate-and-construction""]",2026-08-30,D,preserved_source_assertion
ast-ce5502304476,org-proprise-71fd7fd,PropRise,status,watchlist,global_real_estate_pioneers_agent.csv,"[""https://ycombinator.com/companies/industry/real-estate-and-construction""]",2026-08-30,D,preserved_source_assertion
ast-ab082018087e,org-proq-cf33256,ProQ,business_model,Marketplace/RFQ,proptech_startups_agent.csv,"[""https://proq.com.bd/"",""https://thedailystar.net/news/technology/news/bangladeshs-construction-procurement-still-runs-phone-calls-and-whatsapp-startup-wants-change-4250786""]",2026-08-30,B,preserved_source_assertion
ast-f326c37fbc19,org-proq-cf33256,ProQ,business_model,marketplace-leads,regional_companies_agent.csv,"[""https://linkedin.com/company/proq-platform"",""https://proq.com.bd/""]",2026-08-30,C/D,preserved_source_assertion
ast-d2ebc8c8167c,org-proq-cf33256,ProQ,canonical_url,https://www.proq.com.bd/,regional_companies_agent.csv,"[""https://linkedin.com/company/proq-platform"",""https://proq.com.bd/""]",2026-08-30,C/D,preserved_source_assertion
ast-f540af152477,org-proq-cf33256,ProQ,canonical_url,https://proq.com.bd/,proptech_startups_agent.csv,"[""https://proq.com.bd/"",""https://thedailystar.net/news/technology/news/bangladeshs-construction-procurement-still-runs-phone-calls-and-whatsapp-startup-wants-change-4250786""]",2026-08-30,B,preserved_source_assertion
ast-015889b72ed4,org-proq-cf33256,ProQ,category,procurement-marketplace,regional_companies_agent.csv,"[""https://linkedin.com/company/proq-platform"",""https://proq.com.bd/""]",2026-08-30,C/D,preserved_source_assertion
ast-75224b3e198b,org-proq-cf33256,ProQ,category,Construction materials procurement,proptech_startups_agent.csv,"[""https://proq.com.bd/"",""https://thedailystar.net/news/technology/news/bangladeshs-construction-procurement-still-runs-phone-calls-and-whatsapp-startup-wants-change-4250786""]",2026-08-30,B,preserved_source_assertion
ast-6331bc2ad15d,org-proq-cf33256,ProQ,cohort_or_ecosystem,local-early-stage,regional_companies_agent.csv,"[""https://linkedin.com/company/proq-platform"",""https://proq.com.bd/""]",2026-08-30,C/D,preserved_source_assertion
ast-7636e0c62668,org-proq-cf33256,ProQ,cohort_or_ecosystem,Independent,proptech_startups_agent.csv,"[""https://proq.com.bd/"",""https://thedailystar.net/news/technology/news/bangladeshs-construction-procurement-still-runs-phone-calls-and-whatsapp-startup-wants-change-4250786""]",2026-08-30,B,preserved_source_assertion
ast-5417e9ade7e2,org-proq-cf33256,ProQ,entity_type,private-startup,regional_companies_agent.csv,"[""https://linkedin.com/company/proq-platform"",""https://proq.com.bd/""]",2026-08-30,C/D,preserved_source_assertion
ast-fd2d056d0dfc,org-proq-cf33256,ProQ,entity_type,Company,proptech_startups_agent.csv,"[""https://proq.com.bd/"",""https://thedailystar.net/news/technology/news/bangladeshs-construction-procurement-still-runs-phone-calls-and-whatsapp-startup-wants-change-4250786""]",2026-08-30,B,preserved_source_assertion
ast-43a235321961,org-proq-cf33256,ProQ,evidence_grade,C/D,regional_companies_agent.csv,"[""https://linkedin.com/company/proq-platform"",""https://proq.com.bd/""]",2026-08-30,C/D,preserved_source_assertion
ast-7dd84c97042c,org-proq-cf33256,ProQ,evidence_grade,B,proptech_startups_agent.csv,"[""https://proq.com.bd/"",""https://thedailystar.net/news/technology/news/bangladeshs-construction-procurement-still-runs-phone-calls-and-whatsapp-startup-wants-change-4250786""]",2026-08-30,B,preserved_source_assertion
ast-a51d1423851d,org-proq-cf33256,ProQ,founding_year,2025,regional_companies_agent.csv,"[""https://linkedin.com/company/proq-platform"",""https://proq.com.bd/""]",2026-08-30,C/D,preserved_source_assertion
ast-c3640d67cfcb,org-proq-cf33256,ProQ,founding_year,Unknown,proptech_startups_agent.csv,"[""https://proq.com.bd/"",""https://thedailystar.net/news/technology/news/bangladeshs-construction-procurement-still-runs-phone-calls-and-whatsapp-startup-wants-change-4250786""]",2026-08-30,B,preserved_source_assertion
ast-007ad1104886,org-proq-cf33256,ProQ,hq_country,Bangladesh,regional_companies_agent.csv,"[""https://linkedin.com/company/proq-platform"",""https://proq.com.bd/""]",2026-08-30,C/D,preserved_source_assertion
ast-822cde6d6527,org-proq-cf33256,ProQ,hq_country,Bangladesh,proptech_startups_agent.csv,"[""https://proq.com.bd/"",""https://thedailystar.net/news/technology/news/bangladeshs-construction-procurement-still-runs-phone-calls-and-whatsapp-startup-wants-change-4250786""]",2026-08-30,B,preserved_source_assertion
ast-8eaae2f5fd1f,org-proq-cf33256,ProQ,maturity,early-stage,regional_companies_agent.csv,"[""https://linkedin.com/company/proq-platform"",""https://proq.com.bd/""]",2026-08-30,C/D,preserved_source_assertion
ast-f86a9985d840,org-proq-cf33256,ProQ,maturity,Very early,proptech_startups_agent.csv,"[""https://proq.com.bd/"",""https://thedailystar.net/news/technology/news/bangladeshs-construction-procurement-still-runs-phone-calls-and-whatsapp-startup-wants-change-4250786""]",2026-08-30,B,preserved_source_assertion
ast-b04b8f59fc4e,org-proq-cf33256,ProQ,primary_lifecycle,construction-procurement,regional_companies_agent.csv,"[""https://linkedin.com/company/proq-platform"",""https://proq.com.bd/""]",2026-08-30,C/D,preserved_source_assertion
ast-b4920d739b73,org-proq-cf33256,ProQ,primary_lifecycle,Procurement,proptech_startups_agent.csv,"[""https://proq.com.bd/"",""https://thedailystar.net/news/technology/news/bangladeshs-construction-procurement-still-runs-phone-calls-and-whatsapp-startup-wants-change-4250786""]",2026-08-30,B,preserved_source_assertion
ast-003ea1f2e490,org-proq-cf33256,ProQ,relevance_tier,C/D,regional_companies_agent.csv,"[""https://linkedin.com/company/proq-platform"",""https://proq.com.bd/""]",2026-08-30,C/D,preserved_source_assertion
ast-49b67996d743,org-proq-cf33256,ProQ,relevance_tier,B,proptech_startups_agent.csv,"[""https://proq.com.bd/"",""https://thedailystar.net/news/technology/news/bangladeshs-construction-procurement-still-runs-phone-calls-and-whatsapp-startup-wants-change-4250786""]",2026-08-30,B,preserved_source_assertion
ast-9b1ba8f76c66,org-proq-cf33256,ProQ,secondary_lifecycle,Construction,proptech_startups_agent.csv,"[""https://proq.com.bd/"",""https://thedailystar.net/news/technology/news/bangladeshs-construction-procurement-still-runs-phone-calls-and-whatsapp-startup-wants-change-4250786""]",2026-08-30,B,preserved_source_assertion
ast-9ddf57216715,org-proq-cf33256,ProQ,secondary_lifecycle,architecture-real-estate,regional_companies_agent.csv,"[""https://linkedin.com/company/proq-platform"",""https://proq.com.bd/""]",2026-08-30,C/D,preserved_source_assertion
ast-16d5cb9743f5,org-proq-cf33256,ProQ,status,early-live-signal,regional_companies_agent.csv,"[""https://linkedin.com/company/proq-platform"",""https://proq.com.bd/""]",2026-08-30,C/D,preserved_source_assertion
ast-1b4a0583cb84,org-proq-cf33256,ProQ,status,Active/very early,proptech_startups_agent.csv,"[""https://proq.com.bd/"",""https://thedailystar.net/news/technology/news/bangladeshs-construction-procurement-still-runs-phone-calls-and-whatsapp-startup-wants-change-4250786""]",2026-08-30,B,preserved_source_assertion
ast-15e50ee4a2d6,org-proq-cf33256,ProQ,status_as_of,2026-08-30,regional_companies_agent.csv,"[""https://linkedin.com/company/proq-platform"",""https://proq.com.bd/""]",2026-08-30,C/D,preserved_source_assertion
ast-4605b0f7368b,org-proq-cf33256,ProQ,status_as_of,2026-08-30,proptech_startups_agent.csv,"[""https://proq.com.bd/"",""https://thedailystar.net/news/technology/news/bangladeshs-construction-procurement-still-runs-phone-calls-and-whatsapp-startup-wants-change-4250786""]",2026-08-30,B,preserved_source_assertion
ast-b7d08aceca1b,org-prypco-be97735,PRYPCO,business_model,transaction-fees,regional_companies_agent.csv,"[""https://dubailand.gov.ae/en/news-media/dubai-land-department-achieves-world-first-with-instant-sell-out-of-tokenized-real-estate"",""https://help.prypco.com/en/articles/13740985-what-is-prypco"",""https://prypco.com/""]",2026-08-30,B,preserved_source_assertion
ast-95168a7253bc,org-prypco-be97735,PRYPCO,canonical_url,https://prypco.com/,regional_companies_agent.csv,"[""https://dubailand.gov.ae/en/news-media/dubai-land-department-achieves-world-first-with-instant-sell-out-of-tokenized-real-estate"",""https://help.prypco.com/en/articles/13740985-what-is-prypco"",""https://prypco.com/""]",2026-08-30,B,preserved_source_assertion
ast-f16e061e969c,org-prypco-be97735,PRYPCO,category,property-fintech-tokenization,regional_companies_agent.csv,"[""https://dubailand.gov.ae/en/news-media/dubai-land-department-achieves-world-first-with-instant-sell-out-of-tokenized-real-estate"",""https://help.prypco.com/en/articles/13740985-what-is-prypco"",""https://prypco.com/""]",2026-08-30,B,preserved_source_assertion
ast-8f3d8161d8e6,org-prypco-be97735,PRYPCO,cohort_or_ecosystem,DLD-tokenization-initiative,regional_companies_agent.csv,"[""https://dubailand.gov.ae/en/news-media/dubai-land-department-achieves-world-first-with-instant-sell-out-of-tokenized-real-estate"",""https://help.prypco.com/en/articles/13740985-what-is-prypco"",""https://prypco.com/""]",2026-08-30,B,preserved_source_assertion
ast-f9cb3b14ddf9,org-prypco-be97735,PRYPCO,entity_type,private-startup,regional_companies_agent.csv,"[""https://dubailand.gov.ae/en/news-media/dubai-land-department-achieves-world-first-with-instant-sell-out-of-tokenized-real-estate"",""https://help.prypco.com/en/articles/13740985-what-is-prypco"",""https://prypco.com/""]",2026-08-30,B,preserved_source_assertion
ast-8f9160aa1d29,org-prypco-be97735,PRYPCO,evidence_grade,B,regional_companies_agent.csv,"[""https://dubailand.gov.ae/en/news-media/dubai-land-department-achieves-world-first-with-instant-sell-out-of-tokenized-real-estate"",""https://help.prypco.com/en/articles/13740985-what-is-prypco"",""https://prypco.com/""]",2026-08-30,B,preserved_source_assertion
ast-4fae907aec42,org-prypco-be97735,PRYPCO,founding_year,Unknown,regional_companies_agent.csv,"[""https://dubailand.gov.ae/en/news-media/dubai-land-department-achieves-world-first-with-instant-sell-out-of-tokenized-real-estate"",""https://help.prypco.com/en/articles/13740985-what-is-prypco"",""https://prypco.com/""]",2026-08-30,B,preserved_source_assertion
ast-f21305321a2d,org-prypco-be97735,PRYPCO,hq_country,United Arab Emirates,regional_companies_agent.csv,"[""https://dubailand.gov.ae/en/news-media/dubai-land-department-achieves-world-first-with-instant-sell-out-of-tokenized-real-estate"",""https://help.prypco.com/en/articles/13740985-what-is-prypco"",""https://prypco.com/""]",2026-08-30,B,preserved_source_assertion
ast-5dae41432b0a,org-prypco-be97735,PRYPCO,maturity,early-growth,regional_companies_agent.csv,"[""https://dubailand.gov.ae/en/news-media/dubai-land-department-achieves-world-first-with-instant-sell-out-of-tokenized-real-estate"",""https://help.prypco.com/en/articles/13740985-what-is-prypco"",""https://prypco.com/""]",2026-08-30,B,preserved_source_assertion
ast-859fd6fa8e4a,org-prypco-be97735,PRYPCO,primary_lifecycle,property-investment-finance,regional_companies_agent.csv,"[""https://dubailand.gov.ae/en/news-media/dubai-land-department-achieves-world-first-with-instant-sell-out-of-tokenized-real-estate"",""https://help.prypco.com/en/articles/13740985-what-is-prypco"",""https://prypco.com/""]",2026-08-30,B,preserved_source_assertion
ast-c1cc187c9dda,org-prypco-be97735,PRYPCO,relevance_tier,B,regional_companies_agent.csv,"[""https://dubailand.gov.ae/en/news-media/dubai-land-department-achieves-world-first-with-instant-sell-out-of-tokenized-real-estate"",""https://help.prypco.com/en/articles/13740985-what-is-prypco"",""https://prypco.com/""]",2026-08-30,B,preserved_source_assertion
ast-1a8e709b9d77,org-prypco-be97735,PRYPCO,secondary_lifecycle,tokenized-real-estate-Golden-Visa,regional_companies_agent.csv,"[""https://dubailand.gov.ae/en/news-media/dubai-land-department-achieves-world-first-with-instant-sell-out-of-tokenized-real-estate"",""https://help.prypco.com/en/articles/13740985-what-is-prypco"",""https://prypco.com/""]",2026-08-30,B,preserved_source_assertion
ast-c935a7ec4c6f,org-prypco-be97735,PRYPCO,status,active,regional_companies_agent.csv,"[""https://dubailand.gov.ae/en/news-media/dubai-land-department-achieves-world-first-with-instant-sell-out-of-tokenized-real-estate"",""https://help.prypco.com/en/articles/13740985-what-is-prypco"",""https://prypco.com/""]",2026-08-30,B,preserved_source_assertion
ast-6a37e849f520,org-prypco-be97735,PRYPCO,status_as_of,2026-08-30,regional_companies_agent.csv,"[""https://dubailand.gov.ae/en/news-media/dubai-land-department-achieves-world-first-with-instant-sell-out-of-tokenized-real-estate"",""https://help.prypco.com/en/articles/13740985-what-is-prypco"",""https://prypco.com/""]",2026-08-30,B,preserved_source_assertion
ast-6310c11e5825,org-pultegroup-8667429,PulteGroup,business_model,"standardized construction, customer segmentation, mortgage/title and warranty",operator_coverage_additions.csv,"[""https://investor.pulte.com/"",""https://pultegroup.com/"",""https://sec.gov/Archives/edgar/data/0000822416/000082241626000018/pultegroupinc2025_ars.pdf""]",2026-08-30,B,preserved_source_assertion
ast-e4284fb4faf4,org-pultegroup-8667429,PulteGroup,canonical_url,https://www.pultegroup.com/,operator_coverage_additions.csv,"[""https://investor.pulte.com/"",""https://pultegroup.com/"",""https://sec.gov/Archives/edgar/data/0000822416/000082241626000018/pultegroupinc2025_ars.pdf""]",2026-08-30,B,preserved_source_assertion
ast-96d006b6b333,org-pultegroup-8667429,PulteGroup,category,"high-volume homebuilder, active-adult and financial-services operator",operator_coverage_additions.csv,"[""https://investor.pulte.com/"",""https://pultegroup.com/"",""https://sec.gov/Archives/edgar/data/0000822416/000082241626000018/pultegroupinc2025_ars.pdf""]",2026-08-30,B,preserved_source_assertion
ast-8db08626267c,org-pultegroup-8667429,PulteGroup,cohort_or_ecosystem,Independent,operator_coverage_additions.csv,"[""https://investor.pulte.com/"",""https://pultegroup.com/"",""https://sec.gov/Archives/edgar/data/0000822416/000082241626000018/pultegroupinc2025_ars.pdf""]",2026-08-30,B,preserved_source_assertion
ast-4814144372e2,org-pultegroup-8667429,PulteGroup,entity_type,developer and production homebuilder,operator_coverage_additions.csv,"[""https://investor.pulte.com/"",""https://pultegroup.com/"",""https://sec.gov/Archives/edgar/data/0000822416/000082241626000018/pultegroupinc2025_ars.pdf""]",2026-08-30,B,preserved_source_assertion
ast-0fa6717cbd83,org-pultegroup-8667429,PulteGroup,evidence_grade,B,operator_coverage_additions.csv,"[""https://investor.pulte.com/"",""https://pultegroup.com/"",""https://sec.gov/Archives/edgar/data/0000822416/000082241626000018/pultegroupinc2025_ars.pdf""]",2026-08-30,B,preserved_source_assertion
ast-be3b8bdc7960,org-pultegroup-8667429,PulteGroup,founding_year,1950,operator_coverage_additions.csv,"[""https://investor.pulte.com/"",""https://pultegroup.com/"",""https://sec.gov/Archives/edgar/data/0000822416/000082241626000018/pultegroupinc2025_ars.pdf""]",2026-08-30,B,preserved_source_assertion
ast-197541b102ad,org-pultegroup-8667429,PulteGroup,hq_country,United States,operator_coverage_additions.csv,"[""https://investor.pulte.com/"",""https://pultegroup.com/"",""https://sec.gov/Archives/edgar/data/0000822416/000082241626000018/pultegroupinc2025_ars.pdf""]",2026-08-30,B,preserved_source_assertion
ast-d26a0109854b,org-pultegroup-8667429,PulteGroup,maturity,scale operator,operator_coverage_additions.csv,"[""https://investor.pulte.com/"",""https://pultegroup.com/"",""https://sec.gov/Archives/edgar/data/0000822416/000082241626000018/pultegroupinc2025_ars.pdf""]",2026-08-30,B,preserved_source_assertion
ast-fb8d9cbb4984,org-pultegroup-8667429,PulteGroup,primary_lifecycle,D/C/S/F/H/O,operator_coverage_additions.csv,"[""https://investor.pulte.com/"",""https://pultegroup.com/"",""https://sec.gov/Archives/edgar/data/0000822416/000082241626000018/pultegroupinc2025_ars.pdf""]",2026-08-30,B,preserved_source_assertion
ast-ecbb88eb6ead,org-pultegroup-8667429,PulteGroup,relevance_tier,B,operator_coverage_additions.csv,"[""https://investor.pulte.com/"",""https://pultegroup.com/"",""https://sec.gov/Archives/edgar/data/0000822416/000082241626000018/pultegroupinc2025_ars.pdf""]",2026-08-30,B,preserved_source_assertion
ast-a48c8b145bf6,org-pultegroup-8667429,PulteGroup,secondary_lifecycle,O/E,operator_coverage_additions.csv,"[""https://investor.pulte.com/"",""https://pultegroup.com/"",""https://sec.gov/Archives/edgar/data/0000822416/000082241626000018/pultegroupinc2025_ars.pdf""]",2026-08-30,B,preserved_source_assertion
ast-31bbce1ff4da,org-pultegroup-8667429,PulteGroup,status,active,operator_coverage_additions.csv,"[""https://investor.pulte.com/"",""https://pultegroup.com/"",""https://sec.gov/Archives/edgar/data/0000822416/000082241626000018/pultegroupinc2025_ars.pdf""]",2026-08-30,B,preserved_source_assertion
ast-ce82e0a11e5b,org-pultegroup-8667429,PulteGroup,status_as_of,2026-08-30,operator_coverage_additions.csv,"[""https://investor.pulte.com/"",""https://pultegroup.com/"",""https://sec.gov/Archives/edgar/data/0000822416/000082241626000018/pultegroupinc2025_ars.pdf""]",2026-08-30,B,preserved_source_assertion
ast-ef377ed9ca1b,org-qflow-9a7b840,Qflow,business_model,SaaS,proptech_startups_agent.csv,"[""https://qflow.tech/"",""https://tarongagroup.com/realtechx""]",2026-08-30,A,preserved_source_assertion
ast-f1d60851defb,org-qflow-9a7b840,Qflow,canonical_url,https://www.qflow.tech/,proptech_startups_agent.csv,"[""https://qflow.tech/"",""https://tarongagroup.com/realtechx""]",2026-08-30,A,preserved_source_assertion
ast-e9fcec5d61a5,org-qflow-9a7b840,Qflow,category,Materials carbon tracking,proptech_startups_agent.csv,"[""https://qflow.tech/"",""https://tarongagroup.com/realtechx""]",2026-08-30,A,preserved_source_assertion
ast-b5de09c71843,org-qflow-9a7b840,Qflow,cohort_or_ecosystem,Taronga RealTechX,proptech_startups_agent.csv,"[""https://qflow.tech/"",""https://tarongagroup.com/realtechx""]",2026-08-30,A,preserved_source_assertion
ast-f70e634a9393,org-qflow-9a7b840,Qflow,entity_type,Company,proptech_startups_agent.csv,"[""https://qflow.tech/"",""https://tarongagroup.com/realtechx""]",2026-08-30,A,preserved_source_assertion
ast-2e0d637ee9cc,org-qflow-9a7b840,Qflow,evidence_grade,A,proptech_startups_agent.csv,"[""https://qflow.tech/"",""https://tarongagroup.com/realtechx""]",2026-08-30,A,preserved_source_assertion
ast-4b0843737b41,org-qflow-9a7b840,Qflow,founding_year,Unknown,proptech_startups_agent.csv,"[""https://qflow.tech/"",""https://tarongagroup.com/realtechx""]",2026-08-30,A,preserved_source_assertion
ast-83efbacbefeb,org-qflow-9a7b840,Qflow,hq_country,United Kingdom,proptech_startups_agent.csv,"[""https://qflow.tech/"",""https://tarongagroup.com/realtechx""]",2026-08-30,A,preserved_source_assertion
ast-7115e2b4b43a,org-qflow-9a7b840,Qflow,maturity,Early/scaleup,proptech_startups_agent.csv,"[""https://qflow.tech/"",""https://tarongagroup.com/realtechx""]",2026-08-30,A,preserved_source_assertion
ast-6a086b639200,org-qflow-9a7b840,Qflow,primary_lifecycle,Construction,proptech_startups_agent.csv,"[""https://qflow.tech/"",""https://tarongagroup.com/realtechx""]",2026-08-30,A,preserved_source_assertion
ast-b7f97fcd7002,org-qflow-9a7b840,Qflow,relevance_tier,C,proptech_startups_agent.csv,"[""https://qflow.tech/"",""https://tarongagroup.com/realtechx""]",2026-08-30,A,preserved_source_assertion
ast-dd9f3a985be0,org-qflow-9a7b840,Qflow,secondary_lifecycle,Climate,proptech_startups_agent.csv,"[""https://qflow.tech/"",""https://tarongagroup.com/realtechx""]",2026-08-30,A,preserved_source_assertion
ast-600f2e06e2de,org-qflow-9a7b840,Qflow,status,Active,proptech_startups_agent.csv,"[""https://qflow.tech/"",""https://tarongagroup.com/realtechx""]",2026-08-30,A,preserved_source_assertion
ast-c47708c9bf0a,org-qflow-9a7b840,Qflow,status_as_of,2026-08-30,proptech_startups_agent.csv,"[""https://qflow.tech/"",""https://tarongagroup.com/realtechx""]",2026-08-30,A,preserved_source_assertion
ast-51f3e6979d2b,org-qiddiya-investment-c4e1996,Qiddiya Investment Company,business_model,"intelligent command centre, real-time insights, automation, destination sustainability",operator_coverage_additions.csv,"[""https://qiddiya.com/"",""https://qiddiya.com/about/sustainability"",""https://qiddiya.com/en"",""https://spa.gov.sa/en/N2440931""]",2026-08-30,B,preserved_source_assertion
ast-326b8c4a4345,org-qiddiya-investment-c4e1996,Qiddiya Investment Company,canonical_url,https://qiddiya.com/,operator_coverage_additions.csv,"[""https://qiddiya.com/"",""https://qiddiya.com/about/sustainability"",""https://qiddiya.com/en"",""https://spa.gov.sa/en/N2440931""]",2026-08-30,B,preserved_source_assertion
ast-70319e5dc02f,org-qiddiya-investment-c4e1996,Qiddiya Investment Company,category,Saudi giga-project and destination developer/operator,operator_coverage_additions.csv,"[""https://qiddiya.com/"",""https://qiddiya.com/about/sustainability"",""https://qiddiya.com/en"",""https://spa.gov.sa/en/N2440931""]",2026-08-30,B,preserved_source_assertion
ast-6a58f92e2acf,org-qiddiya-investment-c4e1996,Qiddiya Investment Company,cohort_or_ecosystem,PIF portfolio company,operator_coverage_additions.csv,"[""https://qiddiya.com/"",""https://qiddiya.com/about/sustainability"",""https://qiddiya.com/en"",""https://spa.gov.sa/en/N2440931""]",2026-08-30,B,preserved_source_assertion
ast-44445adec420,org-qiddiya-investment-c4e1996,Qiddiya Investment Company,entity_type,master developer and destination platform,operator_coverage_additions.csv,"[""https://qiddiya.com/"",""https://qiddiya.com/about/sustainability"",""https://qiddiya.com/en"",""https://spa.gov.sa/en/N2440931""]",2026-08-30,B,preserved_source_assertion
ast-69f08ac0824c,org-qiddiya-investment-c4e1996,Qiddiya Investment Company,evidence_grade,B,operator_coverage_additions.csv,"[""https://qiddiya.com/"",""https://qiddiya.com/about/sustainability"",""https://qiddiya.com/en"",""https://spa.gov.sa/en/N2440931""]",2026-08-30,B,preserved_source_assertion
ast-11c42e432d0e,org-qiddiya-investment-c4e1996,Qiddiya Investment Company,founding_year,2017,operator_coverage_additions.csv,"[""https://qiddiya.com/"",""https://qiddiya.com/about/sustainability"",""https://qiddiya.com/en"",""https://spa.gov.sa/en/N2440931""]",2026-08-30,B,preserved_source_assertion
ast-bf6479f04165,org-qiddiya-investment-c4e1996,Qiddiya Investment Company,hq_country,Saudi Arabia,operator_coverage_additions.csv,"[""https://qiddiya.com/"",""https://qiddiya.com/about/sustainability"",""https://qiddiya.com/en"",""https://spa.gov.sa/en/N2440931""]",2026-08-30,B,preserved_source_assertion
ast-3af0b5548df0,org-qiddiya-investment-c4e1996,Qiddiya Investment Company,maturity,development-stage platform,operator_coverage_additions.csv,"[""https://qiddiya.com/"",""https://qiddiya.com/about/sustainability"",""https://qiddiya.com/en"",""https://spa.gov.sa/en/N2440931""]",2026-08-30,B,preserved_source_assertion
ast-52d8a17649dd,org-qiddiya-investment-c4e1996,Qiddiya Investment Company,primary_lifecycle,L/D/C/H/O/E,operator_coverage_additions.csv,"[""https://qiddiya.com/"",""https://qiddiya.com/about/sustainability"",""https://qiddiya.com/en"",""https://spa.gov.sa/en/N2440931""]",2026-08-30,B,preserved_source_assertion
ast-75878ccfbb93,org-qiddiya-investment-c4e1996,Qiddiya Investment Company,relevance_tier,B,operator_coverage_additions.csv,"[""https://qiddiya.com/"",""https://qiddiya.com/about/sustainability"",""https://qiddiya.com/en"",""https://spa.gov.sa/en/N2440931""]",2026-08-30,B,preserved_source_assertion
ast-c04ab4199ad2,org-qiddiya-investment-c4e1996,Qiddiya Investment Company,secondary_lifecycle,E,operator_coverage_additions.csv,"[""https://qiddiya.com/"",""https://qiddiya.com/about/sustainability"",""https://qiddiya.com/en"",""https://spa.gov.sa/en/N2440931""]",2026-08-30,B,preserved_source_assertion
ast-62b10529169d,org-qiddiya-investment-c4e1996,Qiddiya Investment Company,status,active,operator_coverage_additions.csv,"[""https://qiddiya.com/"",""https://qiddiya.com/about/sustainability"",""https://qiddiya.com/en"",""https://spa.gov.sa/en/N2440931""]",2026-08-30,B,preserved_source_assertion
ast-3650d5cb9453,org-qiddiya-investment-c4e1996,Qiddiya Investment Company,status_as_of,2026-08-30,operator_coverage_additions.csv,"[""https://qiddiya.com/"",""https://qiddiya.com/about/sustainability"",""https://qiddiya.com/en"",""https://spa.gov.sa/en/N2440931""]",2026-08-30,B,preserved_source_assertion
ast-113cd19b3753,org-qualis-flow-6468e8b,Qualis Flow,business_model,software and consulting,coverage_gap_additions.csv,"[""https://pilabs.vc/portfolio?sort=date_desc"",""https://qualisflow.com/""]",2026-08-30,A,preserved_source_assertion
ast-ef571904a5ec,org-qualis-flow-6468e8b,Qualis Flow,canonical_url,https://www.qualisflow.com/,coverage_gap_additions.csv,"[""https://pilabs.vc/portfolio?sort=date_desc"",""https://qualisflow.com/""]",2026-08-30,A,preserved_source_assertion
ast-9a6c7fbd2874,org-qualis-flow-6468e8b,Qualis Flow,category,construction embodied-carbon measurement,coverage_gap_additions.csv,"[""https://pilabs.vc/portfolio?sort=date_desc"",""https://qualisflow.com/""]",2026-08-30,A,preserved_source_assertion
ast-e00ce5f4b543,org-qualis-flow-6468e8b,Qualis Flow,cohort_or_ecosystem,Pi Labs,coverage_gap_additions.csv,"[""https://pilabs.vc/portfolio?sort=date_desc"",""https://qualisflow.com/""]",2026-08-30,A,preserved_source_assertion
ast-98cfcd11f6ad,org-qualis-flow-6468e8b,Qualis Flow,entity_type,private startup,coverage_gap_additions.csv,"[""https://pilabs.vc/portfolio?sort=date_desc"",""https://qualisflow.com/""]",2026-08-30,A,preserved_source_assertion
ast-7313a586a786,org-qualis-flow-6468e8b,Qualis Flow,evidence_grade,A,coverage_gap_additions.csv,"[""https://pilabs.vc/portfolio?sort=date_desc"",""https://qualisflow.com/""]",2026-08-30,A,preserved_source_assertion
ast-b93a3fbc6cc8,org-qualis-flow-6468e8b,Qualis Flow,founding_year,2018,coverage_gap_additions.csv,"[""https://pilabs.vc/portfolio?sort=date_desc"",""https://qualisflow.com/""]",2026-08-30,A,preserved_source_assertion
ast-98cbafd67b4a,org-qualis-flow-6468e8b,Qualis Flow,hq_country,United Kingdom,coverage_gap_additions.csv,"[""https://pilabs.vc/portfolio?sort=date_desc"",""https://qualisflow.com/""]",2026-08-30,A,preserved_source_assertion
ast-0ea72335f0c9,org-qualis-flow-6468e8b,Qualis Flow,maturity,scaleup,coverage_gap_additions.csv,"[""https://pilabs.vc/portfolio?sort=date_desc"",""https://qualisflow.com/""]",2026-08-30,A,preserved_source_assertion
ast-db1a8d1559bb,org-qualis-flow-6468e8b,Qualis Flow,primary_lifecycle,L5 Construction,coverage_gap_additions.csv,"[""https://pilabs.vc/portfolio?sort=date_desc"",""https://qualisflow.com/""]",2026-08-30,A,preserved_source_assertion
ast-b97f74a877e3,org-qualis-flow-6468e8b,Qualis Flow,relevance_tier,B,coverage_gap_additions.csv,"[""https://pilabs.vc/portfolio?sort=date_desc"",""https://qualisflow.com/""]",2026-08-30,A,preserved_source_assertion
ast-611c597d689a,org-qualis-flow-6468e8b,Qualis Flow,secondary_lifecycle,L4 Design/L10 ESG,coverage_gap_additions.csv,"[""https://pilabs.vc/portfolio?sort=date_desc"",""https://qualisflow.com/""]",2026-08-30,A,preserved_source_assertion
ast-ce8b3cdecbe7,org-qualis-flow-6468e8b,Qualis Flow,status,active,coverage_gap_additions.csv,"[""https://pilabs.vc/portfolio?sort=date_desc"",""https://qualisflow.com/""]",2026-08-30,A,preserved_source_assertion
ast-01ef86cdceb9,org-qualis-flow-6468e8b,Qualis Flow,status_as_of,2026-08-30,coverage_gap_additions.csv,"[""https://pilabs.vc/portfolio?sort=date_desc"",""https://qualisflow.com/""]",2026-08-30,A,preserved_source_assertion
ast-ae3916618345,org-quintoandar-11445e6,QuintoAndar,business_model,transaction fees and embedded services,coverage_gap_additions.csv,"[""https://quintoandar.com.br/newsroom/en"",""https://quintoandar.com.br/newsroom/en/about""]",2026-08-30,A,preserved_source_assertion
ast-dee726478208,org-quintoandar-11445e6,QuintoAndar,canonical_url,https://www.quintoandar.com.br/newsroom/en/about/,coverage_gap_additions.csv,"[""https://quintoandar.com.br/newsroom/en"",""https://quintoandar.com.br/newsroom/en/about""]",2026-08-30,A,preserved_source_assertion
ast-d0dfbe1efe60,org-quintoandar-11445e6,QuintoAndar,category,housing marketplace and transaction platform,coverage_gap_additions.csv,"[""https://quintoandar.com.br/newsroom/en"",""https://quintoandar.com.br/newsroom/en/about""]",2026-08-30,A,preserved_source_assertion
ast-56a22cea6d96,org-quintoandar-11445e6,QuintoAndar,cohort_or_ecosystem,Independent,coverage_gap_additions.csv,"[""https://quintoandar.com.br/newsroom/en"",""https://quintoandar.com.br/newsroom/en/about""]",2026-08-30,A,preserved_source_assertion
ast-c6c9f0fd37c5,org-quintoandar-11445e6,QuintoAndar,entity_type,private company,coverage_gap_additions.csv,"[""https://quintoandar.com.br/newsroom/en"",""https://quintoandar.com.br/newsroom/en/about""]",2026-08-30,A,preserved_source_assertion
ast-c23327be61a9,org-quintoandar-11445e6,QuintoAndar,evidence_grade,A,coverage_gap_additions.csv,"[""https://quintoandar.com.br/newsroom/en"",""https://quintoandar.com.br/newsroom/en/about""]",2026-08-30,A,preserved_source_assertion
ast-d24e0a426bb4,org-quintoandar-11445e6,QuintoAndar,founding_year,2013,coverage_gap_additions.csv,"[""https://quintoandar.com.br/newsroom/en"",""https://quintoandar.com.br/newsroom/en/about""]",2026-08-30,A,preserved_source_assertion
ast-1abd231495e2,org-quintoandar-11445e6,QuintoAndar,hq_country,Brazil,coverage_gap_additions.csv,"[""https://quintoandar.com.br/newsroom/en"",""https://quintoandar.com.br/newsroom/en/about""]",2026-08-30,A,preserved_source_assertion
ast-4eae636213b0,org-quintoandar-11445e6,QuintoAndar,maturity,scaleup,coverage_gap_additions.csv,"[""https://quintoandar.com.br/newsroom/en"",""https://quintoandar.com.br/newsroom/en/about""]",2026-08-30,A,preserved_source_assertion
ast-8e9aca0245b9,org-quintoandar-11445e6,QuintoAndar,primary_lifecycle,L6 Marketing/sales,coverage_gap_additions.csv,"[""https://quintoandar.com.br/newsroom/en"",""https://quintoandar.com.br/newsroom/en/about""]",2026-08-30,A,preserved_source_assertion
ast-2d891589af40,org-quintoandar-11445e6,QuintoAndar,relevance_tier,A,coverage_gap_additions.csv,"[""https://quintoandar.com.br/newsroom/en"",""https://quintoandar.com.br/newsroom/en/about""]",2026-08-30,A,preserved_source_assertion
ast-60b428dfec0e,org-quintoandar-11445e6,QuintoAndar,secondary_lifecycle,L7 Occupancy/L3 Capital/finance,coverage_gap_additions.csv,"[""https://quintoandar.com.br/newsroom/en"",""https://quintoandar.com.br/newsroom/en/about""]",2026-08-30,A,preserved_source_assertion
ast-3faea6b5dff6,org-quintoandar-11445e6,QuintoAndar,status,active,coverage_gap_additions.csv,"[""https://quintoandar.com.br/newsroom/en"",""https://quintoandar.com.br/newsroom/en/about""]",2026-08-30,A,preserved_source_assertion
ast-f3df8ff9d093,org-quintoandar-11445e6,QuintoAndar,status_as_of,2026-08-30,coverage_gap_additions.csv,"[""https://quintoandar.com.br/newsroom/en"",""https://quintoandar.com.br/newsroom/en/about""]",2026-08-30,A,preserved_source_assertion
ast-d9cef8cccada,org-rabbet-13da945,Rabbet,business_model,SaaS,proptech_startups_agent.csv,"[""https://rabbet.com/"",""https://ycombinator.com/companies/rabbet""]",2026-08-30,A,preserved_source_assertion
ast-97f7b95df28a,org-rabbet-13da945,Rabbet,canonical_url,https://rabbet.com/,proptech_startups_agent.csv,"[""https://rabbet.com/"",""https://ycombinator.com/companies/rabbet""]",2026-08-30,A,preserved_source_assertion
ast-56eaf3020469,org-rabbet-13da945,Rabbet,category,Development and construction lending,proptech_startups_agent.csv,"[""https://rabbet.com/"",""https://ycombinator.com/companies/rabbet""]",2026-08-30,A,preserved_source_assertion
ast-60d96d7778f2,org-rabbet-13da945,Rabbet,cohort_or_ecosystem,YC S2017,proptech_startups_agent.csv,"[""https://rabbet.com/"",""https://ycombinator.com/companies/rabbet""]",2026-08-30,A,preserved_source_assertion
ast-aeb24ea6a21b,org-rabbet-13da945,Rabbet,entity_type,Company,proptech_startups_agent.csv,"[""https://rabbet.com/"",""https://ycombinator.com/companies/rabbet""]",2026-08-30,A,preserved_source_assertion
ast-5bba5b4b60b0,org-rabbet-13da945,Rabbet,evidence_grade,A,proptech_startups_agent.csv,"[""https://rabbet.com/"",""https://ycombinator.com/companies/rabbet""]",2026-08-30,A,preserved_source_assertion
ast-15625af480a9,org-rabbet-13da945,Rabbet,founding_year,2015,proptech_startups_agent.csv,"[""https://rabbet.com/"",""https://ycombinator.com/companies/rabbet""]",2026-08-30,A,preserved_source_assertion
ast-fffdedf2c163,org-rabbet-13da945,Rabbet,hq_country,United States,proptech_startups_agent.csv,"[""https://rabbet.com/"",""https://ycombinator.com/companies/rabbet""]",2026-08-30,A,preserved_source_assertion
ast-a4e55490bf58,org-rabbet-13da945,Rabbet,maturity,Scaleup,proptech_startups_agent.csv,"[""https://rabbet.com/"",""https://ycombinator.com/companies/rabbet""]",2026-08-30,A,preserved_source_assertion
ast-c412c0209708,org-rabbet-13da945,Rabbet,primary_lifecycle,Finance,proptech_startups_agent.csv,"[""https://rabbet.com/"",""https://ycombinator.com/companies/rabbet""]",2026-08-30,A,preserved_source_assertion
ast-44fd80dec286,org-rabbet-13da945,Rabbet,relevance_tier,A,proptech_startups_agent.csv,"[""https://rabbet.com/"",""https://ycombinator.com/companies/rabbet""]",2026-08-30,A,preserved_source_assertion
ast-0256ffc809f2,org-rabbet-13da945,Rabbet,secondary_lifecycle,Construction,proptech_startups_agent.csv,"[""https://rabbet.com/"",""https://ycombinator.com/companies/rabbet""]",2026-08-30,A,preserved_source_assertion
ast-6dba30a22769,org-rabbet-13da945,Rabbet,status,Active,proptech_startups_agent.csv,"[""https://rabbet.com/"",""https://ycombinator.com/companies/rabbet""]",2026-08-30,A,preserved_source_assertion
ast-bec0f00d16cc,org-rabbet-13da945,Rabbet,status_as_of,2026-08-30,proptech_startups_agent.csv,"[""https://rabbet.com/"",""https://ycombinator.com/companies/rabbet""]",2026-08-30,A,preserved_source_assertion
ast-5a28c9fbb58c,org-realpact-653455d,RealPact,business_model,AI SaaS,proptech_startups_agent.csv,"[""https://ycombinator.com/companies/realpact""]",2026-08-30,A,preserved_source_assertion
ast-308a1a9ddc71,org-realpact-653455d,RealPact,canonical_url,https://www.ycombinator.com/companies/realpact,proptech_startups_agent.csv,"[""https://ycombinator.com/companies/realpact""]",2026-08-30,A,preserved_source_assertion
ast-852ce8bb9820,org-realpact-653455d,RealPact,category,AI transaction operations,proptech_startups_agent.csv,"[""https://ycombinator.com/companies/realpact""]",2026-08-30,A,preserved_source_assertion
ast-83ee91cf607b,org-realpact-653455d,RealPact,cohort_or_ecosystem,YC S2026,proptech_startups_agent.csv,"[""https://ycombinator.com/companies/realpact""]",2026-08-30,A,preserved_source_assertion
ast-2293d461d0fc,org-realpact-653455d,RealPact,entity_type,Company,proptech_startups_agent.csv,"[""https://ycombinator.com/companies/realpact""]",2026-08-30,A,preserved_source_assertion
ast-66418be9afa4,org-realpact-653455d,RealPact,evidence_grade,A,proptech_startups_agent.csv,"[""https://ycombinator.com/companies/realpact""]",2026-08-30,A,preserved_source_assertion
ast-f60e82abe838,org-realpact-653455d,RealPact,founding_year,2025,proptech_startups_agent.csv,"[""https://ycombinator.com/companies/realpact""]",2026-08-30,A,preserved_source_assertion
ast-ec8ba09c74fc,org-realpact-653455d,RealPact,hq_country,United States,proptech_startups_agent.csv,"[""https://ycombinator.com/companies/realpact""]",2026-08-30,A,preserved_source_assertion
ast-e589899d09e7,org-realpact-653455d,RealPact,maturity,Very early,proptech_startups_agent.csv,"[""https://ycombinator.com/companies/realpact""]",2026-08-30,A,preserved_source_assertion
ast-234da9c200c1,org-realpact-653455d,RealPact,primary_lifecycle,Transaction,proptech_startups_agent.csv,"[""https://ycombinator.com/companies/realpact""]",2026-08-30,A,preserved_source_assertion
ast-cf3454cdf3ab,org-realpact-653455d,RealPact,relevance_tier,A,proptech_startups_agent.csv,"[""https://ycombinator.com/companies/realpact""]",2026-08-30,A,preserved_source_assertion
ast-f416a767ca59,org-realpact-653455d,RealPact,secondary_lifecycle,Data,proptech_startups_agent.csv,"[""https://ycombinator.com/companies/realpact""]",2026-08-30,A,preserved_source_assertion
ast-3ae16857b457,org-realpact-653455d,RealPact,status,Active,proptech_startups_agent.csv,"[""https://ycombinator.com/companies/realpact""]",2026-08-30,A,preserved_source_assertion
ast-fa61b73f99c9,org-realpact-653455d,RealPact,status_as_of,2026-08-30,proptech_startups_agent.csv,"[""https://ycombinator.com/companies/realpact""]",2026-08-30,A,preserved_source_assertion
ast-68be96103b35,org-realpage-d7eb9a6,RealPage,business_model,enterprise SaaS and managed services,enterprise_platform_additions.csv,"[""https://realpage.com/"",""https://realpage.com/multifamily"",""https://realpage.com/news/realpage-showcases-lumina-ai-at-apartmentalize-2025"",""https://realpage.com/platforms/property-operations""]",2026-08-30,A,preserved_source_assertion
ast-252a17a82417,org-realpage-d7eb9a6,RealPage,canonical_url,https://www.realpage.com/,enterprise_platform_additions.csv,"[""https://realpage.com/"",""https://realpage.com/multifamily"",""https://realpage.com/news/realpage-showcases-lumina-ai-at-apartmentalize-2025"",""https://realpage.com/platforms/property-operations""]",2026-08-30,A,preserved_source_assertion
ast-bcab214bc9f6,org-realpage-d7eb9a6,RealPage,category,property management ERP leasing maintenance payments and AI operations,enterprise_platform_additions.csv,"[""https://realpage.com/"",""https://realpage.com/multifamily"",""https://realpage.com/news/realpage-showcases-lumina-ai-at-apartmentalize-2025"",""https://realpage.com/platforms/property-operations""]",2026-08-30,A,preserved_source_assertion
ast-5bcbc8986e38,org-realpage-d7eb9a6,RealPage,cohort_or_ecosystem,Independent,enterprise_platform_additions.csv,"[""https://realpage.com/"",""https://realpage.com/multifamily"",""https://realpage.com/news/realpage-showcases-lumina-ai-at-apartmentalize-2025"",""https://realpage.com/platforms/property-operations""]",2026-08-30,A,preserved_source_assertion
ast-ad81eee3a115,org-realpage-d7eb9a6,RealPage,entity_type,private company,enterprise_platform_additions.csv,"[""https://realpage.com/"",""https://realpage.com/multifamily"",""https://realpage.com/news/realpage-showcases-lumina-ai-at-apartmentalize-2025"",""https://realpage.com/platforms/property-operations""]",2026-08-30,A,preserved_source_assertion
ast-4a873d540b9a,org-realpage-d7eb9a6,RealPage,evidence_grade,A,enterprise_platform_additions.csv,"[""https://realpage.com/"",""https://realpage.com/multifamily"",""https://realpage.com/news/realpage-showcases-lumina-ai-at-apartmentalize-2025"",""https://realpage.com/platforms/property-operations""]",2026-08-30,A,preserved_source_assertion
ast-0becc21c1379,org-realpage-d7eb9a6,RealPage,founding_year,unknown,enterprise_platform_additions.csv,"[""https://realpage.com/"",""https://realpage.com/multifamily"",""https://realpage.com/news/realpage-showcases-lumina-ai-at-apartmentalize-2025"",""https://realpage.com/platforms/property-operations""]",2026-08-30,A,preserved_source_assertion
ast-c91fd35b785c,org-realpage-d7eb9a6,RealPage,hq_country,United States,enterprise_platform_additions.csv,"[""https://realpage.com/"",""https://realpage.com/multifamily"",""https://realpage.com/news/realpage-showcases-lumina-ai-at-apartmentalize-2025"",""https://realpage.com/platforms/property-operations""]",2026-08-30,A,preserved_source_assertion
ast-94f555ac3995,org-realpage-d7eb9a6,RealPage,maturity,enterprise,enterprise_platform_additions.csv,"[""https://realpage.com/"",""https://realpage.com/multifamily"",""https://realpage.com/news/realpage-showcases-lumina-ai-at-apartmentalize-2025"",""https://realpage.com/platforms/property-operations""]",2026-08-30,A,preserved_source_assertion
ast-17e7f1188a75,org-realpage-d7eb9a6,RealPage,primary_lifecycle,L8 Property operations,enterprise_platform_additions.csv,"[""https://realpage.com/"",""https://realpage.com/multifamily"",""https://realpage.com/news/realpage-showcases-lumina-ai-at-apartmentalize-2025"",""https://realpage.com/platforms/property-operations""]",2026-08-30,A,preserved_source_assertion
ast-9b2942cb1e7c,org-realpage-d7eb9a6,RealPage,relevance_tier,A,enterprise_platform_additions.csv,"[""https://realpage.com/"",""https://realpage.com/multifamily"",""https://realpage.com/news/realpage-showcases-lumina-ai-at-apartmentalize-2025"",""https://realpage.com/platforms/property-operations""]",2026-08-30,A,preserved_source_assertion
ast-ab8c6df6058b,org-realpage-d7eb9a6,RealPage,secondary_lifecycle,L6 Marketing/sales/L7 Occupancy/L9 Portfolio,enterprise_platform_additions.csv,"[""https://realpage.com/"",""https://realpage.com/multifamily"",""https://realpage.com/news/realpage-showcases-lumina-ai-at-apartmentalize-2025"",""https://realpage.com/platforms/property-operations""]",2026-08-30,A,preserved_source_assertion
ast-0aec4c945b94,org-realpage-d7eb9a6,RealPage,status,active,enterprise_platform_additions.csv,"[""https://realpage.com/"",""https://realpage.com/multifamily"",""https://realpage.com/news/realpage-showcases-lumina-ai-at-apartmentalize-2025"",""https://realpage.com/platforms/property-operations""]",2026-08-30,A,preserved_source_assertion
ast-096c20e32d51,org-realpage-d7eb9a6,RealPage,status_as_of,2026-08-30,enterprise_platform_additions.csv,"[""https://realpage.com/"",""https://realpage.com/multifamily"",""https://realpage.com/news/realpage-showcases-lumina-ai-at-apartmentalize-2025"",""https://realpage.com/platforms/property-operations""]",2026-08-30,A,preserved_source_assertion
ast-35b9c8952db3,org-red-sea-global-b4c8daa,Red Sea Global,business_model,"renewable energy, water cycle, 5G, EV charging, biodiversity data and resort operations",operator_coverage_additions.csv,"[""https://redseaglobal.com/"",""https://redseaglobal.com/en/responsible-development"",""https://redseaglobal.com/en/responsible-development/planet"",""https://webserver-redseaportal-prd.lfr.cloud/en/web/guest/responsible-development""]",2026-08-30,B,preserved_source_assertion
ast-af04d072cccd,org-red-sea-global-b4c8daa,Red Sea Global,canonical_url,https://www.redseaglobal.com/,operator_coverage_additions.csv,"[""https://redseaglobal.com/"",""https://redseaglobal.com/en/responsible-development"",""https://redseaglobal.com/en/responsible-development/planet"",""https://webserver-redseaportal-prd.lfr.cloud/en/web/guest/responsible-development""]",2026-08-30,B,preserved_source_assertion
ast-ae2a5c31435d,org-red-sea-global-b4c8daa,Red Sea Global,category,Saudi sustainable destination developer/operator,operator_coverage_additions.csv,"[""https://redseaglobal.com/"",""https://redseaglobal.com/en/responsible-development"",""https://redseaglobal.com/en/responsible-development/planet"",""https://webserver-redseaportal-prd.lfr.cloud/en/web/guest/responsible-development""]",2026-08-30,B,preserved_source_assertion
ast-4fea58e89e25,org-red-sea-global-b4c8daa,Red Sea Global,cohort_or_ecosystem,PIF portfolio company,operator_coverage_additions.csv,"[""https://redseaglobal.com/"",""https://redseaglobal.com/en/responsible-development"",""https://redseaglobal.com/en/responsible-development/planet"",""https://webserver-redseaportal-prd.lfr.cloud/en/web/guest/responsible-development""]",2026-08-30,B,preserved_source_assertion
ast-e6021bd3dd34,org-red-sea-global-b4c8daa,Red Sea Global,entity_type,destination developer and hospitality operator,operator_coverage_additions.csv,"[""https://redseaglobal.com/"",""https://redseaglobal.com/en/responsible-development"",""https://redseaglobal.com/en/responsible-development/planet"",""https://webserver-redseaportal-prd.lfr.cloud/en/web/guest/responsible-development""]",2026-08-30,B,preserved_source_assertion
ast-2e0d0bfaa22a,org-red-sea-global-b4c8daa,Red Sea Global,evidence_grade,B,operator_coverage_additions.csv,"[""https://redseaglobal.com/"",""https://redseaglobal.com/en/responsible-development"",""https://redseaglobal.com/en/responsible-development/planet"",""https://webserver-redseaportal-prd.lfr.cloud/en/web/guest/responsible-development""]",2026-08-30,B,preserved_source_assertion
ast-afa75aa3d475,org-red-sea-global-b4c8daa,Red Sea Global,founding_year,2017,operator_coverage_additions.csv,"[""https://redseaglobal.com/"",""https://redseaglobal.com/en/responsible-development"",""https://redseaglobal.com/en/responsible-development/planet"",""https://webserver-redseaportal-prd.lfr.cloud/en/web/guest/responsible-development""]",2026-08-30,B,preserved_source_assertion
ast-007669ce9ba3,org-red-sea-global-b4c8daa,Red Sea Global,hq_country,Saudi Arabia,operator_coverage_additions.csv,"[""https://redseaglobal.com/"",""https://redseaglobal.com/en/responsible-development"",""https://redseaglobal.com/en/responsible-development/planet"",""https://webserver-redseaportal-prd.lfr.cloud/en/web/guest/responsible-development""]",2026-08-30,B,preserved_source_assertion
ast-fe06f28552a5,org-red-sea-global-b4c8daa,Red Sea Global,maturity,development-stage platform,operator_coverage_additions.csv,"[""https://redseaglobal.com/"",""https://redseaglobal.com/en/responsible-development"",""https://redseaglobal.com/en/responsible-development/planet"",""https://webserver-redseaportal-prd.lfr.cloud/en/web/guest/responsible-development""]",2026-08-30,B,preserved_source_assertion
ast-815e33e06ca3,org-red-sea-global-b4c8daa,Red Sea Global,primary_lifecycle,L/D/C/H/O/E,operator_coverage_additions.csv,"[""https://redseaglobal.com/"",""https://redseaglobal.com/en/responsible-development"",""https://redseaglobal.com/en/responsible-development/planet"",""https://webserver-redseaportal-prd.lfr.cloud/en/web/guest/responsible-development""]",2026-08-30,B,preserved_source_assertion
ast-2792f49abdf6,org-red-sea-global-b4c8daa,Red Sea Global,relevance_tier,B,operator_coverage_additions.csv,"[""https://redseaglobal.com/"",""https://redseaglobal.com/en/responsible-development"",""https://redseaglobal.com/en/responsible-development/planet"",""https://webserver-redseaportal-prd.lfr.cloud/en/web/guest/responsible-development""]",2026-08-30,B,preserved_source_assertion
ast-ace8cff4f5ce,org-red-sea-global-b4c8daa,Red Sea Global,secondary_lifecycle,E,operator_coverage_additions.csv,"[""https://redseaglobal.com/"",""https://redseaglobal.com/en/responsible-development"",""https://redseaglobal.com/en/responsible-development/planet"",""https://webserver-redseaportal-prd.lfr.cloud/en/web/guest/responsible-development""]",2026-08-30,B,preserved_source_assertion
ast-8511cdec2ee2,org-red-sea-global-b4c8daa,Red Sea Global,status,active,operator_coverage_additions.csv,"[""https://redseaglobal.com/"",""https://redseaglobal.com/en/responsible-development"",""https://redseaglobal.com/en/responsible-development/planet"",""https://webserver-redseaportal-prd.lfr.cloud/en/web/guest/responsible-development""]",2026-08-30,B,preserved_source_assertion
ast-ee0901f9a243,org-red-sea-global-b4c8daa,Red Sea Global,status_as_of,2026-08-30,operator_coverage_additions.csv,"[""https://redseaglobal.com/"",""https://redseaglobal.com/en/responsible-development"",""https://redseaglobal.com/en/responsible-development/planet"",""https://webserver-redseaportal-prd.lfr.cloud/en/web/guest/responsible-development""]",2026-08-30,B,preserved_source_assertion
ast-259481edb715,org-redfin-72aad9b,Redfin,canonical_url,https://www.redfin.com/,global_real_estate_pioneers_agent.csv,"[""https://redfin.com/""]",2026-08-30,C,preserved_source_assertion
ast-0d1019a84601,org-redfin-72aad9b,Redfin,entity_type,residential brokerage marketplace,global_real_estate_pioneers_agent.csv,"[""https://redfin.com/""]",2026-08-30,C,preserved_source_assertion
ast-993153ff4501,org-redfin-72aad9b,Redfin,evidence_grade,C,global_real_estate_pioneers_agent.csv,"[""https://redfin.com/""]",2026-08-30,C,preserved_source_assertion
ast-25a3fa12ee1c,org-redfin-72aad9b,Redfin,hq_country,United States,global_real_estate_pioneers_agent.csv,"[""https://redfin.com/""]",2026-08-30,C,preserved_source_assertion
ast-1f16916d3e9d,org-redfin-72aad9b,Redfin,primary_lifecycle,S/F/H,global_real_estate_pioneers_agent.csv,"[""https://redfin.com/""]",2026-08-30,C,preserved_source_assertion
ast-82a9997cf99e,org-redfin-72aad9b,Redfin,relevance_tier,B,global_real_estate_pioneers_agent.csv,"[""https://redfin.com/""]",2026-08-30,C,preserved_source_assertion
ast-1626d887b849,org-redfin-72aad9b,Redfin,status,active,global_real_estate_pioneers_agent.csv,"[""https://redfin.com/""]",2026-08-30,C,preserved_source_assertion
ast-bf643dfb9d09,org-related-companies-2e0a546,Related Companies,canonical_url,https://www.related.com/,global_real_estate_pioneers_agent.csv,"[""https://related.com/"",""https://related.com/our-company""]",2026-08-30,B,preserved_source_assertion
ast-f9095ec05b37,org-related-companies-2e0a546,Related Companies,entity_type,integrated developer owner operator,global_real_estate_pioneers_agent.csv,"[""https://related.com/"",""https://related.com/our-company""]",2026-08-30,B,preserved_source_assertion
ast-41e459b3b73f,org-related-companies-2e0a546,Related Companies,evidence_grade,B,global_real_estate_pioneers_agent.csv,"[""https://related.com/"",""https://related.com/our-company""]",2026-08-30,B,preserved_source_assertion
ast-61d1fd074158,org-related-companies-2e0a546,Related Companies,hq_country,United States,global_real_estate_pioneers_agent.csv,"[""https://related.com/"",""https://related.com/our-company""]",2026-08-30,B,preserved_source_assertion
ast-e35a241ecb62,org-related-companies-2e0a546,Related Companies,primary_lifecycle,L/D/C/H/O,global_real_estate_pioneers_agent.csv,"[""https://related.com/"",""https://related.com/our-company""]",2026-08-30,B,preserved_source_assertion
ast-88ad2b69d260,org-related-companies-2e0a546,Related Companies,relevance_tier,A,global_real_estate_pioneers_agent.csv,"[""https://related.com/"",""https://related.com/our-company""]",2026-08-30,B,preserved_source_assertion
ast-f228d5139f23,org-related-companies-2e0a546,Related Companies,status,active,global_real_estate_pioneers_agent.csv,"[""https://related.com/"",""https://related.com/our-company""]",2026-08-30,B,preserved_source_assertion
ast-a50faacc77f3,org-related-digital-1f7de1a,Related Digital,canonical_url,https://www.related-digital.com/,global_real_estate_pioneers_agent.csv,"[""https://related-digital.com/""]",2026-08-30,B,preserved_source_assertion
ast-a28478830fe6,org-related-digital-1f7de1a,Related Digital,entity_type,data-centre developer energy infrastructure,global_real_estate_pioneers_agent.csv,"[""https://related-digital.com/""]",2026-08-30,B,preserved_source_assertion
ast-a2908cbb7380,org-related-digital-1f7de1a,Related Digital,evidence_grade,B,global_real_estate_pioneers_agent.csv,"[""https://related-digital.com/""]",2026-08-30,B,preserved_source_assertion
ast-4d7a2272d2b3,org-related-digital-1f7de1a,Related Digital,hq_country,United States,global_real_estate_pioneers_agent.csv,"[""https://related-digital.com/""]",2026-08-30,B,preserved_source_assertion
ast-0b1dd3d2a884,org-related-digital-1f7de1a,Related Digital,primary_lifecycle,L/D/C/F/E,global_real_estate_pioneers_agent.csv,"[""https://related-digital.com/""]",2026-08-30,B,preserved_source_assertion
ast-a9053d1cd9a6,org-related-digital-1f7de1a,Related Digital,relevance_tier,A,global_real_estate_pioneers_agent.csv,"[""https://related-digital.com/""]",2026-08-30,B,preserved_source_assertion
ast-4b51ece9955d,org-related-digital-1f7de1a,Related Digital,status,active,global_real_estate_pioneers_agent.csv,"[""https://related-digital.com/""]",2026-08-30,B,preserved_source_assertion
ast-ddad99bf69ff,org-rentflow-7f79886,RentFlow,business_model,fintech SaaS and payments,coverage_gap_additions.csv,"[""https://ycombinator.com/companies/rentflow""]",2026-08-30,A,preserved_source_assertion
ast-0e4c5ec25f26,org-rentflow-7f79886,RentFlow,canonical_url,https://www.ycombinator.com/companies/rentflow,coverage_gap_additions.csv,"[""https://ycombinator.com/companies/rentflow""]",2026-08-30,A,preserved_source_assertion
ast-61c1026b3c97,org-rentflow-7f79886,RentFlow,category,AI cash-flow-synced commercial rent payments,coverage_gap_additions.csv,"[""https://ycombinator.com/companies/rentflow""]",2026-08-30,A,preserved_source_assertion
ast-fc353a408816,org-rentflow-7f79886,RentFlow,cohort_or_ecosystem,Y Combinator S2024,coverage_gap_additions.csv,"[""https://ycombinator.com/companies/rentflow""]",2026-08-30,A,preserved_source_assertion
ast-64fdf06dc172,org-rentflow-7f79886,RentFlow,entity_type,private startup,coverage_gap_additions.csv,"[""https://ycombinator.com/companies/rentflow""]",2026-08-30,A,preserved_source_assertion
ast-0ac51e72eda1,org-rentflow-7f79886,RentFlow,evidence_grade,A,coverage_gap_additions.csv,"[""https://ycombinator.com/companies/rentflow""]",2026-08-30,A,preserved_source_assertion
ast-9795b62ff379,org-rentflow-7f79886,RentFlow,founding_year,2024,coverage_gap_additions.csv,"[""https://ycombinator.com/companies/rentflow""]",2026-08-30,A,preserved_source_assertion
ast-e07e0958adaa,org-rentflow-7f79886,RentFlow,hq_country,United States,coverage_gap_additions.csv,"[""https://ycombinator.com/companies/rentflow""]",2026-08-30,A,preserved_source_assertion
ast-9f4537ee9da5,org-rentflow-7f79886,RentFlow,maturity,early-stage,coverage_gap_additions.csv,"[""https://ycombinator.com/companies/rentflow""]",2026-08-30,A,preserved_source_assertion
ast-d0f3aaf9477f,org-rentflow-7f79886,RentFlow,primary_lifecycle,L7 Occupancy,coverage_gap_additions.csv,"[""https://ycombinator.com/companies/rentflow""]",2026-08-30,A,preserved_source_assertion
ast-bafb99342254,org-rentflow-7f79886,RentFlow,relevance_tier,C,coverage_gap_additions.csv,"[""https://ycombinator.com/companies/rentflow""]",2026-08-30,A,preserved_source_assertion
ast-a2066da74451,org-rentflow-7f79886,RentFlow,secondary_lifecycle,L3 Capital/finance,coverage_gap_additions.csv,"[""https://ycombinator.com/companies/rentflow""]",2026-08-30,A,preserved_source_assertion
ast-fd668826ab7e,org-rentflow-7f79886,RentFlow,status,active,coverage_gap_additions.csv,"[""https://ycombinator.com/companies/rentflow""]",2026-08-30,A,preserved_source_assertion
ast-f175c8efb990,org-rentflow-7f79886,RentFlow,status_as_of,2026-08-30,coverage_gap_additions.csv,"[""https://ycombinator.com/companies/rentflow""]",2026-08-30,A,preserved_source_assertion
ast-db0a71f30901,org-revizto-b3261af,Revizto,business_model,SaaS subscription,startup_core_additions.csv,"[""https://builtworlds.com/insights/2025-building-tech-top-50-list"",""https://revizto.com/""]",2026-08-30,A,preserved_source_assertion
ast-4f56323433cc,org-revizto-b3261af,Revizto,canonical_url,https://revizto.com/,startup_core_additions.csv,"[""https://builtworlds.com/insights/2025-building-tech-top-50-list"",""https://revizto.com/""]",2026-08-30,A,preserved_source_assertion
ast-2dc4e48ffa49,org-revizto-b3261af,Revizto,category,BIM coordination and 2D/3D collaboration,startup_core_additions.csv,"[""https://builtworlds.com/insights/2025-building-tech-top-50-list"",""https://revizto.com/""]",2026-08-30,A,preserved_source_assertion
ast-cd00ac7b734b,org-revizto-b3261af,Revizto,cohort_or_ecosystem,BuiltWorlds Building Tech Top 50 2025,startup_core_additions.csv,"[""https://builtworlds.com/insights/2025-building-tech-top-50-list"",""https://revizto.com/""]",2026-08-30,A,preserved_source_assertion
ast-05b0c7c388a1,org-revizto-b3261af,Revizto,entity_type,private company,startup_core_additions.csv,"[""https://builtworlds.com/insights/2025-building-tech-top-50-list"",""https://revizto.com/""]",2026-08-30,A,preserved_source_assertion
ast-0d9cbfc4352a,org-revizto-b3261af,Revizto,evidence_grade,A,startup_core_additions.csv,"[""https://builtworlds.com/insights/2025-building-tech-top-50-list"",""https://revizto.com/""]",2026-08-30,A,preserved_source_assertion
ast-9b4cb33e41d4,org-revizto-b3261af,Revizto,hq_country,Switzerland,startup_core_additions.csv,"[""https://builtworlds.com/insights/2025-building-tech-top-50-list"",""https://revizto.com/""]",2026-08-30,A,preserved_source_assertion
ast-c4c7ade77fb8,org-revizto-b3261af,Revizto,maturity,scaleup,startup_core_additions.csv,"[""https://builtworlds.com/insights/2025-building-tech-top-50-list"",""https://revizto.com/""]",2026-08-30,A,preserved_source_assertion
ast-a895b391c374,org-revizto-b3261af,Revizto,primary_lifecycle,L4 Design,startup_core_additions.csv,"[""https://builtworlds.com/insights/2025-building-tech-top-50-list"",""https://revizto.com/""]",2026-08-30,A,preserved_source_assertion
ast-6b510b34db71,org-revizto-b3261af,Revizto,relevance_tier,A,startup_core_additions.csv,"[""https://builtworlds.com/insights/2025-building-tech-top-50-list"",""https://revizto.com/""]",2026-08-30,A,preserved_source_assertion
ast-f2d73b201601,org-revizto-b3261af,Revizto,secondary_lifecycle,L5 Construction,startup_core_additions.csv,"[""https://builtworlds.com/insights/2025-building-tech-top-50-list"",""https://revizto.com/""]",2026-08-30,A,preserved_source_assertion
ast-3e7b12b2195c,org-revizto-b3261af,Revizto,status,active,startup_core_additions.csv,"[""https://builtworlds.com/insights/2025-building-tech-top-50-list"",""https://revizto.com/""]",2026-08-30,A,preserved_source_assertion
ast-d09a47aa019d,org-revizto-b3261af,Revizto,status_as_of,2026-08-30,startup_core_additions.csv,"[""https://builtworlds.com/insights/2025-building-tech-top-50-list"",""https://revizto.com/""]",2026-08-30,A,preserved_source_assertion
ast-0b2417833754,org-rewa-f6d2379,Rewa,business_model,Fintech,proptech_startups_agent.csv,"[""https://nar-reach.com/news""]",2026-08-30,A,preserved_source_assertion
ast-caa8f4dc3b69,org-rewa-f6d2379,Rewa,canonical_url,https://www.nar-reach.com/news,proptech_startups_agent.csv,"[""https://nar-reach.com/news""]",2026-08-30,A,preserved_source_assertion
ast-4528795feddb,org-rewa-f6d2379,Rewa,category,Rental payments/tenant rewards,proptech_startups_agent.csv,"[""https://nar-reach.com/news""]",2026-08-30,A,preserved_source_assertion
ast-d65d0c538506,org-rewa-f6d2379,Rewa,cohort_or_ecosystem,NAR REACH Middle East 2026,proptech_startups_agent.csv,"[""https://nar-reach.com/news""]",2026-08-30,A,preserved_source_assertion
ast-3fe2c81e3683,org-rewa-f6d2379,Rewa,entity_type,Company,proptech_startups_agent.csv,"[""https://nar-reach.com/news""]",2026-08-30,A,preserved_source_assertion
ast-4205d4d4e9d3,org-rewa-f6d2379,Rewa,evidence_grade,A,proptech_startups_agent.csv,"[""https://nar-reach.com/news""]",2026-08-30,A,preserved_source_assertion
ast-bb9c11be7d20,org-rewa-f6d2379,Rewa,founding_year,Unknown,proptech_startups_agent.csv,"[""https://nar-reach.com/news""]",2026-08-30,A,preserved_source_assertion
ast-ea5967a62a98,org-rewa-f6d2379,Rewa,hq_country,India/Middle East,proptech_startups_agent.csv,"[""https://nar-reach.com/news""]",2026-08-30,A,preserved_source_assertion
ast-d2570819f0af,org-rewa-f6d2379,Rewa,maturity,Early,proptech_startups_agent.csv,"[""https://nar-reach.com/news""]",2026-08-30,A,preserved_source_assertion
ast-4efae9fcaf78,org-rewa-f6d2379,Rewa,primary_lifecycle,Finance,proptech_startups_agent.csv,"[""https://nar-reach.com/news""]",2026-08-30,A,preserved_source_assertion
ast-09533c5a99a6,org-rewa-f6d2379,Rewa,relevance_tier,B,proptech_startups_agent.csv,"[""https://nar-reach.com/news""]",2026-08-30,A,preserved_source_assertion
ast-b9c45355ec70,org-rewa-f6d2379,Rewa,secondary_lifecycle,Operations,proptech_startups_agent.csv,"[""https://nar-reach.com/news""]",2026-08-30,A,preserved_source_assertion
ast-3635ab5a35f7,org-rewa-f6d2379,Rewa,status,Selected 2026 cohort,proptech_startups_agent.csv,"[""https://nar-reach.com/news""]",2026-08-30,A,preserved_source_assertion
ast-fd97deb9cc0d,org-rewa-f6d2379,Rewa,status_as_of,2026-08-30,proptech_startups_agent.csv,"[""https://nar-reach.com/news""]",2026-08-30,A,preserved_source_assertion
ast-1f21d29a755d,org-rezi-dfe4679,REZI,business_model,Marketplace/SaaS,proptech_startups_agent.csv,"[""https://ycombinator.com/companies/rezi""]",2026-08-30,A,preserved_source_assertion
ast-35d37eb19708,org-rezi-dfe4679,REZI,canonical_url,https://www.ycombinator.com/companies/rezi,proptech_startups_agent.csv,"[""https://ycombinator.com/companies/rezi""]",2026-08-30,A,preserved_source_assertion
ast-e37332e906d5,org-rezi-dfe4679,REZI,category,Automated apartment leasing,proptech_startups_agent.csv,"[""https://ycombinator.com/companies/rezi""]",2026-08-30,A,preserved_source_assertion
ast-719eb81d3d9c,org-rezi-dfe4679,REZI,cohort_or_ecosystem,YC W2017,proptech_startups_agent.csv,"[""https://ycombinator.com/companies/rezi""]",2026-08-30,A,preserved_source_assertion
ast-ddc7e63dd684,org-rezi-dfe4679,REZI,entity_type,Company,proptech_startups_agent.csv,"[""https://ycombinator.com/companies/rezi""]",2026-08-30,A,preserved_source_assertion
ast-2f38df1e83e8,org-rezi-dfe4679,REZI,evidence_grade,A,proptech_startups_agent.csv,"[""https://ycombinator.com/companies/rezi""]",2026-08-30,A,preserved_source_assertion
ast-336bca1fabd6,org-rezi-dfe4679,REZI,founding_year,2016,proptech_startups_agent.csv,"[""https://ycombinator.com/companies/rezi""]",2026-08-30,A,preserved_source_assertion
ast-934061020630,org-rezi-dfe4679,REZI,hq_country,United States,proptech_startups_agent.csv,"[""https://ycombinator.com/companies/rezi""]",2026-08-30,A,preserved_source_assertion
ast-928b03ab28ce,org-rezi-dfe4679,REZI,maturity,Scaleup,proptech_startups_agent.csv,"[""https://ycombinator.com/companies/rezi""]",2026-08-30,A,preserved_source_assertion
ast-7d35079562af,org-rezi-dfe4679,REZI,primary_lifecycle,Sales,proptech_startups_agent.csv,"[""https://ycombinator.com/companies/rezi""]",2026-08-30,A,preserved_source_assertion
ast-7ab4da52915b,org-rezi-dfe4679,REZI,relevance_tier,B,proptech_startups_agent.csv,"[""https://ycombinator.com/companies/rezi""]",2026-08-30,A,preserved_source_assertion
ast-ce36d3805e5e,org-rezi-dfe4679,REZI,secondary_lifecycle,Operations,proptech_startups_agent.csv,"[""https://ycombinator.com/companies/rezi""]",2026-08-30,A,preserved_source_assertion
ast-e0122209e08f,org-rezi-dfe4679,REZI,status,Active,proptech_startups_agent.csv,"[""https://ycombinator.com/companies/rezi""]",2026-08-30,A,preserved_source_assertion
ast-fa02c01f4734,org-rezi-dfe4679,REZI,status_as_of,2026-08-30,proptech_startups_agent.csv,"[""https://ycombinator.com/companies/rezi""]",2026-08-30,A,preserved_source_assertion
ast-6785e1b5cf10,org-roshn-db6668f,ROSHN,canonical_url,https://www.roshn.sa/,global_real_estate_pioneers_agent.csv,"[""https://roshn.sa/""]",2026-08-30,C,preserved_source_assertion
ast-a112a68fee81,org-roshn-db6668f,ROSHN,entity_type,housing developer,global_real_estate_pioneers_agent.csv,"[""https://roshn.sa/""]",2026-08-30,C,preserved_source_assertion
ast-dfbcf84e0760,org-roshn-db6668f,ROSHN,evidence_grade,C,global_real_estate_pioneers_agent.csv,"[""https://roshn.sa/""]",2026-08-30,C,preserved_source_assertion
ast-2f5df5ea71a1,org-roshn-db6668f,ROSHN,hq_country,Saudi Arabia,global_real_estate_pioneers_agent.csv,"[""https://roshn.sa/""]",2026-08-30,C,preserved_source_assertion
ast-f794cb3918fd,org-roshn-db6668f,ROSHN,primary_lifecycle,L/D/S/H/O,global_real_estate_pioneers_agent.csv,"[""https://roshn.sa/""]",2026-08-30,C,preserved_source_assertion
ast-0e7f039c4384,org-roshn-db6668f,ROSHN,relevance_tier,B,global_real_estate_pioneers_agent.csv,"[""https://roshn.sa/""]",2026-08-30,C,preserved_source_assertion
ast-c870c55690bf,org-roshn-db6668f,ROSHN,status,active,global_real_estate_pioneers_agent.csv,"[""https://roshn.sa/""]",2026-08-30,C,preserved_source_assertion
ast-6188a21bd800,org-runwise-276380c,Runwise,business_model,managed service plus software,enterprise_platform_additions.csv,"[""https://lp.runwise.com/wireless-heating-controls-demo"",""https://runwise.com/"",""https://runwise.com/faq""]",2026-08-30,A,preserved_source_assertion
ast-b5be6ee459ff,org-runwise-276380c,Runwise,canonical_url,https://www.runwise.com/,enterprise_platform_additions.csv,"[""https://lp.runwise.com/wireless-heating-controls-demo"",""https://runwise.com/"",""https://runwise.com/faq""]",2026-08-30,A,preserved_source_assertion
ast-2a2c9f6dec05,org-runwise-276380c,Runwise,category,wireless heating cooling and building-monitoring controls retrofit platform,enterprise_platform_additions.csv,"[""https://lp.runwise.com/wireless-heating-controls-demo"",""https://runwise.com/"",""https://runwise.com/faq""]",2026-08-30,A,preserved_source_assertion
ast-a330d9fff538,org-runwise-276380c,Runwise,cohort_or_ecosystem,Independent,enterprise_platform_additions.csv,"[""https://lp.runwise.com/wireless-heating-controls-demo"",""https://runwise.com/"",""https://runwise.com/faq""]",2026-08-30,A,preserved_source_assertion
ast-0a8c65ff0a24,org-runwise-276380c,Runwise,entity_type,private company,enterprise_platform_additions.csv,"[""https://lp.runwise.com/wireless-heating-controls-demo"",""https://runwise.com/"",""https://runwise.com/faq""]",2026-08-30,A,preserved_source_assertion
ast-d55f37d28d89,org-runwise-276380c,Runwise,evidence_grade,A,enterprise_platform_additions.csv,"[""https://lp.runwise.com/wireless-heating-controls-demo"",""https://runwise.com/"",""https://runwise.com/faq""]",2026-08-30,A,preserved_source_assertion
ast-442db3245aa3,org-runwise-276380c,Runwise,founding_year,unknown,enterprise_platform_additions.csv,"[""https://lp.runwise.com/wireless-heating-controls-demo"",""https://runwise.com/"",""https://runwise.com/faq""]",2026-08-30,A,preserved_source_assertion
ast-23f929935491,org-runwise-276380c,Runwise,hq_country,United States,enterprise_platform_additions.csv,"[""https://lp.runwise.com/wireless-heating-controls-demo"",""https://runwise.com/"",""https://runwise.com/faq""]",2026-08-30,A,preserved_source_assertion
ast-ee9f1d05edc4,org-runwise-276380c,Runwise,maturity,scaleup,enterprise_platform_additions.csv,"[""https://lp.runwise.com/wireless-heating-controls-demo"",""https://runwise.com/"",""https://runwise.com/faq""]",2026-08-30,A,preserved_source_assertion
ast-edf36a2e92c7,org-runwise-276380c,Runwise,primary_lifecycle,L8 Property operations,enterprise_platform_additions.csv,"[""https://lp.runwise.com/wireless-heating-controls-demo"",""https://runwise.com/"",""https://runwise.com/faq""]",2026-08-30,A,preserved_source_assertion
ast-5c4f6880c8b1,org-runwise-276380c,Runwise,relevance_tier,B,enterprise_platform_additions.csv,"[""https://lp.runwise.com/wireless-heating-controls-demo"",""https://runwise.com/"",""https://runwise.com/faq""]",2026-08-30,A,preserved_source_assertion
ast-fd5f8e026144,org-runwise-276380c,Runwise,secondary_lifecycle,L10 ESG,enterprise_platform_additions.csv,"[""https://lp.runwise.com/wireless-heating-controls-demo"",""https://runwise.com/"",""https://runwise.com/faq""]",2026-08-30,A,preserved_source_assertion
ast-eeeca5c98eec,org-runwise-276380c,Runwise,status,active,enterprise_platform_additions.csv,"[""https://lp.runwise.com/wireless-heating-controls-demo"",""https://runwise.com/"",""https://runwise.com/faq""]",2026-08-30,A,preserved_source_assertion
ast-aa8bea93c700,org-runwise-276380c,Runwise,status_as_of,2026-08-30,enterprise_platform_additions.csv,"[""https://lp.runwise.com/wireless-heating-controls-demo"",""https://runwise.com/"",""https://runwise.com/faq""]",2026-08-30,A,preserved_source_assertion
ast-896c81b466a6,org-salesforce-real-estate-cloud-7d7e68a,Salesforce Real Estate Cloud,business_model,Subscription/platform,proptech_startups_agent.csv,"[""https://salesforce.com/real-estate""]",2026-08-30,A,preserved_source_assertion
ast-b326a9a34ea3,org-salesforce-real-estate-cloud-7d7e68a,Salesforce Real Estate Cloud,canonical_url,https://www.salesforce.com/real-estate/,proptech_startups_agent.csv,"[""https://salesforce.com/real-estate""]",2026-08-30,A,preserved_source_assertion
ast-ae8d169dd108,org-salesforce-real-estate-cloud-7d7e68a,Salesforce Real Estate Cloud,category,CRM workflow,proptech_startups_agent.csv,"[""https://salesforce.com/real-estate""]",2026-08-30,A,preserved_source_assertion
ast-71e739e00ba0,org-salesforce-real-estate-cloud-7d7e68a,Salesforce Real Estate Cloud,cohort_or_ecosystem,Enterprise,proptech_startups_agent.csv,"[""https://salesforce.com/real-estate""]",2026-08-30,A,preserved_source_assertion
ast-7e28e4d3bd46,org-salesforce-real-estate-cloud-7d7e68a,Salesforce Real Estate Cloud,entity_type,Company,proptech_startups_agent.csv,"[""https://salesforce.com/real-estate""]",2026-08-30,A,preserved_source_assertion
ast-adbf3a34f327,org-salesforce-real-estate-cloud-7d7e68a,Salesforce Real Estate Cloud,evidence_grade,A,proptech_startups_agent.csv,"[""https://salesforce.com/real-estate""]",2026-08-30,A,preserved_source_assertion
ast-3ddcc3b3f0d2,org-salesforce-real-estate-cloud-7d7e68a,Salesforce Real Estate Cloud,founding_year,1999,proptech_startups_agent.csv,"[""https://salesforce.com/real-estate""]",2026-08-30,A,preserved_source_assertion
ast-99066d1e2d95,org-salesforce-real-estate-cloud-7d7e68a,Salesforce Real Estate Cloud,hq_country,United States,proptech_startups_agent.csv,"[""https://salesforce.com/real-estate""]",2026-08-30,A,preserved_source_assertion
ast-d7e92f68ccf5,org-salesforce-real-estate-cloud-7d7e68a,Salesforce Real Estate Cloud,maturity,Enterprise,proptech_startups_agent.csv,"[""https://salesforce.com/real-estate""]",2026-08-30,A,preserved_source_assertion
ast-f33a5f5df164,org-salesforce-real-estate-cloud-7d7e68a,Salesforce Real Estate Cloud,primary_lifecycle,Sales,proptech_startups_agent.csv,"[""https://salesforce.com/real-estate""]",2026-08-30,A,preserved_source_assertion
ast-ec1cd778ea21,org-salesforce-real-estate-cloud-7d7e68a,Salesforce Real Estate Cloud,relevance_tier,A,proptech_startups_agent.csv,"[""https://salesforce.com/real-estate""]",2026-08-30,A,preserved_source_assertion
ast-21b95c4b0e00,org-salesforce-real-estate-cloud-7d7e68a,Salesforce Real Estate Cloud,secondary_lifecycle,Operations,proptech_startups_agent.csv,"[""https://salesforce.com/real-estate""]",2026-08-30,A,preserved_source_assertion
ast-c776b0d7638b,org-salesforce-real-estate-cloud-7d7e68a,Salesforce Real Estate Cloud,status,Active,proptech_startups_agent.csv,"[""https://salesforce.com/real-estate""]",2026-08-30,A,preserved_source_assertion
ast-7a1b1367420f,org-salesforce-real-estate-cloud-7d7e68a,Salesforce Real Estate Cloud,status_as_of,2026-08-30,proptech_startups_agent.csv,"[""https://salesforce.com/real-estate""]",2026-08-30,A,preserved_source_assertion
ast-5220b19b0338,org-saudi-proptech-hub-rega-e45df16,Saudi-PropTech-Hub-REGA,business_model,public-support,regional_companies_agent.csv,"[""https://rega.gov.sa/en/rega-services/platforms/saudi-proptech-hub"",""https://spa.gov.sa/en/N2196077""]",2026-08-30,A,preserved_source_assertion
ast-fb65fa51c9f4,org-saudi-proptech-hub-rega-e45df16,Saudi-PropTech-Hub-REGA,canonical_url,https://rega.gov.sa/en/rega-services/platforms/saudi-proptech-hub/,regional_companies_agent.csv,"[""https://rega.gov.sa/en/rega-services/platforms/saudi-proptech-hub"",""https://spa.gov.sa/en/N2196077""]",2026-08-30,A,preserved_source_assertion
ast-09c58111d4ed,org-saudi-proptech-hub-rega-e45df16,Saudi-PropTech-Hub-REGA,category,public-ecosystem,regional_companies_agent.csv,"[""https://rega.gov.sa/en/rega-services/platforms/saudi-proptech-hub"",""https://spa.gov.sa/en/N2196077""]",2026-08-30,A,preserved_source_assertion
ast-7a652cb253ea,org-saudi-proptech-hub-rega-e45df16,Saudi-PropTech-Hub-REGA,cohort_or_ecosystem,REGA-NTDP-Startup-Wise-Guys,regional_companies_agent.csv,"[""https://rega.gov.sa/en/rega-services/platforms/saudi-proptech-hub"",""https://spa.gov.sa/en/N2196077""]",2026-08-30,A,preserved_source_assertion
ast-fdc1ba9a95f8,org-saudi-proptech-hub-rega-e45df16,Saudi-PropTech-Hub-REGA,entity_type,government-program,regional_companies_agent.csv,"[""https://rega.gov.sa/en/rega-services/platforms/saudi-proptech-hub"",""https://spa.gov.sa/en/N2196077""]",2026-08-30,A,preserved_source_assertion
ast-ba3728c79e0c,org-saudi-proptech-hub-rega-e45df16,Saudi-PropTech-Hub-REGA,evidence_grade,A,regional_companies_agent.csv,"[""https://rega.gov.sa/en/rega-services/platforms/saudi-proptech-hub"",""https://spa.gov.sa/en/N2196077""]",2026-08-30,A,preserved_source_assertion
ast-534165ec17f0,org-saudi-proptech-hub-rega-e45df16,Saudi-PropTech-Hub-REGA,founding_year,2024,regional_companies_agent.csv,"[""https://rega.gov.sa/en/rega-services/platforms/saudi-proptech-hub"",""https://spa.gov.sa/en/N2196077""]",2026-08-30,A,preserved_source_assertion
ast-da706358ddd8,org-saudi-proptech-hub-rega-e45df16,Saudi-PropTech-Hub-REGA,hq_country,Saudi Arabia,regional_companies_agent.csv,"[""https://rega.gov.sa/en/rega-services/platforms/saudi-proptech-hub"",""https://spa.gov.sa/en/N2196077""]",2026-08-30,A,preserved_source_assertion
ast-5a67b3259a07,org-saudi-proptech-hub-rega-e45df16,Saudi-PropTech-Hub-REGA,maturity,ecosystem,regional_companies_agent.csv,"[""https://rega.gov.sa/en/rega-services/platforms/saudi-proptech-hub"",""https://spa.gov.sa/en/N2196077""]",2026-08-30,A,preserved_source_assertion
ast-2f80ae7b3e08,org-saudi-proptech-hub-rega-e45df16,Saudi-PropTech-Hub-REGA,primary_lifecycle,regulatory-sandbox,regional_companies_agent.csv,"[""https://rega.gov.sa/en/rega-services/platforms/saudi-proptech-hub"",""https://spa.gov.sa/en/N2196077""]",2026-08-30,A,preserved_source_assertion
ast-6a7b5e44042e,org-saudi-proptech-hub-rega-e45df16,Saudi-PropTech-Hub-REGA,relevance_tier,A,regional_companies_agent.csv,"[""https://rega.gov.sa/en/rega-services/platforms/saudi-proptech-hub"",""https://spa.gov.sa/en/N2196077""]",2026-08-30,A,preserved_source_assertion
ast-01de3dba04fb,org-saudi-proptech-hub-rega-e45df16,Saudi-PropTech-Hub-REGA,secondary_lifecycle,accelerator-summit-developer-links,regional_companies_agent.csv,"[""https://rega.gov.sa/en/rega-services/platforms/saudi-proptech-hub"",""https://spa.gov.sa/en/N2196077""]",2026-08-30,A,preserved_source_assertion
ast-0df4eb5e7eb9,org-saudi-proptech-hub-rega-e45df16,Saudi-PropTech-Hub-REGA,status,active-ecosystem,regional_companies_agent.csv,"[""https://rega.gov.sa/en/rega-services/platforms/saudi-proptech-hub"",""https://spa.gov.sa/en/N2196077""]",2026-08-30,A,preserved_source_assertion
ast-6f4f27072a20,org-saudi-proptech-hub-rega-e45df16,Saudi-PropTech-Hub-REGA,status_as_of,2026-08-30,regional_companies_agent.csv,"[""https://rega.gov.sa/en/rega-services/platforms/saudi-proptech-hub"",""https://spa.gov.sa/en/N2196077""]",2026-08-30,A,preserved_source_assertion
ast-d159d976c874,org-schneider-electric-ecostruxure-building-677b955,Schneider Electric EcoStruxure Building,business_model,hardware software and subscription,enterprise_platform_additions.csv,"[""https://se.com/ww/en/assets/564/document/514405/presentation-agm-2025-en.pdf"",""https://se.com/ww/en/work/products/product-launch/building-management-system""]",2026-08-30,A,preserved_source_assertion
ast-04f7cc4801ac,org-schneider-electric-ecostruxure-building-677b955,Schneider Electric EcoStruxure Building,canonical_url,https://www.se.com/ww/en/work/products/product-launch/building-management-system/,enterprise_platform_additions.csv,"[""https://se.com/ww/en/assets/564/document/514405/presentation-agm-2025-en.pdf"",""https://se.com/ww/en/work/products/product-launch/building-management-system""]",2026-08-30,A,preserved_source_assertion
ast-b9286dc4ed12,org-schneider-electric-ecostruxure-building-677b955,Schneider Electric EcoStruxure Building,category,open building management system energy and integrated controls platform,enterprise_platform_additions.csv,"[""https://se.com/ww/en/assets/564/document/514405/presentation-agm-2025-en.pdf"",""https://se.com/ww/en/work/products/product-launch/building-management-system""]",2026-08-30,A,preserved_source_assertion
ast-c39cb326c507,org-schneider-electric-ecostruxure-building-677b955,Schneider Electric EcoStruxure Building,cohort_or_ecosystem,Schneider Electric,enterprise_platform_additions.csv,"[""https://se.com/ww/en/assets/564/document/514405/presentation-agm-2025-en.pdf"",""https://se.com/ww/en/work/products/product-launch/building-management-system""]",2026-08-30,A,preserved_source_assertion
ast-4d08e66fac95,org-schneider-electric-ecostruxure-building-677b955,Schneider Electric EcoStruxure Building,entity_type,public company,enterprise_platform_additions.csv,"[""https://se.com/ww/en/assets/564/document/514405/presentation-agm-2025-en.pdf"",""https://se.com/ww/en/work/products/product-launch/building-management-system""]",2026-08-30,A,preserved_source_assertion
ast-52e868e639a0,org-schneider-electric-ecostruxure-building-677b955,Schneider Electric EcoStruxure Building,evidence_grade,A,enterprise_platform_additions.csv,"[""https://se.com/ww/en/assets/564/document/514405/presentation-agm-2025-en.pdf"",""https://se.com/ww/en/work/products/product-launch/building-management-system""]",2026-08-30,A,preserved_source_assertion
ast-ee8ad8a0f16f,org-schneider-electric-ecostruxure-building-677b955,Schneider Electric EcoStruxure Building,founding_year,unknown,enterprise_platform_additions.csv,"[""https://se.com/ww/en/assets/564/document/514405/presentation-agm-2025-en.pdf"",""https://se.com/ww/en/work/products/product-launch/building-management-system""]",2026-08-30,A,preserved_source_assertion
ast-67a6b4e36015,org-schneider-electric-ecostruxure-building-677b955,Schneider Electric EcoStruxure Building,hq_country,France,enterprise_platform_additions.csv,"[""https://se.com/ww/en/assets/564/document/514405/presentation-agm-2025-en.pdf"",""https://se.com/ww/en/work/products/product-launch/building-management-system""]",2026-08-30,A,preserved_source_assertion
ast-6a2d1cac264f,org-schneider-electric-ecostruxure-building-677b955,Schneider Electric EcoStruxure Building,maturity,enterprise,enterprise_platform_additions.csv,"[""https://se.com/ww/en/assets/564/document/514405/presentation-agm-2025-en.pdf"",""https://se.com/ww/en/work/products/product-launch/building-management-system""]",2026-08-30,A,preserved_source_assertion
ast-0cdc2d8614c5,org-schneider-electric-ecostruxure-building-677b955,Schneider Electric EcoStruxure Building,primary_lifecycle,L8 Property operations,enterprise_platform_additions.csv,"[""https://se.com/ww/en/assets/564/document/514405/presentation-agm-2025-en.pdf"",""https://se.com/ww/en/work/products/product-launch/building-management-system""]",2026-08-30,A,preserved_source_assertion
ast-43f10abc9431,org-schneider-electric-ecostruxure-building-677b955,Schneider Electric EcoStruxure Building,relevance_tier,A,enterprise_platform_additions.csv,"[""https://se.com/ww/en/assets/564/document/514405/presentation-agm-2025-en.pdf"",""https://se.com/ww/en/work/products/product-launch/building-management-system""]",2026-08-30,A,preserved_source_assertion
ast-2e013aea221f,org-schneider-electric-ecostruxure-building-677b955,Schneider Electric EcoStruxure Building,secondary_lifecycle,L10 ESG/L9 Portfolio,enterprise_platform_additions.csv,"[""https://se.com/ww/en/assets/564/document/514405/presentation-agm-2025-en.pdf"",""https://se.com/ww/en/work/products/product-launch/building-management-system""]",2026-08-30,A,preserved_source_assertion
ast-cb4d09bb485a,org-schneider-electric-ecostruxure-building-677b955,Schneider Electric EcoStruxure Building,status,active,enterprise_platform_additions.csv,"[""https://se.com/ww/en/assets/564/document/514405/presentation-agm-2025-en.pdf"",""https://se.com/ww/en/work/products/product-launch/building-management-system""]",2026-08-30,A,preserved_source_assertion
ast-0204f067c67e,org-schneider-electric-ecostruxure-building-677b955,Schneider Electric EcoStruxure Building,status_as_of,2026-08-30,enterprise_platform_additions.csv,"[""https://se.com/ww/en/assets/564/document/514405/presentation-agm-2025-en.pdf"",""https://se.com/ww/en/work/products/product-launch/building-management-system""]",2026-08-30,A,preserved_source_assertion
ast-1ea6d967e12a,org-searchland-fe1084f,Searchland,business_model,subscription SaaS and API,coverage_gap_additions.csv,"[""https://searchland.co.uk/"",""https://searchland.co.uk/api""]",2026-08-30,A,preserved_source_assertion
ast-ad82f5f5644a,org-searchland-fe1084f,Searchland,canonical_url,https://searchland.co.uk/,coverage_gap_additions.csv,"[""https://searchland.co.uk/"",""https://searchland.co.uk/api""]",2026-08-30,A,preserved_source_assertion
ast-a4a4c3fca3b2,org-searchland-fe1084f,Searchland,category,land sourcing planning ownership and infrastructure data,coverage_gap_additions.csv,"[""https://searchland.co.uk/"",""https://searchland.co.uk/api""]",2026-08-30,A,preserved_source_assertion
ast-4b5fa7d092c4,org-searchland-fe1084f,Searchland,cohort_or_ecosystem,Independent,coverage_gap_additions.csv,"[""https://searchland.co.uk/"",""https://searchland.co.uk/api""]",2026-08-30,A,preserved_source_assertion
ast-f2f66715f437,org-searchland-fe1084f,Searchland,entity_type,private company,coverage_gap_additions.csv,"[""https://searchland.co.uk/"",""https://searchland.co.uk/api""]",2026-08-30,A,preserved_source_assertion
ast-2df84ef21c56,org-searchland-fe1084f,Searchland,evidence_grade,A,coverage_gap_additions.csv,"[""https://searchland.co.uk/"",""https://searchland.co.uk/api""]",2026-08-30,A,preserved_source_assertion
ast-07deb2974d83,org-searchland-fe1084f,Searchland,founding_year,2020,coverage_gap_additions.csv,"[""https://searchland.co.uk/"",""https://searchland.co.uk/api""]",2026-08-30,A,preserved_source_assertion
ast-a55aee09066c,org-searchland-fe1084f,Searchland,hq_country,United Kingdom,coverage_gap_additions.csv,"[""https://searchland.co.uk/"",""https://searchland.co.uk/api""]",2026-08-30,A,preserved_source_assertion
ast-712fd90ea8f0,org-searchland-fe1084f,Searchland,maturity,scaleup,coverage_gap_additions.csv,"[""https://searchland.co.uk/"",""https://searchland.co.uk/api""]",2026-08-30,A,preserved_source_assertion
ast-1135cd8364f2,org-searchland-fe1084f,Searchland,primary_lifecycle,L1 Land/site,coverage_gap_additions.csv,"[""https://searchland.co.uk/"",""https://searchland.co.uk/api""]",2026-08-30,A,preserved_source_assertion
ast-254506579c4c,org-searchland-fe1084f,Searchland,relevance_tier,A,coverage_gap_additions.csv,"[""https://searchland.co.uk/"",""https://searchland.co.uk/api""]",2026-08-30,A,preserved_source_assertion
ast-5a16ad06184f,org-searchland-fe1084f,Searchland,secondary_lifecycle,L2 Feasibility/L10 ESG,coverage_gap_additions.csv,"[""https://searchland.co.uk/"",""https://searchland.co.uk/api""]",2026-08-30,A,preserved_source_assertion
ast-de513fd1d23e,org-searchland-fe1084f,Searchland,status,active,coverage_gap_additions.csv,"[""https://searchland.co.uk/"",""https://searchland.co.uk/api""]",2026-08-30,A,preserved_source_assertion
ast-9fd357798104,org-searchland-fe1084f,Searchland,status_as_of,2026-08-30,coverage_gap_additions.csv,"[""https://searchland.co.uk/"",""https://searchland.co.uk/api""]",2026-08-30,A,preserved_source_assertion
ast-309ccc56986d,org-segro-88f5446,SEGRO,business_model,"powered land, planning, logistics and data-centre development",operator_coverage_additions.csv,"[""https://segro.com/"",""https://segro.com/en/investors/ara25/strategic-report"",""https://segro.com/investors/financial-results-centre/2025-full-year-results"",""https://segro.com/media/kbshtxbq/segro_annual-report-accounts-2025.pdf""]",2026-08-30,A,preserved_source_assertion
ast-27a266a28092,org-segro-88f5446,SEGRO,canonical_url,https://www.segro.com/,operator_coverage_additions.csv,"[""https://segro.com/"",""https://segro.com/en/investors/ara25/strategic-report"",""https://segro.com/investors/financial-results-centre/2025-full-year-results"",""https://segro.com/media/kbshtxbq/segro_annual-report-accounts-2025.pdf""]",2026-08-30,A,preserved_source_assertion
ast-640ede29d430,org-segro-88f5446,SEGRO,category,"European logistics, industrial and data-centre owner/developer",operator_coverage_additions.csv,"[""https://segro.com/"",""https://segro.com/en/investors/ara25/strategic-report"",""https://segro.com/investors/financial-results-centre/2025-full-year-results"",""https://segro.com/media/kbshtxbq/segro_annual-report-accounts-2025.pdf""]",2026-08-30,A,preserved_source_assertion
ast-a6b5b5a0a7cd,org-segro-88f5446,SEGRO,cohort_or_ecosystem,Independent,operator_coverage_additions.csv,"[""https://segro.com/"",""https://segro.com/en/investors/ara25/strategic-report"",""https://segro.com/investors/financial-results-centre/2025-full-year-results"",""https://segro.com/media/kbshtxbq/segro_annual-report-accounts-2025.pdf""]",2026-08-30,A,preserved_source_assertion
ast-11bdb9092bde,org-segro-88f5446,SEGRO,entity_type,REIT and development/operator platform,operator_coverage_additions.csv,"[""https://segro.com/"",""https://segro.com/en/investors/ara25/strategic-report"",""https://segro.com/investors/financial-results-centre/2025-full-year-results"",""https://segro.com/media/kbshtxbq/segro_annual-report-accounts-2025.pdf""]",2026-08-30,A,preserved_source_assertion
ast-e874ffdb6992,org-segro-88f5446,SEGRO,evidence_grade,A,operator_coverage_additions.csv,"[""https://segro.com/"",""https://segro.com/en/investors/ara25/strategic-report"",""https://segro.com/investors/financial-results-centre/2025-full-year-results"",""https://segro.com/media/kbshtxbq/segro_annual-report-accounts-2025.pdf""]",2026-08-30,A,preserved_source_assertion
ast-fa74e4cebb0c,org-segro-88f5446,SEGRO,founding_year,1920,operator_coverage_additions.csv,"[""https://segro.com/"",""https://segro.com/en/investors/ara25/strategic-report"",""https://segro.com/investors/financial-results-centre/2025-full-year-results"",""https://segro.com/media/kbshtxbq/segro_annual-report-accounts-2025.pdf""]",2026-08-30,A,preserved_source_assertion
ast-4daaaffbbbd6,org-segro-88f5446,SEGRO,hq_country,United Kingdom,operator_coverage_additions.csv,"[""https://segro.com/"",""https://segro.com/en/investors/ara25/strategic-report"",""https://segro.com/investors/financial-results-centre/2025-full-year-results"",""https://segro.com/media/kbshtxbq/segro_annual-report-accounts-2025.pdf""]",2026-08-30,A,preserved_source_assertion
ast-f9a4a89c5c85,org-segro-88f5446,SEGRO,maturity,scale platform,operator_coverage_additions.csv,"[""https://segro.com/"",""https://segro.com/en/investors/ara25/strategic-report"",""https://segro.com/investors/financial-results-centre/2025-full-year-results"",""https://segro.com/media/kbshtxbq/segro_annual-report-accounts-2025.pdf""]",2026-08-30,A,preserved_source_assertion
ast-82482b6d640c,org-segro-88f5446,SEGRO,primary_lifecycle,L/D/C/O/E,operator_coverage_additions.csv,"[""https://segro.com/"",""https://segro.com/en/investors/ara25/strategic-report"",""https://segro.com/investors/financial-results-centre/2025-full-year-results"",""https://segro.com/media/kbshtxbq/segro_annual-report-accounts-2025.pdf""]",2026-08-30,A,preserved_source_assertion
ast-a5485906ca0f,org-segro-88f5446,SEGRO,relevance_tier,A,operator_coverage_additions.csv,"[""https://segro.com/"",""https://segro.com/en/investors/ara25/strategic-report"",""https://segro.com/investors/financial-results-centre/2025-full-year-results"",""https://segro.com/media/kbshtxbq/segro_annual-report-accounts-2025.pdf""]",2026-08-30,A,preserved_source_assertion
ast-dfb9a27a71f2,org-segro-88f5446,SEGRO,secondary_lifecycle,F,operator_coverage_additions.csv,"[""https://segro.com/"",""https://segro.com/en/investors/ara25/strategic-report"",""https://segro.com/investors/financial-results-centre/2025-full-year-results"",""https://segro.com/media/kbshtxbq/segro_annual-report-accounts-2025.pdf""]",2026-08-30,A,preserved_source_assertion
ast-070dbc203ef6,org-segro-88f5446,SEGRO,status,active,operator_coverage_additions.csv,"[""https://segro.com/"",""https://segro.com/en/investors/ara25/strategic-report"",""https://segro.com/investors/financial-results-centre/2025-full-year-results"",""https://segro.com/media/kbshtxbq/segro_annual-report-accounts-2025.pdf""]",2026-08-30,A,preserved_source_assertion
ast-973c214717ff,org-segro-88f5446,SEGRO,status_as_of,2026-08-30,operator_coverage_additions.csv,"[""https://segro.com/"",""https://segro.com/en/investors/ara25/strategic-report"",""https://segro.com/investors/financial-results-centre/2025-full-year-results"",""https://segro.com/media/kbshtxbq/segro_annual-report-accounts-2025.pdf""]",2026-08-30,A,preserved_source_assertion
ast-6f3d11d11ce4,org-sekisui-house-50bc068,Sekisui House,canonical_url,https://www.sekisuihouse.co.jp/english/,global_real_estate_pioneers_agent.csv,"[""https://sekisuihouse.co.jp/english""]",2026-08-30,C,preserved_source_assertion
ast-aff408b59405,org-sekisui-house-50bc068,Sekisui House,entity_type,homebuilder developer,global_real_estate_pioneers_agent.csv,"[""https://sekisuihouse.co.jp/english""]",2026-08-30,C,preserved_source_assertion
ast-873af5d509b7,org-sekisui-house-50bc068,Sekisui House,evidence_grade,C,global_real_estate_pioneers_agent.csv,"[""https://sekisuihouse.co.jp/english""]",2026-08-30,C,preserved_source_assertion
ast-b8f95ebbda7d,org-sekisui-house-50bc068,Sekisui House,hq_country,Japan,global_real_estate_pioneers_agent.csv,"[""https://sekisuihouse.co.jp/english""]",2026-08-30,C,preserved_source_assertion
ast-a6819ea85cf1,org-sekisui-house-50bc068,Sekisui House,primary_lifecycle,D/C/H/O/E,global_real_estate_pioneers_agent.csv,"[""https://sekisuihouse.co.jp/english""]",2026-08-30,C,preserved_source_assertion
ast-00cb1ebe5d74,org-sekisui-house-50bc068,Sekisui House,relevance_tier,B,global_real_estate_pioneers_agent.csv,"[""https://sekisuihouse.co.jp/english""]",2026-08-30,C,preserved_source_assertion
ast-25d21ba7855d,org-sekisui-house-50bc068,Sekisui House,status,active,global_real_estate_pioneers_agent.csv,"[""https://sekisuihouse.co.jp/english""]",2026-08-30,C,preserved_source_assertion
ast-bfb5705875a0,org-sell-do-33b7307,Sell-Do,business_model,enterprise-SaaS,regional_companies_agent.csv,"[""https://sell.do/"",""https://sell.do/about"",""https://sell.do/solutions/developers""]",2026-08-30,A,preserved_source_assertion
ast-38522eefc50c,org-sell-do-33b7307,Sell-Do,canonical_url,https://www.sell.do/,regional_companies_agent.csv,"[""https://sell.do/"",""https://sell.do/about"",""https://sell.do/solutions/developers""]",2026-08-30,A,preserved_source_assertion
ast-210969631e88,org-sell-do-33b7307,Sell-Do,category,developer-CRM-revenue-OS,regional_companies_agent.csv,"[""https://sell.do/"",""https://sell.do/about"",""https://sell.do/solutions/developers""]",2026-08-30,A,preserved_source_assertion
ast-4f298bbd8404,org-sell-do-33b7307,Sell-Do,cohort_or_ecosystem,Aurum-PropTech-Accel,regional_companies_agent.csv,"[""https://sell.do/"",""https://sell.do/about"",""https://sell.do/solutions/developers""]",2026-08-30,A,preserved_source_assertion
ast-946bc76ec44a,org-sell-do-33b7307,Sell-Do,entity_type,subsidiary,regional_companies_agent.csv,"[""https://sell.do/"",""https://sell.do/about"",""https://sell.do/solutions/developers""]",2026-08-30,A,preserved_source_assertion
ast-df9d3d85b2a4,org-sell-do-33b7307,Sell-Do,evidence_grade,A,regional_companies_agent.csv,"[""https://sell.do/"",""https://sell.do/about"",""https://sell.do/solutions/developers""]",2026-08-30,A,preserved_source_assertion
ast-c86e1830286c,org-sell-do-33b7307,Sell-Do,founding_year,2012,regional_companies_agent.csv,"[""https://sell.do/"",""https://sell.do/about"",""https://sell.do/solutions/developers""]",2026-08-30,A,preserved_source_assertion
ast-c8e7cb67e5bb,org-sell-do-33b7307,Sell-Do,hq_country,India,regional_companies_agent.csv,"[""https://sell.do/"",""https://sell.do/about"",""https://sell.do/solutions/developers""]",2026-08-30,A,preserved_source_assertion
ast-b96c3f94f818,org-sell-do-33b7307,Sell-Do,maturity,scale,regional_companies_agent.csv,"[""https://sell.do/"",""https://sell.do/about"",""https://sell.do/solutions/developers""]",2026-08-30,A,preserved_source_assertion
ast-b43e8211da37,org-sell-do-33b7307,Sell-Do,primary_lifecycle,lead-to-possession-revenue-ops,regional_companies_agent.csv,"[""https://sell.do/"",""https://sell.do/about"",""https://sell.do/solutions/developers""]",2026-08-30,A,preserved_source_assertion
ast-685a5ab51289,org-sell-do-33b7307,Sell-Do,relevance_tier,A,regional_companies_agent.csv,"[""https://sell.do/"",""https://sell.do/about"",""https://sell.do/solutions/developers""]",2026-08-30,A,preserved_source_assertion
ast-9aa220f7b97b,org-sell-do-33b7307,Sell-Do,secondary_lifecycle,AI-calling-channel-partners-collections,regional_companies_agent.csv,"[""https://sell.do/"",""https://sell.do/about"",""https://sell.do/solutions/developers""]",2026-08-30,A,preserved_source_assertion
ast-4a6d07fe7f06,org-sell-do-33b7307,Sell-Do,status,active-subsidiary,regional_companies_agent.csv,"[""https://sell.do/"",""https://sell.do/about"",""https://sell.do/solutions/developers""]",2026-08-30,A,preserved_source_assertion
ast-81c7da499a8a,org-sell-do-33b7307,Sell-Do,status_as_of,2026-08-30,regional_companies_agent.csv,"[""https://sell.do/"",""https://sell.do/about"",""https://sell.do/solutions/developers""]",2026-08-30,A,preserved_source_assertion
ast-38cf6165116a,org-sell-do-33b7307,Sell.Do,business_model,SaaS,proptech_startups_agent.csv,"[""https://sell.do/"",""https://sell.do/success-stories""]",2026-08-30,B,preserved_source_assertion
ast-6c67df87e916,org-sell-do-33b7307,Sell.Do,canonical_url,https://www.sell.do/,proptech_startups_agent.csv,"[""https://sell.do/"",""https://sell.do/success-stories""]",2026-08-30,B,preserved_source_assertion
ast-20708c17e993,org-sell-do-33b7307,Sell.Do,category,Developer CRM,proptech_startups_agent.csv,"[""https://sell.do/"",""https://sell.do/success-stories""]",2026-08-30,B,preserved_source_assertion
ast-61b4a51b84bb,org-sell-do-33b7307,Sell.Do,cohort_or_ecosystem,Independent,proptech_startups_agent.csv,"[""https://sell.do/"",""https://sell.do/success-stories""]",2026-08-30,B,preserved_source_assertion
ast-507a2a742033,org-sell-do-33b7307,Sell.Do,entity_type,Company,proptech_startups_agent.csv,"[""https://sell.do/"",""https://sell.do/success-stories""]",2026-08-30,B,preserved_source_assertion
ast-4fc4451bc6e4,org-sell-do-33b7307,Sell.Do,evidence_grade,B,proptech_startups_agent.csv,"[""https://sell.do/"",""https://sell.do/success-stories""]",2026-08-30,B,preserved_source_assertion
ast-92ab94f140a8,org-sell-do-33b7307,Sell.Do,founding_year,2016,proptech_startups_agent.csv,"[""https://sell.do/"",""https://sell.do/success-stories""]",2026-08-30,B,preserved_source_assertion
ast-8059e5a22891,org-sell-do-33b7307,Sell.Do,hq_country,India,proptech_startups_agent.csv,"[""https://sell.do/"",""https://sell.do/success-stories""]",2026-08-30,B,preserved_source_assertion
ast-cfe9dbc54c29,org-sell-do-33b7307,Sell.Do,maturity,Scaleup,proptech_startups_agent.csv,"[""https://sell.do/"",""https://sell.do/success-stories""]",2026-08-30,B,preserved_source_assertion
ast-788c5f66fc44,org-sell-do-33b7307,Sell.Do,primary_lifecycle,Sales,proptech_startups_agent.csv,"[""https://sell.do/"",""https://sell.do/success-stories""]",2026-08-30,B,preserved_source_assertion
ast-ad561784afcd,org-sell-do-33b7307,Sell.Do,relevance_tier,A,proptech_startups_agent.csv,"[""https://sell.do/"",""https://sell.do/success-stories""]",2026-08-30,B,preserved_source_assertion
ast-83936cf99a5e,org-sell-do-33b7307,Sell.Do,secondary_lifecycle,Operations,proptech_startups_agent.csv,"[""https://sell.do/"",""https://sell.do/success-stories""]",2026-08-30,B,preserved_source_assertion
ast-b533add902ab,org-sell-do-33b7307,Sell.Do,status,Active,proptech_startups_agent.csv,"[""https://sell.do/"",""https://sell.do/success-stories""]",2026-08-30,B,preserved_source_assertion
ast-83648e2ca77e,org-sell-do-33b7307,Sell.Do,status_as_of,2026-08-30,proptech_startups_agent.csv,"[""https://sell.do/"",""https://sell.do/success-stories""]",2026-08-30,B,preserved_source_assertion
ast-acceb6705970,org-sharebari-9a44fdf,ShareBari,business_model,subscription-SaaS,regional_companies_agent.csv,"[""https://sharebari.com/""]",2026-08-30,B/D,preserved_source_assertion
ast-48dbab9b1ea0,org-sharebari-9a44fdf,ShareBari,canonical_url,https://sharebari.com/,regional_companies_agent.csv,"[""https://sharebari.com/""]",2026-08-30,B/D,preserved_source_assertion
ast-e4b396f93529,org-sharebari-9a44fdf,ShareBari,category,shareholder-governance-SaaS,regional_companies_agent.csv,"[""https://sharebari.com/""]",2026-08-30,B/D,preserved_source_assertion
ast-13214c8eaa0a,org-sharebari-9a44fdf,ShareBari,cohort_or_ecosystem,local-early-stage,regional_companies_agent.csv,"[""https://sharebari.com/""]",2026-08-30,B/D,preserved_source_assertion
ast-3e154c00c8a2,org-sharebari-9a44fdf,ShareBari,entity_type,private-startup,regional_companies_agent.csv,"[""https://sharebari.com/""]",2026-08-30,B/D,preserved_source_assertion
ast-522b767ff1f9,org-sharebari-9a44fdf,ShareBari,evidence_grade,B/D,regional_companies_agent.csv,"[""https://sharebari.com/""]",2026-08-30,B/D,preserved_source_assertion
ast-9027fa395b75,org-sharebari-9a44fdf,ShareBari,founding_year,Unknown,regional_companies_agent.csv,"[""https://sharebari.com/""]",2026-08-30,B/D,preserved_source_assertion
ast-4847012aa837,org-sharebari-9a44fdf,ShareBari,hq_country,Bangladesh,regional_companies_agent.csv,"[""https://sharebari.com/""]",2026-08-30,B/D,preserved_source_assertion
ast-d3290a4a311c,org-sharebari-9a44fdf,ShareBari,maturity,early-stage,regional_companies_agent.csv,"[""https://sharebari.com/""]",2026-08-30,B/D,preserved_source_assertion
ast-26991dc7bf90,org-sharebari-9a44fdf,ShareBari,primary_lifecycle,shared-project-shareholder-accounting,regional_companies_agent.csv,"[""https://sharebari.com/""]",2026-08-30,B/D,preserved_source_assertion
ast-60cc4c6a742e,org-sharebari-9a44fdf,ShareBari,relevance_tier,B,regional_companies_agent.csv,"[""https://sharebari.com/""]",2026-08-30,B/D,preserved_source_assertion
ast-39cf9770174c,org-sharebari-9a44fdf,ShareBari,secondary_lifecycle,documents-progress-investor-comms,regional_companies_agent.csv,"[""https://sharebari.com/""]",2026-08-30,B/D,preserved_source_assertion
ast-68dcc12c124f,org-sharebari-9a44fdf,ShareBari,status,live-early-product,regional_companies_agent.csv,"[""https://sharebari.com/""]",2026-08-30,B/D,preserved_source_assertion
ast-7873fdcda711,org-sharebari-9a44fdf,ShareBari,status_as_of,2026-08-30,regional_companies_agent.csv,"[""https://sharebari.com/""]",2026-08-30,B/D,preserved_source_assertion
ast-f70e7335f8fb,org-sidewalk-labs-quayside-b7600cf,Sidewalk Labs / Quayside,canonical_url,https://www.waterfrontoronto.ca/,global_real_estate_pioneers_agent.csv,"[""https://techcrunch.com/2020/05/07/sidewalk-labs-shuts-down-toronto-project"",""https://waterfrontoronto.ca/"",""https://waterfrontoronto.ca/sites/default/files/documents/plan-development-agreement-amendments-and-sidewalk-labs--termination-notice---termination-effective-date---may-17-2020.pdf""]",2026-08-30,A,preserved_source_assertion
ast-c86f473f862e,org-sidewalk-labs-quayside-b7600cf,Sidewalk Labs / Quayside,entity_type,cancelled smart-city development,global_real_estate_pioneers_agent.csv,"[""https://techcrunch.com/2020/05/07/sidewalk-labs-shuts-down-toronto-project"",""https://waterfrontoronto.ca/"",""https://waterfrontoronto.ca/sites/default/files/documents/plan-development-agreement-amendments-and-sidewalk-labs--termination-notice---termination-effective-date---may-17-2020.pdf""]",2026-08-30,A,preserved_source_assertion
ast-c32c24a3bca5,org-sidewalk-labs-quayside-b7600cf,Sidewalk Labs / Quayside,evidence_grade,A,global_real_estate_pioneers_agent.csv,"[""https://techcrunch.com/2020/05/07/sidewalk-labs-shuts-down-toronto-project"",""https://waterfrontoronto.ca/"",""https://waterfrontoronto.ca/sites/default/files/documents/plan-development-agreement-amendments-and-sidewalk-labs--termination-notice---termination-effective-date---may-17-2020.pdf""]",2026-08-30,A,preserved_source_assertion
ast-57f35c24b460,org-sidewalk-labs-quayside-b7600cf,Sidewalk Labs / Quayside,hq_country,Canada,global_real_estate_pioneers_agent.csv,"[""https://techcrunch.com/2020/05/07/sidewalk-labs-shuts-down-toronto-project"",""https://waterfrontoronto.ca/"",""https://waterfrontoronto.ca/sites/default/files/documents/plan-development-agreement-amendments-and-sidewalk-labs--termination-notice---termination-effective-date---may-17-2020.pdf""]",2026-08-30,A,preserved_source_assertion
ast-63912b719ff5,org-sidewalk-labs-quayside-b7600cf,Sidewalk Labs / Quayside,primary_lifecycle,L/D/O/E,global_real_estate_pioneers_agent.csv,"[""https://techcrunch.com/2020/05/07/sidewalk-labs-shuts-down-toronto-project"",""https://waterfrontoronto.ca/"",""https://waterfrontoronto.ca/sites/default/files/documents/plan-development-agreement-amendments-and-sidewalk-labs--termination-notice---termination-effective-date---may-17-2020.pdf""]",2026-08-30,A,preserved_source_assertion
ast-6f6ab58cf445,org-sidewalk-labs-quayside-b7600cf,Sidewalk Labs / Quayside,relevance_tier,B,global_real_estate_pioneers_agent.csv,"[""https://techcrunch.com/2020/05/07/sidewalk-labs-shuts-down-toronto-project"",""https://waterfrontoronto.ca/"",""https://waterfrontoronto.ca/sites/default/files/documents/plan-development-agreement-amendments-and-sidewalk-labs--termination-notice---termination-effective-date---may-17-2020.pdf""]",2026-08-30,A,preserved_source_assertion
ast-b104f95e623c,org-sidewalk-labs-quayside-b7600cf,Sidewalk Labs / Quayside,status,closed,global_real_estate_pioneers_agent.csv,"[""https://techcrunch.com/2020/05/07/sidewalk-labs-shuts-down-toronto-project"",""https://waterfrontoronto.ca/"",""https://waterfrontoronto.ca/sites/default/files/documents/plan-development-agreement-amendments-and-sidewalk-labs--termination-notice---termination-effective-date---may-17-2020.pdf""]",2026-08-30,A,preserved_source_assertion
ast-936913898874,org-siemens-building-x-4e09386,Siemens Building X,business_model,hardware software and subscription,enterprise_platform_additions.csv,"[""https://news.siemens.com/en-us/siemens-presents-building-x-an-ai-based-solution-for-transforming-buildings-into-climate-neutral-buildings"",""https://siemens.com/en-gb/products/building-x""]",2026-08-30,A,preserved_source_assertion
ast-c5e1408b6fa6,org-siemens-building-x-4e09386,Siemens Building X,canonical_url,https://www.siemens.com/en-gb/products/building-x/,enterprise_platform_additions.csv,"[""https://news.siemens.com/en-us/siemens-presents-building-x-an-ai-based-solution-for-transforming-buildings-into-climate-neutral-buildings"",""https://siemens.com/en-gb/products/building-x""]",2026-08-30,A,preserved_source_assertion
ast-47c539e8ec91,org-siemens-building-x-4e09386,Siemens Building X,category,cloud building energy sustainability safety security and operations platform,enterprise_platform_additions.csv,"[""https://news.siemens.com/en-us/siemens-presents-building-x-an-ai-based-solution-for-transforming-buildings-into-climate-neutral-buildings"",""https://siemens.com/en-gb/products/building-x""]",2026-08-30,A,preserved_source_assertion
ast-a215606b110f,org-siemens-building-x-4e09386,Siemens Building X,cohort_or_ecosystem,Siemens,enterprise_platform_additions.csv,"[""https://news.siemens.com/en-us/siemens-presents-building-x-an-ai-based-solution-for-transforming-buildings-into-climate-neutral-buildings"",""https://siemens.com/en-gb/products/building-x""]",2026-08-30,A,preserved_source_assertion
ast-9fb1a472e17c,org-siemens-building-x-4e09386,Siemens Building X,entity_type,public company,enterprise_platform_additions.csv,"[""https://news.siemens.com/en-us/siemens-presents-building-x-an-ai-based-solution-for-transforming-buildings-into-climate-neutral-buildings"",""https://siemens.com/en-gb/products/building-x""]",2026-08-30,A,preserved_source_assertion
ast-95a08055178b,org-siemens-building-x-4e09386,Siemens Building X,evidence_grade,A,enterprise_platform_additions.csv,"[""https://news.siemens.com/en-us/siemens-presents-building-x-an-ai-based-solution-for-transforming-buildings-into-climate-neutral-buildings"",""https://siemens.com/en-gb/products/building-x""]",2026-08-30,A,preserved_source_assertion
ast-97e7dee81c6a,org-siemens-building-x-4e09386,Siemens Building X,founding_year,unknown,enterprise_platform_additions.csv,"[""https://news.siemens.com/en-us/siemens-presents-building-x-an-ai-based-solution-for-transforming-buildings-into-climate-neutral-buildings"",""https://siemens.com/en-gb/products/building-x""]",2026-08-30,A,preserved_source_assertion
ast-4206812e9c90,org-siemens-building-x-4e09386,Siemens Building X,hq_country,Germany,enterprise_platform_additions.csv,"[""https://news.siemens.com/en-us/siemens-presents-building-x-an-ai-based-solution-for-transforming-buildings-into-climate-neutral-buildings"",""https://siemens.com/en-gb/products/building-x""]",2026-08-30,A,preserved_source_assertion
ast-3dbdb5d339e0,org-siemens-building-x-4e09386,Siemens Building X,maturity,enterprise,enterprise_platform_additions.csv,"[""https://news.siemens.com/en-us/siemens-presents-building-x-an-ai-based-solution-for-transforming-buildings-into-climate-neutral-buildings"",""https://siemens.com/en-gb/products/building-x""]",2026-08-30,A,preserved_source_assertion
ast-57c6b65ebeaf,org-siemens-building-x-4e09386,Siemens Building X,primary_lifecycle,L8 Property operations,enterprise_platform_additions.csv,"[""https://news.siemens.com/en-us/siemens-presents-building-x-an-ai-based-solution-for-transforming-buildings-into-climate-neutral-buildings"",""https://siemens.com/en-gb/products/building-x""]",2026-08-30,A,preserved_source_assertion
ast-c102296210e1,org-siemens-building-x-4e09386,Siemens Building X,relevance_tier,A,enterprise_platform_additions.csv,"[""https://news.siemens.com/en-us/siemens-presents-building-x-an-ai-based-solution-for-transforming-buildings-into-climate-neutral-buildings"",""https://siemens.com/en-gb/products/building-x""]",2026-08-30,A,preserved_source_assertion
ast-21983a23b4a5,org-siemens-building-x-4e09386,Siemens Building X,secondary_lifecycle,L10 ESG/L9 Portfolio,enterprise_platform_additions.csv,"[""https://news.siemens.com/en-us/siemens-presents-building-x-an-ai-based-solution-for-transforming-buildings-into-climate-neutral-buildings"",""https://siemens.com/en-gb/products/building-x""]",2026-08-30,A,preserved_source_assertion
ast-7e144ba9096c,org-siemens-building-x-4e09386,Siemens Building X,status,active,enterprise_platform_additions.csv,"[""https://news.siemens.com/en-us/siemens-presents-building-x-an-ai-based-solution-for-transforming-buildings-into-climate-neutral-buildings"",""https://siemens.com/en-gb/products/building-x""]",2026-08-30,A,preserved_source_assertion
ast-6bfba8b9fde7,org-siemens-building-x-4e09386,Siemens Building X,status_as_of,2026-08-30,enterprise_platform_additions.csv,"[""https://news.siemens.com/en-us/siemens-presents-building-x-an-ai-based-solution-for-transforming-buildings-into-climate-neutral-buildings"",""https://siemens.com/en-gb/products/building-x""]",2026-08-30,A,preserved_source_assertion
ast-74e2ec429cdc,org-skanska-6d6b6e5,Skanska,canonical_url,https://www.skanska.com/,global_real_estate_pioneers_agent.csv,"[""https://group.skanska.com/493a91/siteassets/investors/reports-publications/annual-reports/2025/skanska-s-annual-and-sustainability-report-2025-pdf-.pdf"",""https://skanska.com/""]",2026-08-30,A,preserved_source_assertion
ast-49ed650c4065,org-skanska-6d6b6e5,Skanska,entity_type,construction developer infrastructure,global_real_estate_pioneers_agent.csv,"[""https://group.skanska.com/493a91/siteassets/investors/reports-publications/annual-reports/2025/skanska-s-annual-and-sustainability-report-2025-pdf-.pdf"",""https://skanska.com/""]",2026-08-30,A,preserved_source_assertion
ast-878757061832,org-skanska-6d6b6e5,Skanska,evidence_grade,A,global_real_estate_pioneers_agent.csv,"[""https://group.skanska.com/493a91/siteassets/investors/reports-publications/annual-reports/2025/skanska-s-annual-and-sustainability-report-2025-pdf-.pdf"",""https://skanska.com/""]",2026-08-30,A,preserved_source_assertion
ast-83b85df136b1,org-skanska-6d6b6e5,Skanska,hq_country,Sweden,global_real_estate_pioneers_agent.csv,"[""https://group.skanska.com/493a91/siteassets/investors/reports-publications/annual-reports/2025/skanska-s-annual-and-sustainability-report-2025-pdf-.pdf"",""https://skanska.com/""]",2026-08-30,A,preserved_source_assertion
ast-6a043a4e10f9,org-skanska-6d6b6e5,Skanska,primary_lifecycle,D/C/O/E,global_real_estate_pioneers_agent.csv,"[""https://group.skanska.com/493a91/siteassets/investors/reports-publications/annual-reports/2025/skanska-s-annual-and-sustainability-report-2025-pdf-.pdf"",""https://skanska.com/""]",2026-08-30,A,preserved_source_assertion
ast-90f02dcb5320,org-skanska-6d6b6e5,Skanska,relevance_tier,A,global_real_estate_pioneers_agent.csv,"[""https://group.skanska.com/493a91/siteassets/investors/reports-publications/annual-reports/2025/skanska-s-annual-and-sustainability-report-2025-pdf-.pdf"",""https://skanska.com/""]",2026-08-30,A,preserved_source_assertion
ast-484c62900da4,org-skanska-6d6b6e5,Skanska,status,active,global_real_estate_pioneers_agent.csv,"[""https://group.skanska.com/493a91/siteassets/investors/reports-publications/annual-reports/2025/skanska-s-annual-and-sustainability-report-2025-pdf-.pdf"",""https://skanska.com/""]",2026-08-30,A,preserved_source_assertion
ast-d16870908a65,org-smartcrowd-51aef62,SmartCrowd,business_model,platform-asset-fees,regional_companies_agent.csv,"[""https://help-center.smartcrowd.ae/en/articles/7122055-how-are-investments-structured-at-smartcrowd"",""https://smartcrowd.ae/""]",2026-08-30,B,preserved_source_assertion
ast-de5383a9224b,org-smartcrowd-51aef62,SmartCrowd,canonical_url,https://www.smartcrowd.ae/,regional_companies_agent.csv,"[""https://help-center.smartcrowd.ae/en/articles/7122055-how-are-investments-structured-at-smartcrowd"",""https://smartcrowd.ae/""]",2026-08-30,B,preserved_source_assertion
ast-14619137cc4a,org-smartcrowd-51aef62,SmartCrowd,category,fractional-real-estate,regional_companies_agent.csv,"[""https://help-center.smartcrowd.ae/en/articles/7122055-how-are-investments-structured-at-smartcrowd"",""https://smartcrowd.ae/""]",2026-08-30,B,preserved_source_assertion
ast-4aea1776ef42,org-smartcrowd-51aef62,SmartCrowd,cohort_or_ecosystem,DFSA-DIFC-DLD,regional_companies_agent.csv,"[""https://help-center.smartcrowd.ae/en/articles/7122055-how-are-investments-structured-at-smartcrowd"",""https://smartcrowd.ae/""]",2026-08-30,B,preserved_source_assertion
ast-1dcf7b494145,org-smartcrowd-51aef62,SmartCrowd,entity_type,private-fintech,regional_companies_agent.csv,"[""https://help-center.smartcrowd.ae/en/articles/7122055-how-are-investments-structured-at-smartcrowd"",""https://smartcrowd.ae/""]",2026-08-30,B,preserved_source_assertion
ast-e4ed431130a4,org-smartcrowd-51aef62,SmartCrowd,evidence_grade,B,regional_companies_agent.csv,"[""https://help-center.smartcrowd.ae/en/articles/7122055-how-are-investments-structured-at-smartcrowd"",""https://smartcrowd.ae/""]",2026-08-30,B,preserved_source_assertion
ast-4125c2fd2ec3,org-smartcrowd-51aef62,SmartCrowd,founding_year,Unknown,regional_companies_agent.csv,"[""https://help-center.smartcrowd.ae/en/articles/7122055-how-are-investments-structured-at-smartcrowd"",""https://smartcrowd.ae/""]",2026-08-30,B,preserved_source_assertion
ast-1ba8021b488c,org-smartcrowd-51aef62,SmartCrowd,hq_country,United Arab Emirates,regional_companies_agent.csv,"[""https://help-center.smartcrowd.ae/en/articles/7122055-how-are-investments-structured-at-smartcrowd"",""https://smartcrowd.ae/""]",2026-08-30,B,preserved_source_assertion
ast-0c45764c42b3,org-smartcrowd-51aef62,SmartCrowd,maturity,scale,regional_companies_agent.csv,"[""https://help-center.smartcrowd.ae/en/articles/7122055-how-are-investments-structured-at-smartcrowd"",""https://smartcrowd.ae/""]",2026-08-30,B,preserved_source_assertion
ast-a9af9978cd07,org-smartcrowd-51aef62,SmartCrowd,primary_lifecycle,fractional-property-investment,regional_companies_agent.csv,"[""https://help-center.smartcrowd.ae/en/articles/7122055-how-are-investments-structured-at-smartcrowd"",""https://smartcrowd.ae/""]",2026-08-30,B,preserved_source_assertion
ast-7071ed16a378,org-smartcrowd-51aef62,SmartCrowd,relevance_tier,B,regional_companies_agent.csv,"[""https://help-center.smartcrowd.ae/en/articles/7122055-how-are-investments-structured-at-smartcrowd"",""https://smartcrowd.ae/""]",2026-08-30,B,preserved_source_assertion
ast-7610b6b39b4d,org-smartcrowd-51aef62,SmartCrowd,secondary_lifecycle,SPV-distributions-exit,regional_companies_agent.csv,"[""https://help-center.smartcrowd.ae/en/articles/7122055-how-are-investments-structured-at-smartcrowd"",""https://smartcrowd.ae/""]",2026-08-30,B,preserved_source_assertion
ast-c1d3374d083a,org-smartcrowd-51aef62,SmartCrowd,status,active,regional_companies_agent.csv,"[""https://help-center.smartcrowd.ae/en/articles/7122055-how-are-investments-structured-at-smartcrowd"",""https://smartcrowd.ae/""]",2026-08-30,B,preserved_source_assertion
ast-de377338c62d,org-smartcrowd-51aef62,SmartCrowd,status_as_of,2026-08-30,regional_companies_agent.csv,"[""https://help-center.smartcrowd.ae/en/articles/7122055-how-are-investments-structured-at-smartcrowd"",""https://smartcrowd.ae/""]",2026-08-30,B,preserved_source_assertion
ast-9d5c64e6dee8,org-smartpm-technologies-b7ceac3,SmartPM Technologies,business_model,enterprise SaaS subscription and services,final_residual_additions.csv,"[""https://cemexventures.com/top-50"",""https://smartpm.com/"",""https://smartpm.com/about""]",2026-08-30,A,preserved_source_assertion
ast-402cf1c3de44,org-smartpm-technologies-b7ceac3,SmartPM Technologies,canonical_url,https://smartpm.com/,final_residual_additions.csv,"[""https://cemexventures.com/top-50"",""https://smartpm.com/"",""https://smartpm.com/about""]",2026-08-30,A,preserved_source_assertion
ast-adc6be2fd05d,org-smartpm-technologies-b7ceac3,SmartPM Technologies,category,construction schedule analytics and automated project controls,final_residual_additions.csv,"[""https://cemexventures.com/top-50"",""https://smartpm.com/"",""https://smartpm.com/about""]",2026-08-30,A,preserved_source_assertion
ast-057a8e14b658,org-smartpm-technologies-b7ceac3,SmartPM Technologies,cohort_or_ecosystem,CEMEX Ventures Top 50 ConTech 2026,final_residual_additions.csv,"[""https://cemexventures.com/top-50"",""https://smartpm.com/"",""https://smartpm.com/about""]",2026-08-30,A,preserved_source_assertion
ast-7d4b6a193dc5,org-smartpm-technologies-b7ceac3,SmartPM Technologies,entity_type,private company,final_residual_additions.csv,"[""https://cemexventures.com/top-50"",""https://smartpm.com/"",""https://smartpm.com/about""]",2026-08-30,A,preserved_source_assertion
ast-3a3101f35859,org-smartpm-technologies-b7ceac3,SmartPM Technologies,evidence_grade,A,final_residual_additions.csv,"[""https://cemexventures.com/top-50"",""https://smartpm.com/"",""https://smartpm.com/about""]",2026-08-30,A,preserved_source_assertion
ast-32b73499e48c,org-smartpm-technologies-b7ceac3,SmartPM Technologies,hq_country,United States,final_residual_additions.csv,"[""https://cemexventures.com/top-50"",""https://smartpm.com/"",""https://smartpm.com/about""]",2026-08-30,A,preserved_source_assertion
ast-3f7d06c6b811,org-smartpm-technologies-b7ceac3,SmartPM Technologies,maturity,scaleup,final_residual_additions.csv,"[""https://cemexventures.com/top-50"",""https://smartpm.com/"",""https://smartpm.com/about""]",2026-08-30,A,preserved_source_assertion
ast-e11ad79aa977,org-smartpm-technologies-b7ceac3,SmartPM Technologies,primary_lifecycle,L5 Construction delivery,final_residual_additions.csv,"[""https://cemexventures.com/top-50"",""https://smartpm.com/"",""https://smartpm.com/about""]",2026-08-30,A,preserved_source_assertion
ast-cf342dcda7eb,org-smartpm-technologies-b7ceac3,SmartPM Technologies,relevance_tier,A,final_residual_additions.csv,"[""https://cemexventures.com/top-50"",""https://smartpm.com/"",""https://smartpm.com/about""]",2026-08-30,A,preserved_source_assertion
ast-392fe13028c1,org-smartpm-technologies-b7ceac3,SmartPM Technologies,secondary_lifecycle,L9 Portfolio management; L12 Data and trust,final_residual_additions.csv,"[""https://cemexventures.com/top-50"",""https://smartpm.com/"",""https://smartpm.com/about""]",2026-08-30,A,preserved_source_assertion
ast-e69df98c4a94,org-smartpm-technologies-b7ceac3,SmartPM Technologies,status,active,final_residual_additions.csv,"[""https://cemexventures.com/top-50"",""https://smartpm.com/"",""https://smartpm.com/about""]",2026-08-30,A,preserved_source_assertion
ast-ea32f5e3608f,org-smartpm-technologies-b7ceac3,SmartPM Technologies,status_as_of,2026-08-30,final_residual_additions.csv,"[""https://cemexventures.com/top-50"",""https://smartpm.com/"",""https://smartpm.com/about""]",2026-08-30,A,preserved_source_assertion
ast-666d3ae69bcc,org-smartrent-04f495b,SmartRent,business_model,Hardware plus SaaS,proptech_startups_agent.csv,"[""https://fifthwall.com/portfolio"",""https://smartrent.com/""]",2026-08-30,A,preserved_source_assertion
ast-19adfb666dff,org-smartrent-04f495b,SmartRent,canonical_url,https://smartrent.com/,proptech_startups_agent.csv,"[""https://fifthwall.com/portfolio"",""https://smartrent.com/""]",2026-08-30,A,preserved_source_assertion
ast-af6065b822fd,org-smartrent-04f495b,SmartRent,category,Smart-home property operations,proptech_startups_agent.csv,"[""https://fifthwall.com/portfolio"",""https://smartrent.com/""]",2026-08-30,A,preserved_source_assertion
ast-9842bc352890,org-smartrent-04f495b,SmartRent,cohort_or_ecosystem,Fifth Wall,proptech_startups_agent.csv,"[""https://fifthwall.com/portfolio"",""https://smartrent.com/""]",2026-08-30,A,preserved_source_assertion
ast-06a30e7ac89d,org-smartrent-04f495b,SmartRent,entity_type,Company,proptech_startups_agent.csv,"[""https://fifthwall.com/portfolio"",""https://smartrent.com/""]",2026-08-30,A,preserved_source_assertion
ast-a84f198cb415,org-smartrent-04f495b,SmartRent,evidence_grade,A,proptech_startups_agent.csv,"[""https://fifthwall.com/portfolio"",""https://smartrent.com/""]",2026-08-30,A,preserved_source_assertion
ast-918dba6fe81f,org-smartrent-04f495b,SmartRent,founding_year,2017,proptech_startups_agent.csv,"[""https://fifthwall.com/portfolio"",""https://smartrent.com/""]",2026-08-30,A,preserved_source_assertion
ast-038f54482322,org-smartrent-04f495b,SmartRent,hq_country,United States,proptech_startups_agent.csv,"[""https://fifthwall.com/portfolio"",""https://smartrent.com/""]",2026-08-30,A,preserved_source_assertion
ast-839b9156fe2c,org-smartrent-04f495b,SmartRent,maturity,Public,proptech_startups_agent.csv,"[""https://fifthwall.com/portfolio"",""https://smartrent.com/""]",2026-08-30,A,preserved_source_assertion
ast-7bdca00a15f9,org-smartrent-04f495b,SmartRent,primary_lifecycle,Facilities,proptech_startups_agent.csv,"[""https://fifthwall.com/portfolio"",""https://smartrent.com/""]",2026-08-30,A,preserved_source_assertion
ast-3c9f1364d080,org-smartrent-04f495b,SmartRent,relevance_tier,A,proptech_startups_agent.csv,"[""https://fifthwall.com/portfolio"",""https://smartrent.com/""]",2026-08-30,A,preserved_source_assertion
ast-5f4f818d2dd6,org-smartrent-04f495b,SmartRent,secondary_lifecycle,Security,proptech_startups_agent.csv,"[""https://fifthwall.com/portfolio"",""https://smartrent.com/""]",2026-08-30,A,preserved_source_assertion
ast-fa1dc786e5ab,org-smartrent-04f495b,SmartRent,status,Active,proptech_startups_agent.csv,"[""https://fifthwall.com/portfolio"",""https://smartrent.com/""]",2026-08-30,A,preserved_source_assertion
ast-16f553fcae2a,org-smartrent-04f495b,SmartRent,status_as_of,2026-08-30,proptech_startups_agent.csv,"[""https://fifthwall.com/portfolio"",""https://smartrent.com/""]",2026-08-30,A,preserved_source_assertion
ast-c7f5ffff38f6,org-snapdocs-72c3c3a,Snapdocs,business_model,SaaS,proptech_startups_agent.csv,"[""https://snapdocs.com/""]",2026-08-30,A,preserved_source_assertion
ast-db7c02a9795e,org-snapdocs-72c3c3a,Snapdocs,canonical_url,https://www.snapdocs.com/,proptech_startups_agent.csv,"[""https://snapdocs.com/""]",2026-08-30,A,preserved_source_assertion
ast-eb5a021f0e10,org-snapdocs-72c3c3a,Snapdocs,category,Mortgage closing/e-notary,proptech_startups_agent.csv,"[""https://snapdocs.com/""]",2026-08-30,A,preserved_source_assertion
ast-4e980b549f93,org-snapdocs-72c3c3a,Snapdocs,cohort_or_ecosystem,Independent,proptech_startups_agent.csv,"[""https://snapdocs.com/""]",2026-08-30,A,preserved_source_assertion
ast-db04f28ae69d,org-snapdocs-72c3c3a,Snapdocs,entity_type,Company,proptech_startups_agent.csv,"[""https://snapdocs.com/""]",2026-08-30,A,preserved_source_assertion
ast-70cb6202b142,org-snapdocs-72c3c3a,Snapdocs,evidence_grade,A,proptech_startups_agent.csv,"[""https://snapdocs.com/""]",2026-08-30,A,preserved_source_assertion
ast-5f87c5bc1076,org-snapdocs-72c3c3a,Snapdocs,founding_year,2012,proptech_startups_agent.csv,"[""https://snapdocs.com/""]",2026-08-30,A,preserved_source_assertion
ast-21a168187918,org-snapdocs-72c3c3a,Snapdocs,hq_country,United States,proptech_startups_agent.csv,"[""https://snapdocs.com/""]",2026-08-30,A,preserved_source_assertion
ast-518deb9f4850,org-snapdocs-72c3c3a,Snapdocs,maturity,Scaleup,proptech_startups_agent.csv,"[""https://snapdocs.com/""]",2026-08-30,A,preserved_source_assertion
ast-45fef4c2bf65,org-snapdocs-72c3c3a,Snapdocs,primary_lifecycle,Transaction,proptech_startups_agent.csv,"[""https://snapdocs.com/""]",2026-08-30,A,preserved_source_assertion
ast-be90cc581d64,org-snapdocs-72c3c3a,Snapdocs,relevance_tier,A,proptech_startups_agent.csv,"[""https://snapdocs.com/""]",2026-08-30,A,preserved_source_assertion
ast-e29bf90f1de6,org-snapdocs-72c3c3a,Snapdocs,secondary_lifecycle,Finance,proptech_startups_agent.csv,"[""https://snapdocs.com/""]",2026-08-30,A,preserved_source_assertion
ast-ae203c3ecb6f,org-snapdocs-72c3c3a,Snapdocs,status,Active,proptech_startups_agent.csv,"[""https://snapdocs.com/""]",2026-08-30,A,preserved_source_assertion
ast-4061bb9bd736,org-snapdocs-72c3c3a,Snapdocs,status_as_of,2026-08-30,proptech_startups_agent.csv,"[""https://snapdocs.com/""]",2026-08-30,A,preserved_source_assertion
ast-783d734398f6,org-sobha-sobha-realty-73bebee,Sobha Limited / Sobha Realty,canonical_url,https://www.sobha.com/,global_real_estate_pioneers_agent.csv,"[""https://sobha.com/"",""https://sobha.com/investor-relations"",""https://sobhaltd.in/updates/sobha-honoured-as-real-estate-developer-of-year-residential-2025"",""https://sobharealty.com/sites/default/files/2025-07/SR%202024%20SOBHA%2031%20JULY%202025%20V2%20all_compressed.pdf""]",2026-08-30,B,preserved_source_assertion
ast-17d0ce3facf6,org-sobha-sobha-realty-73bebee,Sobha Limited / Sobha Realty,entity_type,backward-integrated developer,global_real_estate_pioneers_agent.csv,"[""https://sobha.com/"",""https://sobha.com/investor-relations"",""https://sobhaltd.in/updates/sobha-honoured-as-real-estate-developer-of-year-residential-2025"",""https://sobharealty.com/sites/default/files/2025-07/SR%202024%20SOBHA%2031%20JULY%202025%20V2%20all_compressed.pdf""]",2026-08-30,B,preserved_source_assertion
ast-bdfcb7c1cfb6,org-sobha-sobha-realty-73bebee,Sobha Limited / Sobha Realty,evidence_grade,B,global_real_estate_pioneers_agent.csv,"[""https://sobha.com/"",""https://sobha.com/investor-relations"",""https://sobhaltd.in/updates/sobha-honoured-as-real-estate-developer-of-year-residential-2025"",""https://sobharealty.com/sites/default/files/2025-07/SR%202024%20SOBHA%2031%20JULY%202025%20V2%20all_compressed.pdf""]",2026-08-30,B,preserved_source_assertion
ast-171d27ea863e,org-sobha-sobha-realty-73bebee,Sobha Limited / Sobha Realty,hq_country,India / United Arab Emirates,global_real_estate_pioneers_agent.csv,"[""https://sobha.com/"",""https://sobha.com/investor-relations"",""https://sobhaltd.in/updates/sobha-honoured-as-real-estate-developer-of-year-residential-2025"",""https://sobharealty.com/sites/default/files/2025-07/SR%202024%20SOBHA%2031%20JULY%202025%20V2%20all_compressed.pdf""]",2026-08-30,B,preserved_source_assertion
ast-cd2cb0fb3698,org-sobha-sobha-realty-73bebee,Sobha Limited / Sobha Realty,primary_lifecycle,D/C/H/O/E,global_real_estate_pioneers_agent.csv,"[""https://sobha.com/"",""https://sobha.com/investor-relations"",""https://sobhaltd.in/updates/sobha-honoured-as-real-estate-developer-of-year-residential-2025"",""https://sobharealty.com/sites/default/files/2025-07/SR%202024%20SOBHA%2031%20JULY%202025%20V2%20all_compressed.pdf""]",2026-08-30,B,preserved_source_assertion
ast-64d696aae2c2,org-sobha-sobha-realty-73bebee,Sobha Limited / Sobha Realty,relevance_tier,B,global_real_estate_pioneers_agent.csv,"[""https://sobha.com/"",""https://sobha.com/investor-relations"",""https://sobhaltd.in/updates/sobha-honoured-as-real-estate-developer-of-year-residential-2025"",""https://sobharealty.com/sites/default/files/2025-07/SR%202024%20SOBHA%2031%20JULY%202025%20V2%20all_compressed.pdf""]",2026-08-30,B,preserved_source_assertion
ast-2dcac9ba4d76,org-sobha-sobha-realty-73bebee,Sobha Limited / Sobha Realty,status,active,global_real_estate_pioneers_agent.csv,"[""https://sobha.com/"",""https://sobha.com/investor-relations"",""https://sobhaltd.in/updates/sobha-honoured-as-real-estate-developer-of-year-residential-2025"",""https://sobharealty.com/sites/default/files/2025-07/SR%202024%20SOBHA%2031%20JULY%202025%20V2%20all_compressed.pdf""]",2026-08-30,B,preserved_source_assertion
ast-c85ef9ed2de2,org-speckle-199e3b6,Speckle,business_model,SaaS subscription plus developer platform,startup_core_additions.csv,"[""https://docs.speckle.systems/quickstart/welcome"",""https://foundamental.com/portfolio"",""https://speckle.systems/""]",2026-08-30,A,preserved_source_assertion
ast-6590c6a2c820,org-speckle-199e3b6,Speckle,canonical_url,https://speckle.systems/,startup_core_additions.csv,"[""https://docs.speckle.systems/quickstart/welcome"",""https://foundamental.com/portfolio"",""https://speckle.systems/""]",2026-08-30,A,preserved_source_assertion
ast-131c5c42fd60,org-speckle-199e3b6,Speckle,category,open AEC data hub and real-time BIM collaboration,startup_core_additions.csv,"[""https://docs.speckle.systems/quickstart/welcome"",""https://foundamental.com/portfolio"",""https://speckle.systems/""]",2026-08-30,A,preserved_source_assertion
ast-2af357c8deb3,org-speckle-199e3b6,Speckle,cohort_or_ecosystem,Foundamental,startup_core_additions.csv,"[""https://docs.speckle.systems/quickstart/welcome"",""https://foundamental.com/portfolio"",""https://speckle.systems/""]",2026-08-30,A,preserved_source_assertion
ast-070b92d87406,org-speckle-199e3b6,Speckle,entity_type,private company,startup_core_additions.csv,"[""https://docs.speckle.systems/quickstart/welcome"",""https://foundamental.com/portfolio"",""https://speckle.systems/""]",2026-08-30,A,preserved_source_assertion
ast-a0b56a4aa525,org-speckle-199e3b6,Speckle,evidence_grade,A,startup_core_additions.csv,"[""https://docs.speckle.systems/quickstart/welcome"",""https://foundamental.com/portfolio"",""https://speckle.systems/""]",2026-08-30,A,preserved_source_assertion
ast-c1f88d04d900,org-speckle-199e3b6,Speckle,hq_country,Europe,startup_core_additions.csv,"[""https://docs.speckle.systems/quickstart/welcome"",""https://foundamental.com/portfolio"",""https://speckle.systems/""]",2026-08-30,A,preserved_source_assertion
ast-dd9822e050ab,org-speckle-199e3b6,Speckle,maturity,scaleup,startup_core_additions.csv,"[""https://docs.speckle.systems/quickstart/welcome"",""https://foundamental.com/portfolio"",""https://speckle.systems/""]",2026-08-30,A,preserved_source_assertion
ast-1622af5e0f27,org-speckle-199e3b6,Speckle,primary_lifecycle,L4 Design,startup_core_additions.csv,"[""https://docs.speckle.systems/quickstart/welcome"",""https://foundamental.com/portfolio"",""https://speckle.systems/""]",2026-08-30,A,preserved_source_assertion
ast-4628a431269d,org-speckle-199e3b6,Speckle,relevance_tier,A,startup_core_additions.csv,"[""https://docs.speckle.systems/quickstart/welcome"",""https://foundamental.com/portfolio"",""https://speckle.systems/""]",2026-08-30,A,preserved_source_assertion
ast-07639d692247,org-speckle-199e3b6,Speckle,secondary_lifecycle,L5 Construction,startup_core_additions.csv,"[""https://docs.speckle.systems/quickstart/welcome"",""https://foundamental.com/portfolio"",""https://speckle.systems/""]",2026-08-30,A,preserved_source_assertion
ast-aea659ac652d,org-speckle-199e3b6,Speckle,status,active,startup_core_additions.csv,"[""https://docs.speckle.systems/quickstart/welcome"",""https://foundamental.com/portfolio"",""https://speckle.systems/""]",2026-08-30,A,preserved_source_assertion
ast-bc017256b498,org-speckle-199e3b6,Speckle,status_as_of,2026-08-30,startup_core_additions.csv,"[""https://docs.speckle.systems/quickstart/welcome"",""https://foundamental.com/portfolio"",""https://speckle.systems/""]",2026-08-30,A,preserved_source_assertion
ast-efbd50990e92,org-stackwrap-dab4401,StackWrap,business_model,SaaS,proptech_startups_agent.csv,"[""https://nar-reach.com/second-century-ventures-announces-6-technology-companies-for-2026-reach-scale-up-program""]",2026-08-30,A,preserved_source_assertion
ast-cf693c0b3280,org-stackwrap-dab4401,StackWrap,canonical_url,https://www.nar-reach.com/second-century-ventures-announces-6-technology-companies-for-2026-reach-scale-up-program,proptech_startups_agent.csv,"[""https://nar-reach.com/second-century-ventures-announces-6-technology-companies-for-2026-reach-scale-up-program""]",2026-08-30,A,preserved_source_assertion
ast-0622df772370,org-stackwrap-dab4401,StackWrap,category,Tech-stack command center,proptech_startups_agent.csv,"[""https://nar-reach.com/second-century-ventures-announces-6-technology-companies-for-2026-reach-scale-up-program""]",2026-08-30,A,preserved_source_assertion
ast-a8c35d03f052,org-stackwrap-dab4401,StackWrap,cohort_or_ecosystem,NAR REACH US Residential 2026,proptech_startups_agent.csv,"[""https://nar-reach.com/second-century-ventures-announces-6-technology-companies-for-2026-reach-scale-up-program""]",2026-08-30,A,preserved_source_assertion
ast-360acc2d17ae,org-stackwrap-dab4401,StackWrap,entity_type,Company,proptech_startups_agent.csv,"[""https://nar-reach.com/second-century-ventures-announces-6-technology-companies-for-2026-reach-scale-up-program""]",2026-08-30,A,preserved_source_assertion
ast-444e224a31f4,org-stackwrap-dab4401,StackWrap,evidence_grade,A,proptech_startups_agent.csv,"[""https://nar-reach.com/second-century-ventures-announces-6-technology-companies-for-2026-reach-scale-up-program""]",2026-08-30,A,preserved_source_assertion
ast-122afe1fd93a,org-stackwrap-dab4401,StackWrap,founding_year,Unknown,proptech_startups_agent.csv,"[""https://nar-reach.com/second-century-ventures-announces-6-technology-companies-for-2026-reach-scale-up-program""]",2026-08-30,A,preserved_source_assertion
ast-71a04d3bfd8b,org-stackwrap-dab4401,StackWrap,hq_country,United States,proptech_startups_agent.csv,"[""https://nar-reach.com/second-century-ventures-announces-6-technology-companies-for-2026-reach-scale-up-program""]",2026-08-30,A,preserved_source_assertion
ast-609cf11fb1b5,org-stackwrap-dab4401,StackWrap,maturity,Early,proptech_startups_agent.csv,"[""https://nar-reach.com/second-century-ventures-announces-6-technology-companies-for-2026-reach-scale-up-program""]",2026-08-30,A,preserved_source_assertion
ast-84e54ed69595,org-stackwrap-dab4401,StackWrap,primary_lifecycle,Operations,proptech_startups_agent.csv,"[""https://nar-reach.com/second-century-ventures-announces-6-technology-companies-for-2026-reach-scale-up-program""]",2026-08-30,A,preserved_source_assertion
ast-90ae0734ea42,org-stackwrap-dab4401,StackWrap,relevance_tier,B,proptech_startups_agent.csv,"[""https://nar-reach.com/second-century-ventures-announces-6-technology-companies-for-2026-reach-scale-up-program""]",2026-08-30,A,preserved_source_assertion
ast-c81317bdda1c,org-stackwrap-dab4401,StackWrap,secondary_lifecycle,Data,proptech_startups_agent.csv,"[""https://nar-reach.com/second-century-ventures-announces-6-technology-companies-for-2026-reach-scale-up-program""]",2026-08-30,A,preserved_source_assertion
ast-ddf1c866ea89,org-stackwrap-dab4401,StackWrap,status,Selected 2026 cohort,proptech_startups_agent.csv,"[""https://nar-reach.com/second-century-ventures-announces-6-technology-companies-for-2026-reach-scale-up-program""]",2026-08-30,A,preserved_source_assertion
ast-986c20fa2937,org-stackwrap-dab4401,StackWrap,status_as_of,2026-08-30,proptech_startups_agent.csv,"[""https://nar-reach.com/second-century-ventures-announces-6-technology-companies-for-2026-reach-scale-up-program""]",2026-08-30,A,preserved_source_assertion
ast-fded3243adef,org-stairs-financial-76f4a0b,Stairs Financial,business_model,fintech and govtech referral,coverage_gap_additions.csv,"[""https://ycombinator.com/companies/stairs-financial""]",2026-08-30,A,preserved_source_assertion
ast-9c1d1fc58e1a,org-stairs-financial-76f4a0b,Stairs Financial,canonical_url,https://www.ycombinator.com/companies/stairs-financial,coverage_gap_additions.csv,"[""https://ycombinator.com/companies/stairs-financial""]",2026-08-30,A,preserved_source_assertion
ast-ca1aa9361285,org-stairs-financial-76f4a0b,Stairs Financial,category,housing-affordability grants loans and tax-benefit discovery,coverage_gap_additions.csv,"[""https://ycombinator.com/companies/stairs-financial""]",2026-08-30,A,preserved_source_assertion
ast-9ded85f37537,org-stairs-financial-76f4a0b,Stairs Financial,cohort_or_ecosystem,Y Combinator W2022,coverage_gap_additions.csv,"[""https://ycombinator.com/companies/stairs-financial""]",2026-08-30,A,preserved_source_assertion
ast-79d2c8df2a3a,org-stairs-financial-76f4a0b,Stairs Financial,entity_type,private startup,coverage_gap_additions.csv,"[""https://ycombinator.com/companies/stairs-financial""]",2026-08-30,A,preserved_source_assertion
ast-719c8cbc7b83,org-stairs-financial-76f4a0b,Stairs Financial,evidence_grade,A,coverage_gap_additions.csv,"[""https://ycombinator.com/companies/stairs-financial""]",2026-08-30,A,preserved_source_assertion
ast-9a1c0d479c58,org-stairs-financial-76f4a0b,Stairs Financial,founding_year,2022,coverage_gap_additions.csv,"[""https://ycombinator.com/companies/stairs-financial""]",2026-08-30,A,preserved_source_assertion
ast-791689d6e6b8,org-stairs-financial-76f4a0b,Stairs Financial,hq_country,United States,coverage_gap_additions.csv,"[""https://ycombinator.com/companies/stairs-financial""]",2026-08-30,A,preserved_source_assertion
ast-1ddccaf960d6,org-stairs-financial-76f4a0b,Stairs Financial,maturity,early-stage,coverage_gap_additions.csv,"[""https://ycombinator.com/companies/stairs-financial""]",2026-08-30,A,preserved_source_assertion
ast-1004fd92d784,org-stairs-financial-76f4a0b,Stairs Financial,primary_lifecycle,L3 Capital/finance,coverage_gap_additions.csv,"[""https://ycombinator.com/companies/stairs-financial""]",2026-08-30,A,preserved_source_assertion
ast-877c6931ae6f,org-stairs-financial-76f4a0b,Stairs Financial,relevance_tier,B,coverage_gap_additions.csv,"[""https://ycombinator.com/companies/stairs-financial""]",2026-08-30,A,preserved_source_assertion
ast-b9f1423b853a,org-stairs-financial-76f4a0b,Stairs Financial,secondary_lifecycle,L6 Marketing/sales,coverage_gap_additions.csv,"[""https://ycombinator.com/companies/stairs-financial""]",2026-08-30,A,preserved_source_assertion
ast-73e6bd833d3e,org-stairs-financial-76f4a0b,Stairs Financial,status,active,coverage_gap_additions.csv,"[""https://ycombinator.com/companies/stairs-financial""]",2026-08-30,A,preserved_source_assertion
ast-5350f12ee4d7,org-stairs-financial-76f4a0b,Stairs Financial,status_as_of,2026-08-30,coverage_gap_additions.csv,"[""https://ycombinator.com/companies/stairs-financial""]",2026-08-30,A,preserved_source_assertion
ast-051c1c5fda40,org-stake-2f6c8f6,Stake,business_model,platform-management-fees,regional_companies_agent.csv,"[""https://getstake.com/"",""https://help.getstake.com/en/articles/6570336-who-can-invest-in-uae"",""https://help.getstake.com/en/articles/8249047-how-do-i-begin""]",2026-08-30,B/C,preserved_source_assertion
ast-f17c01194356,org-stake-2f6c8f6,Stake,canonical_url,https://getstake.com/,regional_companies_agent.csv,"[""https://getstake.com/"",""https://help.getstake.com/en/articles/6570336-who-can-invest-in-uae"",""https://help.getstake.com/en/articles/8249047-how-do-i-begin""]",2026-08-30,B/C,preserved_source_assertion
ast-1b45abd62486,org-stake-2f6c8f6,Stake,category,real-estate-investment,regional_companies_agent.csv,"[""https://getstake.com/"",""https://help.getstake.com/en/articles/6570336-who-can-invest-in-uae"",""https://help.getstake.com/en/articles/8249047-how-do-i-begin""]",2026-08-30,B/C,preserved_source_assertion
ast-beb5c7491092,org-stake-2f6c8f6,Stake,cohort_or_ecosystem,regional-fractional,regional_companies_agent.csv,"[""https://getstake.com/"",""https://help.getstake.com/en/articles/6570336-who-can-invest-in-uae"",""https://help.getstake.com/en/articles/8249047-how-do-i-begin""]",2026-08-30,B/C,preserved_source_assertion
ast-066917077279,org-stake-2f6c8f6,Stake,entity_type,private-fintech,regional_companies_agent.csv,"[""https://getstake.com/"",""https://help.getstake.com/en/articles/6570336-who-can-invest-in-uae"",""https://help.getstake.com/en/articles/8249047-how-do-i-begin""]",2026-08-30,B/C,preserved_source_assertion
ast-f405940bb41b,org-stake-2f6c8f6,Stake,evidence_grade,B/C,regional_companies_agent.csv,"[""https://getstake.com/"",""https://help.getstake.com/en/articles/6570336-who-can-invest-in-uae"",""https://help.getstake.com/en/articles/8249047-how-do-i-begin""]",2026-08-30,B/C,preserved_source_assertion
ast-f3246d93acf1,org-stake-2f6c8f6,Stake,founding_year,2018,regional_companies_agent.csv,"[""https://getstake.com/"",""https://help.getstake.com/en/articles/6570336-who-can-invest-in-uae"",""https://help.getstake.com/en/articles/8249047-how-do-i-begin""]",2026-08-30,B/C,preserved_source_assertion
ast-e4170a34eeeb,org-stake-2f6c8f6,Stake,hq_country,United Arab Emirates,regional_companies_agent.csv,"[""https://getstake.com/"",""https://help.getstake.com/en/articles/6570336-who-can-invest-in-uae"",""https://help.getstake.com/en/articles/8249047-how-do-i-begin""]",2026-08-30,B/C,preserved_source_assertion
ast-a0f480c84bec,org-stake-2f6c8f6,Stake,maturity,scale,regional_companies_agent.csv,"[""https://getstake.com/"",""https://help.getstake.com/en/articles/6570336-who-can-invest-in-uae"",""https://help.getstake.com/en/articles/8249047-how-do-i-begin""]",2026-08-30,B/C,preserved_source_assertion
ast-12585411f832,org-stake-2f6c8f6,Stake,primary_lifecycle,fractional-property-investing,regional_companies_agent.csv,"[""https://getstake.com/"",""https://help.getstake.com/en/articles/6570336-who-can-invest-in-uae"",""https://help.getstake.com/en/articles/8249047-how-do-i-begin""]",2026-08-30,B/C,preserved_source_assertion
ast-3936e0501a77,org-stake-2f6c8f6,Stake,relevance_tier,C,regional_companies_agent.csv,"[""https://getstake.com/"",""https://help.getstake.com/en/articles/6570336-who-can-invest-in-uae"",""https://help.getstake.com/en/articles/8249047-how-do-i-begin""]",2026-08-30,B/C,preserved_source_assertion
ast-a602cf641f10,org-stake-2f6c8f6,Stake,secondary_lifecycle,app-secondary-liquidity,regional_companies_agent.csv,"[""https://getstake.com/"",""https://help.getstake.com/en/articles/6570336-who-can-invest-in-uae"",""https://help.getstake.com/en/articles/8249047-how-do-i-begin""]",2026-08-30,B/C,preserved_source_assertion
ast-5329cb27cb57,org-stake-2f6c8f6,Stake,status,active,regional_companies_agent.csv,"[""https://getstake.com/"",""https://help.getstake.com/en/articles/6570336-who-can-invest-in-uae"",""https://help.getstake.com/en/articles/8249047-how-do-i-begin""]",2026-08-30,B/C,preserved_source_assertion
ast-721cb9b329ba,org-stake-2f6c8f6,Stake,status_as_of,2026-08-30,regional_companies_agent.csv,"[""https://getstake.com/"",""https://help.getstake.com/en/articles/6570336-who-can-invest-in-uae"",""https://help.getstake.com/en/articles/8249047-how-do-i-begin""]",2026-08-30,B/C,preserved_source_assertion
ast-6e51c7937891,org-stan-ai-7f63428,Stan.AI,business_model,SaaS subscription,startup_core_additions.csv,"[""https://ret.vc/portfolio"",""https://stan.ai/"",""https://stan.ai/company""]",2026-08-30,A,preserved_source_assertion
ast-b3916dc620a6,org-stan-ai-7f63428,Stan.AI,canonical_url,https://www.stan.ai/,startup_core_additions.csv,"[""https://ret.vc/portfolio"",""https://stan.ai/"",""https://stan.ai/company""]",2026-08-30,A,preserved_source_assertion
ast-4539170ae111,org-stan-ai-7f63428,Stan.AI,category,AI property operations for HOA multifamily student housing and hospitality,startup_core_additions.csv,"[""https://ret.vc/portfolio"",""https://stan.ai/"",""https://stan.ai/company""]",2026-08-30,A,preserved_source_assertion
ast-70f1179da68c,org-stan-ai-7f63428,Stan.AI,cohort_or_ecosystem,RET Ventures,startup_core_additions.csv,"[""https://ret.vc/portfolio"",""https://stan.ai/"",""https://stan.ai/company""]",2026-08-30,A,preserved_source_assertion
ast-4b9778a65469,org-stan-ai-7f63428,Stan.AI,entity_type,private company,startup_core_additions.csv,"[""https://ret.vc/portfolio"",""https://stan.ai/"",""https://stan.ai/company""]",2026-08-30,A,preserved_source_assertion
ast-d10c17b6d3d5,org-stan-ai-7f63428,Stan.AI,evidence_grade,A,startup_core_additions.csv,"[""https://ret.vc/portfolio"",""https://stan.ai/"",""https://stan.ai/company""]",2026-08-30,A,preserved_source_assertion
ast-4fa4691c99cf,org-stan-ai-7f63428,Stan.AI,hq_country,United States,startup_core_additions.csv,"[""https://ret.vc/portfolio"",""https://stan.ai/"",""https://stan.ai/company""]",2026-08-30,A,preserved_source_assertion
ast-0d613466a63d,org-stan-ai-7f63428,Stan.AI,maturity,early,startup_core_additions.csv,"[""https://ret.vc/portfolio"",""https://stan.ai/"",""https://stan.ai/company""]",2026-08-30,A,preserved_source_assertion
ast-1fb86cc2124f,org-stan-ai-7f63428,Stan.AI,primary_lifecycle,L8 Property operations,startup_core_additions.csv,"[""https://ret.vc/portfolio"",""https://stan.ai/"",""https://stan.ai/company""]",2026-08-30,A,preserved_source_assertion
ast-3b90ada8dc43,org-stan-ai-7f63428,Stan.AI,relevance_tier,A,startup_core_additions.csv,"[""https://ret.vc/portfolio"",""https://stan.ai/"",""https://stan.ai/company""]",2026-08-30,A,preserved_source_assertion
ast-8d5ce435629e,org-stan-ai-7f63428,Stan.AI,secondary_lifecycle,L6 Marketing/sales,startup_core_additions.csv,"[""https://ret.vc/portfolio"",""https://stan.ai/"",""https://stan.ai/company""]",2026-08-30,A,preserved_source_assertion
ast-81e453e17060,org-stan-ai-7f63428,Stan.AI,status,active,startup_core_additions.csv,"[""https://ret.vc/portfolio"",""https://stan.ai/"",""https://stan.ai/company""]",2026-08-30,A,preserved_source_assertion
ast-bf543ddbee90,org-stan-ai-7f63428,Stan.AI,status_as_of,2026-08-30,startup_core_additions.csv,"[""https://ret.vc/portfolio"",""https://stan.ai/"",""https://stan.ai/company""]",2026-08-30,A,preserved_source_assertion
ast-09d0af92a635,org-stockland-96c6c0b,Stockland,canonical_url,https://www.stockland.com.au/,global_real_estate_pioneers_agent.csv,"[""https://stockland.com.au/""]",2026-08-30,C,preserved_source_assertion
ast-441b521ec1fc,org-stockland-96c6c0b,Stockland,entity_type,residential mixed-use community owner,global_real_estate_pioneers_agent.csv,"[""https://stockland.com.au/""]",2026-08-30,C,preserved_source_assertion
ast-04f74bf7d6da,org-stockland-96c6c0b,Stockland,evidence_grade,C,global_real_estate_pioneers_agent.csv,"[""https://stockland.com.au/""]",2026-08-30,C,preserved_source_assertion
ast-6dbec34cf491,org-stockland-96c6c0b,Stockland,hq_country,Australia,global_real_estate_pioneers_agent.csv,"[""https://stockland.com.au/""]",2026-08-30,C,preserved_source_assertion
ast-c62a83c5a6b9,org-stockland-96c6c0b,Stockland,primary_lifecycle,L/H/O/E,global_real_estate_pioneers_agent.csv,"[""https://stockland.com.au/""]",2026-08-30,C,preserved_source_assertion
ast-f6b89945d92d,org-stockland-96c6c0b,Stockland,relevance_tier,B,global_real_estate_pioneers_agent.csv,"[""https://stockland.com.au/""]",2026-08-30,C,preserved_source_assertion
ast-f473214a4b8d,org-stockland-96c6c0b,Stockland,status,active,global_real_estate_pioneers_agent.csv,"[""https://stockland.com.au/""]",2026-08-30,C,preserved_source_assertion
ast-965956132104,org-sublime-systems-b5e57c0,Sublime Systems,business_model,manufactured cement partnerships and future production licensing,final_residual_additions.csv,"[""https://sublime-systems.com/"",""https://sublime-systems.com/our-process"",""https://sublime-systems.com/sublime-cement""]",2026-08-30,A,preserved_source_assertion
ast-c31f0dad6ad2,org-sublime-systems-b5e57c0,Sublime Systems,canonical_url,https://sublime-systems.com/,final_residual_additions.csv,"[""https://sublime-systems.com/"",""https://sublime-systems.com/our-process"",""https://sublime-systems.com/sublime-cement""]",2026-08-30,A,preserved_source_assertion
ast-8fed5216f232,org-sublime-systems-b5e57c0,Sublime Systems,category,electrochemical low-carbon cement manufacturing,final_residual_additions.csv,"[""https://sublime-systems.com/"",""https://sublime-systems.com/our-process"",""https://sublime-systems.com/sublime-cement""]",2026-08-30,A,preserved_source_assertion
ast-2d0722429acf,org-sublime-systems-b5e57c0,Sublime Systems,entity_type,private materials technology company,final_residual_additions.csv,"[""https://sublime-systems.com/"",""https://sublime-systems.com/our-process"",""https://sublime-systems.com/sublime-cement""]",2026-08-30,A,preserved_source_assertion
ast-385f691f6697,org-sublime-systems-b5e57c0,Sublime Systems,evidence_grade,A,final_residual_additions.csv,"[""https://sublime-systems.com/"",""https://sublime-systems.com/our-process"",""https://sublime-systems.com/sublime-cement""]",2026-08-30,A,preserved_source_assertion
ast-7350ad0ace9c,org-sublime-systems-b5e57c0,Sublime Systems,founding_year,2020,final_residual_additions.csv,"[""https://sublime-systems.com/"",""https://sublime-systems.com/our-process"",""https://sublime-systems.com/sublime-cement""]",2026-08-30,A,preserved_source_assertion
ast-5141fe1503c7,org-sublime-systems-b5e57c0,Sublime Systems,hq_country,United States,final_residual_additions.csv,"[""https://sublime-systems.com/"",""https://sublime-systems.com/our-process"",""https://sublime-systems.com/sublime-cement""]",2026-08-30,A,preserved_source_assertion
ast-a5db69e52f97,org-sublime-systems-b5e57c0,Sublime Systems,maturity,pilot-to-commercial scaleup,final_residual_additions.csv,"[""https://sublime-systems.com/"",""https://sublime-systems.com/our-process"",""https://sublime-systems.com/sublime-cement""]",2026-08-30,A,preserved_source_assertion
ast-5986f00dd26d,org-sublime-systems-b5e57c0,Sublime Systems,primary_lifecycle,L10 ESG climate and resilience,final_residual_additions.csv,"[""https://sublime-systems.com/"",""https://sublime-systems.com/our-process"",""https://sublime-systems.com/sublime-cement""]",2026-08-30,A,preserved_source_assertion
ast-960bec10a1d7,org-sublime-systems-b5e57c0,Sublime Systems,relevance_tier,B,final_residual_additions.csv,"[""https://sublime-systems.com/"",""https://sublime-systems.com/our-process"",""https://sublime-systems.com/sublime-cement""]",2026-08-30,A,preserved_source_assertion
ast-56cce1ad9bf3,org-sublime-systems-b5e57c0,Sublime Systems,secondary_lifecycle,L5 Construction delivery,final_residual_additions.csv,"[""https://sublime-systems.com/"",""https://sublime-systems.com/our-process"",""https://sublime-systems.com/sublime-cement""]",2026-08-30,A,preserved_source_assertion
ast-22fd79cfae6c,org-sublime-systems-b5e57c0,Sublime Systems,status,active,final_residual_additions.csv,"[""https://sublime-systems.com/"",""https://sublime-systems.com/our-process"",""https://sublime-systems.com/sublime-cement""]",2026-08-30,A,preserved_source_assertion
ast-c4734ed13e3b,org-sublime-systems-b5e57c0,Sublime Systems,status_as_of,2026-08-30,final_residual_additions.csv,"[""https://sublime-systems.com/"",""https://sublime-systems.com/our-process"",""https://sublime-systems.com/sublime-cement""]",2026-08-30,A,preserved_source_assertion
ast-f76b2b5ae630,org-subvysion-47747d0,SubVysion,business_model,Hardware/data,proptech_startups_agent.csv,"[""https://ycombinator.com/companies/subvysion""]",2026-08-30,A,preserved_source_assertion
ast-03bcd2f97f47,org-subvysion-47747d0,SubVysion,canonical_url,https://www.ycombinator.com/companies/subvysion,proptech_startups_agent.csv,"[""https://ycombinator.com/companies/subvysion""]",2026-08-30,A,preserved_source_assertion
ast-210d7b1c07e0,org-subvysion-47747d0,SubVysion,category,Underground utility mapping,proptech_startups_agent.csv,"[""https://ycombinator.com/companies/subvysion""]",2026-08-30,A,preserved_source_assertion
ast-9c336dd75762,org-subvysion-47747d0,SubVysion,cohort_or_ecosystem,YC S2026,proptech_startups_agent.csv,"[""https://ycombinator.com/companies/subvysion""]",2026-08-30,A,preserved_source_assertion
ast-049d9db07d72,org-subvysion-47747d0,SubVysion,entity_type,Company,proptech_startups_agent.csv,"[""https://ycombinator.com/companies/subvysion""]",2026-08-30,A,preserved_source_assertion
ast-e90d6737d076,org-subvysion-47747d0,SubVysion,evidence_grade,A,proptech_startups_agent.csv,"[""https://ycombinator.com/companies/subvysion""]",2026-08-30,A,preserved_source_assertion
ast-4f21aa655a66,org-subvysion-47747d0,SubVysion,founding_year,Unknown,proptech_startups_agent.csv,"[""https://ycombinator.com/companies/subvysion""]",2026-08-30,A,preserved_source_assertion
ast-f09c356360f2,org-subvysion-47747d0,SubVysion,hq_country,United States,proptech_startups_agent.csv,"[""https://ycombinator.com/companies/subvysion""]",2026-08-30,A,preserved_source_assertion
ast-c14d6a150c8a,org-subvysion-47747d0,SubVysion,maturity,Very early,proptech_startups_agent.csv,"[""https://ycombinator.com/companies/subvysion""]",2026-08-30,A,preserved_source_assertion
ast-109adc4a59a8,org-subvysion-47747d0,SubVysion,primary_lifecycle,Construction,proptech_startups_agent.csv,"[""https://ycombinator.com/companies/subvysion""]",2026-08-30,A,preserved_source_assertion
ast-ebcb92019b09,org-subvysion-47747d0,SubVysion,relevance_tier,B,proptech_startups_agent.csv,"[""https://ycombinator.com/companies/subvysion""]",2026-08-30,A,preserved_source_assertion
ast-035b78fea336,org-subvysion-47747d0,SubVysion,secondary_lifecycle,Infrastructure,proptech_startups_agent.csv,"[""https://ycombinator.com/companies/subvysion""]",2026-08-30,A,preserved_source_assertion
ast-19584945e2d9,org-subvysion-47747d0,SubVysion,status,Active,proptech_startups_agent.csv,"[""https://ycombinator.com/companies/subvysion""]",2026-08-30,A,preserved_source_assertion
ast-e3482327ee66,org-subvysion-47747d0,SubVysion,status_as_of,2026-08-30,proptech_startups_agent.csv,"[""https://ycombinator.com/companies/subvysion""]",2026-08-30,A,preserved_source_assertion
ast-0bbe1f67f586,org-swire-properties-64248d6,Swire Properties,canonical_url,https://www.swireproperties.com/,global_real_estate_pioneers_agent.csv,"[""https://swireproperties.com/""]",2026-08-30,C,preserved_source_assertion
ast-eb4807a66555,org-swire-properties-64248d6,Swire Properties,entity_type,mixed-use developer owner,global_real_estate_pioneers_agent.csv,"[""https://swireproperties.com/""]",2026-08-30,C,preserved_source_assertion
ast-baeeac2eaad1,org-swire-properties-64248d6,Swire Properties,evidence_grade,C,global_real_estate_pioneers_agent.csv,"[""https://swireproperties.com/""]",2026-08-30,C,preserved_source_assertion
ast-32aedaf0c467,org-swire-properties-64248d6,Swire Properties,hq_country,Hong Kong,global_real_estate_pioneers_agent.csv,"[""https://swireproperties.com/""]",2026-08-30,C,preserved_source_assertion
ast-81a823d0305f,org-swire-properties-64248d6,Swire Properties,primary_lifecycle,H/O/E,global_real_estate_pioneers_agent.csv,"[""https://swireproperties.com/""]",2026-08-30,C,preserved_source_assertion
ast-02a45ffe28cb,org-swire-properties-64248d6,Swire Properties,relevance_tier,B,global_real_estate_pioneers_agent.csv,"[""https://swireproperties.com/""]",2026-08-30,C,preserved_source_assertion
ast-53a2e29f3936,org-swire-properties-64248d6,Swire Properties,status,active,global_real_estate_pioneers_agent.csv,"[""https://swireproperties.com/""]",2026-08-30,C,preserved_source_assertion
ast-0743258e3cf7,org-switchee-205db60,Switchee,business_model,Hardware plus SaaS,proptech_startups_agent.csv,"[""https://pilabs.vc/portfolio?sort=date_desc"",""https://switchee.co/""]",2026-08-30,A,preserved_source_assertion
ast-d6d87a562b78,org-switchee-205db60,Switchee,canonical_url,https://www.switchee.co/,proptech_startups_agent.csv,"[""https://pilabs.vc/portfolio?sort=date_desc"",""https://switchee.co/""]",2026-08-30,A,preserved_source_assertion
ast-9225bbc92f36,org-switchee-205db60,Switchee,category,Smart housing energy,proptech_startups_agent.csv,"[""https://pilabs.vc/portfolio?sort=date_desc"",""https://switchee.co/""]",2026-08-30,A,preserved_source_assertion
ast-75e0ab639d60,org-switchee-205db60,Switchee,cohort_or_ecosystem,Pi Labs,proptech_startups_agent.csv,"[""https://pilabs.vc/portfolio?sort=date_desc"",""https://switchee.co/""]",2026-08-30,A,preserved_source_assertion
ast-84e7eeb8126c,org-switchee-205db60,Switchee,entity_type,Company,proptech_startups_agent.csv,"[""https://pilabs.vc/portfolio?sort=date_desc"",""https://switchee.co/""]",2026-08-30,A,preserved_source_assertion
ast-827e18e201f3,org-switchee-205db60,Switchee,evidence_grade,A,proptech_startups_agent.csv,"[""https://pilabs.vc/portfolio?sort=date_desc"",""https://switchee.co/""]",2026-08-30,A,preserved_source_assertion
ast-d69d6caff173,org-switchee-205db60,Switchee,founding_year,Unknown,proptech_startups_agent.csv,"[""https://pilabs.vc/portfolio?sort=date_desc"",""https://switchee.co/""]",2026-08-30,A,preserved_source_assertion
ast-322fce67f0de,org-switchee-205db60,Switchee,hq_country,United Kingdom,proptech_startups_agent.csv,"[""https://pilabs.vc/portfolio?sort=date_desc"",""https://switchee.co/""]",2026-08-30,A,preserved_source_assertion
ast-06008656b861,org-switchee-205db60,Switchee,maturity,Scaleup,proptech_startups_agent.csv,"[""https://pilabs.vc/portfolio?sort=date_desc"",""https://switchee.co/""]",2026-08-30,A,preserved_source_assertion
ast-6bbd443035d4,org-switchee-205db60,Switchee,primary_lifecycle,Facilities,proptech_startups_agent.csv,"[""https://pilabs.vc/portfolio?sort=date_desc"",""https://switchee.co/""]",2026-08-30,A,preserved_source_assertion
ast-d72dd6ca3c5a,org-switchee-205db60,Switchee,relevance_tier,C,proptech_startups_agent.csv,"[""https://pilabs.vc/portfolio?sort=date_desc"",""https://switchee.co/""]",2026-08-30,A,preserved_source_assertion
ast-c5e823285ef3,org-switchee-205db60,Switchee,secondary_lifecycle,Climate,proptech_startups_agent.csv,"[""https://pilabs.vc/portfolio?sort=date_desc"",""https://switchee.co/""]",2026-08-30,A,preserved_source_assertion
ast-f9ea0430e727,org-switchee-205db60,Switchee,status,Active,proptech_startups_agent.csv,"[""https://pilabs.vc/portfolio?sort=date_desc"",""https://switchee.co/""]",2026-08-30,A,preserved_source_assertion
ast-692b0911dff4,org-switchee-205db60,Switchee,status_as_of,2026-08-30,proptech_startups_agent.csv,"[""https://pilabs.vc/portfolio?sort=date_desc"",""https://switchee.co/""]",2026-08-30,A,preserved_source_assertion
ast-4895d1497127,org-takeem-1d723c2,Takeem,business_model,Marketplace/fintech,proptech_startups_agent.csv,"[""https://nar-reach.com/news""]",2026-08-30,A,preserved_source_assertion
ast-bc205b9a32a1,org-takeem-1d723c2,Takeem,canonical_url,https://www.nar-reach.com/news,proptech_startups_agent.csv,"[""https://nar-reach.com/news""]",2026-08-30,A,preserved_source_assertion
ast-e5bb321176f8,org-takeem-1d723c2,Takeem,category,Digital rental platform,proptech_startups_agent.csv,"[""https://nar-reach.com/news""]",2026-08-30,A,preserved_source_assertion
ast-dd97f2d85cd8,org-takeem-1d723c2,Takeem,cohort_or_ecosystem,NAR REACH Middle East 2026,proptech_startups_agent.csv,"[""https://nar-reach.com/news""]",2026-08-30,A,preserved_source_assertion
ast-a0221d63c43a,org-takeem-1d723c2,Takeem,entity_type,Company,proptech_startups_agent.csv,"[""https://nar-reach.com/news""]",2026-08-30,A,preserved_source_assertion
ast-3c4530a2cbce,org-takeem-1d723c2,Takeem,evidence_grade,A,proptech_startups_agent.csv,"[""https://nar-reach.com/news""]",2026-08-30,A,preserved_source_assertion
ast-01dfe55653f2,org-takeem-1d723c2,Takeem,founding_year,Unknown,proptech_startups_agent.csv,"[""https://nar-reach.com/news""]",2026-08-30,A,preserved_source_assertion
ast-5482ca9bc86c,org-takeem-1d723c2,Takeem,hq_country,United Arab Emirates,proptech_startups_agent.csv,"[""https://nar-reach.com/news""]",2026-08-30,A,preserved_source_assertion
ast-0ef83b376ff9,org-takeem-1d723c2,Takeem,maturity,Early,proptech_startups_agent.csv,"[""https://nar-reach.com/news""]",2026-08-30,A,preserved_source_assertion
ast-838001816ea5,org-takeem-1d723c2,Takeem,primary_lifecycle,Sales,proptech_startups_agent.csv,"[""https://nar-reach.com/news""]",2026-08-30,A,preserved_source_assertion
ast-42cef0a17c49,org-takeem-1d723c2,Takeem,relevance_tier,B,proptech_startups_agent.csv,"[""https://nar-reach.com/news""]",2026-08-30,A,preserved_source_assertion
ast-45cae1f63612,org-takeem-1d723c2,Takeem,secondary_lifecycle,Finance,proptech_startups_agent.csv,"[""https://nar-reach.com/news""]",2026-08-30,A,preserved_source_assertion
ast-67b5d4c7ff3e,org-takeem-1d723c2,Takeem,status,Selected 2026 cohort,proptech_startups_agent.csv,"[""https://nar-reach.com/news""]",2026-08-30,A,preserved_source_assertion
ast-2cc771427b66,org-takeem-1d723c2,Takeem,status_as_of,2026-08-30,proptech_startups_agent.csv,"[""https://nar-reach.com/news""]",2026-08-30,A,preserved_source_assertion
ast-b1dc13512d15,org-tandem-93731a1,Tandem,business_model,AI SaaS,proptech_startups_agent.csv,"[""https://ycombinator.com/companies/tandem-2""]",2026-08-30,A,preserved_source_assertion
ast-eceabb912322,org-tandem-93731a1,Tandem,canonical_url,https://www.ycombinator.com/companies/tandem-2,proptech_startups_agent.csv,"[""https://ycombinator.com/companies/tandem-2""]",2026-08-30,A,preserved_source_assertion
ast-67a62704a8b7,org-tandem-93731a1,Tandem,category,CRE leasing/deal data,proptech_startups_agent.csv,"[""https://ycombinator.com/companies/tandem-2""]",2026-08-30,A,preserved_source_assertion
ast-c105813cd42b,org-tandem-93731a1,Tandem,cohort_or_ecosystem,YC S2024,proptech_startups_agent.csv,"[""https://ycombinator.com/companies/tandem-2""]",2026-08-30,A,preserved_source_assertion
ast-124dfe038440,org-tandem-93731a1,Tandem,entity_type,Company,proptech_startups_agent.csv,"[""https://ycombinator.com/companies/tandem-2""]",2026-08-30,A,preserved_source_assertion
ast-7e9d44d2b4a6,org-tandem-93731a1,Tandem,evidence_grade,A,proptech_startups_agent.csv,"[""https://ycombinator.com/companies/tandem-2""]",2026-08-30,A,preserved_source_assertion
ast-5fc400af5ccb,org-tandem-93731a1,Tandem,founding_year,Unknown,proptech_startups_agent.csv,"[""https://ycombinator.com/companies/tandem-2""]",2026-08-30,A,preserved_source_assertion
ast-4671a28fb1db,org-tandem-93731a1,Tandem,hq_country,United States,proptech_startups_agent.csv,"[""https://ycombinator.com/companies/tandem-2""]",2026-08-30,A,preserved_source_assertion
ast-b9b3e03fca1d,org-tandem-93731a1,Tandem,maturity,Early,proptech_startups_agent.csv,"[""https://ycombinator.com/companies/tandem-2""]",2026-08-30,A,preserved_source_assertion
ast-34a9a1b2f6aa,org-tandem-93731a1,Tandem,primary_lifecycle,Sales,proptech_startups_agent.csv,"[""https://ycombinator.com/companies/tandem-2""]",2026-08-30,A,preserved_source_assertion
ast-6d84858cde33,org-tandem-93731a1,Tandem,relevance_tier,B,proptech_startups_agent.csv,"[""https://ycombinator.com/companies/tandem-2""]",2026-08-30,A,preserved_source_assertion
ast-97560d053e51,org-tandem-93731a1,Tandem,secondary_lifecycle,Data,proptech_startups_agent.csv,"[""https://ycombinator.com/companies/tandem-2""]",2026-08-30,A,preserved_source_assertion
ast-24aae0a0af75,org-tandem-93731a1,Tandem,status,Active,proptech_startups_agent.csv,"[""https://ycombinator.com/companies/tandem-2""]",2026-08-30,A,preserved_source_assertion
ast-17d91f0de390,org-tandem-93731a1,Tandem,status_as_of,2026-08-30,proptech_startups_agent.csv,"[""https://ycombinator.com/companies/tandem-2""]",2026-08-30,A,preserved_source_assertion
ast-8a1334eadcfe,org-taronga-realtechx-632296d,Taronga RealTechX,business_model,Programs/pilots,proptech_startups_agent.csv,"[""https://tarongagroup.com/realtechx""]",2026-08-30,A,preserved_source_assertion
ast-caa22cd4e05f,org-taronga-realtechx-632296d,Taronga RealTechX,canonical_url,https://tarongagroup.com/realtechx/,proptech_startups_agent.csv,"[""https://tarongagroup.com/realtechx""]",2026-08-30,A,preserved_source_assertion
ast-dc472834b2e2,org-taronga-realtechx-632296d,Taronga RealTechX,category,RealTech pilot ecosystem index,proptech_startups_agent.csv,"[""https://tarongagroup.com/realtechx""]",2026-08-30,A,preserved_source_assertion
ast-e611f43ce18c,org-taronga-realtechx-632296d,Taronga RealTechX,cohort_or_ecosystem,Taronga Ventures,proptech_startups_agent.csv,"[""https://tarongagroup.com/realtechx""]",2026-08-30,A,preserved_source_assertion
ast-6da9cd432992,org-taronga-realtechx-632296d,Taronga RealTechX,entity_type,Accelerator/investor,proptech_startups_agent.csv,"[""https://tarongagroup.com/realtechx""]",2026-08-30,A,preserved_source_assertion
ast-186ac786b644,org-taronga-realtechx-632296d,Taronga RealTechX,evidence_grade,A,proptech_startups_agent.csv,"[""https://tarongagroup.com/realtechx""]",2026-08-30,A,preserved_source_assertion
ast-3085ec6731a9,org-taronga-realtechx-632296d,Taronga RealTechX,founding_year,2018,proptech_startups_agent.csv,"[""https://tarongagroup.com/realtechx""]",2026-08-30,A,preserved_source_assertion
ast-1eb7664853eb,org-taronga-realtechx-632296d,Taronga RealTechX,hq_country,Australia,proptech_startups_agent.csv,"[""https://tarongagroup.com/realtechx""]",2026-08-30,A,preserved_source_assertion
ast-5e3e69c8a62d,org-taronga-realtechx-632296d,Taronga RealTechX,maturity,Portfolio index,proptech_startups_agent.csv,"[""https://tarongagroup.com/realtechx""]",2026-08-30,A,preserved_source_assertion
ast-10570225d54c,org-taronga-realtechx-632296d,Taronga RealTechX,primary_lifecycle,Data,proptech_startups_agent.csv,"[""https://tarongagroup.com/realtechx""]",2026-08-30,A,preserved_source_assertion
ast-4b32b91f6f55,org-taronga-realtechx-632296d,Taronga RealTechX,relevance_tier,C,proptech_startups_agent.csv,"[""https://tarongagroup.com/realtechx""]",2026-08-30,A,preserved_source_assertion
ast-f4d35ebb55fc,org-taronga-realtechx-632296d,Taronga RealTechX,secondary_lifecycle,Climate,proptech_startups_agent.csv,"[""https://tarongagroup.com/realtechx""]",2026-08-30,A,preserved_source_assertion
ast-520a5c6d93f1,org-taronga-realtechx-632296d,Taronga RealTechX,status,Active index,proptech_startups_agent.csv,"[""https://tarongagroup.com/realtechx""]",2026-08-30,A,preserved_source_assertion
ast-ebc9ca48a1a3,org-taronga-realtechx-632296d,Taronga RealTechX,status_as_of,2026-08-30,proptech_startups_agent.csv,"[""https://tarongagroup.com/realtechx""]",2026-08-30,A,preserved_source_assertion
ast-d2cdc5b223ec,org-teleo-0fd6b99,Teleo,business_model,hardware plus software and deployment,startup_core_additions.csv,"[""https://cemexventures.com/top-50-2025"",""https://teleo.ai/"",""https://teleo.ai/technology""]",2026-08-30,B,preserved_source_assertion
ast-4836e485a0b5,org-teleo-0fd6b99,Teleo,canonical_url,https://www.teleo.ai/,startup_core_additions.csv,"[""https://cemexventures.com/top-50-2025"",""https://teleo.ai/"",""https://teleo.ai/technology""]",2026-08-30,B,preserved_source_assertion
ast-a3c0bdac73d2,org-teleo-0fd6b99,Teleo,category,supervised autonomy for heavy machinery,startup_core_additions.csv,"[""https://cemexventures.com/top-50-2025"",""https://teleo.ai/"",""https://teleo.ai/technology""]",2026-08-30,B,preserved_source_assertion
ast-175a2cec7fde,org-teleo-0fd6b99,Teleo,cohort_or_ecosystem,CEMEX Ventures Construction Startup Competition Top 50 2025,startup_core_additions.csv,"[""https://cemexventures.com/top-50-2025"",""https://teleo.ai/"",""https://teleo.ai/technology""]",2026-08-30,B,preserved_source_assertion
ast-27698a851eb0,org-teleo-0fd6b99,Teleo,entity_type,private company,startup_core_additions.csv,"[""https://cemexventures.com/top-50-2025"",""https://teleo.ai/"",""https://teleo.ai/technology""]",2026-08-30,B,preserved_source_assertion
ast-2811549c7480,org-teleo-0fd6b99,Teleo,evidence_grade,B,startup_core_additions.csv,"[""https://cemexventures.com/top-50-2025"",""https://teleo.ai/"",""https://teleo.ai/technology""]",2026-08-30,B,preserved_source_assertion
ast-c4731c8e30fb,org-teleo-0fd6b99,Teleo,hq_country,United States,startup_core_additions.csv,"[""https://cemexventures.com/top-50-2025"",""https://teleo.ai/"",""https://teleo.ai/technology""]",2026-08-30,B,preserved_source_assertion
ast-1aff1c861b3d,org-teleo-0fd6b99,Teleo,maturity,scaleup,startup_core_additions.csv,"[""https://cemexventures.com/top-50-2025"",""https://teleo.ai/"",""https://teleo.ai/technology""]",2026-08-30,B,preserved_source_assertion
ast-fa5a9c7677e6,org-teleo-0fd6b99,Teleo,primary_lifecycle,L5 Construction,startup_core_additions.csv,"[""https://cemexventures.com/top-50-2025"",""https://teleo.ai/"",""https://teleo.ai/technology""]",2026-08-30,B,preserved_source_assertion
ast-eba7c41bc64d,org-teleo-0fd6b99,Teleo,relevance_tier,A,startup_core_additions.csv,"[""https://cemexventures.com/top-50-2025"",""https://teleo.ai/"",""https://teleo.ai/technology""]",2026-08-30,B,preserved_source_assertion
ast-c66b1480d18b,org-teleo-0fd6b99,Teleo,secondary_lifecycle,L10 Climate/energy,startup_core_additions.csv,"[""https://cemexventures.com/top-50-2025"",""https://teleo.ai/"",""https://teleo.ai/technology""]",2026-08-30,B,preserved_source_assertion
ast-3a5f27021034,org-teleo-0fd6b99,Teleo,status,active,startup_core_additions.csv,"[""https://cemexventures.com/top-50-2025"",""https://teleo.ai/"",""https://teleo.ai/technology""]",2026-08-30,B,preserved_source_assertion
ast-3ef988603589,org-teleo-0fd6b99,Teleo,status_as_of,2026-08-30,startup_core_additions.csv,"[""https://cemexventures.com/top-50-2025"",""https://teleo.ai/"",""https://teleo.ai/technology""]",2026-08-30,B,preserved_source_assertion
ast-66bb529c603a,org-testfit-cd578b3,TestFit,business_model,Subscription SaaS,proptech_startups_agent.csv,"[""https://testfit.io/""]",2026-08-30,A,preserved_source_assertion
ast-c9c3e1c6dfe4,org-testfit-cd578b3,TestFit,canonical_url,https://www.testfit.io/,proptech_startups_agent.csv,"[""https://testfit.io/""]",2026-08-30,A,preserved_source_assertion
ast-103d52bef012,org-testfit-cd578b3,TestFit,category,Generative feasibility,proptech_startups_agent.csv,"[""https://testfit.io/""]",2026-08-30,A,preserved_source_assertion
ast-82329348ce14,org-testfit-cd578b3,TestFit,cohort_or_ecosystem,Independent,proptech_startups_agent.csv,"[""https://testfit.io/""]",2026-08-30,A,preserved_source_assertion
ast-be6116df90e0,org-testfit-cd578b3,TestFit,entity_type,Company,proptech_startups_agent.csv,"[""https://testfit.io/""]",2026-08-30,A,preserved_source_assertion
ast-fc742992efa9,org-testfit-cd578b3,TestFit,evidence_grade,A,proptech_startups_agent.csv,"[""https://testfit.io/""]",2026-08-30,A,preserved_source_assertion
ast-68d043901d84,org-testfit-cd578b3,TestFit,founding_year,2017,proptech_startups_agent.csv,"[""https://testfit.io/""]",2026-08-30,A,preserved_source_assertion
ast-794fc45cab2a,org-testfit-cd578b3,TestFit,hq_country,United States,proptech_startups_agent.csv,"[""https://testfit.io/""]",2026-08-30,A,preserved_source_assertion
ast-36d0f1dd45a2,org-testfit-cd578b3,TestFit,maturity,Scaleup,proptech_startups_agent.csv,"[""https://testfit.io/""]",2026-08-30,A,preserved_source_assertion
ast-01797752df2d,org-testfit-cd578b3,TestFit,primary_lifecycle,Land,proptech_startups_agent.csv,"[""https://testfit.io/""]",2026-08-30,A,preserved_source_assertion
ast-f91d1697c085,org-testfit-cd578b3,TestFit,relevance_tier,A,proptech_startups_agent.csv,"[""https://testfit.io/""]",2026-08-30,A,preserved_source_assertion
ast-b5c202b31915,org-testfit-cd578b3,TestFit,secondary_lifecycle,Design,proptech_startups_agent.csv,"[""https://testfit.io/""]",2026-08-30,A,preserved_source_assertion
ast-da395f25fbf8,org-testfit-cd578b3,TestFit,status,Active,proptech_startups_agent.csv,"[""https://testfit.io/""]",2026-08-30,A,preserved_source_assertion
ast-8d2cce6944ab,org-testfit-cd578b3,TestFit,status_as_of,2026-08-30,proptech_startups_agent.csv,"[""https://testfit.io/""]",2026-08-30,A,preserved_source_assertion
ast-386939e2c1f4,org-tire-swing-eca8d51,Tire Swing,business_model,SaaS/AI,proptech_startups_agent.csv,"[""https://ycombinator.com/companies/tire-swing""]",2026-08-30,A,preserved_source_assertion
ast-a0f29f6b0e0c,org-tire-swing-eca8d51,Tire Swing,canonical_url,https://www.ycombinator.com/companies/tire-swing,proptech_startups_agent.csv,"[""https://ycombinator.com/companies/tire-swing""]",2026-08-30,A,preserved_source_assertion
ast-e29f0b43c67f,org-tire-swing-eca8d51,Tire Swing,category,Affordable-housing compliance,proptech_startups_agent.csv,"[""https://ycombinator.com/companies/tire-swing""]",2026-08-30,A,preserved_source_assertion
ast-cdcd69f31353,org-tire-swing-eca8d51,Tire Swing,cohort_or_ecosystem,YC W2025,proptech_startups_agent.csv,"[""https://ycombinator.com/companies/tire-swing""]",2026-08-30,A,preserved_source_assertion
ast-4f57efe3ee86,org-tire-swing-eca8d51,Tire Swing,entity_type,Company,proptech_startups_agent.csv,"[""https://ycombinator.com/companies/tire-swing""]",2026-08-30,A,preserved_source_assertion
ast-34a4b7801e37,org-tire-swing-eca8d51,Tire Swing,evidence_grade,A,proptech_startups_agent.csv,"[""https://ycombinator.com/companies/tire-swing""]",2026-08-30,A,preserved_source_assertion
ast-de527d5fab37,org-tire-swing-eca8d51,Tire Swing,founding_year,Unknown,proptech_startups_agent.csv,"[""https://ycombinator.com/companies/tire-swing""]",2026-08-30,A,preserved_source_assertion
ast-1d185a1b402f,org-tire-swing-eca8d51,Tire Swing,hq_country,United States,proptech_startups_agent.csv,"[""https://ycombinator.com/companies/tire-swing""]",2026-08-30,A,preserved_source_assertion
ast-5991acbc4fcd,org-tire-swing-eca8d51,Tire Swing,maturity,Very early,proptech_startups_agent.csv,"[""https://ycombinator.com/companies/tire-swing""]",2026-08-30,A,preserved_source_assertion
ast-1c5b93a2651c,org-tire-swing-eca8d51,Tire Swing,primary_lifecycle,Operations,proptech_startups_agent.csv,"[""https://ycombinator.com/companies/tire-swing""]",2026-08-30,A,preserved_source_assertion
ast-e1c46e866f2f,org-tire-swing-eca8d51,Tire Swing,relevance_tier,B,proptech_startups_agent.csv,"[""https://ycombinator.com/companies/tire-swing""]",2026-08-30,A,preserved_source_assertion
ast-e9545b002e1c,org-tire-swing-eca8d51,Tire Swing,secondary_lifecycle,Legal,proptech_startups_agent.csv,"[""https://ycombinator.com/companies/tire-swing""]",2026-08-30,A,preserved_source_assertion
ast-c9a294242f1b,org-tire-swing-eca8d51,Tire Swing,status,Active,proptech_startups_agent.csv,"[""https://ycombinator.com/companies/tire-swing""]",2026-08-30,A,preserved_source_assertion
ast-92dbd119fa27,org-tire-swing-eca8d51,Tire Swing,status_as_of,2026-08-30,proptech_startups_agent.csv,"[""https://ycombinator.com/companies/tire-swing""]",2026-08-30,A,preserved_source_assertion
ast-b5843f16a743,org-togal-ai-d6d6a17,Togal.AI,business_model,SaaS subscription,final_residual_additions.csv,"[""https://cemexventures.com/top-50"",""https://cemexventures.com/top-50-startups/togal-ai"",""https://togal.ai/""]",2026-08-30,A,preserved_source_assertion
ast-7b02414a7b2b,org-togal-ai-d6d6a17,Togal.AI,canonical_url,https://www.togal.ai/,final_residual_additions.csv,"[""https://cemexventures.com/top-50"",""https://cemexventures.com/top-50-startups/togal-ai"",""https://togal.ai/""]",2026-08-30,A,preserved_source_assertion
ast-92f08abe6515,org-togal-ai-d6d6a17,Togal.AI,category,AI-assisted construction takeoff drawing analysis and estimating collaboration,final_residual_additions.csv,"[""https://cemexventures.com/top-50"",""https://cemexventures.com/top-50-startups/togal-ai"",""https://togal.ai/""]",2026-08-30,A,preserved_source_assertion
ast-6d0b1d5212d3,org-togal-ai-d6d6a17,Togal.AI,cohort_or_ecosystem,CEMEX Ventures Top 50 ConTech 2026,final_residual_additions.csv,"[""https://cemexventures.com/top-50"",""https://cemexventures.com/top-50-startups/togal-ai"",""https://togal.ai/""]",2026-08-30,A,preserved_source_assertion
ast-f1c197bed08e,org-togal-ai-d6d6a17,Togal.AI,entity_type,private company,final_residual_additions.csv,"[""https://cemexventures.com/top-50"",""https://cemexventures.com/top-50-startups/togal-ai"",""https://togal.ai/""]",2026-08-30,A,preserved_source_assertion
ast-fe33514fdd7b,org-togal-ai-d6d6a17,Togal.AI,evidence_grade,A,final_residual_additions.csv,"[""https://cemexventures.com/top-50"",""https://cemexventures.com/top-50-startups/togal-ai"",""https://togal.ai/""]",2026-08-30,A,preserved_source_assertion
ast-59bb488ea988,org-togal-ai-d6d6a17,Togal.AI,hq_country,United States,final_residual_additions.csv,"[""https://cemexventures.com/top-50"",""https://cemexventures.com/top-50-startups/togal-ai"",""https://togal.ai/""]",2026-08-30,A,preserved_source_assertion
ast-353409971cf0,org-togal-ai-d6d6a17,Togal.AI,maturity,scaleup,final_residual_additions.csv,"[""https://cemexventures.com/top-50"",""https://cemexventures.com/top-50-startups/togal-ai"",""https://togal.ai/""]",2026-08-30,A,preserved_source_assertion
ast-8c67586355f8,org-togal-ai-d6d6a17,Togal.AI,primary_lifecycle,L4 Design and preconstruction,final_residual_additions.csv,"[""https://cemexventures.com/top-50"",""https://cemexventures.com/top-50-startups/togal-ai"",""https://togal.ai/""]",2026-08-30,A,preserved_source_assertion
ast-58555e85f06a,org-togal-ai-d6d6a17,Togal.AI,relevance_tier,A,final_residual_additions.csv,"[""https://cemexventures.com/top-50"",""https://cemexventures.com/top-50-startups/togal-ai"",""https://togal.ai/""]",2026-08-30,A,preserved_source_assertion
ast-674c9fb5160a,org-togal-ai-d6d6a17,Togal.AI,secondary_lifecycle,L5 Construction delivery; L12 Data and trust,final_residual_additions.csv,"[""https://cemexventures.com/top-50"",""https://cemexventures.com/top-50-startups/togal-ai"",""https://togal.ai/""]",2026-08-30,A,preserved_source_assertion
ast-45c6889b61f1,org-togal-ai-d6d6a17,Togal.AI,status,active,final_residual_additions.csv,"[""https://cemexventures.com/top-50"",""https://cemexventures.com/top-50-startups/togal-ai"",""https://togal.ai/""]",2026-08-30,A,preserved_source_assertion
ast-c120ea6d44c0,org-togal-ai-d6d6a17,Togal.AI,status_as_of,2026-08-30,final_residual_additions.csv,"[""https://cemexventures.com/top-50"",""https://cemexventures.com/top-50-startups/togal-ai"",""https://togal.ai/""]",2026-08-30,A,preserved_source_assertion
ast-af3fa5d3e406,org-track3d-778aadb,Track3D,business_model,SaaS plus capture services,startup_core_additions.csv,"[""https://track3d.ai/"",""https://track3d.ai/newsroom"",""https://track3d.ai/reality-intelligence-platform"",""https://zacuaventures.com/portfolio""]",2026-08-30,A,preserved_source_assertion
ast-bbfaf484a905,org-track3d-778aadb,Track3D,canonical_url,https://track3d.ai/,startup_core_additions.csv,"[""https://track3d.ai/"",""https://track3d.ai/newsroom"",""https://track3d.ai/reality-intelligence-platform"",""https://zacuaventures.com/portfolio""]",2026-08-30,A,preserved_source_assertion
ast-0a5bc79cf80f,org-track3d-778aadb,Track3D,category,reality capture and construction progress intelligence,startup_core_additions.csv,"[""https://track3d.ai/"",""https://track3d.ai/newsroom"",""https://track3d.ai/reality-intelligence-platform"",""https://zacuaventures.com/portfolio""]",2026-08-30,A,preserved_source_assertion
ast-337dcaa69e3a,org-track3d-778aadb,Track3D,cohort_or_ecosystem,Zacua Ventures,startup_core_additions.csv,"[""https://track3d.ai/"",""https://track3d.ai/newsroom"",""https://track3d.ai/reality-intelligence-platform"",""https://zacuaventures.com/portfolio""]",2026-08-30,A,preserved_source_assertion
ast-4c34fe14996a,org-track3d-778aadb,Track3D,entity_type,private company,startup_core_additions.csv,"[""https://track3d.ai/"",""https://track3d.ai/newsroom"",""https://track3d.ai/reality-intelligence-platform"",""https://zacuaventures.com/portfolio""]",2026-08-30,A,preserved_source_assertion
ast-be1e30cd3d62,org-track3d-778aadb,Track3D,evidence_grade,A,startup_core_additions.csv,"[""https://track3d.ai/"",""https://track3d.ai/newsroom"",""https://track3d.ai/reality-intelligence-platform"",""https://zacuaventures.com/portfolio""]",2026-08-30,A,preserved_source_assertion
ast-c5970614f061,org-track3d-778aadb,Track3D,hq_country,United States,startup_core_additions.csv,"[""https://track3d.ai/"",""https://track3d.ai/newsroom"",""https://track3d.ai/reality-intelligence-platform"",""https://zacuaventures.com/portfolio""]",2026-08-30,A,preserved_source_assertion
ast-37539314c1c5,org-track3d-778aadb,Track3D,maturity,scaleup,startup_core_additions.csv,"[""https://track3d.ai/"",""https://track3d.ai/newsroom"",""https://track3d.ai/reality-intelligence-platform"",""https://zacuaventures.com/portfolio""]",2026-08-30,A,preserved_source_assertion
ast-fa96b65834bd,org-track3d-778aadb,Track3D,primary_lifecycle,L5 Construction,startup_core_additions.csv,"[""https://track3d.ai/"",""https://track3d.ai/newsroom"",""https://track3d.ai/reality-intelligence-platform"",""https://zacuaventures.com/portfolio""]",2026-08-30,A,preserved_source_assertion
ast-c07da8cf6d51,org-track3d-778aadb,Track3D,relevance_tier,A,startup_core_additions.csv,"[""https://track3d.ai/"",""https://track3d.ai/newsroom"",""https://track3d.ai/reality-intelligence-platform"",""https://zacuaventures.com/portfolio""]",2026-08-30,A,preserved_source_assertion
ast-a3727cb3308b,org-track3d-778aadb,Track3D,secondary_lifecycle,L9 Portfolio,startup_core_additions.csv,"[""https://track3d.ai/"",""https://track3d.ai/newsroom"",""https://track3d.ai/reality-intelligence-platform"",""https://zacuaventures.com/portfolio""]",2026-08-30,A,preserved_source_assertion
ast-52c9bcdc7042,org-track3d-778aadb,Track3D,status,active,startup_core_additions.csv,"[""https://track3d.ai/"",""https://track3d.ai/newsroom"",""https://track3d.ai/reality-intelligence-platform"",""https://zacuaventures.com/portfolio""]",2026-08-30,A,preserved_source_assertion
ast-7e7bdf162bbb,org-track3d-778aadb,Track3D,status_as_of,2026-08-30,startup_core_additions.csv,"[""https://track3d.ai/"",""https://track3d.ai/newsroom"",""https://track3d.ai/reality-intelligence-platform"",""https://zacuaventures.com/portfolio""]",2026-08-30,A,preserved_source_assertion
ast-aff8073fe537,org-travelio-bdec63d,Travelio,business_model,booking commissions and property management,coverage_gap_additions.csv,"[""https://travelio.com/en/faq"",""https://travelio.com/tpm""]",2026-08-30,A,preserved_source_assertion
ast-6ef14aeda791,org-travelio-bdec63d,Travelio,canonical_url,https://www.travelio.com/en/faq,coverage_gap_additions.csv,"[""https://travelio.com/en/faq"",""https://travelio.com/tpm""]",2026-08-30,A,preserved_source_assertion
ast-010909d8cdd9,org-travelio-bdec63d,Travelio,category,online rental marketplace and professionally managed apartments,coverage_gap_additions.csv,"[""https://travelio.com/en/faq"",""https://travelio.com/tpm""]",2026-08-30,A,preserved_source_assertion
ast-f027b96548ac,org-travelio-bdec63d,Travelio,cohort_or_ecosystem,Independent,coverage_gap_additions.csv,"[""https://travelio.com/en/faq"",""https://travelio.com/tpm""]",2026-08-30,A,preserved_source_assertion
ast-509b7c6ab267,org-travelio-bdec63d,Travelio,entity_type,private company,coverage_gap_additions.csv,"[""https://travelio.com/en/faq"",""https://travelio.com/tpm""]",2026-08-30,A,preserved_source_assertion
ast-75c28e668926,org-travelio-bdec63d,Travelio,evidence_grade,A,coverage_gap_additions.csv,"[""https://travelio.com/en/faq"",""https://travelio.com/tpm""]",2026-08-30,A,preserved_source_assertion
ast-a74b0c22882c,org-travelio-bdec63d,Travelio,founding_year,2015,coverage_gap_additions.csv,"[""https://travelio.com/en/faq"",""https://travelio.com/tpm""]",2026-08-30,A,preserved_source_assertion
ast-ab07fa8b0688,org-travelio-bdec63d,Travelio,hq_country,Indonesia,coverage_gap_additions.csv,"[""https://travelio.com/en/faq"",""https://travelio.com/tpm""]",2026-08-30,A,preserved_source_assertion
ast-adb592112f59,org-travelio-bdec63d,Travelio,maturity,scaleup,coverage_gap_additions.csv,"[""https://travelio.com/en/faq"",""https://travelio.com/tpm""]",2026-08-30,A,preserved_source_assertion
ast-6c19bc25a559,org-travelio-bdec63d,Travelio,primary_lifecycle,L7 Occupancy,coverage_gap_additions.csv,"[""https://travelio.com/en/faq"",""https://travelio.com/tpm""]",2026-08-30,A,preserved_source_assertion
ast-97ba423dd49d,org-travelio-bdec63d,Travelio,relevance_tier,B,coverage_gap_additions.csv,"[""https://travelio.com/en/faq"",""https://travelio.com/tpm""]",2026-08-30,A,preserved_source_assertion
ast-a42fdd5b02ba,org-travelio-bdec63d,Travelio,secondary_lifecycle,L6 Marketing/sales/L8 Property operations,coverage_gap_additions.csv,"[""https://travelio.com/en/faq"",""https://travelio.com/tpm""]",2026-08-30,A,preserved_source_assertion
ast-b92c2751455c,org-travelio-bdec63d,Travelio,status,active,coverage_gap_additions.csv,"[""https://travelio.com/en/faq"",""https://travelio.com/tpm""]",2026-08-30,A,preserved_source_assertion
ast-74f726a5d90a,org-travelio-bdec63d,Travelio,status_as_of,2026-08-30,coverage_gap_additions.csv,"[""https://travelio.com/en/faq"",""https://travelio.com/tpm""]",2026-08-30,A,preserved_source_assertion
ast-0e65cca3550e,org-trendspek-f3aa791,Trendspek,business_model,SaaS/services,proptech_startups_agent.csv,"[""https://tarongagroup.com/realtechx"",""https://trendspek.com/""]",2026-08-30,B,preserved_source_assertion
ast-139c7be4499f,org-trendspek-f3aa791,Trendspek,canonical_url,https://trendspek.com/,proptech_startups_agent.csv,"[""https://tarongagroup.com/realtechx"",""https://trendspek.com/""]",2026-08-30,B,preserved_source_assertion
ast-6b7c81f6e42c,org-trendspek-f3aa791,Trendspek,category,Asset inspection,proptech_startups_agent.csv,"[""https://tarongagroup.com/realtechx"",""https://trendspek.com/""]",2026-08-30,B,preserved_source_assertion
ast-61cc82eec963,org-trendspek-f3aa791,Trendspek,cohort_or_ecosystem,Taronga RealTechX,proptech_startups_agent.csv,"[""https://tarongagroup.com/realtechx"",""https://trendspek.com/""]",2026-08-30,B,preserved_source_assertion
ast-0bbb512941c6,org-trendspek-f3aa791,Trendspek,entity_type,Company,proptech_startups_agent.csv,"[""https://tarongagroup.com/realtechx"",""https://trendspek.com/""]",2026-08-30,B,preserved_source_assertion
ast-4dc9126cbd15,org-trendspek-f3aa791,Trendspek,evidence_grade,B,proptech_startups_agent.csv,"[""https://tarongagroup.com/realtechx"",""https://trendspek.com/""]",2026-08-30,B,preserved_source_assertion
ast-711811db3934,org-trendspek-f3aa791,Trendspek,founding_year,Unknown,proptech_startups_agent.csv,"[""https://tarongagroup.com/realtechx"",""https://trendspek.com/""]",2026-08-30,B,preserved_source_assertion
ast-93c81b144be8,org-trendspek-f3aa791,Trendspek,hq_country,Australia,proptech_startups_agent.csv,"[""https://tarongagroup.com/realtechx"",""https://trendspek.com/""]",2026-08-30,B,preserved_source_assertion
ast-13ad4b40b90e,org-trendspek-f3aa791,Trendspek,maturity,Scaleup,proptech_startups_agent.csv,"[""https://tarongagroup.com/realtechx"",""https://trendspek.com/""]",2026-08-30,B,preserved_source_assertion
ast-7cd88cb25ae4,org-trendspek-f3aa791,Trendspek,primary_lifecycle,Facilities,proptech_startups_agent.csv,"[""https://tarongagroup.com/realtechx"",""https://trendspek.com/""]",2026-08-30,B,preserved_source_assertion
ast-9a9ad32383f6,org-trendspek-f3aa791,Trendspek,relevance_tier,C,proptech_startups_agent.csv,"[""https://tarongagroup.com/realtechx"",""https://trendspek.com/""]",2026-08-30,B,preserved_source_assertion
ast-4fff00d0e8e4,org-trendspek-f3aa791,Trendspek,secondary_lifecycle,Data,proptech_startups_agent.csv,"[""https://tarongagroup.com/realtechx"",""https://trendspek.com/""]",2026-08-30,B,preserved_source_assertion
ast-3d6f4d6d087a,org-trendspek-f3aa791,Trendspek,status,Active,proptech_startups_agent.csv,"[""https://tarongagroup.com/realtechx"",""https://trendspek.com/""]",2026-08-30,B,preserved_source_assertion
ast-b3cd430d0f04,org-trendspek-f3aa791,Trendspek,status_as_of,2026-08-30,proptech_startups_agent.csv,"[""https://tarongagroup.com/realtechx"",""https://trendspek.com/""]",2026-08-30,B,preserved_source_assertion
ast-1d90d7adeae6,org-trimble-77e0db1,Trimble,business_model,hardware software and subscription,coverage_gap_additions.csv,"[""https://civilconstruction.trimble.com/en/products/software/trimble-connect"",""https://trimble.com/en/solutions/trimble-construction-one""]",2026-08-30,A,preserved_source_assertion
ast-48bcb7a48185,org-trimble-77e0db1,Trimble,canonical_url,https://www.trimble.com/en/solutions/trimble-construction-one,coverage_gap_additions.csv,"[""https://civilconstruction.trimble.com/en/products/software/trimble-connect"",""https://trimble.com/en/solutions/trimble-construction-one""]",2026-08-30,A,preserved_source_assertion
ast-5481eb52179c,org-trimble-77e0db1,Trimble,category,surveying BIM and connected construction management,coverage_gap_additions.csv,"[""https://civilconstruction.trimble.com/en/products/software/trimble-connect"",""https://trimble.com/en/solutions/trimble-construction-one""]",2026-08-30,A,preserved_source_assertion
ast-1c91fd8234a4,org-trimble-77e0db1,Trimble,cohort_or_ecosystem,Public,coverage_gap_additions.csv,"[""https://civilconstruction.trimble.com/en/products/software/trimble-connect"",""https://trimble.com/en/solutions/trimble-construction-one""]",2026-08-30,A,preserved_source_assertion
ast-5384efa25405,org-trimble-77e0db1,Trimble,entity_type,public company,coverage_gap_additions.csv,"[""https://civilconstruction.trimble.com/en/products/software/trimble-connect"",""https://trimble.com/en/solutions/trimble-construction-one""]",2026-08-30,A,preserved_source_assertion
ast-92922d93545f,org-trimble-77e0db1,Trimble,evidence_grade,A,coverage_gap_additions.csv,"[""https://civilconstruction.trimble.com/en/products/software/trimble-connect"",""https://trimble.com/en/solutions/trimble-construction-one""]",2026-08-30,A,preserved_source_assertion
ast-5bb5b794ace3,org-trimble-77e0db1,Trimble,founding_year,1978,coverage_gap_additions.csv,"[""https://civilconstruction.trimble.com/en/products/software/trimble-connect"",""https://trimble.com/en/solutions/trimble-construction-one""]",2026-08-30,A,preserved_source_assertion
ast-54cb96a70a09,org-trimble-77e0db1,Trimble,hq_country,United States,coverage_gap_additions.csv,"[""https://civilconstruction.trimble.com/en/products/software/trimble-connect"",""https://trimble.com/en/solutions/trimble-construction-one""]",2026-08-30,A,preserved_source_assertion
ast-26351bd56e7e,org-trimble-77e0db1,Trimble,maturity,enterprise,coverage_gap_additions.csv,"[""https://civilconstruction.trimble.com/en/products/software/trimble-connect"",""https://trimble.com/en/solutions/trimble-construction-one""]",2026-08-30,A,preserved_source_assertion
ast-c19bcdb5a691,org-trimble-77e0db1,Trimble,primary_lifecycle,L4 Design,coverage_gap_additions.csv,"[""https://civilconstruction.trimble.com/en/products/software/trimble-connect"",""https://trimble.com/en/solutions/trimble-construction-one""]",2026-08-30,A,preserved_source_assertion
ast-1024841d6124,org-trimble-77e0db1,Trimble,relevance_tier,A,coverage_gap_additions.csv,"[""https://civilconstruction.trimble.com/en/products/software/trimble-connect"",""https://trimble.com/en/solutions/trimble-construction-one""]",2026-08-30,A,preserved_source_assertion
ast-e3a5c92ff012,org-trimble-77e0db1,Trimble,secondary_lifecycle,L5 Construction/L9 Portfolio,coverage_gap_additions.csv,"[""https://civilconstruction.trimble.com/en/products/software/trimble-connect"",""https://trimble.com/en/solutions/trimble-construction-one""]",2026-08-30,A,preserved_source_assertion
ast-76ba553ccc78,org-trimble-77e0db1,Trimble,status,active,coverage_gap_additions.csv,"[""https://civilconstruction.trimble.com/en/products/software/trimble-connect"",""https://trimble.com/en/solutions/trimble-construction-one""]",2026-08-30,A,preserved_source_assertion
ast-ac8ebbb69894,org-trimble-77e0db1,Trimble,status_as_of,2026-08-30,coverage_gap_additions.csv,"[""https://civilconstruction.trimble.com/en/products/software/trimble-connect"",""https://trimble.com/en/solutions/trimble-construction-one""]",2026-08-30,A,preserved_source_assertion
ast-ccec0270a0b1,org-trunk-tools-844cca9,Trunk Tools,business_model,SaaS subscription,startup_core_additions.csv,"[""https://cemexventures.com/top-50-2025"",""https://trunktools.com/""]",2026-08-30,B,preserved_source_assertion
ast-1f6c614075d2,org-trunk-tools-844cca9,Trunk Tools,canonical_url,https://trunktools.com/,startup_core_additions.csv,"[""https://cemexventures.com/top-50-2025"",""https://trunktools.com/""]",2026-08-30,B,preserved_source_assertion
ast-3a8d58f48883,org-trunk-tools-844cca9,Trunk Tools,category,construction field intelligence and document workflow AI,startup_core_additions.csv,"[""https://cemexventures.com/top-50-2025"",""https://trunktools.com/""]",2026-08-30,B,preserved_source_assertion
ast-2c61f8cf30e2,org-trunk-tools-844cca9,Trunk Tools,cohort_or_ecosystem,CEMEX Ventures Construction Startup Competition Top 50 2025,startup_core_additions.csv,"[""https://cemexventures.com/top-50-2025"",""https://trunktools.com/""]",2026-08-30,B,preserved_source_assertion
ast-6ad08b2cf7fd,org-trunk-tools-844cca9,Trunk Tools,entity_type,private company,startup_core_additions.csv,"[""https://cemexventures.com/top-50-2025"",""https://trunktools.com/""]",2026-08-30,B,preserved_source_assertion
ast-eb26e05ad12a,org-trunk-tools-844cca9,Trunk Tools,evidence_grade,B,startup_core_additions.csv,"[""https://cemexventures.com/top-50-2025"",""https://trunktools.com/""]",2026-08-30,B,preserved_source_assertion
ast-0911e1e4e57a,org-trunk-tools-844cca9,Trunk Tools,hq_country,United States,startup_core_additions.csv,"[""https://cemexventures.com/top-50-2025"",""https://trunktools.com/""]",2026-08-30,B,preserved_source_assertion
ast-9f17138c6193,org-trunk-tools-844cca9,Trunk Tools,maturity,scaleup,startup_core_additions.csv,"[""https://cemexventures.com/top-50-2025"",""https://trunktools.com/""]",2026-08-30,B,preserved_source_assertion
ast-4389a20bd8bf,org-trunk-tools-844cca9,Trunk Tools,primary_lifecycle,L5 Construction,startup_core_additions.csv,"[""https://cemexventures.com/top-50-2025"",""https://trunktools.com/""]",2026-08-30,B,preserved_source_assertion
ast-2bfc0f16b164,org-trunk-tools-844cca9,Trunk Tools,relevance_tier,A,startup_core_additions.csv,"[""https://cemexventures.com/top-50-2025"",""https://trunktools.com/""]",2026-08-30,B,preserved_source_assertion
ast-3e43ac740f84,org-trunk-tools-844cca9,Trunk Tools,secondary_lifecycle,L4 Design,startup_core_additions.csv,"[""https://cemexventures.com/top-50-2025"",""https://trunktools.com/""]",2026-08-30,B,preserved_source_assertion
ast-1538c5fb91d5,org-trunk-tools-844cca9,Trunk Tools,status,active,startup_core_additions.csv,"[""https://cemexventures.com/top-50-2025"",""https://trunktools.com/""]",2026-08-30,B,preserved_source_assertion
ast-d0c0638b6aec,org-trunk-tools-844cca9,Trunk Tools,status_as_of,2026-08-30,startup_core_additions.csv,"[""https://cemexventures.com/top-50-2025"",""https://trunktools.com/""]",2026-08-30,B,preserved_source_assertion
ast-41aba22417dd,org-truzo-5012b1e,Truzo,business_model,project-SaaS,regional_companies_agent.csv,"[""https://truzo.app/""]",2026-08-30,B/D,preserved_source_assertion
ast-13afbcd95f82,org-truzo-5012b1e,Truzo,canonical_url,https://www.truzo.app/,regional_companies_agent.csv,"[""https://truzo.app/""]",2026-08-30,B/D,preserved_source_assertion
ast-681d7f9fb363,org-truzo-5012b1e,Truzo,category,construction-governance-SaaS,regional_companies_agent.csv,"[""https://truzo.app/""]",2026-08-30,B/D,preserved_source_assertion
ast-c08a3bb795fe,org-truzo-5012b1e,Truzo,cohort_or_ecosystem,local-pilot,regional_companies_agent.csv,"[""https://truzo.app/""]",2026-08-30,B/D,preserved_source_assertion
ast-bdb8de263da4,org-truzo-5012b1e,Truzo,entity_type,private-startup,regional_companies_agent.csv,"[""https://truzo.app/""]",2026-08-30,B/D,preserved_source_assertion
ast-6427f9e60e29,org-truzo-5012b1e,Truzo,evidence_grade,B/D,regional_companies_agent.csv,"[""https://truzo.app/""]",2026-08-30,B/D,preserved_source_assertion
ast-ef38e8aa2455,org-truzo-5012b1e,Truzo,founding_year,Unknown,regional_companies_agent.csv,"[""https://truzo.app/""]",2026-08-30,B/D,preserved_source_assertion
ast-3843657b3e20,org-truzo-5012b1e,Truzo,hq_country,Bangladesh,regional_companies_agent.csv,"[""https://truzo.app/""]",2026-08-30,B/D,preserved_source_assertion
ast-fae892189d4c,org-truzo-5012b1e,Truzo,maturity,pilot,regional_companies_agent.csv,"[""https://truzo.app/""]",2026-08-30,B/D,preserved_source_assertion
ast-253f9480ef7a,org-truzo-5012b1e,Truzo,primary_lifecycle,proof-expenses-committee-approval,regional_companies_agent.csv,"[""https://truzo.app/""]",2026-08-30,B/D,preserved_source_assertion
ast-b8bb9e7c43e5,org-truzo-5012b1e,Truzo,relevance_tier,B,regional_companies_agent.csv,"[""https://truzo.app/""]",2026-08-30,B/D,preserved_source_assertion
ast-201f9df71aa4,org-truzo-5012b1e,Truzo,secondary_lifecycle,shareholder-payments-progress,regional_companies_agent.csv,"[""https://truzo.app/""]",2026-08-30,B/D,preserved_source_assertion
ast-a9e35156e852,org-truzo-5012b1e,Truzo,status,pilot,regional_companies_agent.csv,"[""https://truzo.app/""]",2026-08-30,B/D,preserved_source_assertion
ast-8d34e4a55d88,org-truzo-5012b1e,Truzo,status_as_of,2026-08-30,regional_companies_agent.csv,"[""https://truzo.app/""]",2026-08-30,B/D,preserved_source_assertion
ast-a7ce9b89ce2e,org-turner-construction-7925c54,Turner Construction,canonical_url,https://www.turnerconstruction.com/,global_real_estate_pioneers_agent.csv,"[""https://turnerconstruction.com/""]",2026-08-30,C,preserved_source_assertion
ast-3a04028e3ee1,org-turner-construction-7925c54,Turner Construction,entity_type,general contractor,global_real_estate_pioneers_agent.csv,"[""https://turnerconstruction.com/""]",2026-08-30,C,preserved_source_assertion
ast-908a9dea21f8,org-turner-construction-7925c54,Turner Construction,evidence_grade,C,global_real_estate_pioneers_agent.csv,"[""https://turnerconstruction.com/""]",2026-08-30,C,preserved_source_assertion
ast-93dfe5604050,org-turner-construction-7925c54,Turner Construction,hq_country,United States,global_real_estate_pioneers_agent.csv,"[""https://turnerconstruction.com/""]",2026-08-30,C,preserved_source_assertion
ast-adb872ca5b00,org-turner-construction-7925c54,Turner Construction,primary_lifecycle,D/C,global_real_estate_pioneers_agent.csv,"[""https://turnerconstruction.com/""]",2026-08-30,C,preserved_source_assertion
ast-2ca049547345,org-turner-construction-7925c54,Turner Construction,relevance_tier,B,global_real_estate_pioneers_agent.csv,"[""https://turnerconstruction.com/""]",2026-08-30,C,preserved_source_assertion
ast-2022fa4d4ad1,org-turner-construction-7925c54,Turner Construction,status,active,global_real_estate_pioneers_agent.csv,"[""https://turnerconstruction.com/""]",2026-08-30,C,preserved_source_assertion
ast-0592e41b3c0d,org-turntide-35dea2f,Turntide,business_model,Hardware plus software,proptech_startups_agent.csv,"[""https://spark.jllt.com/"",""https://turntide.com/""]",2026-08-30,B,preserved_source_assertion
ast-ca50048fcc09,org-turntide-35dea2f,Turntide,canonical_url,https://www.turntide.com/,proptech_startups_agent.csv,"[""https://spark.jllt.com/"",""https://turntide.com/""]",2026-08-30,B,preserved_source_assertion
ast-4f7b591d3cff,org-turntide-35dea2f,Turntide,category,Efficient motors/controls,proptech_startups_agent.csv,"[""https://spark.jllt.com/"",""https://turntide.com/""]",2026-08-30,B,preserved_source_assertion
ast-c0fe71445500,org-turntide-35dea2f,Turntide,cohort_or_ecosystem,JLL Spark/Fifth Wall,proptech_startups_agent.csv,"[""https://spark.jllt.com/"",""https://turntide.com/""]",2026-08-30,B,preserved_source_assertion
ast-eca7d05456d8,org-turntide-35dea2f,Turntide,entity_type,Company,proptech_startups_agent.csv,"[""https://spark.jllt.com/"",""https://turntide.com/""]",2026-08-30,B,preserved_source_assertion
ast-adb876d71c31,org-turntide-35dea2f,Turntide,evidence_grade,B,proptech_startups_agent.csv,"[""https://spark.jllt.com/"",""https://turntide.com/""]",2026-08-30,B,preserved_source_assertion
ast-b0de391fa698,org-turntide-35dea2f,Turntide,founding_year,2013,proptech_startups_agent.csv,"[""https://spark.jllt.com/"",""https://turntide.com/""]",2026-08-30,B,preserved_source_assertion
ast-99449422c884,org-turntide-35dea2f,Turntide,hq_country,United States,proptech_startups_agent.csv,"[""https://spark.jllt.com/"",""https://turntide.com/""]",2026-08-30,B,preserved_source_assertion
ast-50ca179f8978,org-turntide-35dea2f,Turntide,maturity,Scaleup,proptech_startups_agent.csv,"[""https://spark.jllt.com/"",""https://turntide.com/""]",2026-08-30,B,preserved_source_assertion
ast-ddc72fc097e3,org-turntide-35dea2f,Turntide,primary_lifecycle,Climate,proptech_startups_agent.csv,"[""https://spark.jllt.com/"",""https://turntide.com/""]",2026-08-30,B,preserved_source_assertion
ast-6a512f4799fe,org-turntide-35dea2f,Turntide,relevance_tier,A,proptech_startups_agent.csv,"[""https://spark.jllt.com/"",""https://turntide.com/""]",2026-08-30,B,preserved_source_assertion
ast-c9a5b309e0b0,org-turntide-35dea2f,Turntide,secondary_lifecycle,Facilities,proptech_startups_agent.csv,"[""https://spark.jllt.com/"",""https://turntide.com/""]",2026-08-30,B,preserved_source_assertion
ast-74f1f48d6b24,org-turntide-35dea2f,Turntide,status,Active,proptech_startups_agent.csv,"[""https://spark.jllt.com/"",""https://turntide.com/""]",2026-08-30,B,preserved_source_assertion
ast-19ed820f4016,org-turntide-35dea2f,Turntide,status_as_of,2026-08-30,proptech_startups_agent.csv,"[""https://spark.jllt.com/"",""https://turntide.com/""]",2026-08-30,B,preserved_source_assertion
ast-129ad1279efa,org-uhoo-7143ba7,uHoo,business_model,Hardware plus SaaS,proptech_startups_agent.csv,"[""https://tarongagroup.com/realtechx"",""https://uhooair.com/""]",2026-08-30,A,preserved_source_assertion
ast-e80174a1a256,org-uhoo-7143ba7,uHoo,canonical_url,https://uhooair.com/,proptech_startups_agent.csv,"[""https://tarongagroup.com/realtechx"",""https://uhooair.com/""]",2026-08-30,A,preserved_source_assertion
ast-fc3e12c8fccc,org-uhoo-7143ba7,uHoo,category,Indoor-air quality,proptech_startups_agent.csv,"[""https://tarongagroup.com/realtechx"",""https://uhooair.com/""]",2026-08-30,A,preserved_source_assertion
ast-e12f0fcd2271,org-uhoo-7143ba7,uHoo,cohort_or_ecosystem,Taronga RealTechX,proptech_startups_agent.csv,"[""https://tarongagroup.com/realtechx"",""https://uhooair.com/""]",2026-08-30,A,preserved_source_assertion
ast-b9db3b05e933,org-uhoo-7143ba7,uHoo,entity_type,Company,proptech_startups_agent.csv,"[""https://tarongagroup.com/realtechx"",""https://uhooair.com/""]",2026-08-30,A,preserved_source_assertion
ast-9889767f08aa,org-uhoo-7143ba7,uHoo,evidence_grade,A,proptech_startups_agent.csv,"[""https://tarongagroup.com/realtechx"",""https://uhooair.com/""]",2026-08-30,A,preserved_source_assertion
ast-9650f7f86b51,org-uhoo-7143ba7,uHoo,founding_year,2015,proptech_startups_agent.csv,"[""https://tarongagroup.com/realtechx"",""https://uhooair.com/""]",2026-08-30,A,preserved_source_assertion
ast-7b54cf15ff6c,org-uhoo-7143ba7,uHoo,hq_country,Switzerland,proptech_startups_agent.csv,"[""https://tarongagroup.com/realtechx"",""https://uhooair.com/""]",2026-08-30,A,preserved_source_assertion
ast-30d61c719f2f,org-uhoo-7143ba7,uHoo,maturity,Scaleup,proptech_startups_agent.csv,"[""https://tarongagroup.com/realtechx"",""https://uhooair.com/""]",2026-08-30,A,preserved_source_assertion
ast-7ba97fd5b644,org-uhoo-7143ba7,uHoo,primary_lifecycle,Facilities,proptech_startups_agent.csv,"[""https://tarongagroup.com/realtechx"",""https://uhooair.com/""]",2026-08-30,A,preserved_source_assertion
ast-92fdd2254987,org-uhoo-7143ba7,uHoo,relevance_tier,C,proptech_startups_agent.csv,"[""https://tarongagroup.com/realtechx"",""https://uhooair.com/""]",2026-08-30,A,preserved_source_assertion
ast-db8c583db8e2,org-uhoo-7143ba7,uHoo,secondary_lifecycle,Climate,proptech_startups_agent.csv,"[""https://tarongagroup.com/realtechx"",""https://uhooair.com/""]",2026-08-30,A,preserved_source_assertion
ast-b0e22ae4168f,org-uhoo-7143ba7,uHoo,status,Active,proptech_startups_agent.csv,"[""https://tarongagroup.com/realtechx"",""https://uhooair.com/""]",2026-08-30,A,preserved_source_assertion
ast-7ebff126b0f7,org-uhoo-7143ba7,uHoo,status_as_of,2026-08-30,proptech_startups_agent.csv,"[""https://tarongagroup.com/realtechx"",""https://uhooair.com/""]",2026-08-30,A,preserved_source_assertion
ast-ece017b4b877,org-unova-estate-7be6c79,Unova-Estate,business_model,subscription-SaaS,regional_companies_agent.csv,"[""https://estate.unova.bd/"",""https://estate.unova.bd/solutions/erp-for-real-estate-developers""]",2026-08-30,B/D,preserved_source_assertion
ast-0b644f1c07d8,org-unova-estate-7be6c79,Unova-Estate,canonical_url,https://www.estate.unova.bd/,regional_companies_agent.csv,"[""https://estate.unova.bd/"",""https://estate.unova.bd/solutions/erp-for-real-estate-developers""]",2026-08-30,B/D,preserved_source_assertion
ast-e24707010cc8,org-unova-estate-7be6c79,Unova-Estate,category,AI-developer-ERP-CRM,regional_companies_agent.csv,"[""https://estate.unova.bd/"",""https://estate.unova.bd/solutions/erp-for-real-estate-developers""]",2026-08-30,B/D,preserved_source_assertion
ast-98a74d012ce6,org-unova-estate-7be6c79,Unova-Estate,cohort_or_ecosystem,local-AI-vendor,regional_companies_agent.csv,"[""https://estate.unova.bd/"",""https://estate.unova.bd/solutions/erp-for-real-estate-developers""]",2026-08-30,B/D,preserved_source_assertion
ast-2e4574cf8c18,org-unova-estate-7be6c79,Unova-Estate,entity_type,private-startup,regional_companies_agent.csv,"[""https://estate.unova.bd/"",""https://estate.unova.bd/solutions/erp-for-real-estate-developers""]",2026-08-30,B/D,preserved_source_assertion
ast-33144bcb5a7d,org-unova-estate-7be6c79,Unova-Estate,evidence_grade,B/D,regional_companies_agent.csv,"[""https://estate.unova.bd/"",""https://estate.unova.bd/solutions/erp-for-real-estate-developers""]",2026-08-30,B/D,preserved_source_assertion
ast-dc781fd50cac,org-unova-estate-7be6c79,Unova-Estate,founding_year,Unknown,regional_companies_agent.csv,"[""https://estate.unova.bd/"",""https://estate.unova.bd/solutions/erp-for-real-estate-developers""]",2026-08-30,B/D,preserved_source_assertion
ast-6ba106340500,org-unova-estate-7be6c79,Unova-Estate,hq_country,Bangladesh,regional_companies_agent.csv,"[""https://estate.unova.bd/"",""https://estate.unova.bd/solutions/erp-for-real-estate-developers""]",2026-08-30,B/D,preserved_source_assertion
ast-580c944a2b55,org-unova-estate-7be6c79,Unova-Estate,maturity,early-stage,regional_companies_agent.csv,"[""https://estate.unova.bd/"",""https://estate.unova.bd/solutions/erp-for-real-estate-developers""]",2026-08-30,B/D,preserved_source_assertion
ast-575221253e24,org-unova-estate-7be6c79,Unova-Estate,primary_lifecycle,CRM-inventory-booking,regional_companies_agent.csv,"[""https://estate.unova.bd/"",""https://estate.unova.bd/solutions/erp-for-real-estate-developers""]",2026-08-30,B/D,preserved_source_assertion
ast-59b86df9ef96,org-unova-estate-7be6c79,Unova-Estate,relevance_tier,B,regional_companies_agent.csv,"[""https://estate.unova.bd/"",""https://estate.unova.bd/solutions/erp-for-real-estate-developers""]",2026-08-30,B/D,preserved_source_assertion
ast-e915a1df16df,org-unova-estate-7be6c79,Unova-Estate,secondary_lifecycle,land-BOQ-construction-HR-finance,regional_companies_agent.csv,"[""https://estate.unova.bd/"",""https://estate.unova.bd/solutions/erp-for-real-estate-developers""]",2026-08-30,B/D,preserved_source_assertion
ast-07c2ccef29ad,org-unova-estate-7be6c79,Unova-Estate,status,live-product,regional_companies_agent.csv,"[""https://estate.unova.bd/"",""https://estate.unova.bd/solutions/erp-for-real-estate-developers""]",2026-08-30,B/D,preserved_source_assertion
ast-15a2dc26b543,org-unova-estate-7be6c79,Unova-Estate,status_as_of,2026-08-30,regional_companies_agent.csv,"[""https://estate.unova.bd/"",""https://estate.unova.bd/solutions/erp-for-real-estate-developers""]",2026-08-30,B/D,preserved_source_assertion
ast-9da04abbaad6,org-veev-by-lennar-844d2b1,Veev by Lennar,canonical_url,https://www.veev.com/,global_real_estate_pioneers_agent.csv,"[""https://lennar.com/about/companies"",""https://veev.com/"",""https://veev.com/about-us""]",2026-08-30,B,preserved_source_assertion
ast-ddf940939550,org-veev-by-lennar-844d2b1,Veev by Lennar,entity_type,precision-built home technology acquired by builder,global_real_estate_pioneers_agent.csv,"[""https://lennar.com/about/companies"",""https://veev.com/"",""https://veev.com/about-us""]",2026-08-30,B,preserved_source_assertion
ast-1cfee8f29fa8,org-veev-by-lennar-844d2b1,Veev by Lennar,evidence_grade,B,global_real_estate_pioneers_agent.csv,"[""https://lennar.com/about/companies"",""https://veev.com/"",""https://veev.com/about-us""]",2026-08-30,B,preserved_source_assertion
ast-5690739c39e9,org-veev-by-lennar-844d2b1,Veev by Lennar,hq_country,United States,global_real_estate_pioneers_agent.csv,"[""https://lennar.com/about/companies"",""https://veev.com/"",""https://veev.com/about-us""]",2026-08-30,B,preserved_source_assertion
ast-9a00f38c2dee,org-veev-by-lennar-844d2b1,Veev by Lennar,primary_lifecycle,D/C,global_real_estate_pioneers_agent.csv,"[""https://lennar.com/about/companies"",""https://veev.com/"",""https://veev.com/about-us""]",2026-08-30,B,preserved_source_assertion
ast-5e9ae7e2d8f9,org-veev-by-lennar-844d2b1,Veev by Lennar,relevance_tier,B,global_real_estate_pioneers_agent.csv,"[""https://lennar.com/about/companies"",""https://veev.com/"",""https://veev.com/about-us""]",2026-08-30,B,preserved_source_assertion
ast-bb53af95736c,org-veev-by-lennar-844d2b1,Veev by Lennar,status,integrated,global_real_estate_pioneers_agent.csv,"[""https://lennar.com/about/companies"",""https://veev.com/"",""https://veev.com/about-us""]",2026-08-30,B,preserved_source_assertion
ast-2e0e6fc204cd,org-vextrus-988c4a5,Vextrus,business_model,subscription-SaaS,regional_companies_agent.csv,"[""https://bd.linkedin.com/company/vextrus"",""https://vextrus.com/""]",2026-08-30,B/D,preserved_source_assertion
ast-5cdc292116db,org-vextrus-988c4a5,Vextrus,canonical_url,https://www.vextrus.com/,regional_companies_agent.csv,"[""https://bd.linkedin.com/company/vextrus"",""https://vextrus.com/""]",2026-08-30,B/D,preserved_source_assertion
ast-8627b00d4f95,org-vextrus-988c4a5,Vextrus,category,AI-developer-ERP,regional_companies_agent.csv,"[""https://bd.linkedin.com/company/vextrus"",""https://vextrus.com/""]",2026-08-30,B/D,preserved_source_assertion
ast-20801f274e42,org-vextrus-988c4a5,Vextrus,cohort_or_ecosystem,local-KUET-founders,regional_companies_agent.csv,"[""https://bd.linkedin.com/company/vextrus"",""https://vextrus.com/""]",2026-08-30,B/D,preserved_source_assertion
ast-9884d475d0d5,org-vextrus-988c4a5,Vextrus,entity_type,private-startup,regional_companies_agent.csv,"[""https://bd.linkedin.com/company/vextrus"",""https://vextrus.com/""]",2026-08-30,B/D,preserved_source_assertion
ast-a092ab7402d1,org-vextrus-988c4a5,Vextrus,evidence_grade,B/D,regional_companies_agent.csv,"[""https://bd.linkedin.com/company/vextrus"",""https://vextrus.com/""]",2026-08-30,B/D,preserved_source_assertion
ast-0500d5fb7ec7,org-vextrus-988c4a5,Vextrus,founding_year,2026,regional_companies_agent.csv,"[""https://bd.linkedin.com/company/vextrus"",""https://vextrus.com/""]",2026-08-30,B/D,preserved_source_assertion
ast-732ff0515ea2,org-vextrus-988c4a5,Vextrus,hq_country,Bangladesh,regional_companies_agent.csv,"[""https://bd.linkedin.com/company/vextrus"",""https://vextrus.com/""]",2026-08-30,B/D,preserved_source_assertion
ast-d23c5017c63a,org-vextrus-988c4a5,Vextrus,maturity,early-stage,regional_companies_agent.csv,"[""https://bd.linkedin.com/company/vextrus"",""https://vextrus.com/""]",2026-08-30,B/D,preserved_source_assertion
ast-79a03d2ef4a1,org-vextrus-988c4a5,Vextrus,primary_lifecycle,land-JV-project-procurement-accounting,regional_companies_agent.csv,"[""https://bd.linkedin.com/company/vextrus"",""https://vextrus.com/""]",2026-08-30,B/D,preserved_source_assertion
ast-d1f852891bb3,org-vextrus-988c4a5,Vextrus,relevance_tier,A/B,regional_companies_agent.csv,"[""https://bd.linkedin.com/company/vextrus"",""https://vextrus.com/""]",2026-08-30,B/D,preserved_source_assertion
ast-36910f66232c,org-vextrus-988c4a5,Vextrus,secondary_lifecycle,sales-collections-HR-tax,regional_companies_agent.csv,"[""https://bd.linkedin.com/company/vextrus"",""https://vextrus.com/""]",2026-08-30,B/D,preserved_source_assertion
ast-779bd9fa635a,org-vextrus-988c4a5,Vextrus,status,live-early-product,regional_companies_agent.csv,"[""https://bd.linkedin.com/company/vextrus"",""https://vextrus.com/""]",2026-08-30,B/D,preserved_source_assertion
ast-7c83e5abae0a,org-vextrus-988c4a5,Vextrus,status_as_of,2026-08-30,regional_companies_agent.csv,"[""https://bd.linkedin.com/company/vextrus"",""https://vextrus.com/""]",2026-08-30,B/D,preserved_source_assertion
ast-e051546e98d4,org-vinci-0e581b1,VINCI,canonical_url,https://www.vinci.com/,global_real_estate_pioneers_agent.csv,"[""https://vinci-construction.com/en/engagements/innovation_eng"",""https://vinci.com/"",""https://vinci.com/en/faq""]",2026-08-30,A,preserved_source_assertion
ast-5a44d2e06869,org-vinci-0e581b1,VINCI,entity_type,concessions construction energy solutions,global_real_estate_pioneers_agent.csv,"[""https://vinci-construction.com/en/engagements/innovation_eng"",""https://vinci.com/"",""https://vinci.com/en/faq""]",2026-08-30,A,preserved_source_assertion
ast-9fe46fbfbd6f,org-vinci-0e581b1,VINCI,evidence_grade,A,global_real_estate_pioneers_agent.csv,"[""https://vinci-construction.com/en/engagements/innovation_eng"",""https://vinci.com/"",""https://vinci.com/en/faq""]",2026-08-30,A,preserved_source_assertion
ast-18cd1cc11507,org-vinci-0e581b1,VINCI,hq_country,France,global_real_estate_pioneers_agent.csv,"[""https://vinci-construction.com/en/engagements/innovation_eng"",""https://vinci.com/"",""https://vinci.com/en/faq""]",2026-08-30,A,preserved_source_assertion
ast-c0610bdec98f,org-vinci-0e581b1,VINCI,primary_lifecycle,D/C/O/E,global_real_estate_pioneers_agent.csv,"[""https://vinci-construction.com/en/engagements/innovation_eng"",""https://vinci.com/"",""https://vinci.com/en/faq""]",2026-08-30,A,preserved_source_assertion
ast-4faff00a763a,org-vinci-0e581b1,VINCI,relevance_tier,B,global_real_estate_pioneers_agent.csv,"[""https://vinci-construction.com/en/engagements/innovation_eng"",""https://vinci.com/"",""https://vinci.com/en/faq""]",2026-08-30,A,preserved_source_assertion
ast-fd1a16854954,org-vinci-0e581b1,VINCI,status,active,global_real_estate_pioneers_agent.csv,"[""https://vinci-construction.com/en/engagements/innovation_eng"",""https://vinci.com/"",""https://vinci.com/en/faq""]",2026-08-30,A,preserved_source_assertion
ast-5f23936c5815,org-vonovia-41d0ca4,Vonovia,business_model,"mass-rental operations, refurbishment, smart energy, automation and tenant service",operator_coverage_additions.csv,"[""https://vonovia.com/en"",""https://vonovia.com/en/content/download/310373/file/Vonovia_SE_Annual_Report_2025.pdf"",""https://vonovia.com/en/investors/news-and-publications/results-presentations""]",2026-08-30,B,preserved_source_assertion
ast-7716c2ffd9c0,org-vonovia-41d0ca4,Vonovia,canonical_url,https://www.vonovia.com/en/,operator_coverage_additions.csv,"[""https://vonovia.com/en"",""https://vonovia.com/en/content/download/310373/file/Vonovia_SE_Annual_Report_2025.pdf"",""https://vonovia.com/en/investors/news-and-publications/results-presentations""]",2026-08-30,B,preserved_source_assertion
ast-74d5f70fb283,org-vonovia-41d0ca4,Vonovia,category,European residential owner/operator and services platform,operator_coverage_additions.csv,"[""https://vonovia.com/en"",""https://vonovia.com/en/content/download/310373/file/Vonovia_SE_Annual_Report_2025.pdf"",""https://vonovia.com/en/investors/news-and-publications/results-presentations""]",2026-08-30,B,preserved_source_assertion
ast-675026f23d37,org-vonovia-41d0ca4,Vonovia,cohort_or_ecosystem,Independent,operator_coverage_additions.csv,"[""https://vonovia.com/en"",""https://vonovia.com/en/content/download/310373/file/Vonovia_SE_Annual_Report_2025.pdf"",""https://vonovia.com/en/investors/news-and-publications/results-presentations""]",2026-08-30,B,preserved_source_assertion
ast-cffc908726c3,org-vonovia-41d0ca4,Vonovia,entity_type,listed residential landlord and operator,operator_coverage_additions.csv,"[""https://vonovia.com/en"",""https://vonovia.com/en/content/download/310373/file/Vonovia_SE_Annual_Report_2025.pdf"",""https://vonovia.com/en/investors/news-and-publications/results-presentations""]",2026-08-30,B,preserved_source_assertion
ast-d28f73929185,org-vonovia-41d0ca4,Vonovia,evidence_grade,B,operator_coverage_additions.csv,"[""https://vonovia.com/en"",""https://vonovia.com/en/content/download/310373/file/Vonovia_SE_Annual_Report_2025.pdf"",""https://vonovia.com/en/investors/news-and-publications/results-presentations""]",2026-08-30,B,preserved_source_assertion
ast-a3b83eb051e3,org-vonovia-41d0ca4,Vonovia,founding_year,2001,operator_coverage_additions.csv,"[""https://vonovia.com/en"",""https://vonovia.com/en/content/download/310373/file/Vonovia_SE_Annual_Report_2025.pdf"",""https://vonovia.com/en/investors/news-and-publications/results-presentations""]",2026-08-30,B,preserved_source_assertion
ast-0c13d60068d6,org-vonovia-41d0ca4,Vonovia,hq_country,Germany,operator_coverage_additions.csv,"[""https://vonovia.com/en"",""https://vonovia.com/en/content/download/310373/file/Vonovia_SE_Annual_Report_2025.pdf"",""https://vonovia.com/en/investors/news-and-publications/results-presentations""]",2026-08-30,B,preserved_source_assertion
ast-ea0c92bc111a,org-vonovia-41d0ca4,Vonovia,maturity,scale operator,operator_coverage_additions.csv,"[""https://vonovia.com/en"",""https://vonovia.com/en/content/download/310373/file/Vonovia_SE_Annual_Report_2025.pdf"",""https://vonovia.com/en/investors/news-and-publications/results-presentations""]",2026-08-30,B,preserved_source_assertion
ast-6eece332133c,org-vonovia-41d0ca4,Vonovia,primary_lifecycle,L/S/H/O/E,operator_coverage_additions.csv,"[""https://vonovia.com/en"",""https://vonovia.com/en/content/download/310373/file/Vonovia_SE_Annual_Report_2025.pdf"",""https://vonovia.com/en/investors/news-and-publications/results-presentations""]",2026-08-30,B,preserved_source_assertion
ast-0a4e1948283f,org-vonovia-41d0ca4,Vonovia,relevance_tier,B,operator_coverage_additions.csv,"[""https://vonovia.com/en"",""https://vonovia.com/en/content/download/310373/file/Vonovia_SE_Annual_Report_2025.pdf"",""https://vonovia.com/en/investors/news-and-publications/results-presentations""]",2026-08-30,B,preserved_source_assertion
ast-0d91173739ba,org-vonovia-41d0ca4,Vonovia,secondary_lifecycle,F,operator_coverage_additions.csv,"[""https://vonovia.com/en"",""https://vonovia.com/en/content/download/310373/file/Vonovia_SE_Annual_Report_2025.pdf"",""https://vonovia.com/en/investors/news-and-publications/results-presentations""]",2026-08-30,B,preserved_source_assertion
ast-23f49fd0f39a,org-vonovia-41d0ca4,Vonovia,status,active,operator_coverage_additions.csv,"[""https://vonovia.com/en"",""https://vonovia.com/en/content/download/310373/file/Vonovia_SE_Annual_Report_2025.pdf"",""https://vonovia.com/en/investors/news-and-publications/results-presentations""]",2026-08-30,B,preserved_source_assertion
ast-5e26e7063b5b,org-vonovia-41d0ca4,Vonovia,status_as_of,2026-08-30,operator_coverage_additions.csv,"[""https://vonovia.com/en"",""https://vonovia.com/en/content/download/310373/file/Vonovia_SE_Annual_Report_2025.pdf"",""https://vonovia.com/en/investors/news-and-publications/results-presentations""]",2026-08-30,B,preserved_source_assertion
ast-141efa02761d,org-vts-42d9767,VTS,canonical_url,https://www.vts.com/,global_real_estate_pioneers_agent.csv,"[""https://vts.com/""]",2026-08-30,C,preserved_source_assertion
ast-fb679bcbab6f,org-vts-42d9767,VTS,entity_type,CRE leasing software,global_real_estate_pioneers_agent.csv,"[""https://vts.com/""]",2026-08-30,C,preserved_source_assertion
ast-18773e085992,org-vts-42d9767,VTS,evidence_grade,C,global_real_estate_pioneers_agent.csv,"[""https://vts.com/""]",2026-08-30,C,preserved_source_assertion
ast-deb8a731a55f,org-vts-42d9767,VTS,hq_country,United States,global_real_estate_pioneers_agent.csv,"[""https://vts.com/""]",2026-08-30,C,preserved_source_assertion
ast-0934d9420d6c,org-vts-42d9767,VTS,primary_lifecycle,S/H/O,global_real_estate_pioneers_agent.csv,"[""https://vts.com/""]",2026-08-30,C,preserved_source_assertion
ast-31e8e368c0ed,org-vts-42d9767,VTS,relevance_tier,B,global_real_estate_pioneers_agent.csv,"[""https://vts.com/""]",2026-08-30,C,preserved_source_assertion
ast-8c7764e8d10f,org-vts-42d9767,VTS,status,active,global_real_estate_pioneers_agent.csv,"[""https://vts.com/""]",2026-08-30,C,preserved_source_assertion
ast-df660ce7f08b,org-wakecap-a08c5b1,WakeCap,business_model,hardware-SaaS-partnerships,regional_companies_agent.csv,"[""https://wakecap.com/"",""https://wakecap.com/news-and-events/wakecap-acquires-crews-by-core"",""https://wakecap.com/news-and-events/wakecap-openspace-partnership""]",2026-08-30,B,preserved_source_assertion
ast-8d8b39dec226,org-wakecap-a08c5b1,WakeCap,canonical_url,https://www.wakecap.com/,regional_companies_agent.csv,"[""https://wakecap.com/"",""https://wakecap.com/news-and-events/wakecap-acquires-crews-by-core"",""https://wakecap.com/news-and-events/wakecap-openspace-partnership""]",2026-08-30,B,preserved_source_assertion
ast-d7467a75e8c9,org-wakecap-a08c5b1,WakeCap,category,IoT-construction-operations,regional_companies_agent.csv,"[""https://wakecap.com/"",""https://wakecap.com/news-and-events/wakecap-acquires-crews-by-core"",""https://wakecap.com/news-and-events/wakecap-openspace-partnership""]",2026-08-30,B,preserved_source_assertion
ast-afce0fece186,org-wakecap-a08c5b1,WakeCap,cohort_or_ecosystem,Saudi-contech,regional_companies_agent.csv,"[""https://wakecap.com/"",""https://wakecap.com/news-and-events/wakecap-acquires-crews-by-core"",""https://wakecap.com/news-and-events/wakecap-openspace-partnership""]",2026-08-30,B,preserved_source_assertion
ast-62b773e626a0,org-wakecap-a08c5b1,WakeCap,entity_type,private-growth,regional_companies_agent.csv,"[""https://wakecap.com/"",""https://wakecap.com/news-and-events/wakecap-acquires-crews-by-core"",""https://wakecap.com/news-and-events/wakecap-openspace-partnership""]",2026-08-30,B,preserved_source_assertion
ast-943c4d155041,org-wakecap-a08c5b1,WakeCap,evidence_grade,B,regional_companies_agent.csv,"[""https://wakecap.com/"",""https://wakecap.com/news-and-events/wakecap-acquires-crews-by-core"",""https://wakecap.com/news-and-events/wakecap-openspace-partnership""]",2026-08-30,B,preserved_source_assertion
ast-4378796f059c,org-wakecap-a08c5b1,WakeCap,founding_year,Unknown,regional_companies_agent.csv,"[""https://wakecap.com/"",""https://wakecap.com/news-and-events/wakecap-acquires-crews-by-core"",""https://wakecap.com/news-and-events/wakecap-openspace-partnership""]",2026-08-30,B,preserved_source_assertion
ast-46a67286db07,org-wakecap-a08c5b1,WakeCap,hq_country,Saudi Arabia,regional_companies_agent.csv,"[""https://wakecap.com/"",""https://wakecap.com/news-and-events/wakecap-acquires-crews-by-core"",""https://wakecap.com/news-and-events/wakecap-openspace-partnership""]",2026-08-30,B,preserved_source_assertion
ast-60300d4034c6,org-wakecap-a08c5b1,WakeCap,maturity,scale,regional_companies_agent.csv,"[""https://wakecap.com/"",""https://wakecap.com/news-and-events/wakecap-acquires-crews-by-core"",""https://wakecap.com/news-and-events/wakecap-openspace-partnership""]",2026-08-30,B,preserved_source_assertion
ast-0440bb606506,org-wakecap-a08c5b1,WakeCap,primary_lifecycle,site-workforce-equipment-visibility,regional_companies_agent.csv,"[""https://wakecap.com/"",""https://wakecap.com/news-and-events/wakecap-acquires-crews-by-core"",""https://wakecap.com/news-and-events/wakecap-openspace-partnership""]",2026-08-30,B,preserved_source_assertion
ast-bf2e0941fcd0,org-wakecap-a08c5b1,WakeCap,relevance_tier,B,regional_companies_agent.csv,"[""https://wakecap.com/"",""https://wakecap.com/news-and-events/wakecap-acquires-crews-by-core"",""https://wakecap.com/news-and-events/wakecap-openspace-partnership""]",2026-08-30,B,preserved_source_assertion
ast-f4a39921e538,org-wakecap-a08c5b1,WakeCap,secondary_lifecycle,safety-reality-capture,regional_companies_agent.csv,"[""https://wakecap.com/"",""https://wakecap.com/news-and-events/wakecap-acquires-crews-by-core"",""https://wakecap.com/news-and-events/wakecap-openspace-partnership""]",2026-08-30,B,preserved_source_assertion
ast-e0848310d2b1,org-wakecap-a08c5b1,WakeCap,status,active,regional_companies_agent.csv,"[""https://wakecap.com/"",""https://wakecap.com/news-and-events/wakecap-acquires-crews-by-core"",""https://wakecap.com/news-and-events/wakecap-openspace-partnership""]",2026-08-30,B,preserved_source_assertion
ast-0c66c8dee366,org-wakecap-a08c5b1,WakeCap,status_as_of,2026-08-30,regional_companies_agent.csv,"[""https://wakecap.com/"",""https://wakecap.com/news-and-events/wakecap-acquires-crews-by-core"",""https://wakecap.com/news-and-events/wakecap-openspace-partnership""]",2026-08-30,B,preserved_source_assertion
ast-85684bd0a36e,org-watad-43c1925,Watad,business_model,Marketplace/fintech,proptech_startups_agent.csv,"[""https://nar-reach.com/news""]",2026-08-30,A,preserved_source_assertion
ast-c6b1b3af4bc0,org-watad-43c1925,Watad,canonical_url,https://www.nar-reach.com/news,proptech_startups_agent.csv,"[""https://nar-reach.com/news""]",2026-08-30,A,preserved_source_assertion
ast-3cda9a6d1d52,org-watad-43c1925,Watad,category,Building-material procurement with embedded finance,proptech_startups_agent.csv,"[""https://nar-reach.com/news""]",2026-08-30,A,preserved_source_assertion
ast-f13b7eeba566,org-watad-43c1925,Watad,cohort_or_ecosystem,NAR REACH Middle East 2026,proptech_startups_agent.csv,"[""https://nar-reach.com/news""]",2026-08-30,A,preserved_source_assertion
ast-ea3bcee0e2c5,org-watad-43c1925,Watad,entity_type,Company,proptech_startups_agent.csv,"[""https://nar-reach.com/news""]",2026-08-30,A,preserved_source_assertion
ast-2c1177bf10ea,org-watad-43c1925,Watad,evidence_grade,A,proptech_startups_agent.csv,"[""https://nar-reach.com/news""]",2026-08-30,A,preserved_source_assertion
ast-be40f76520ea,org-watad-43c1925,Watad,founding_year,Unknown,proptech_startups_agent.csv,"[""https://nar-reach.com/news""]",2026-08-30,A,preserved_source_assertion
ast-94e1d1d73045,org-watad-43c1925,Watad,hq_country,United Arab Emirates,proptech_startups_agent.csv,"[""https://nar-reach.com/news""]",2026-08-30,A,preserved_source_assertion
ast-8ca03aa2f2e4,org-watad-43c1925,Watad,maturity,Early,proptech_startups_agent.csv,"[""https://nar-reach.com/news""]",2026-08-30,A,preserved_source_assertion
ast-a71976822693,org-watad-43c1925,Watad,primary_lifecycle,Procurement,proptech_startups_agent.csv,"[""https://nar-reach.com/news""]",2026-08-30,A,preserved_source_assertion
ast-712195e6ab1b,org-watad-43c1925,Watad,relevance_tier,B,proptech_startups_agent.csv,"[""https://nar-reach.com/news""]",2026-08-30,A,preserved_source_assertion
ast-1d1d78004495,org-watad-43c1925,Watad,secondary_lifecycle,Finance,proptech_startups_agent.csv,"[""https://nar-reach.com/news""]",2026-08-30,A,preserved_source_assertion
ast-99b2063ff61e,org-watad-43c1925,Watad,status,Selected 2026 cohort,proptech_startups_agent.csv,"[""https://nar-reach.com/news""]",2026-08-30,A,preserved_source_assertion
ast-72a004e26085,org-watad-43c1925,Watad,status_as_of,2026-08-30,proptech_startups_agent.csv,"[""https://nar-reach.com/news""]",2026-08-30,A,preserved_source_assertion
ast-168e63e0394d,org-wereno-34fab03,WeReno,business_model,AI SaaS and services,coverage_gap_additions.csv,"[""https://ycombinator.com/companies/wereno""]",2026-08-30,A,preserved_source_assertion
ast-77788c2c18e2,org-wereno-34fab03,WeReno,canonical_url,https://www.ycombinator.com/companies/wereno,coverage_gap_additions.csv,"[""https://ycombinator.com/companies/wereno""]",2026-08-30,A,preserved_source_assertion
ast-2578664209eb,org-wereno-34fab03,WeReno,category,AI owner's representative for renovations and capital projects,coverage_gap_additions.csv,"[""https://ycombinator.com/companies/wereno""]",2026-08-30,A,preserved_source_assertion
ast-46af36d730b9,org-wereno-34fab03,WeReno,cohort_or_ecosystem,Y Combinator W2022,coverage_gap_additions.csv,"[""https://ycombinator.com/companies/wereno""]",2026-08-30,A,preserved_source_assertion
ast-2004e3871cbb,org-wereno-34fab03,WeReno,entity_type,private startup,coverage_gap_additions.csv,"[""https://ycombinator.com/companies/wereno""]",2026-08-30,A,preserved_source_assertion
ast-a1cc5d77e1fb,org-wereno-34fab03,WeReno,evidence_grade,A,coverage_gap_additions.csv,"[""https://ycombinator.com/companies/wereno""]",2026-08-30,A,preserved_source_assertion
ast-8718a41215da,org-wereno-34fab03,WeReno,founding_year,2022,coverage_gap_additions.csv,"[""https://ycombinator.com/companies/wereno""]",2026-08-30,A,preserved_source_assertion
ast-3e6bce26547d,org-wereno-34fab03,WeReno,hq_country,Canada,coverage_gap_additions.csv,"[""https://ycombinator.com/companies/wereno""]",2026-08-30,A,preserved_source_assertion
ast-73075eb0d8dc,org-wereno-34fab03,WeReno,maturity,early-growth,coverage_gap_additions.csv,"[""https://ycombinator.com/companies/wereno""]",2026-08-30,A,preserved_source_assertion
ast-66791dfe81f4,org-wereno-34fab03,WeReno,primary_lifecycle,L5 Construction,coverage_gap_additions.csv,"[""https://ycombinator.com/companies/wereno""]",2026-08-30,A,preserved_source_assertion
ast-61b82b73e92e,org-wereno-34fab03,WeReno,relevance_tier,B,coverage_gap_additions.csv,"[""https://ycombinator.com/companies/wereno""]",2026-08-30,A,preserved_source_assertion
ast-496f92c27b26,org-wereno-34fab03,WeReno,secondary_lifecycle,L8 Property operations,coverage_gap_additions.csv,"[""https://ycombinator.com/companies/wereno""]",2026-08-30,A,preserved_source_assertion
ast-7025eb07471b,org-wereno-34fab03,WeReno,status,active,coverage_gap_additions.csv,"[""https://ycombinator.com/companies/wereno""]",2026-08-30,A,preserved_source_assertion
ast-0c0b96fdaebe,org-wereno-34fab03,WeReno,status_as_of,2026-08-30,coverage_gap_additions.csv,"[""https://ycombinator.com/companies/wereno""]",2026-08-30,A,preserved_source_assertion
ast-5551f7f5d262,org-wework-8768417,WeWork,canonical_url,https://www.wework.com/,global_real_estate_pioneers_agent.csv,"[""https://njb.uscourts.gov/wework"",""https://sec.gov/Archives/edgar/data/1813756/000119312523274596/d295389d8k.htm"",""https://wework.com/""]",2026-08-30,A,preserved_source_assertion
ast-6008ab049d72,org-wework-8768417,WeWork,entity_type,flexible workspace operator,global_real_estate_pioneers_agent.csv,"[""https://njb.uscourts.gov/wework"",""https://sec.gov/Archives/edgar/data/1813756/000119312523274596/d295389d8k.htm"",""https://wework.com/""]",2026-08-30,A,preserved_source_assertion
ast-872c87717f11,org-wework-8768417,WeWork,evidence_grade,A,global_real_estate_pioneers_agent.csv,"[""https://njb.uscourts.gov/wework"",""https://sec.gov/Archives/edgar/data/1813756/000119312523274596/d295389d8k.htm"",""https://wework.com/""]",2026-08-30,A,preserved_source_assertion
ast-201fa190de8a,org-wework-8768417,WeWork,hq_country,United States,global_real_estate_pioneers_agent.csv,"[""https://njb.uscourts.gov/wework"",""https://sec.gov/Archives/edgar/data/1813756/000119312523274596/d295389d8k.htm"",""https://wework.com/""]",2026-08-30,A,preserved_source_assertion
ast-18bafcf5e255,org-wework-8768417,WeWork,primary_lifecycle,S/H/O/F,global_real_estate_pioneers_agent.csv,"[""https://njb.uscourts.gov/wework"",""https://sec.gov/Archives/edgar/data/1813756/000119312523274596/d295389d8k.htm"",""https://wework.com/""]",2026-08-30,A,preserved_source_assertion
ast-30eb347dd584,org-wework-8768417,WeWork,relevance_tier,B,global_real_estate_pioneers_agent.csv,"[""https://njb.uscourts.gov/wework"",""https://sec.gov/Archives/edgar/data/1813756/000119312523274596/d295389d8k.htm"",""https://wework.com/""]",2026-08-30,A,preserved_source_assertion
ast-ec34d8a5fe46,org-wework-8768417,WeWork,status,restructured,global_real_estate_pioneers_agent.csv,"[""https://njb.uscourts.gov/wework"",""https://sec.gov/Archives/edgar/data/1813756/000119312523274596/d295389d8k.htm"",""https://wework.com/""]",2026-08-30,A,preserved_source_assertion
ast-d2e02ff2e8b2,org-wint-44d2ec1,WINT,business_model,Hardware plus SaaS,proptech_startups_agent.csv,"[""https://tarongagroup.com/realtechx"",""https://wint.ai/""]",2026-08-30,A,preserved_source_assertion
ast-662f024c51d7,org-wint-44d2ec1,WINT,canonical_url,https://wint.ai/,proptech_startups_agent.csv,"[""https://tarongagroup.com/realtechx"",""https://wint.ai/""]",2026-08-30,A,preserved_source_assertion
ast-164eb6e7a2e1,org-wint-44d2ec1,WINT,category,Water leak prevention,proptech_startups_agent.csv,"[""https://tarongagroup.com/realtechx"",""https://wint.ai/""]",2026-08-30,A,preserved_source_assertion
ast-7fa2678c30c6,org-wint-44d2ec1,WINT,cohort_or_ecosystem,Taronga RealTechX,proptech_startups_agent.csv,"[""https://tarongagroup.com/realtechx"",""https://wint.ai/""]",2026-08-30,A,preserved_source_assertion
ast-94b54509f4b1,org-wint-44d2ec1,WINT,entity_type,Company,proptech_startups_agent.csv,"[""https://tarongagroup.com/realtechx"",""https://wint.ai/""]",2026-08-30,A,preserved_source_assertion
ast-84fc73d5550f,org-wint-44d2ec1,WINT,evidence_grade,A,proptech_startups_agent.csv,"[""https://tarongagroup.com/realtechx"",""https://wint.ai/""]",2026-08-30,A,preserved_source_assertion
ast-f5d76f396230,org-wint-44d2ec1,WINT,founding_year,2015,proptech_startups_agent.csv,"[""https://tarongagroup.com/realtechx"",""https://wint.ai/""]",2026-08-30,A,preserved_source_assertion
ast-11c88baef736,org-wint-44d2ec1,WINT,hq_country,Israel,proptech_startups_agent.csv,"[""https://tarongagroup.com/realtechx"",""https://wint.ai/""]",2026-08-30,A,preserved_source_assertion
ast-770fd7a4b496,org-wint-44d2ec1,WINT,maturity,Scaleup,proptech_startups_agent.csv,"[""https://tarongagroup.com/realtechx"",""https://wint.ai/""]",2026-08-30,A,preserved_source_assertion
ast-587dff35cafd,org-wint-44d2ec1,WINT,primary_lifecycle,Facilities,proptech_startups_agent.csv,"[""https://tarongagroup.com/realtechx"",""https://wint.ai/""]",2026-08-30,A,preserved_source_assertion
ast-5dfd192b3d57,org-wint-44d2ec1,WINT,relevance_tier,C,proptech_startups_agent.csv,"[""https://tarongagroup.com/realtechx"",""https://wint.ai/""]",2026-08-30,A,preserved_source_assertion
ast-73e4795662cc,org-wint-44d2ec1,WINT,secondary_lifecycle,Climate,proptech_startups_agent.csv,"[""https://tarongagroup.com/realtechx"",""https://wint.ai/""]",2026-08-30,A,preserved_source_assertion
ast-2451408b5379,org-wint-44d2ec1,WINT,status,Active,proptech_startups_agent.csv,"[""https://tarongagroup.com/realtechx"",""https://wint.ai/""]",2026-08-30,A,preserved_source_assertion
ast-4f4c3fd40b7f,org-wint-44d2ec1,WINT,status_as_of,2026-08-30,proptech_startups_agent.csv,"[""https://tarongagroup.com/realtechx"",""https://wint.ai/""]",2026-08-30,A,preserved_source_assertion
ast-652c6b0a9167,org-wiredscore-75d1974,WiredScore,business_model,Certification,proptech_startups_agent.csv,"[""https://tarongagroup.com/realtechx"",""https://wiredscore.com/""]",2026-08-30,A,preserved_source_assertion
ast-8b5fa4f2b81f,org-wiredscore-75d1974,WiredScore,canonical_url,https://wiredscore.com/,proptech_startups_agent.csv,"[""https://tarongagroup.com/realtechx"",""https://wiredscore.com/""]",2026-08-30,A,preserved_source_assertion
ast-0b5c6ae92c12,org-wiredscore-75d1974,WiredScore,category,Digital infrastructure rating,proptech_startups_agent.csv,"[""https://tarongagroup.com/realtechx"",""https://wiredscore.com/""]",2026-08-30,A,preserved_source_assertion
ast-c895e0d1fc74,org-wiredscore-75d1974,WiredScore,cohort_or_ecosystem,Taronga/RealTechX,proptech_startups_agent.csv,"[""https://tarongagroup.com/realtechx"",""https://wiredscore.com/""]",2026-08-30,A,preserved_source_assertion
ast-0c9a47ce5e83,org-wiredscore-75d1974,WiredScore,entity_type,Company,proptech_startups_agent.csv,"[""https://tarongagroup.com/realtechx"",""https://wiredscore.com/""]",2026-08-30,A,preserved_source_assertion
ast-bc3f35c6aa15,org-wiredscore-75d1974,WiredScore,evidence_grade,A,proptech_startups_agent.csv,"[""https://tarongagroup.com/realtechx"",""https://wiredscore.com/""]",2026-08-30,A,preserved_source_assertion
ast-8c3a77bda337,org-wiredscore-75d1974,WiredScore,founding_year,2013,proptech_startups_agent.csv,"[""https://tarongagroup.com/realtechx"",""https://wiredscore.com/""]",2026-08-30,A,preserved_source_assertion
ast-ef7512b332ab,org-wiredscore-75d1974,WiredScore,hq_country,United Kingdom,proptech_startups_agent.csv,"[""https://tarongagroup.com/realtechx"",""https://wiredscore.com/""]",2026-08-30,A,preserved_source_assertion
ast-e81d150a59b1,org-wiredscore-75d1974,WiredScore,maturity,Scaleup,proptech_startups_agent.csv,"[""https://tarongagroup.com/realtechx"",""https://wiredscore.com/""]",2026-08-30,A,preserved_source_assertion
ast-6210a742181f,org-wiredscore-75d1974,WiredScore,primary_lifecycle,Facilities,proptech_startups_agent.csv,"[""https://tarongagroup.com/realtechx"",""https://wiredscore.com/""]",2026-08-30,A,preserved_source_assertion
ast-1d487147269b,org-wiredscore-75d1974,WiredScore,relevance_tier,C,proptech_startups_agent.csv,"[""https://tarongagroup.com/realtechx"",""https://wiredscore.com/""]",2026-08-30,A,preserved_source_assertion
ast-2d18497b2978,org-wiredscore-75d1974,WiredScore,secondary_lifecycle,Data,proptech_startups_agent.csv,"[""https://tarongagroup.com/realtechx"",""https://wiredscore.com/""]",2026-08-30,A,preserved_source_assertion
ast-ce2b33be0833,org-wiredscore-75d1974,WiredScore,status,Active,proptech_startups_agent.csv,"[""https://tarongagroup.com/realtechx"",""https://wiredscore.com/""]",2026-08-30,A,preserved_source_assertion
ast-b6422af62b08,org-wiredscore-75d1974,WiredScore,status_as_of,2026-08-30,proptech_startups_agent.csv,"[""https://tarongagroup.com/realtechx"",""https://wiredscore.com/""]",2026-08-30,A,preserved_source_assertion
ast-fa13e084f9e8,org-yardi-f113060,Yardi,business_model,Enterprise SaaS,proptech_startups_agent.csv,"[""https://yardi.com/""]",2026-08-30,A,preserved_source_assertion
ast-0ef9c1b0f42f,org-yardi-f113060,Yardi,canonical_url,https://www.yardi.com/,proptech_startups_agent.csv,"[""https://yardi.com/""]",2026-08-30,A,preserved_source_assertion
ast-c300eac1b61b,org-yardi-f113060,Yardi,canonical_url,https://www.yardi.com/,global_real_estate_pioneers_agent.csv,"[""https://yardi.com/""]",2026-08-30,C,preserved_source_assertion
ast-1d38fe48582b,org-yardi-f113060,Yardi,category,Property management ERP,proptech_startups_agent.csv,"[""https://yardi.com/""]",2026-08-30,A,preserved_source_assertion
ast-719e808edbf7,org-yardi-f113060,Yardi,cohort_or_ecosystem,Independent,proptech_startups_agent.csv,"[""https://yardi.com/""]",2026-08-30,A,preserved_source_assertion
ast-41ff412a3864,org-yardi-f113060,Yardi,entity_type,Company,proptech_startups_agent.csv,"[""https://yardi.com/""]",2026-08-30,A,preserved_source_assertion
ast-af340db35d2e,org-yardi-f113060,Yardi,entity_type,property management and accounting software,global_real_estate_pioneers_agent.csv,"[""https://yardi.com/""]",2026-08-30,C,preserved_source_assertion
ast-6fbc2707b60f,org-yardi-f113060,Yardi,evidence_grade,A,proptech_startups_agent.csv,"[""https://yardi.com/""]",2026-08-30,A,preserved_source_assertion
ast-9354459e0347,org-yardi-f113060,Yardi,evidence_grade,C,global_real_estate_pioneers_agent.csv,"[""https://yardi.com/""]",2026-08-30,C,preserved_source_assertion
ast-7db48b5800c1,org-yardi-f113060,Yardi,founding_year,1984,proptech_startups_agent.csv,"[""https://yardi.com/""]",2026-08-30,A,preserved_source_assertion
ast-52a3b5719e3f,org-yardi-f113060,Yardi,hq_country,United States,global_real_estate_pioneers_agent.csv,"[""https://yardi.com/""]",2026-08-30,C,preserved_source_assertion
ast-e89f0913a278,org-yardi-f113060,Yardi,hq_country,United States,proptech_startups_agent.csv,"[""https://yardi.com/""]",2026-08-30,A,preserved_source_assertion
ast-53dc2278a95a,org-yardi-f113060,Yardi,maturity,Enterprise,proptech_startups_agent.csv,"[""https://yardi.com/""]",2026-08-30,A,preserved_source_assertion
ast-71af73145f0b,org-yardi-f113060,Yardi,primary_lifecycle,Operations,proptech_startups_agent.csv,"[""https://yardi.com/""]",2026-08-30,A,preserved_source_assertion
ast-93bb7db1d960,org-yardi-f113060,Yardi,primary_lifecycle,F/S/H/O,global_real_estate_pioneers_agent.csv,"[""https://yardi.com/""]",2026-08-30,C,preserved_source_assertion
ast-1c54d137dc11,org-yardi-f113060,Yardi,relevance_tier,A,proptech_startups_agent.csv,"[""https://yardi.com/""]",2026-08-30,A,preserved_source_assertion
ast-63e718ebe9cb,org-yardi-f113060,Yardi,relevance_tier,B,global_real_estate_pioneers_agent.csv,"[""https://yardi.com/""]",2026-08-30,C,preserved_source_assertion
ast-7eaa8d6c2827,org-yardi-f113060,Yardi,secondary_lifecycle,Finance,proptech_startups_agent.csv,"[""https://yardi.com/""]",2026-08-30,A,preserved_source_assertion
ast-3f88dafb838e,org-yardi-f113060,Yardi,status,Active,proptech_startups_agent.csv,"[""https://yardi.com/""]",2026-08-30,A,preserved_source_assertion
ast-7d49adcec955,org-yardi-f113060,Yardi,status,active,global_real_estate_pioneers_agent.csv,"[""https://yardi.com/""]",2026-08-30,C,preserved_source_assertion
ast-afb5e3f632bd,org-yardi-f113060,Yardi,status_as_of,2026-08-30,proptech_startups_agent.csv,"[""https://yardi.com/""]",2026-08-30,A,preserved_source_assertion
ast-4f9bade19ddb,org-zenatix-bb347b7,Zenatix,business_model,hardware-SaaS,regional_companies_agent.csv,"[""https://zenatix.com/"",""https://zenatix.com/about""]",2026-08-30,B,preserved_source_assertion
ast-1026cdc79cfe,org-zenatix-bb347b7,Zenatix,canonical_url,https://www.zenatix.com/,regional_companies_agent.csv,"[""https://zenatix.com/"",""https://zenatix.com/about""]",2026-08-30,B,preserved_source_assertion
ast-e3113b3ea06d,org-zenatix-bb347b7,Zenatix,category,smart-building-energy,regional_companies_agent.csv,"[""https://zenatix.com/"",""https://zenatix.com/about""]",2026-08-30,B,preserved_source_assertion
ast-b1d860ce438c,org-zenatix-bb347b7,Zenatix,cohort_or_ecosystem,Schneider-Electric,regional_companies_agent.csv,"[""https://zenatix.com/"",""https://zenatix.com/about""]",2026-08-30,B,preserved_source_assertion
ast-69fb6e9f8c84,org-zenatix-bb347b7,Zenatix,entity_type,subsidiary,regional_companies_agent.csv,"[""https://zenatix.com/"",""https://zenatix.com/about""]",2026-08-30,B,preserved_source_assertion
ast-fd9e967a6c36,org-zenatix-bb347b7,Zenatix,evidence_grade,B,regional_companies_agent.csv,"[""https://zenatix.com/"",""https://zenatix.com/about""]",2026-08-30,B,preserved_source_assertion
ast-d4070606767b,org-zenatix-bb347b7,Zenatix,founding_year,Unknown,regional_companies_agent.csv,"[""https://zenatix.com/"",""https://zenatix.com/about""]",2026-08-30,B,preserved_source_assertion
ast-d6cda6f6d82f,org-zenatix-bb347b7,Zenatix,hq_country,India,regional_companies_agent.csv,"[""https://zenatix.com/"",""https://zenatix.com/about""]",2026-08-30,B,preserved_source_assertion
ast-d65e15682cb1,org-zenatix-bb347b7,Zenatix,maturity,scale,regional_companies_agent.csv,"[""https://zenatix.com/"",""https://zenatix.com/about""]",2026-08-30,B,preserved_source_assertion
ast-117c2af5fa52,org-zenatix-bb347b7,Zenatix,primary_lifecycle,building-energy-monitoring,regional_companies_agent.csv,"[""https://zenatix.com/"",""https://zenatix.com/about""]",2026-08-30,B,preserved_source_assertion
ast-10289d4fdaa5,org-zenatix-bb347b7,Zenatix,relevance_tier,B,regional_companies_agent.csv,"[""https://zenatix.com/"",""https://zenatix.com/about""]",2026-08-30,B,preserved_source_assertion
ast-e27c362f63ab,org-zenatix-bb347b7,Zenatix,secondary_lifecycle,IoT-analytics-efficiency,regional_companies_agent.csv,"[""https://zenatix.com/"",""https://zenatix.com/about""]",2026-08-30,B,preserved_source_assertion
ast-08043acab1f8,org-zenatix-bb347b7,Zenatix,status,active-Schneider-subsidiary,regional_companies_agent.csv,"[""https://zenatix.com/"",""https://zenatix.com/about""]",2026-08-30,B,preserved_source_assertion
ast-f23f4fb69418,org-zenatix-bb347b7,Zenatix,status_as_of,2026-08-30,regional_companies_agent.csv,"[""https://zenatix.com/"",""https://zenatix.com/about""]",2026-08-30,B,preserved_source_assertion
ast-b2ea55ad3f0d,org-zestyai-c21da1c,ZestyAI,business_model,AI SaaS and services,enterprise_platform_additions.csv,"[""https://zesty.ai/""]",2026-08-30,B,preserved_source_assertion
ast-4819e3f97c7c,org-zestyai-c21da1c,ZestyAI,canonical_url,https://zesty.ai/,enterprise_platform_additions.csv,"[""https://zesty.ai/""]",2026-08-30,B,preserved_source_assertion
ast-3d39fe075ca4,org-zestyai-c21da1c,ZestyAI,category,AI property risk intelligence for insurance inspection and mitigation,enterprise_platform_additions.csv,"[""https://zesty.ai/""]",2026-08-30,B,preserved_source_assertion
ast-6b4fefdf5c83,org-zestyai-c21da1c,ZestyAI,cohort_or_ecosystem,Independent,enterprise_platform_additions.csv,"[""https://zesty.ai/""]",2026-08-30,B,preserved_source_assertion
ast-58264795dd63,org-zestyai-c21da1c,ZestyAI,entity_type,private startup,enterprise_platform_additions.csv,"[""https://zesty.ai/""]",2026-08-30,B,preserved_source_assertion
ast-5eb92dad0b89,org-zestyai-c21da1c,ZestyAI,evidence_grade,B,enterprise_platform_additions.csv,"[""https://zesty.ai/""]",2026-08-30,B,preserved_source_assertion
ast-f2939a01a077,org-zestyai-c21da1c,ZestyAI,founding_year,unknown,enterprise_platform_additions.csv,"[""https://zesty.ai/""]",2026-08-30,B,preserved_source_assertion
ast-be160b25a9be,org-zestyai-c21da1c,ZestyAI,hq_country,United States,enterprise_platform_additions.csv,"[""https://zesty.ai/""]",2026-08-30,B,preserved_source_assertion
ast-82fa57f970c5,org-zestyai-c21da1c,ZestyAI,maturity,scaleup,enterprise_platform_additions.csv,"[""https://zesty.ai/""]",2026-08-30,B,preserved_source_assertion
ast-14a90bae01e3,org-zestyai-c21da1c,ZestyAI,primary_lifecycle,L10 ESG,enterprise_platform_additions.csv,"[""https://zesty.ai/""]",2026-08-30,B,preserved_source_assertion
ast-40b24eea573e,org-zestyai-c21da1c,ZestyAI,relevance_tier,B,enterprise_platform_additions.csv,"[""https://zesty.ai/""]",2026-08-30,B,preserved_source_assertion
ast-8b52777a86d6,org-zestyai-c21da1c,ZestyAI,secondary_lifecycle,L1 Land/site/L8 Property operations/L9 Portfolio,enterprise_platform_additions.csv,"[""https://zesty.ai/""]",2026-08-30,B,preserved_source_assertion
ast-cbdb44266f50,org-zestyai-c21da1c,ZestyAI,status,active,enterprise_platform_additions.csv,"[""https://zesty.ai/""]",2026-08-30,B,preserved_source_assertion
ast-818b591b888d,org-zestyai-c21da1c,ZestyAI,status_as_of,2026-08-30,enterprise_platform_additions.csv,"[""https://zesty.ai/""]",2026-08-30,B,preserved_source_assertion
ast-9366707e208e,org-zillow-d3dd627,Zillow,business_model,Ads/data marketplace,proptech_startups_agent.csv,"[""https://zillow.com/""]",2026-08-30,A,preserved_source_assertion
ast-74d441c39417,org-zillow-d3dd627,Zillow,canonical_url,https://www.zillow.com/,global_real_estate_pioneers_agent.csv,"[""https://zillow.com/""]",2026-08-30,C,preserved_source_assertion
ast-a61e4395caeb,org-zillow-d3dd627,Zillow,canonical_url,https://www.zillow.com/,proptech_startups_agent.csv,"[""https://zillow.com/""]",2026-08-30,A,preserved_source_assertion
ast-206bbce1f030,org-zillow-d3dd627,Zillow,category,Property marketplace,proptech_startups_agent.csv,"[""https://zillow.com/""]",2026-08-30,A,preserved_source_assertion
ast-cb03442dd2b5,org-zillow-d3dd627,Zillow,cohort_or_ecosystem,Independent,proptech_startups_agent.csv,"[""https://zillow.com/""]",2026-08-30,A,preserved_source_assertion
ast-db9e282ef7b7,org-zillow-d3dd627,Zillow,entity_type,Company,proptech_startups_agent.csv,"[""https://zillow.com/""]",2026-08-30,A,preserved_source_assertion
ast-dd32ba8cb553,org-zillow-d3dd627,Zillow,entity_type,residential marketplace,global_real_estate_pioneers_agent.csv,"[""https://zillow.com/""]",2026-08-30,C,preserved_source_assertion
ast-416e7c0f0da7,org-zillow-d3dd627,Zillow,evidence_grade,C,global_real_estate_pioneers_agent.csv,"[""https://zillow.com/""]",2026-08-30,C,preserved_source_assertion
ast-c3aa69f3afc8,org-zillow-d3dd627,Zillow,evidence_grade,A,proptech_startups_agent.csv,"[""https://zillow.com/""]",2026-08-30,A,preserved_source_assertion
ast-430b866c2ea9,org-zillow-d3dd627,Zillow,founding_year,2006,proptech_startups_agent.csv,"[""https://zillow.com/""]",2026-08-30,A,preserved_source_assertion
ast-5dc4507d4eab,org-zillow-d3dd627,Zillow,hq_country,United States,global_real_estate_pioneers_agent.csv,"[""https://zillow.com/""]",2026-08-30,C,preserved_source_assertion
ast-a4a5799e9aee,org-zillow-d3dd627,Zillow,hq_country,United States,proptech_startups_agent.csv,"[""https://zillow.com/""]",2026-08-30,A,preserved_source_assertion
ast-7c65ebf271f7,org-zillow-d3dd627,Zillow,maturity,Public,proptech_startups_agent.csv,"[""https://zillow.com/""]",2026-08-30,A,preserved_source_assertion
ast-11d7424bc7c3,org-zillow-d3dd627,Zillow,primary_lifecycle,Sales,proptech_startups_agent.csv,"[""https://zillow.com/""]",2026-08-30,A,preserved_source_assertion
ast-98f07165f82a,org-zillow-d3dd627,Zillow,primary_lifecycle,L/S/H,global_real_estate_pioneers_agent.csv,"[""https://zillow.com/""]",2026-08-30,C,preserved_source_assertion
ast-1322ac2d1631,org-zillow-d3dd627,Zillow,relevance_tier,B,global_real_estate_pioneers_agent.csv,"[""https://zillow.com/""]",2026-08-30,C,preserved_source_assertion
ast-c074a5c5f4ec,org-zillow-d3dd627,Zillow,relevance_tier,A,proptech_startups_agent.csv,"[""https://zillow.com/""]",2026-08-30,A,preserved_source_assertion
ast-4b0300f68527,org-zillow-d3dd627,Zillow,secondary_lifecycle,Data,proptech_startups_agent.csv,"[""https://zillow.com/""]",2026-08-30,A,preserved_source_assertion
ast-71e7bf381e69,org-zillow-d3dd627,Zillow,status,Active,proptech_startups_agent.csv,"[""https://zillow.com/""]",2026-08-30,A,preserved_source_assertion
ast-a3b4676e0655,org-zillow-d3dd627,Zillow,status,active,global_real_estate_pioneers_agent.csv,"[""https://zillow.com/""]",2026-08-30,C,preserved_source_assertion
ast-d8816be5dc4f,org-zillow-d3dd627,Zillow,status_as_of,2026-08-30,proptech_startups_agent.csv,"[""https://zillow.com/""]",2026-08-30,A,preserved_source_assertion
