record_id,name,canonical_name,canonical_url,status,status_as_of,hq_country,operating_regions,founding_year,entity_type,business_model,cohort_or_ecosystem,primary_lifecycle,secondary_lifecycle,category,maturity,evidence_grade,jcx_relevance,relevance_tier,scale_signal,tech_strategy,innovation_model,named_initiatives,headline_claim,claim_type,caveats,source_urls,last_verified,source_datasets,merged_record_count,status_conflict,identity_note
org-31ventures-1867c79,31VENTURES,31VENTURES,https://www.31ventures.jp/en/,active,,Japan,Japan global,,developer-led CVC venture client,,,L/S/H/O/E,,,,A,Strong developer venture-client model for JCX,A,¥43.5bn CVC total; 69 invested companies; 190 collaborations cumulative 2016-24,Combines startup services with Mitsui Fudosan assets and divisions,Fund + workspace + community,CVC I; CVC II; Growth I; Akerun; World Farm,"7,100 potential investments/collaborations; 1,100 matches; 190 collaborations; 69 invested companies; 89 tenants",company-reported,Activity counts are not financial returns,https://www.31ventures.jp/en/|https://www.31ventures.jp/en/about/|https://www.31ventures.jp/en/fund/|https://www.31ventures.jp/en/case/,2026-08-30,global_real_estate_pioneers_agent.csv,1,false,
org-aldar-properties-4218e8b,Aldar Properties,Aldar Properties,https://www.aldar.com/,active,,United Arab Emirates,UAE United Kingdom,,developer asset manager education hospitality,,,L/S/F/H/O/E,,,,A,Closest Gulf benchmark for digital sales and pilot-to-scale,A,FY2024 revenue AED23.0bn; digital platforms 4.2m visits,"Digital sales, agreements, startup pilots and smart connectivity",Startup collaboration and internal product teams,Live Aldar; Innovation; WiredScore/SmartScore; water recycling,4.2m visits; 45% international; >70% usage; 92% digital agreements; water systems 4 to 11 in 2024,company-reported,Definitions and causal attribution should be displayed,https://www.aldar.com/|https://www.aldar.com/aldar-report2024/documents/aldar-annual-report-2024_compressed-1.pdf|https://cdn.aldar.com/en/news-and-media/aldar-fy-2024-financial-results,2026-08-30,global_real_estate_pioneers_agent.csv,1,false,
org-alice-technologies-3d2a5de,ALICE Technologies,ALICE Technologies,https://www.alicetechnologies.com/,active,2026-08-30,United States,North America Europe Australia and global,,private company,enterprise SaaS subscription and implementation,Brick & Mortar Ventures || JLL Spark,L5 Construction delivery,L2 Feasibility; L4 Design and preconstruction; L9 Portfolio management,AI construction scheduling simulation and optioneering,scaleup,A,A distinct benchmark for scenario-based project planning and schedule optimization before and during delivery,A,,,,,"ALICE Plan, Optimize and Model support 2D schedule visualization, P6 or MSP schedule optimization, BIM-based modelling and construction scenario simulation.",official product description,"Optimization, time and cost benefits are vendor or customer claims unless independently measured; fit depends on disciplined schedules, WBS and BIM inputs.",https://www.alicetechnologies.com/|https://www.alicetechnologies.com/construction-optioneering|https://brickmortar.vc/portfolio|https://spark.jllt.com/portfolio/,2026-08-30,final_residual_additions.csv,1,false,
org-altus-group-argus-intelligence-argus-enterprise-3e9e2c7,Altus Group ARGUS Intelligence / ARGUS Enterprise,Altus Group ARGUS Intelligence / ARGUS Enterprise,https://www.altusgroup.com/solutions/argus-enterprise/,active,2026-08-30,Canada,Global,unknown,public company,enterprise software licensing and cloud services,Independent,L2 Feasibility,L3 Capital/finance/L9 Portfolio,commercial real-estate valuation cash-flow forecasting and portfolio intelligence,enterprise,A,High,A,,,,,ARGUS Enterprise provides lease-by-lease cash-flow modeling valuation budgeting scenario analysis and asset management within ARGUS Intelligence,official product description; public-company filing,Profile Altus/ARGUS as one product family; valuation-standard and adoption claims require attribution,https://www.altusgroup.com/solutions/argus-enterprise/|https://www.altusgroup.com/argus/|https://assets.ctfassets.net/8jgyidtgyr4v/5JvyDH3YNv4OXX5GbjMkvl/2a9d210f709762517c3e55477457ac3f/Altus_Group_Limited_MDA_2025Q4.pdf,2026-08-30,enterprise_platform_additions.csv,1,false,
org-archistar-2a1bcac,Archistar,Archistar,https://www.archistar.ai/,active,2026-08-30,Australia,Australia-US-Canada-UK-UAE-Saudi-NZ,Unknown,private-startup,subscription-data-pilots,NSW-AI-Planning-panel-government-grant,site-selection-feasibility,3D-generative-design-applications,AI-feasibility-planning,scale,A,RAJUK-CDA-DAP-feasibility,A,,,,,planning-data-does-not-transfer-licensed-signoff,government-company,unknown,https://www.archistar.ai/|https://www.archistar.ai/for-property-developers-legacy/|https://www.planning.nsw.gov.au/news/nsw-government-bringing-planning-21st-century,2026-08-30,regional_companies_agent.csv,1,false,
org-auar-c47f01d,AUAR,AUAR,https://auar.io/,active,2026-08-30,United Kingdom,Europe,,private company,hardware plus deployment services,Shadow Ventures,L5 Construction,L4 Design,automated architecture and modular construction robotics,seed,A,High,A,,,,,Deploys on-demand robotic microfactories to produce modular building components with low upfront capital.,product description,Shadow marks the investment as seed and 2025; production and unit economics require diligence.,https://auar.io/|https://shadow.vc/investments/auar|https://auar.io/how-it-works,2026-08-30,startup_core_additions.csv,1,false,
org-aurora-solar-62db3f0,Aurora Solar,Aurora Solar,https://www.aurorasolar.com/,active,2026-08-30,United States,Global,2013,Company,SaaS,Fifth Wall,Climate,Sales,Solar design sales finance,Scaleup,A,Medium,A,,,,,Cloud PV design proposals workflow and installer sales,Company/VC scale claim,Local tariff net-metering roofs EPC and finance,https://www.aurorasolar.com/|https://www.fifthwall.com/portfolio,2026-08-30,proptech_startups_agent.csv,1,false,
org-aurum-proptech-3c687dc,Aurum-PropTech,Aurum-PropTech,https://www.aurumproptech.in/,active,2026-08-30,India,India,Unknown,public-company,portfolio-SaaS-transactions,NSE-BSE-Aurum-ecosystem,property-data-capital-platforms,rental-analytics-investment,integrated-PropTech-holding,scale,A,ecosystem-acquisition-benchmark,A,,,,,portfolio-and-market-potential-are-company-statements,company-page,unknown,https://www.aurumproptech.in/|https://www.aurumproptech.in/about,2026-08-30,regional_companies_agent.csv,1,false,
org-banner-37f93a0,Banner,Banner,https://www.ycombinator.com/companies/banner,active,2026-08-30,United States,United States,2019,Company,SaaS,YC S2019,Operations,Data,Real-estate operating system,Scaleup,B,High,A,,,,,Acquisition-to-disposition workflow and admin automation,YC self-description,Claims not independently verified and local fit,https://www.ycombinator.com/companies/banner,2026-08-30,proptech_startups_agent.csv,1,false,
org-bentley-systems-ecbac87,Bentley Systems,Bentley Systems,https://www.bentley.com/en/products/itwin-platform/,active,2026-08-30,United States,Global,1984,public company,enterprise software licensing and cloud services,Public,L4 Design,L5 Construction/L8 Property operations/L9 Portfolio,infrastructure digital twins and engineering data platform,enterprise,A,High,A,,,,,iTwin federates engineering BIM reality GIS IoT schedule and enterprise data into open-API infrastructure digital twins,official product description and customer stories,Infrastructure-led rather than residential PropTech; implementation and proprietary schemas can create integration complexity.,https://www.bentley.com/en/products/itwin-platform/|https://www.bentley.com/en/products/itwin-iot/,2026-08-30,coverage_gap_additions.csv,1,false,
org-blackstone-86cff53,Blackstone,Blackstone,https://www.blackstone.com/,active,2026-08-30,United States,Global,1985,owner/manager and investment platform,capital allocation plus operating platforms and strategic investments,Independent,L/F/O/E,L/D/C/O/E,global real-assets owner-manager and digital-infrastructure investor,scale platform,A,Capital and data-centre power/land strategy changes JCX’s infrastructure and owner-operator thesis; QTS/AirTrunk are the operating comparators,A,,,,,Official AI strategy describes QTS and AirTrunk data-centre platforms; 2026 10-K available,company-reported strategy and scale,Data-centre/AUM/pipeline claims are attributed; distinguish Blackstone corporate strategy from portfolio-company operations,https://www.blackstone.com/|https://www.blackstone.com/investing-in-ai/|https://www.blackstone.com/insights/article/behind-the-deal-airtrunk/|https://ir.blackstone.com/sec-filings/sec-filings-details/default.aspx?FilingId=19199346,2026-08-30,operator_coverage_additions.csv,1,false,
org-blend-f9b1cd1,Blend,Blend,https://www.blend.com/,active,2026-08-30,United States,United States,2012,Company,Enterprise SaaS/API,Fifth Wall,Finance,Transaction,Digital mortgage lending,Public,A,Medium,A,,,,,Digital lending infrastructure used by banks,Company/VC scale claim,US licensing and banking rails do not transfer,https://www.blend.com/|https://www.fifthwall.com/portfolio,2026-08-30,proptech_startups_agent.csv,1,false,
org-bouygues-construction-da06c6d,Bouygues Construction,Bouygues Construction,https://www.bouygues-construction.com/,active,,France,Europe global,,construction contractor developer,,,D/C/E,,,,A,Innovation-centre and circular-construction comparator,A,"Bouygues Group 200,000 employees","Green and digital construction through centres, pilots and R&D",Scale One; MIT/EPFL/IP Paris partnerships,Scale One; Cyneo; Trimble pilots,No independently verified project ROI disclosed,observed,Programme evidence stronger than outcomes,https://www.bouygues-construction.com/|https://www.bouygues.com/integrated-report-2024/doc/article/29/|https://www.bouygues-construction.com/sites/default/files/bycn_financier_gb_2024_0.pdf,2026-08-30,global_real_estate_pioneers_agent.csv,1,false,
org-brainbox-ai-f5deb8d,BrainBox AI,BrainBox AI,https://brainboxai.com/,active,2026-08-30,Canada,Global,2014,Company,SaaS plus controls,Independent,Climate,Facilities,HVAC energy optimization,Scaleup,A,Medium,A,,,,,AI controls HVAC using BMS data,Product description,BMS interoperability hot/humid calibration and controls liability,https://brainboxai.com/,2026-08-30,proptech_startups_agent.csv,1,false,
org-brick-and-bolt-4809c48,Brick & Bolt,Brick & Bolt,https://www.bricknbolt.com/,active,2026-08-30,India,India,2018,private company,turnkey construction services marketplace and managed contractor network,Foundamental,L5 Construction delivery,L4 Design and preconstruction; L6 Marketing and sales; L11 Handover and warranty,tech-enabled end-to-end home and commercial construction delivery,scaleup,A,A highly relevant South Asian benchmark for productizing fragmented design-to-build delivery with digital transparency and milestone controls,A,,,,,"Brick & Bolt combines design, fixed-scope construction, digital project tracking, escrow-linked milestone payments and multi-stage quality checks in one customer journey.",official product and operating-model description,"Homeowner, quality-check, delivery and delay claims are company-reported; assess contractor governance, city-level economics and complaint history before treating scale as quality proof.",https://www.bricknbolt.com/|https://www.bricknbolt.com/commercial-construction-company|https://www.foundamental.com/portfolio,2026-08-30,final_residual_additions.csv,1,false,
org-brimstone-75851e3,Brimstone,Brimstone,https://www.brimstoneenergy.com/,active,2026-08-30,United States,Global,2019,Company,Deeptech/materials,Fifth Wall,Climate,Construction,Low-carbon cement,Early/scaleup,A,Medium,A,,,,,Carbon-negative Portland cement technology,Portfolio/product description,Scale economics standards and certification,https://www.brimstoneenergy.com/|https://www.fifthwall.com/portfolio,2026-08-30,proptech_startups_agent.csv,1,false,
org-brkz-3da166c,BRKZ,BRKZ,https://brkz.com/en,active,2026-08-30,Saudi Arabia,Saudi-Arabia-MENA,2022,private-growth,marketplace-financing,Beco-9900-Waed,materials-procurement,embedded-finance-equipment-manpower,managed-B2B-contech,scale,B/A,procurement-credit,A,,,,,US8m-2024-and-US17m-2025-releases-verify-current-financials,company-plus-press,unknown,https://brkz.com/en|https://www.wamda.com/en/2024/03/brkz-secures-8-million-series-round|https://www.globenewswire.com/news-release/2025/02/10/3023492/0/en/BRKZ-closes-17M-Series-A-to-transform-construction-procurement-as-Saudi-Arabia-s-3T-project-pipeline-accelerates.html,2026-08-30,regional_companies_agent.csv,1,false,
org-building-transparency-be3d8ba,Building Transparency,Building Transparency,https://www.buildingtransparency.org/,active,2026-08-30,United States,Global,,nonprofit organization,free open-access tool data services API and partner support,,L10 ESG climate and resilience,L4 Design and preconstruction; L5 Construction delivery; L12 Data and trust,EC3 open embodied-carbon data EPD comparison and procurement infrastructure,open infrastructure at scale,A,Provides the missing open data and interoperability layer connecting material EPDs to design procurement policy and portfolio decisions,A,,,,,"Building Transparency's EC3 is a free open-access database and decision tool for measuring, comparing and reducing embodied carbon in construction materials and projects.",official nonprofit and product description,"Observed reductions and project outcomes are nonprofit or partner-reported and depend on local EPD coverage, baselines, procurement rules and data quality.",https://www.buildingtransparency.org/|https://www.buildingtransparency.org/tools/ec3/|https://docs.buildingtransparency.org/,2026-08-30,final_residual_additions.csv,1,false,
org-buildots-abeb197,Buildots,Buildots,https://buildots.com/,active,2026-08-30,Israel,Global,2018,Company,Enterprise SaaS,Independent,Construction,Design,AI progress verification,Scaleup,B,High,A,,,,,AI compares site imagery with BIM/schedule to flag variance,Customer/vendor case,NCC result not a JCX forecast; needs reliable BIM/schedule,https://buildots.com/|https://buildots.com/case-studies/ncc-partners-with-buildots/,2026-08-30,proptech_startups_agent.csv,1,false,
org-built-technologies-83f4505,Built Technologies,Built Technologies,https://getbuilt.com/,active,2026-08-30,United States,United States,2014,Company,SaaS,Fifth Wall,Finance,Construction,Construction lending/payments,Scaleup,A,Medium,A,,,,,Cloud draw management and construction loan administration,Product description,Local KYC banking and legal enforceability,https://getbuilt.com/|https://www.fifthwall.com/portfolio,2026-08-30,proptech_startups_agent.csv,1,false,
org-butterflymx-e90e3bb,ButterflyMX,ButterflyMX,https://butterflymx.com/,active,2026-08-30,United States,Global,2014,Company,Hardware plus SaaS,Fifth Wall,Security,Operations,Access control/intercom,Scaleup,A,Medium,A,,,,,Smartphone video intercom access and communications,Product description,Installer power connectivity privacy and emergency access,https://butterflymx.com/|https://www.fifthwall.com/portfolio,2026-08-30,proptech_startups_agent.csv,1,false,
org-capitaland-investment-6aab108,CapitaLand Investment,CapitaLand Investment,https://www.capitaland.com/,active,,Singapore,Asia global,,asset manager developer lodging,,,L/S/H/O/E,,,,A,Physical-asset plus community-commerce data layer,A,Target S$200bn FUM by 2028; >130 assets managed in Singapore/India/China,Proprietary customer and asset platforms,CapitaStar and asset-light management,CapitaStar; workspace ecosystem,CapitaStar tenant sales S$1.3bn Singapore and RMB7.3bn China in 2024,company-reported,Sales include location/product mix; causality unproven,https://www.capitaland.com/|https://ir.capitalandinvest.com/misc/ar2024/toc/|https://ir.capitalandinvest.com/,2026-08-30,global_real_estate_pioneers_agent.csv,1,false,
org-carboncure-3c06351,CarbonCure,CarbonCure,https://www.carboncure.com/,active,2026-08-30,Canada,Global,2012,Company,Technology licensing,Taronga RealTechX,Climate,Construction,Low-carbon concrete,Scaleup,A,Medium,A,,,,,CO2 mineralization in concrete,Portfolio/product description,Local standards supply certification price QA,https://www.carboncure.com/|https://tarongagroup.com/realtechx/,2026-08-30,proptech_startups_agent.csv,1,false,
org-cherre-167c4aa,Cherre,Cherre,https://cherre.com/,active,2026-08-30,United States,Global,2016,Company,Enterprise SaaS/API,Independent,Data,Operations,Property data graph,Scaleup,A,High,A,,,,,Connects ownership market and asset data into a property graph,Product description,Local data rights entity resolution and integration,https://cherre.com/,2026-08-30,proptech_startups_agent.csv,1,false,
org-civils-ai-9dff211,Civils.ai,Civils.ai,https://civils.ai/,active,2026-08-30,Singapore,Southeast Asia and global,2022,private company,SaaS subscription,CEMEX Ventures Construction Startup Competition 2026 APAC finalists,L5 Construction,L4 Design,AI takeoffs and civil-engineering document review,early,A,High,A,,,,,Applies AI to civil-engineering takeoffs and technical-document review for contractors and engineering firms.,company product description,Customer and project reach are company-reported; do not merge with CivCheck.,https://civils.ai/|https://www.cemexventures.com/startup-competition-2026-apac-finalists/|https://civils.ai/about,2026-08-30,startup_core_additions.csv,1,false,
org-climate-x-d8b546c,Climate X,Climate X,https://www.climate-x.com/,active,2026-08-30,United Kingdom,Global,unknown,private startup,enterprise SaaS and API,Independent,L10 ESG,L1 Land/site/L2 Feasibility/L3 Capital/finance/L9 Portfolio,physical climate risk financial-loss and adaptation CapEx analytics,scaleup,A,High,A,,,,,"Spectra translates asset-level climate hazards into financial loss, scenario and adaptation investment decisions with enterprise APIs",official product description; company-reported scale,$13.5T AUM managed is company-reported; scenario assumptions and regional calibration require diligence,https://www.climate-x.com/|https://www.climate-x.com/faqs|https://www.climate-x.com/industries,2026-08-30,enterprise_platform_additions.csv,1,false,
org-cocoon-ff50211,Cocoon,Cocoon,https://www.cocooncarbon.com/,active,2026-08-30,United Kingdom,Europe North America and global,,private company,industrial technology plus materials sales,2150,L5 Construction,L10 Climate/energy,steel-slag cement replacement and materials decarbonization,early,A,High,A,,,,,Converts electric-arc-furnace steel slag into a low-carbon supplementary cementitious material.,product description,Already discovery-only; use legal/company identity Cocoon Carbon and avoid generic Cocoon collisions.,https://www.cocooncarbon.com/|https://www.2150.vc/investments/cocoon|https://www.cocooncarbon.com/about,2026-08-30,startup_core_additions.csv,1,false,
org-concreteai-886747c,ConcreteAI,ConcreteAI,https://www.concreteai.io/,active,2026-08-30,Singapore,Southeast Asia and global,2022,private company,hardware plus SaaS,CEMEX Ventures Construction Startup Competition 2026 APAC finalists,L5 Construction,L10 Climate/energy,concrete strength temperature and quality monitoring,early,A,High,A,,,,,"Monitors concrete strength and temperature to improve quality assurance, reduce waste and support lower-carbon decisions.",company product description,Singapore concreteai.io is distinct from US Concrete.ai; customer and structure counts are company-reported.,https://www.concreteai.io/|https://www.cemexventures.com/startup-competition-2026-apac-finalists/|https://www.concreteai.io/about_us,2026-08-30,startup_core_additions.csv,1,false,
org-cupix-384c862,Cupix,Cupix,https://www.cupix.com/,active,2026-08-30,South Korea,Asia North America and global,,private company,SaaS subscription plus capture integrations,BuiltWorlds Building Tech Top 50 2025,L5 Construction,L4 Design,4D digital twins from 360 video laser drone and BIM,scaleup,A,High,A,,,,,Builds 4D digital twins from site captures and BIM for progress facilities and handover workflows.,product description,Global project and efficiency claims are company-reported; confirm current legal HQ during enrichment.,https://www.cupix.com/|https://builtworlds.com/insights/2025-building-tech-top-50-list/,2026-08-30,startup_core_additions.csv,1,false,
org-d-r-horton-df5d6bc,D.R. Horton,D.R. Horton,https://investor.drhorton.com/,active,2026-08-30,United States,North America,1978,developer and production homebuilder,"standardized production, digital marketing, mortgage/title and warranty",Independent,L/D/C/S/F/H,O,high-volume homebuilder and captive-finance operator,scale operator,A,Adds the largest-volume production benchmark and first-time-buyer funnel for JCX residential repeatability,A,,,,,FY2025 annual report states nearly 85K homes and digital marketing channels,company-reported scale and operating description,Do not infer advanced AI from generic technology language; homes delivered are not technology outcomes,https://investor.drhorton.com/|https://investor.drhorton.com/financial-information/financial-reports/annual-reports|https://investor.drhorton.com/~/media/Files/D/D-R-Horton-IR/documents/quarterly-reports/2025-dhi-annual-report.pdf,2026-08-30,operator_coverage_additions.csv,1,false,
org-dealpath-d87900f,Dealpath,Dealpath,https://www.dealpath.com/,active,2026-08-30,United States,Global,unknown,private company,enterprise SaaS and integrations,Independent,L2 Feasibility,L3 Capital/finance/L9 Portfolio,CRE investment pipeline underwriting CRM deal execution and portfolio intelligence,enterprise,A,High,A,,,,,AI-powered CRE investment operating system for pipeline screening deal execution portfolio insight governance and integrations,official product description; company-reported scale,300+ firms and $10T+ transactions supported are company-reported; AI outcomes need customer-level evidence,https://www.dealpath.com/|https://www.dealpath.com/platform/|https://www.dealpath.com/company/,2026-08-30,enterprise_platform_additions.csv,1,false,
org-deepki-90fc92a,Deepki,Deepki,https://www.deepki.com/platform/,active,2026-08-30,France,Europe/global,2014,private company,enterprise SaaS and advisory,Independent,L10 ESG,L8 Property operations/L9 Portfolio,real-estate sustainability data climate risk and CapEx planning,scaleup,A,High,A,,,,,"Centralizes utility and sustainability data, climate risk, compliance, virtual retrofit and CapEx decisions; official site reports 600+ companies and 6,500+ buildings monitored",company-reported scale and product description,Reported 32% energy reduction and 40% reporting-time savings are company claims; Bangladesh utility factors and disclosure requirements differ.,https://www.deepki.com/platform/|https://www.deepki.com/,2026-08-30,coverage_gap_additions.csv,1,false,
org-digital-realty-5bd2bb5,Digital Realty,Digital Realty,https://www.digitalrealty.com/,active,2026-08-30,United States,Global Americas EMEA APAC,2001,REIT and infrastructure operator,"colocation, connectivity, data sovereignty, AI capacity and sustainable facilities",Independent,L/D/C/O/E,F,global data-centre owner/operator and interconnection platform,scale platform,A,Creates a concrete neutral-colocation and digital-infrastructure benchmark adjacent to Related Digital and Keppel,A,,,,,"2025 10-K reports 300+ facilities, 55+ metros, 30+ countries, ~2.9GW in-place IT capacity and ~770MW under construction",official filing and company product description,"Capacity, uptime and sustainability claims are company-reported; separate owned operations from customer workloads",https://www.digitalrealty.com/|https://investor.digitalrealty.com/financials/annual-reports|https://www.sec.gov/Archives/edgar/data/1297996/000110465926015365/dlr-20251231x10k.htm|https://www.digitalrealty.com/platform-digital,2026-08-30,operator_coverage_additions.csv,1,false,
org-dronedeploy-51fed53,DroneDeploy,DroneDeploy,https://www.dronedeploy.com/,active,2026-08-30,United States,North America and global,,private company,SaaS subscription plus capture hardware integrations,BuiltWorlds Building Tech Top 50 2025,L5 Construction,L9 Portfolio,visual AI drone and reality capture for construction,scaleup,A,High,A,,,,,Provides visual AI and drone/reality capture for construction progress quality safety and site operations.,product description,StructionSite was acquired by DroneDeploy in 2022; keep the acquired product as lineage rather than a second active company.,https://www.dronedeploy.com/|https://builtworlds.com/insights/2025-building-tech-top-50-list/,2026-08-30,startup_core_additions.csv,1,false,
org-dubizzle-group-bayut-936a17a,Dubizzle Group / Bayut,Dubizzle Group / Bayut,https://www.dubizzlegroup.com/our-brands/,active,2026-08-30,United Arab Emirates,MENA,2005,private company,listing subscriptions CRM data APIs and advertising,Independent,L6 Marketing/sales,L9 Portfolio/L3 Capital/finance,property classifieds market intelligence and agent workflow,scaleup,A,High,A,,,,,"Bayut and dubizzle combine marketplace distribution with property intelligence, automated valuation, DLD-linked transactions and agent tools",company product description and group disclosure,Bayut is a brand within Dubizzle Group; deduplicate group and brand in the website; investor and market-leadership claims need date labels.,https://www.dubizzlegroup.com/our-brands/|https://www.dubizzlegroup.com/,2026-08-30,coverage_gap_additions.csv,1,false,
org-dusty-robotics-c2631b0,Dusty Robotics,Dusty Robotics,https://www.dustyrobotics.com/,active,2026-08-30,United States,North America,2018,private startup,robotics hardware plus software/services,Independent,L5 Construction,L4 Design,autonomous BIM-driven construction layout robot,scaleup,A,High,A,,,,,FieldPrinter prints coordinated multi-trade BIM layout on slabs; official customer page reports deployment on hundreds of North American projects,company product description and customer stories,Product is currently available in North America; case outcomes are customer/vendor-reported and local labor economics may differ.,https://www.dustyrobotics.com/|https://www.dustyrobotics.com/customers|https://www.dustyrobotics.com/customer-stories/skanska-case-study,2026-08-30,coverage_gap_additions.csv,1,false,
org-eliseai-312bd83,EliseAI,EliseAI,https://eliseai.com/,active,2026-08-30,United States,North America,unknown,private startup,AI SaaS and services,Independent,L6 Marketing/sales,L7 Occupancy/L8 Property operations,AI leasing resident communications CRM and property-operations workflow,scaleup,A,High,A,,,,,Housing AI synchronizes PMS and CRM data to automate prospect resident and operations workflows across the resident journey,official product description; company-reported scale,"1-in-6 apartments, $400m funding, $200m ARR and conversation counts are company-reported",https://eliseai.com/|https://eliseai.com/about-us|https://eliseai.com/platform-overview|https://info.eliseai.com/hubfs/One-Pager-Product-Resident-EliseCRM-PMC-Final.pdf,2026-08-30,enterprise_platform_additions.csv,1,false,
org-emaar-development-402d000,Emaar Development,Emaar Development,https://properties.emaar.com/,active,,United Arab Emirates,UAE global hospitality markets,,developer hospitality,,,L/D/S/H/O/E,,,,A,Enterprise analytics and digital transaction reference,A,Large UAE developer; exact scale not extracted,"AI, analytics, IoT, cloud and automation",Exploring Group Innovation Hub; internal IT transformation,Project Hawkeye; Vyom; IT Transformation,No causal ROI disclosed,observed,Adoption and ROI not disclosed,https://properties.emaar.com/|https://properties.emaar.com/wp-content/uploads/2025/03/Emaar-Development_Integrated-Report-for-the-Year-2024_EN.pdf,2026-08-30,global_real_estate_pioneers_agent.csv,1,false,
org-equinix-db3cddd,Equinix,Equinix,https://www.equinix.com/,active,2026-08-30,United States,Global Americas EMEA APAC,1998,REIT-like infrastructure operator and network ecosystem,"xScale, interconnection, metro footprints, digital sovereignty and uptime",Independent,L/D/C/O/E,F,"global data-centre, colocation and interconnection operator",scale platform,A,Adds the network/ecosystem layer between physical real estate and cloud; relevant to JCX data and service architecture,A,,,,,"2025 10-K reports 280 facilities, 77 markets, 36 countries, 10,500+ customers and 99.9999%+ uptime",official filing and company platform description,Operational uptime and customer counts are company-reported; interconnection is not a property-management SaaS proxy,https://www.equinix.com/|https://investor.equinix.com/about-equinix/annual-reports-proxy|https://investor.equinix.com/sec-filings/all-sec-filings/content/0001101239-26-000032/eqix-20251231.htm,2026-08-30,operator_coverage_additions.csv,1,false,
org-esr-group-5cc4f98,ESR Group,ESR Group,https://www.esr.com/,active,2026-08-30,Singapore,Asia-Pacific including India Japan Korea Greater China Southeast Asia ANZ,2011,integrated development and fund-management platform,"new-economy logistics, hyperscale data centres, infrastructure and decarbonization",Independent; private since 2025-07-04,L/D/C/O/E,F,"APAC logistics, data-centre and infrastructure real-asset owner/manager",scale platform,A,Fills the APAC new-economy operating gap across markets that matter to JCX and adds a privatization/governance case,A,,,,,Current IR page reports US$77.3B total AUM at 31 Dec 2025; official release documents privatization and data-centre pipeline,official company reporting,Status is private after delisting; AUM and pipeline are company-reported; avoid stale listed-company assumptions,https://www.esr.com/|https://www.esr.com/investor-relations/|https://www.esr.com/news/esr-completes-privatisation-strengthens-leadership-team/|https://www.esr.com/news/esr-group-reports-fy2024-results-demonstrates-business-resilience-as-its-clear-core-focus-on-logistics-real-estate-data-centres-and-infrastructure-drives-next-phase-of-growth/,2026-08-30,operator_coverage_additions.csv,1,false,
org-facilio-ee1952a,Facilio,Facilio,https://facilio.in/,active,2026-08-30,India,India-UAE-US-Singapore-Australia-UK || Global,2017,private-growth || Company,enterprise-subscription-implementation || SaaS plus integration,Accel-Tiger-Dragoneer-Brookfield || Taronga RealTechX,property-operations-maintenance || Facilities,IoT-energy-tenant-experience-AI || Climate,connected-CMMS-building-SaaS || Connected FM/BMS,scale || Scaleup,B,post-handover-energy || High,A,,,,,dated-funding-official-metrics-mostly-company-claims || Work orders assets IoT/BMS and tenant experience,company-releases || Customer/vendor case,unknown || Controls protocols meters cybersecurity and service ownership,https://facilio.in/|https://facilio.com/newsroom/series-a/|https://facilio.com/newsroom/series-b/|https://facilio.in/about/|https://facilio.com/|https://facilio.com/case-study/al-fajer/|https://tarongagroup.com/realtechx/,2026-08-30,proptech_startups_agent.csv|regional_companies_agent.csv,2,false,
org-field-materials-05352ab,Field Materials,Field Materials,https://www.fieldmaterials.com/,active,2026-08-30,United States,North America and global,,private company,SaaS subscription,Zacua Ventures,L5 Construction,L3 Capital/finance,construction procurement AP and inventory software,early,A,High,A,,,,,Connects construction purchasing vendor discovery inventory and accounts-payable workflows.,company product description,Orders projects vendors and geographic reach are company-reported; verify current customer concentration.,https://www.fieldmaterials.com/|https://zacuaventures.com/portfolio/|https://www.fieldmaterials.com/about,2026-08-30,startup_core_additions.csv,1,false,
org-funnel-leasing-6474af3,Funnel Leasing,Funnel Leasing,https://funnelleasing.com/,active,2026-08-30,United States,North America,,private company,SaaS subscription,RET Ventures,L6 Marketing/sales,L8 Property operations,multifamily renter-management and leasing CRM,scaleup,A,High,A,,,,,Provides a connected inquiry-to-renewal renter-management workflow for multifamily operators.,product description,Already present discovery-only in the 690-record universe; promote to the 228 core after enrichment.,https://funnelleasing.com/|https://www.ret.vc/portfolio|https://funnelleasing.com/about/,2026-08-30,startup_core_additions.csv,1,false,
org-ga-technologies-renosy-af2b82d,GA-Technologies-RENOSY,GA-Technologies-RENOSY,https://www.ga-tech.co.jp/en/,active,2026-08-30,Japan,Japan-Thailand-China-US,2013,public-company,transactions-subscriptions-SaaS,Tokyo-Stock-Exchange-RENOSY-ITANDI,online-property-investment,asset-management-rental-AI-valuation,integrated-real-estate-tech,scale,A,property-data-flywheel,A,,,,,Japan-data-and-regulations-localize,annual-filing,unknown,https://www.ga-tech.co.jp/en/|https://edinetdb.jp/company/E34177/text?fy=2024|https://www.ga-tech.co.jp/en/company/history/,2026-08-30,regional_companies_agent.csv,1,false,
org-gigaton-140a05c,Gigaton,Gigaton,https://gigaton.co/,active,2026-08-30,United Kingdom,Europe and global,,private company,SaaS plus industrial deployment,2150,L5 Construction,L10 Climate/energy,AI control and decarbonization of cement plants,scaleup,A,High,A,,,,,"Uses AI to autonomously control energy-intensive plants, starting with cement, to reduce cost and emissions.",product description,Already discovery-only; gigaton.co is distinct from Gigaton CO2 at gigatonco2.com.,https://gigaton.co/|https://www.2150.vc/investments/gigaton|https://gigaton.co/product,2026-08-30,startup_core_additions.csv,1,false,
org-godrej-properties-b4130e4,Godrej Properties,Godrej Properties,https://www.godrejproperties.com/,active,,India,India 15+ cities,,residential commercial developer,,,D/S/H/O/E,,,,A,South Asian developer implementation reference,A,15+ cities and >21.7m sqm development,"AI analytics, digital platforms, smart-home and virtual engagement",Internal technology and partnerships,AI property analytics; virtual site visits; smart-home,15+ cities and >21.7m sqm; product ROI not disclosed,observed,Capabilities described more than controlled outcomes,https://www.godrejproperties.com/|https://www.godrejproperties.com/investors/investor-information|https://www.godrejindustries.com/public/uploads/subsidiaries_accounts/gpl-integrated-report-2024-25-jWKrCcH3RaISAacZufU.pdf,2026-08-30,global_real_estate_pioneers_agent.csv,1,false,
org-gravis-robotics-e4d6d83,Gravis Robotics,Gravis Robotics,https://www.gravisrobotics.com/,active,2026-08-30,Switzerland,Europe North America and global,,private company,hardware plus software,Zacua Ventures; CEMEX Ventures Construction Startup Competition Top 50 2025,L5 Construction,L10 Climate/energy,robotic retrofit for earthmoving equipment,scaleup,A,High,A,,,,,Retrofits earthmoving machinery with sensing and AI-enabled robotic control to raise throughput and fleet utilization.,company product description,Funding and performance signals are company-reported; maintain a separate identity from similarly named software firms.,https://www.gravisrobotics.com/|https://zacuaventures.com/portfolio/|https://www.cemexventures.com/top-50-2025/,2026-08-30,startup_core_additions.csv,1,false,
org-habi-716bf6f,Habi,Habi,https://habi.co/inicio,active,2026-08-30,Colombia,Colombia and Mexico,2019,private company,principal purchase resale and transaction services,Independent,L6 Marketing/sales,L3 Capital/finance/L9 Portfolio,instant home-buying and data-enabled resale platform,scaleup,A,High,A,,,,,"Uses technology and data to buy homes directly, renovate and resell; expanded from Colombia into Mexico",company product description,Principal inventory creates underwriting and working-capital risk; current operating scope and outcomes need financial verification.,https://habi.co/inicio|https://centro-ayuda.habi.co/hc/es-419/articles/20481671498011--Qu%C3%A9-es-Habi,2026-08-30,coverage_gap_additions.csv,1,false,
org-hexagon-11725d3,Hexagon,Hexagon,https://hexagon.com/company/divisions/geosystems,active,2026-08-30,Sweden,Global,1975,public company,hardware software and data services,Public,L4 Design,L5 Construction/L1 Land/site/L9 Portfolio,reality capture geospatial cadastral and construction QA,enterprise,A,High,A,,,,,"Combines reality capture, cadastral and geospatial data, autonomous sensors and deviation analysis for planning and construction QA",official product description,"Status, brands and divisions can change after the 2026 Octave separation; local survey licensing and hardware service matter.",https://hexagon.com/company/divisions/geosystems|https://hexagon.com/solutions/digital-realities,2026-08-30,coverage_gap_additions.csv,1,false,
org-hilton-49f73fa,Hilton,Hilton,https://www.hilton.com/,active,2026-08-30,United States,Global,1919,"asset-light hotel brand, reservation and loyalty platform","digital key, virtual-card B2B payments, reservation systems, loyalty and owner platform",Independent,S/H/O/F,F,global hospitality platform and operator/franchisor,scale platform,A,Adds a current guest/owner technology benchmark with explicit digital-platform and payment workflow evidence,A,,,,,"2025 10-K reports 9,158 properties/1.35m rooms and 243m Honors members; year-in-review documents platform modernization and virtual-card payments",official annual report and SEC filing,Guest/member scale is not property-tech ROI; separate franchise platform from owned assets,https://www.hilton.com/|https://ir.hilton.com/financial-reporting/annual-reports|https://stories.hilton.com/2025-annual-report|https://www.sec.gov/Archives/edgar/data/1585689/000158568926000025/a2025annualreportprint.pdf,2026-08-30,operator_coverage_additions.csv,1,false,
org-hippo-663710b,Hippo,Hippo,https://www.hippo.com/,active,2026-08-30,United States,US,2015,Company,Insurance/embedded,Fifth Wall,Insurance,Climate,Property insurance,Public/scaleup,A,Low,A,,,,,Digital property underwriting and claims,Portfolio/product description,Bangladesh licensing reinsurance and catastrophe claims,https://www.hippo.com/|https://www.fifthwall.com/portfolio,2026-08-30,proptech_startups_agent.csv,1,false,
org-honeywell-forge-for-buildings-900b78b,Honeywell Forge for Buildings,Honeywell Forge for Buildings,https://www.honeywell.com/us/en/honeywell-forge,active,2026-08-30,United States,Global,unknown,public company,hardware software and services,Honeywell,L8 Property operations,L10 ESG/L9 Portfolio,connected building performance remote operations sustainability and asset-health platform,enterprise,A,High,A,,,,,Honeywell Forge combines software hardware and services with open architecture for building efficiency sustainability resilience safety security and connected assets,official product description; company-reported scale,"32,000+ customers, 324,000+ sites and connected-asset counts are company-reported and include non-real-estate sites",https://www.honeywell.com/us/en/honeywell-forge|https://buildings.honeywell.com/us/en/solutions/buildings|https://buildings.honeywell.com/us/en/solutions/automation-solutions/sustainability/connected-solutions,2026-08-30,enterprise_platform_additions.csv,1,false,
org-houm-8d7c85c,Houm,Houm,https://houm.com/co/quienes-somos,active,2026-08-30,Chile,Chile Mexico and Colombia,2018,private startup,transaction and property-management fees,Y Combinator W2021,L6 Marketing/sales,L7 Occupancy/L8 Property operations,all-in-one residential marketplace and management,scaleup,A,High,A,,,,,"Digital workflow for renting, buying, selling and managing homes across three Latin American markets; company reports 20,000+ owners",company-reported scale and product description,"Owner and property metrics are company claims; country-specific tenancy, collections and service quality must be rechecked.",https://houm.com/co/quienes-somos|https://www.ycombinator.com/companies/houm,2026-08-30,coverage_gap_additions.csv,1,false,
org-housecanary-8bb8018,HouseCanary,HouseCanary,https://www.housecanary.com/,active,2026-08-30,United States,United States,2013,Company,SaaS/API,Independent,Land,Finance,Valuation analytics,Scaleup,A,Medium,A,,,,,AVM forecasts and portfolio analytics for property finance,Product description,Comparable sales and regulatory coverage not local,https://www.housecanary.com/,2026-08-30,proptech_startups_agent.csv,1,false,
org-jll-799c538,JLL,JLL,https://www.jll.com/,active,,United States,Global,,services brokerage facilities technology venture,,,F/S/H/O/E,,,,A,Data-workflow-distribution-venture benchmark for JCX,A,2025 revenue $26.1bn; PropTech investments fair value $340.1m,AI-forward proprietary data and workflow platforms,JLL Spark CVC plus internal product platform,Falcon; Azara; LeasingOS; Prism; Asset Beacon; Building Engines; Corrigo,"~600,000 JLL GPT prompts weekly; 900+ custom assistants; tens of thousands of users (2025)",company-reported,Adoption is not independently audited ROI,https://www.jll.com/|https://www.sec.gov/Archives/edgar/data/1037976/000103797626000037/jll-20251231.htm|https://spark.jllt.com/|https://s202.q4cdn.com/536608393/files/doc_financials/2025/ar/JLL_Annual-Report_2026_FINAL.pdf,2026-08-30,global_real_estate_pioneers_agent.csv,1,false,
org-jll-spark-b674956,JLL Spark,JLL Spark,https://spark.jllt.com/,active,,United States,Global,,corporate venture capital,,,F/S/O/E,,,,B,Strategic capital plus go-to-market model,A,$450m+ invested in 55+ early-stage built-world startups,Invests in scalable technology distributed through JLL,Dedicated CVC founded 2017,Global Ventures Funds; portfolio startups,$450m+ and 55+ startups,company-reported,Count is not proof of deployment or returns,https://spark.jllt.com/,2026-08-30,global_real_estate_pioneers_agent.csv,1,false,
org-johnson-controls-openblue-d609fb9,Johnson Controls OpenBlue,Johnson Controls OpenBlue,https://openblue.johnsoncontrols.com/,active,2026-08-30,Ireland,Global,unknown,public company,hardware software and services,Johnson Controls,L8 Property operations,L10 ESG/L9 Portfolio,AI-native BMS-agnostic building performance energy comfort and cybersecurity platform,enterprise,A,High,A,,,,,OpenBlue unifies building data and AI agents for autonomous performance energy comfort equipment workplace cybersecurity and interoperability,official product description; company/customer-reported outcome,"Energy reduction, onboarding and maintenance outcomes are company/customer claims; separate platform from JCI hardware/services",https://openblue.johnsoncontrols.com/|https://openblue.johnsoncontrols.com/openblue-intelligence|https://www.johnsoncontrols.com/media-center/news/press-releases/2026/08/04/johnson-controls-unveils-ai-powered-openblue-platform-expansions,2026-08-30,enterprise_platform_additions.csv,1,false,
org-juniper-square-860ebe0,Juniper Square,Juniper Square,https://www.junipersquare.com/,active,2026-08-30,United States,Global,unknown,private company,enterprise SaaS and fund-administration services,Independent,L3 Capital/finance,L9 Portfolio/L7 Occupancy,private-markets real-estate fund operating system,enterprise,A,High,A,,,,,Fundraising investor operations accounting treasury reporting data rooms payments and AI oversight in one GP/LP operating system,official product description; company-reported scale,"2,300+ GPs, $1T investor equity, valuation and customer scale are company-reported",https://www.junipersquare.com/|https://www.junipersquare.com/company/press,2026-08-30,enterprise_platform_additions.csv,1,false,
org-kajima-c9b2937,Kajima,Kajima,https://www.kajima.co.jp/english/,active,,Japan,Japan global,,construction developer,,,C/O,,,,A,Hard-tech automation reference for labour-shortage markets,A,Major Japanese contractor,"Automated heavy machinery, standardised expert movements and remote management",Internal R&D and production deployment,A⁴CSEL automated construction system,Operational at dam sites; productivity outcome not disclosed,observed,No quantified ROI in cited report,https://www.kajima.co.jp/english/|https://www.kajima.co.jp/english/sustainability/report/2025/pdf/ir_e_all.pdf,2026-08-30,global_real_estate_pioneers_agent.csv,1,false,
org-ke-holdings-beike-860ac7b,KE Holdings / Beike,KE Holdings / Beike,https://investors.ke.com/,active-public,2026-08-30,China,Mainland China,,public company and housing-services platform,brokerage commissions platform services renovation and emerging services,,L6 Marketing/sales,L3 Capital/finance; L7 Occupancy; L8 Property operations; L12 Data/trust,integrated online and offline housing transactions brokerage home renovation and housing services,public scale,A,China's largest structured housing-platform comparator closes a material geographic and operating-model gap,A,,,,,"The 2025 annual report records RMB 94.6 billion of revenue across existing-home, new-home, home-renovation and emerging services.",official filing and company-reported scale,"Revenue and platform metrics are company-reported; do not infer technology-caused performance, and distinguish the listed holding company from Beike and Lianjia brands.",https://investors.ke.com/|https://investors.ke.com/zh-hans/annual-reports|https://investors.ke.com/static-files/1fa581d1-e84c-4840-b898-0bfcd593000d,2026-08-30,final_residual_additions.csv,1,false,
org-keppel-5873745,Keppel,Keppel,https://www.keppel.com/,active,,Singapore,Asia global,,asset manager real estate infrastructure connectivity,,,F/O/E,,,,A,Property-energy-digital infrastructure convergence,A,$88bn FUM and $436m asset-management fees in 2024,"Converges real estate, energy, smart controls, data centres and connectivity",Asset-light transformation; funds and REITs,Smart controls; Keppel Data Centre Campus; Sustainable Urban Renewal,$70m recurring cost-savings target achieved two years early (group claim),company-reported,"Savings group-wide, not solely property-tech",https://www.keppel.com/|https://www.keppel.com/annualreport2024/|https://keppel.com/annualreport2024/theme/default/pdf/keppel-ltd-ar2024.pdf,2026-08-30,global_real_estate_pioneers_agent.csv,1,false,
org-la-haus-46fe911,La Haus,La Haus,https://www.lahaus.com/quienes-somos,active,2026-08-30,Colombia,Latin America,2017,private company,transaction and lead fees,Independent,L6 Marketing/sales,L1 Land/site/L3 Capital/finance,new-home marketplace and developer transaction platform,scaleup,A,High,A,,,,,Connects buyers with verified new-home developers and performs legal/reputational and title checks on projects,product description,Verification badges and investor claims are not proof of legal title or project delivery; Colombia and Mexico workflows differ from Bangladesh.,https://www.lahaus.com/quienes-somos,2026-08-30,coverage_gap_additions.csv,1,false,
org-landtech-82e0a84,LandTech,LandTech,https://land.tech/,active,2026-08-30,United Kingdom,UK/global,Unknown,Company,B2B SaaS,Pi Labs,Land,Data,Land sourcing planning,Scaleup,A,High,A,,,,,Land/development pipeline planning intelligence and appraisal,Portfolio/product description,UK-centric data and Bangladesh title gaps,https://land.tech/|https://pilabs.vc/portfolio?sort=date_desc,2026-08-30,proptech_startups_agent.csv,1,false,
org-lendlease-4cdee7b,Lendlease,Lendlease,https://www.lendlease.com/,active,,Australia,Australia Asia Europe United States,,developer constructor investment manager,,,L/D/C/O/E,,,,A,Design-to-operations and construction safety reference,A,OLi managed 230+ projects and ~$60bn opportunities in 2021,"Digitises origination, project delivery, asset management and digital twins",Product Development Centres; Digital Twin Consortium; partnerships,OLi; digital twins; BIM/IDD; drones; wearables,"569,216 sqm WELL-rated portfolio; 5m safe work hours at TRX (historical claims)",company-reported,Metrics are historical/project/company claims,https://www.lendlease.com/|https://www.lendlease.com/siteassets/lendlease/shared/investor-centre/announcements/reports/2021/2021-lendlease-annual-report-pdf.pdf|https://www.lendlease.com/siteassets/lendlease/shared/investor-centre/announcements/results/2020/fy20---2020-annual-report.pdf,2026-08-30,global_real_estate_pioneers_agent.csv,1,false,
org-lennar-fec1a05,Lennar,Lennar,https://www.lennar.com/,active,2026-08-30,United States,North America,1954,developer and captive-finance operator,"homebuilding plus financial services, digital lead-to-close and LENX strategic investments",Independent; LENX; Veev by Lennar relationship,L/D/C/S/F/H/O,L/F/E,"high-volume homebuilder, mortgage/title and innovation platform",scale operator,A,"Parent record is required to interpret existing Veev by Lennar and compare land-light, digital funnel and startup deployment",A,,,,,83K 2025 deliveries; annual report names the Lennar machine and LENX,company-reported scale and strategy,"Separate Lennar, LENX and integrated Veev; technology investment gains are not operating ROI",https://www.lennar.com/|https://investors.lennar.com/|https://investors.lennar.com/~/media/Files/L/Lennar-IR-V3/documents/annual-reports/annual-report-2025.pdf|https://investors.lennar.com/press-releases/2026/03-30-2026,2026-08-30,operator_coverage_additions.csv,1,false,
org-lodha-developers-macrotech-fabb78c,Lodha Developers / Macrotech,Lodha Developers / Macrotech,https://www.lodhagroup.com/,active,,India,India,,residential commercial developer,,,L/D/S/F/H/O/E,,,,A,South Asian lifecycle and net-zero innovation case,A,"FY25 pre-sales ₹176.3bn; 6,793 homes delivered; 5,359 employees","Technology across land, planning, sales, collection, property management and handover",Lodha Net Zero Urban Accelerator; partnerships,Net Zero Urban Accelerator; digital infrastructure,₹20m invested in accelerator in 2023-24; ₹176.3bn FY25 pre-sales,company-reported,Few product-level digital outcomes; renamed from Macrotech in 2025,https://www.lodhagroup.com/|https://www.lodhagroup.com/investor-relations|https://www.lodhagroup.in/investor-relations/assets/pdf/3rd-Integrated-Annual-Report_2023-24.pdf,2026-08-30,global_real_estate_pioneers_agent.csv,1,false,
org-loft-ed3b4dd,Loft,Loft,https://loft.com.br/para-imobiliarias/institucional-loft/,active,2026-08-30,Brazil,Brazil,2018,private company,software plus financial intermediation and guarantee,Independent,L6 Marketing/sales,L3 Capital/finance/L7 Occupancy,real-estate platform CRM credit and rental guarantee,scaleup,A,High,A,,,,,"Integrates CRM, portals, digital signatures, rent guarantees, mortgage intermediation and rental administration; company reports 9,000+ partner agencies and R$10bn credit origination in 2024",company-reported scale and product description,Regulated credit/insurance functions and partner economics require local diligence; customer and origination metrics are company-reported.,https://loft.com.br/para-imobiliarias/institucional-loft/|https://loft.com.br/para-imobiliarias/,2026-08-30,coverage_gap_additions.csv,1,false,
org-lula-f8449a2,Lula,Lula,https://lula.life/,active,2026-08-30,United States,North America,,private company,managed marketplace plus SaaS,RET Ventures,L8 Property operations,L5 Construction,property maintenance coordination and vendor network,scaleup,A,High,A,,,,,Coordinates property maintenance vendors work orders and predictive workflows for multifamily and single-family managers.,company product description,"Already discovery-only; lula.com redirects to unrelated Gail financial-services software, so retain lula.life.",https://lula.life/|https://www.ret.vc/portfolio|https://lula.life/company,2026-08-30,startup_core_additions.csv,1,false,
org-lumina-375ff59,Lumina,Lumina,https://luminatech.co/,active,2026-08-30,United States,North America and global,,private company,hardware plus equipment operations,Shadow Ventures,L5 Construction,L10 Climate/energy,zero-emission heavy civil equipment and robotics,scaleup,A,High,A,,,,,Develops a 32-ton electric dozer for heavy civil work and construction-equipment decarbonization.,product description,Shadow marks a 2025 Series A; company specifications and deployment claims are not independently verified.,https://luminatech.co/|https://shadow.vc/investments/lumina|https://luminatech.co/moonlander,2026-08-30,startup_core_additions.csv,1,false,
org-magicdoor-2e9843c,MagicDoor,MagicDoor,https://magicdoor.com/,active,2026-08-30,United States,North America,,private company,SaaS subscription,Shadow Ventures,L8 Property operations,L6 Marketing/sales,AI-native property management for leasing maintenance accounting and resident communication,early,A,High,A,,,,,Automates recurring property-management workflows across leasing maintenance accounting and tenant communication.,product description,Shadow marks pre-seed and 2024; company-reported automation rates should not be treated as measured outcomes.,https://magicdoor.com/|https://shadow.vc/investments/magicdoor|https://shadow.vc/blog/announcing-our-investment-in-magicdoor,2026-08-30,startup_core_additions.csv,1,false,
org-majid-al-futtaim-0b14d94,Majid Al Futtaim,Majid Al Futtaim,https://www.majidalfuttaim.com/,active,2026-08-30,United Arab Emirates,MENA Africa Central Asia,1992,integrated owner/operator and digital-retail platform,"development, asset management, retail, loyalty, quick commerce, AI-enabled media and entertainment",Independent; MAF Properties and MAF Technology relationships,L/S/H/O/E/F,F,"MENA integrated developer, mall/hotel/entertainment owner and digital ecosystem",scale platform,A,"Connects real estate with customer data, loyalty, quick commerce and AI-enabled media; stronger MENA operator comparator than another generic masterplan",A,,,,,2025 accounts identify MAF Properties and MAF Technology; 2025 release describes AI-enabled Precision Media and Carrefour Now,official accounts and company release,"Separate group, Properties and digital-retail scope; digital growth is not property-tech ROI",https://www.majidalfuttaim.com/|https://www.majidalfuttaim.com/en/investor-relations/financial-summary|https://www.majidalfuttaim.com/docs/default-source/reports/majid-alfuttaim-holding-consolidated-fs-2025.pdf?sfvrsn=aa95b9a_3|https://www.majidalfuttaim.com/en/media-centre/press-releases/detail/2025/09/strategic-investments--digital-scale-drive-majid-al-futtaims-solid-h1-2025-results,2026-08-30,operator_coverage_additions.csv,1,false,
org-marriott-international-a8d5e3d,Marriott International,Marriott International,https://www.marriott.com/,active,2026-08-30,United States,Global,1927,"asset-light hotel brand, reservation and loyalty platform","property management, reservations, loyalty, digital guest/owner systems and AI enablement",Independent,D/C/H/O/F,F,global hospitality platform and owner-facing operator,scale platform,A,Adds the missing hospitality operating-system benchmark and explicit technology-transformation evidence,A,,,,,"2025 annual report describes transformation of property-management, reservations and loyalty systems; 700+ properties and ~100K rooms added in 2025",official annual report and SEC filing,Asset-light system scale is not property ownership; technology transformation is company-reported,https://www.marriott.com/|https://marriott.gcs-web.com/annual|https://marriott.gcs-web.com/static-files/b82978a6-9d28-4e38-9855-fc4ae2cebe11|https://www.sec.gov/Archives/edgar/data/1048286/000104828626000007/mar-20251231.htm,2026-08-30,operator_coverage_additions.csv,1,false,
org-measurabl-19110f1,Measurabl,Measurabl,https://www.measurabl.com/,active,2026-08-30,United States,Global,2013,Company,SaaS,Taronga RealTechX,Climate,Data,ESG utility data,Scaleup,A,High,A,,,,,Collects utility carbon sustainability and reporting data,Portfolio/product description,Local utility data emissions factors and greenwashing risk,https://www.measurabl.com/|https://tarongagroup.com/realtechx/,2026-08-30,proptech_startups_agent.csv,1,false,
org-mitsui-fudosan-e8608ec,Mitsui Fudosan,Mitsui Fudosan,https://www.mitsuifudosan.co.jp/english/,active,,Japan,Japan global,,developer urban platform,,,L/D/S/H/O/E,,,,A,Customer-network and neighbourhood DX benchmark,A,Customer base >16m; global developer,"DX Vision 2030 combines real and digital worlds, AI and secure platforms",31VENTURES CVC/workspace/community plus group DX,DX Vision 2030; annual DX White Paper; INNOVATION 2030,>16m customers; no financial DX ROI disclosed,observed,English disclosure has limited product outcomes,https://www.mitsuifudosan.co.jp/english/|https://www.mitsuifudosan.co.jp/english/corporate/ir/library/integratedreport/ir2025/dx/|https://www.mitsuifudosan.co.jp/english/corporate/ir/library/integratedreport/pdf/IR2025_en.pdf,2026-08-30,global_real_estate_pioneers_agent.csv,1,false,
org-nabr-9ac18d4,Nabr,Nabr,https://www.nabr.com/,active,2026-08-30,United States,North America,,private company,development plus productized construction,2150,L5 Construction,L6 Marketing/sales,industrialized sustainable apartments and direct-to-consumer housing,early,A,High,A,,,,,Delivers customizable sustainable apartments through a productized direct-to-consumer housing model.,product description,Already discovery-only; project pipeline and delivery status need refresh before outcome scoring.,https://www.nabr.com/|https://www.2150.vc/investments/nabr|https://www.2150.vc/wp-content/uploads/2024/01/2150_Impact-report-2023_Master_2605.pdf,2026-08-30,startup_core_additions.csv,1,false,
org-northspyre-fb51dcc,Northspyre,Northspyre,https://www.northspyre.com/,active,2026-08-30,United States,North America,unknown,private startup,enterprise SaaS and advisory,Independent,L2 Feasibility,L1 Land/site/L3 Capital/finance/L4 Design/L5 Construction/L9 Portfolio,development management acquisition budget vendor and approval workflow platform,scaleup,A,High,A,,,,,Single platform from acquisition through stabilization with Deal and Development workflows for budgets costs vendors approvals and data,official product description; company-reported scale,"$32.5m raised, 100+ employees and $500bn projects facilitated are company-reported",https://www.northspyre.com/|https://www.northspyre.com/about-us|https://www.northspyre.com/?hsLang=en|https://www.northspyre.com/all-asset-classes/commercial|https://www.northspyre.com/blog/northspyre-2025-year-in-review,2026-08-30,enterprise_platform_additions.csv,1,false,
org-one-click-lca-def3638,One Click LCA,One Click LCA,https://oneclicklca.com/en-gb/,active,2026-08-30,Finland,Europe and global,,private company,SaaS subscription,BuiltWorlds Building Tech Top 50 2025,L4 Design,L5 Construction,life-cycle assessment EPD and embodied-carbon software,scaleup,A,High,A,,,,,Measures life-cycle impacts and supports EPD and embodied-carbon decisions across building design materials and construction.,product description,Company adoption claims should be refreshed; do not merge with EC3 or general LCA consultancies.,https://oneclicklca.com/en-gb/|https://builtworlds.com/insights/2025-building-tech-top-50-list/,2026-08-30,startup_core_additions.csv,1,false,
org-opensolar-375b039,OpenSolar,OpenSolar,https://www.opensolar.com/,active,2026-08-30,United Kingdom,Europe and global,,private company,SaaS subscription with free core product,2150,L6 Marketing/sales,L10 Climate/energy,solar contractor design sales finance and project-management software,scaleup,A,High,A,,,,,Gives solar contractors software to design sell finance and manage solar projects end to end.,product description,Already discovery-only; confirm current corporate status and operating geography during enrichment.,https://www.opensolar.com/|https://www.2150.vc/investments/opensolar,2026-08-30,startup_core_additions.csv,1,false,
org-openspace-15aa2fd,OpenSpace,OpenSpace,https://www.openspace.ai/,active,2026-08-30,United States,Global,2017,Company,Managed capture plus SaaS,Taronga RealTechX,Construction,Design,Reality capture progress,Scaleup,A,High,A,,,,,360 capture and AI mapping create dated site evidence,Customer/vendor case,Case outcomes are context-specific; privacy and BIM readiness,https://www.openspace.ai/|https://get.openspace.ai/rs/283-OVQ-169/images/OpenSpace-Case-Study-Lendlease-en.pdf,2026-08-30,proptech_startups_agent.csv,1,false,
org-oracle-construction-and-engineering-7e92f1f,Oracle Construction & Engineering,Oracle Construction & Engineering,https://www.oracle.com/construction-engineering/aconex/,active,2026-08-30,United States,Global,unknown,public company,enterprise software licensing and cloud services,Oracle,L5 Construction,L2 Feasibility/L3 Capital/finance/L11 Handover/end-of-life,construction CDE payment and project-controls platform suite,enterprise,A,High,A,,,,,"Aconex, Textura, Primavera Cloud and Unifier form an enterprise construction/project-control suite spanning controlled records, cost/change, field and payment workflows",official product description,Aconex/Textura/Primavera/Unifier are products in one Oracle suite; footprint and customer claims require claim-level verification,https://www.oracle.com/construction-engineering/aconex/|https://docs.oracle.com/en/industries/construction-engineering/|https://www.oracle.com/construction-engineering/textura-construction-payment-management/,2026-08-30,enterprise_platform_additions.csv,1,false,
org-orbital-witness-cc3955e,Orbital Witness,Orbital Witness,https://www.orbital.tech/uk,active,2026-08-30,United Kingdom,UK,unknown,private company,legal-tech SaaS and document services,Independent,L1 Land/site,L3 Capital/finance/L6 Marketing/sales,AI-assisted title and property due diligence,scaleup,A,High,A,,,,,"Connects title registers, searches, leases and maps into a reviewable property record and orders official copies in bulk",company product description,"UK Land Registry workflow is not portable to Bangladesh; legal advice, official-copy status and lawyer review must remain explicit.",https://www.orbital.tech/uk|https://www.orbital.tech/uk/solutions/acquisitions,2026-08-30,coverage_gap_additions.csv,1,false,
org-outbuild-f066346,Outbuild,Outbuild,https://www.outbuild.com/,active,2026-08-30,United States,North America and global,,private company,SaaS subscription,Zacua Ventures,L5 Construction,L9 Portfolio,scheduling and field coordination software,scaleup,A,High,A,,,,,Provides collaborative AI-enabled scheduling and field coordination for construction projects.,company product description,"Customer, project-volume and employee metrics are company-reported; preserve canonical outbuild.com identity.",https://www.outbuild.com/|https://zacuaventures.com/portfolio/|https://www.outbuild.com/about-us,2026-08-30,startup_core_additions.csv,1,false,
org-planradar-0ba22d1,PlanRadar,PlanRadar,https://www.planradar.com/,active,2026-08-30,Austria,Europe/global,2013,Company,Per-user SaaS,Independent,Construction,Handover,Inspections defects FM,Scaleup,A,High,A,,,,,Mobile/offline issue tracking forms plans and handover,Product description,Local forms subcontractor access and export,https://www.planradar.com/,2026-08-30,proptech_startups_agent.csv,1,false,
org-plentific-279d25e,Plentific,Plentific,https://www.plentific.com/,active,2026-08-30,United Kingdom,UK and Europe/global,2012,private company,enterprise SaaS and supplier marketplace,Pi Labs,L8 Property operations,L7 Occupancy/L9 Portfolio,property operations maintenance procurement and compliance,scaleup,A,High,A,,,,,Pi Labs describes Plentific as property-management software automating property operations; strong missing UK operations benchmark,ecosystem product description,"Pi Labs listing establishes product and current portfolio presence, not audited customer outcomes; UK procurement and housing regulation require localization.",https://www.plentific.com/|https://pilabs.vc/portfolio?sort=date_desc,2026-08-30,coverage_gap_additions.csv,1,false,
org-predictap-bf6e0e8,PredictAP,PredictAP,https://www.predictap.com/,active,2026-08-30,United States,North America,,private company,SaaS subscription,RET Ventures,L8 Property operations,L3 Capital/finance,AI invoice ingestion coding and AP controls for real estate,scaleup,A,High,A,,,,,Automates invoice ingestion coding allocation and fraud/duplicate-payment controls for property operators.,product description,Already discovery-only; customer and savings metrics require independent verification.,https://www.predictap.com/|https://www.ret.vc/portfolio|https://www.ret.vc/perspectives/looking-back-on-a-successful-2023,2026-08-30,startup_core_additions.csv,1,false,
org-prestige-group-0cc8c3c,Prestige Group,Prestige Group,https://www.prestigeconstructions.com/,active,,India,India,,mixed-use developer operator,,,S/H/O,,,,B,South Asian customer and sales-operations comparator,A,Large Indian mixed-use platform,"Omnichannel digital sales, operations and AI service",Internal digital assets and platforms,My Prestige; PREOSS; AI chatbot; 3D walkthroughs,No verified quantified outcome in primary source used,observed,Some evidence is report mirror; verify original filing,https://www.prestigeconstructions.com/|https://bsmedia.business-standard.com/_media/bs/data/announcements/bse/19082025/0884e44f-01ac-4a6c-8a62-90727fe88fdb.pdf,2026-08-30,global_real_estate_pioneers_agent.csv,1,false,
org-prologis-0017226,Prologis,Prologis,https://www.prologis.com/,active,,United States,Global,,logistics REIT developer operator,,,L/F/O/E,,,,A,"Monetising energy, automation and data services beyond rent",A,Approximately 1.3bn sq ft owned/invested at Dec 2025,"Real estate plus energy, digital infrastructure, proprietary data and AI",Prologis Ventures CVC and Essentials platform,Essentials; Ventures; OnPrem; Locus Robotics,90% employees used AI-enabled tools in 2025,company-reported,Adoption is not customer ROI; some robotics claims vendor-led,https://www.prologis.com/|https://ir.prologis.com/financials/sec-filings/content/0001193125-26-051453/pld-20251231.htm|https://www.prologis.com/shareholder-letter-2025,2026-08-30,global_real_estate_pioneers_agent.csv,1,false,
org-property-finder-e45a134,Property Finder,Property Finder,https://www.propertyfinder.ae/en/about-us.html,active,2026-08-30,United Arab Emirates,MENA,2005,private company,listing subscriptions data products and transaction services,Independent,L6 Marketing/sales,L3 Capital/finance/L9 Portfolio,property marketplace data and agent technology,scaleup,A,High,A,,,,,"MENA platform with transaction data, valuation and AI ranking products; official history reports Data Guru and SuperAgent launches and a 2025 investment round",company product description and financing announcement,Funding and product claims are company-reported; portal leads are not the same as closed transactions; local data access is market-specific.,https://www.propertyfinder.ae/en/about-us.html|https://www.propertyfinder.ae/en,2026-08-30,coverage_gap_additions.csv,1,false,
org-property-shield-8c6800f,Property Shield,Property Shield,https://propertyshield.co/,active,2026-08-30,United States,North America,,private company,SaaS subscription,RET Ventures,L8 Property operations,L3 Capital/finance,AI real-estate fraud and data-security platform,early,A,High,A,,,,,Protects multifamily and single-family rental businesses from scams impersonation illegal occupancy and unauthorized data use.,product description,Already discovery-only; do not merge with PropertyShield AI at propertyshieldai.com.,https://propertyshield.co/|https://www.ret.vc/portfolio,2026-08-30,startup_core_additions.csv,1,false,
org-propexo-5b7a6ab,Propexo,Propexo,https://www.propexo.com/,active,2026-08-30,United States,United States,Unknown,Company,API/SaaS,Y Combinator,Operations,Data,Property integration,Early/scaleup,A,High,A,,,,,Normalizes property-management data across systems,YC/product description,Local ERP/WhatsApp systems and API limits,https://www.propexo.com/|https://www.ycombinator.com/companies/propexo,2026-08-30,proptech_startups_agent.csv,1,false,
org-quintoandar-11445e6,QuintoAndar,QuintoAndar,https://www.quintoandar.com.br/newsroom/en/about/,active,2026-08-30,Brazil,Latin America,2013,private company,transaction fees and embedded services,Independent,L6 Marketing/sales,L7 Occupancy/L3 Capital/finance,housing marketplace and transaction platform,scaleup,A,High,A,,,,,"Online rent, buy and sell workflow with a business ecosystem and data products; company reports 15,000+ new rental contracts monthly and 3,000+ monthly sales",company-reported scale and product description,Claims are company-reported; market-share and transaction numbers need independent verification; Brazil legal and payment rails do not transfer directly.,https://www.quintoandar.com.br/newsroom/en/about/|https://www.quintoandar.com.br/newsroom/en/,2026-08-30,coverage_gap_additions.csv,1,false,
org-rabbet-13da945,Rabbet,Rabbet,https://rabbet.com/,active,2026-08-30,United States,United States,2015,Company,SaaS,YC S2017,Finance,Construction,Development and construction lending,Scaleup,A,High,A,,,,,Structured budgets costs draws funding and lender administration,Product description,Local banking tax VAT currency and ERP fit,https://rabbet.com/|https://www.ycombinator.com/companies/rabbet,2026-08-30,proptech_startups_agent.csv,1,false,
org-realpact-653455d,RealPact,RealPact,https://www.ycombinator.com/companies/realpact,active,2026-08-30,United States,United States,2025,Company,AI SaaS,YC S2026,Transaction,Data,AI transaction operations,Very early,A,High,A,,,,,AI retrieves property records and organizes transaction paperwork,YC self-description,No MLS equivalent and legal/liability risk,https://www.ycombinator.com/companies/realpact,2026-08-30,proptech_startups_agent.csv,1,false,
org-realpage-d7eb9a6,RealPage,RealPage,https://www.realpage.com/,active,2026-08-30,United States,North America global,unknown,private company,enterprise SaaS and managed services,Independent,L8 Property operations,L6 Marketing/sales/L7 Occupancy/L9 Portfolio,property management ERP leasing maintenance payments and AI operations,enterprise,A,High,A,,,,,Property operations and Lumina AI connect accounting leasing maintenance procurement utilities payments and resident workflows,official product description; company-reported scale,"24m rental units, 8,500 employees and AI/NOI outcomes are company-reported; distinguish parent and product modules",https://www.realpage.com/|https://www.realpage.com/platforms/property-operations/|https://www.realpage.com/multifamily/|https://www.realpage.com/news/realpage-showcases-lumina-ai-at-apartmentalize-2025/,2026-08-30,enterprise_platform_additions.csv,1,false,
org-related-companies-2e0a546,Related Companies,Related Companies,https://www.related.com/,active,,United States,United States global select cities,,integrated developer owner operator,,,L/D/C/H/O,,,,B,Integrated urban-development comparator,A,Operating portfolio >$60bn; ~44m sq ft global development/investment,Vertical integration and tech-forward urban development,"Integrated development, construction, management and partnerships",Hudson Yards; Related Construction; Related Affordable,>$60bn portfolio; no PropTech ROI disclosed,company-reported,Tech-forward positioning is not quantified technology result,https://www.related.com/|https://www.related.com/our-company,2026-08-30,global_real_estate_pioneers_agent.csv,1,false,
org-related-digital-1f7de1a,Related Digital,Related Digital,https://www.related-digital.com/,active,,United States,United States Canada,,data-centre developer energy infrastructure,,,L/D/C/F/E,,,,B,Relevant for JCX digital infrastructure and energy-enabled real estate,A,$45bn pipeline and >5GW near-term power,"Site, entitlement, finance, design, construction, energy and data-centre integration",Platform backed by Related and energyRe,Related Digital; energyRe,$45bn and >5GW pipeline (company-reported),company-reported,Pipeline is not delivered capacity,https://www.related-digital.com/,2026-08-30,global_real_estate_pioneers_agent.csv,1,false,
org-revizto-b3261af,Revizto,Revizto,https://revizto.com/,active,2026-08-30,Switzerland,Europe and global,,private company,SaaS subscription,BuiltWorlds Building Tech Top 50 2025,L4 Design,L5 Construction,BIM coordination and 2D/3D collaboration,scaleup,A,High,A,,,,,Coordinates BIM models issues and project collaboration across design and construction teams.,product description,Customer and project counts are company-reported; preserve Revizto spelling.,https://revizto.com/|https://builtworlds.com/insights/2025-building-tech-top-50-list/,2026-08-30,startup_core_additions.csv,1,false,
org-salesforce-real-estate-cloud-7d7e68a,Salesforce Real Estate Cloud,Salesforce Real Estate Cloud,https://www.salesforce.com/real-estate/,active,2026-08-30,United States,Global,1999,Company,Subscription/platform,Enterprise,Sales,Operations,CRM workflow,Enterprise,A,High,A,,,,,CRM marketing service and partner workflows,Product description,Cost complexity and ERP duplication,https://www.salesforce.com/real-estate/,2026-08-30,proptech_startups_agent.csv,1,false,
org-saudi-proptech-hub-rega-e45df16,Saudi-PropTech-Hub-REGA,Saudi-PropTech-Hub-REGA,https://rega.gov.sa/en/rega-services/platforms/saudi-proptech-hub/,active,2026-08-30,Saudi Arabia,Saudi-Arabia,2024,government-program,public-support,REGA-NTDP-Startup-Wise-Guys,regulatory-sandbox,accelerator-summit-developer-links,public-ecosystem,ecosystem,A,Bangladesh-sandbox-model,A,,,,,not-a-vendor-program-evidence-not-startup-outcomes,government-sources,unknown,https://rega.gov.sa/en/rega-services/platforms/saudi-proptech-hub/|https://www.spa.gov.sa/en/N2196077,2026-08-30,regional_companies_agent.csv,1,false,
org-schneider-electric-ecostruxure-building-677b955,Schneider Electric EcoStruxure Building,Schneider Electric EcoStruxure Building,https://www.se.com/ww/en/work/products/product-launch/building-management-system/,active,2026-08-30,France,Global,unknown,public company,hardware software and subscription,Schneider Electric,L8 Property operations,L10 ESG/L9 Portfolio,open building management system energy and integrated controls platform,enterprise,A,High,A,,,,,EcoStruxure Building Operation integrates HVAC lighting fire/security IWMS meters EV renewables and open protocols with APIs and semantic tagging,official product description,"Profile the building platform, not Schneider's entire industrial portfolio; integration claims do not equal local protocol compatibility",https://www.se.com/ww/en/work/products/product-launch/building-management-system/|https://www.se.com/ww/en/assets/564/document/514405/presentation-agm-2025-en.pdf,2026-08-30,enterprise_platform_additions.csv,1,false,
org-searchland-fe1084f,Searchland,Searchland,https://searchland.co.uk/,active,2026-08-30,United Kingdom,UK,2020,private company,subscription SaaS and API,Independent,L1 Land/site,L2 Feasibility/L10 ESG,land sourcing planning ownership and infrastructure data,scaleup,A,High,A,,,,,Combines planning ownership title constraints comparables energy and infrastructure data with APIs for sourcing and feasibility,company product description,"UK datasets and Land Registry access are jurisdiction-specific; self-reported 2,000-user and productivity claims require validation.",https://searchland.co.uk/|https://searchland.co.uk/api,2026-08-30,coverage_gap_additions.csv,1,false,
org-segro-88f5446,SEGRO,SEGRO,https://www.segro.com/,active,2026-08-30,United Kingdom,Europe,1920,REIT and development/operator platform,"powered land, planning, logistics and data-centre development",Independent,L/D/C/O/E,F,"European logistics, industrial and data-centre owner/developer",scale platform,A,"Makes grid access, entitlement, pre-let sequencing and powered-shell versus fitted data centres decision-visible",A,,,,,2025 report describes a 2.5GW+ data-centre pipeline and pan-European logistics portfolio,official annual report and operating strategy,Pipeline is not delivered capacity; distinguish powered shell from fully fitted facilities,https://www.segro.com/|https://www.segro.com/en/investors/ara25/strategic-report|https://www.segro.com/media/kbshtxbq/segro_annual-report-accounts-2025.pdf|https://www.segro.com/investors/financial-results-centre/2025-full-year-results,2026-08-30,operator_coverage_additions.csv,1,false,
org-sell-do-33b7307,Sell-Do,Sell-Do,https://www.sell.do/,active,2026-08-30,India,India || India/SEA,2012 || 2016,subsidiary || Company,enterprise-SaaS || SaaS,Aurum-PropTech-Accel || Independent,lead-to-possession-revenue-ops || Sales,AI-calling-channel-partners-collections || Operations,developer-CRM-revenue-OS || Developer CRM,scale || Scaleup,A,closest-mature-developer-OS || High,A,,,,,claims-1500-businesses-25m-leads-US25bn-inventory || Lead routing inventory visits booking and post-sales workflow,company-claim || Customer/vendor stories,verify-outcomes-and-RERA-portability || Verify current named references and local integrations,https://www.sell.do/|https://www.sell.do/about|https://www.sell.do/solutions/developers|https://www.sell.do/success-stories,2026-08-30,proptech_startups_agent.csv|regional_companies_agent.csv,2,false,
org-siemens-building-x-4e09386,Siemens Building X,Siemens Building X,https://www.siemens.com/en-gb/products/building-x/,active,2026-08-30,Germany,Global,unknown,public company,hardware software and subscription,Siemens,L8 Property operations,L10 ESG/L9 Portfolio,cloud building energy sustainability safety security and operations platform,enterprise,A,High,A,,,,,Open cloud platform and Operations Manager unify real-time building data for energy sustainability safety security maintenance and lifecycle operations,official product description; company/customer-reported outcome,Building X is a Siemens product scope; customer savings and certifications should be separately attributed,https://www.siemens.com/en-gb/products/building-x/|https://news.siemens.com/en-us/siemens-presents-building-x-an-ai-based-solution-for-transforming-buildings-into-climate-neutral-buildings/,2026-08-30,enterprise_platform_additions.csv,1,false,
org-skanska-6d6b6e5,Skanska,Skanska,https://www.skanska.com/,active,,Sweden,Europe United States,,construction developer infrastructure,,,D/C/O/E,,,,A,Construction safety/data benchmark,A,2025 emissions 65% below 2015 Scope 1-2 benchmark,"Industrialisation, AI, digital twins, scanning, robotics and drones",Central innovation portfolio and partner pilots,PlanIt; BIM/digital twins; AI safety; drones,"PlanIt on every US project and 400,000+ work plans; no causal ROI",observed,Deployment clear; productivity causality not disclosed,https://www.skanska.com/|https://group.skanska.com/493a91/siteassets/investors/reports-publications/annual-reports/2025/skanska-s-annual-and-sustainability-report-2025-pdf-.pdf,2026-08-30,global_real_estate_pioneers_agent.csv,1,false,
org-smartpm-technologies-b7ceac3,SmartPM Technologies,SmartPM Technologies,https://smartpm.com/,active,2026-08-30,United States,North America and global,,private company,enterprise SaaS subscription and services,CEMEX Ventures Top 50 ConTech 2026,L5 Construction delivery,L9 Portfolio management; L12 Data and trust,construction schedule analytics and automated project controls,scaleup,A,"Adds continuous schedule-quality, delay-risk and portfolio-controls intelligence between CPM tools and executive decisions",A,,,,,"SmartPM ingests existing CPM schedules to provide schedule quality, delay, compression, completion and portfolio-level analytics for contractors, owners and developers.",official product description,Customer quotations and avoided-delay or dispute outcomes remain vendor-hosted; value depends on schedule quality and consistent update practices.,https://smartpm.com/|https://smartpm.com/about|https://www.cemexventures.com/top-50/,2026-08-30,final_residual_additions.csv,1,false,
org-smartrent-04f495b,SmartRent,SmartRent,https://smartrent.com/,active,2026-08-30,United States,United States,2017,Company,Hardware plus SaaS,Fifth Wall,Facilities,Security,Smart-home property operations,Public,A,Medium,A,,,,,Hardware access sensors resident app and operations,Product description,Import connectivity privacy capex and cyber,https://smartrent.com/|https://www.fifthwall.com/portfolio,2026-08-30,proptech_startups_agent.csv,1,false,
org-snapdocs-72c3c3a,Snapdocs,Snapdocs,https://www.snapdocs.com/,active,2026-08-30,United States,United States,2012,Company,SaaS,Independent,Transaction,Finance,Mortgage closing/e-notary,Scaleup,A,Medium,A,,,,,Digital closing e-signature e-notary and lender/title workflow,Product description,Bangladesh notarization and registry differ,https://www.snapdocs.com/,2026-08-30,proptech_startups_agent.csv,1,false,
org-speckle-199e3b6,Speckle,Speckle,https://speckle.systems/,active,2026-08-30,Europe,Europe and global,,private company,SaaS subscription plus developer platform,Foundamental,L4 Design,L5 Construction,open AEC data hub and real-time BIM collaboration,scaleup,A,High,A,,,,,Provides an open real-time data and collaboration layer for fragmented AEC/BIM workflows.,product description,Foundamental investment year is 2020; canonical software identity is speckle.systems.,https://speckle.systems/|https://www.foundamental.com/portfolio|https://docs.speckle.systems/quickstart/welcome,2026-08-30,startup_core_additions.csv,1,false,
org-stan-ai-7f63428,Stan.AI,Stan.AI,https://www.stan.ai/,active,2026-08-30,United States,North America,,private company,SaaS subscription,RET Ventures,L8 Property operations,L6 Marketing/sales,AI property operations for HOA multifamily student housing and hospitality,early,A,High,A,,,,,Uses resident-facing assistants and workflow automation for maintenance communications budgeting bids and board operations.,product description,"Already discovery-only; generic Stan.AI naming is collision-prone, so preserve punctuation and canonical domain.",https://www.stan.ai/|https://www.ret.vc/portfolio|https://www.stan.ai/company,2026-08-30,startup_core_additions.csv,1,false,
org-teleo-0fd6b99,Teleo,Teleo,https://www.teleo.ai/,active,2026-08-30,United States,North America and global,,private company,hardware plus software and deployment,CEMEX Ventures Construction Startup Competition Top 50 2025,L5 Construction,L10 Climate/energy,supervised autonomy for heavy machinery,scaleup,B,High,A,,,,,"Enables one remote operator to supervise multiple construction machines, targeting productivity and safety in heavy civil work.",company product description,CEMEX selection and company examples are strong signals but autonomy deployment and economics are company-reported.,https://www.teleo.ai/|https://www.cemexventures.com/top-50-2025/|https://www.teleo.ai/technology/,2026-08-30,startup_core_additions.csv,1,false,
org-testfit-cd578b3,TestFit,TestFit,https://www.testfit.io/,active,2026-08-30,United States,North America/global,2017,Company,Subscription SaaS,Independent,Land,Design,Generative feasibility,Scaleup,A,High,A,,,,,Parametric site planning for development options,Product description,Local zoning FAR costs and demand data required,https://www.testfit.io/,2026-08-30,proptech_startups_agent.csv,1,false,
org-togal-ai-d6d6a17,Togal.AI,Togal.AI,https://www.togal.ai/,active,2026-08-30,United States,North America and global,,private company,SaaS subscription,CEMEX Ventures Top 50 ConTech 2026,L4 Design and preconstruction,L5 Construction delivery; L12 Data and trust,AI-assisted construction takeoff drawing analysis and estimating collaboration,scaleup,A,Closes the automated takeoff and estimating gap that document-chat and general CDE platforms do not cover,A,,,,,"Togal combines cloud takeoff collaboration, drawing-set comparison and AI-assisted plan analysis for estimators.",official product description,"The site's 98% accuracy and 5x speed claims are vendor-reported and must not be generalized without trade-, drawing- and workflow-specific pilots.",https://www.togal.ai/|https://www.cemexventures.com/top-50/|https://www.cemexventures.com/top-50-startups/togal-ai/,2026-08-30,final_residual_additions.csv,1,false,
org-track3d-778aadb,Track3D,Track3D,https://track3d.ai/,active,2026-08-30,United States,North America and global,,private company,SaaS plus capture services,Zacua Ventures,L5 Construction,L9 Portfolio,reality capture and construction progress intelligence,scaleup,A,High,A,,,,,Combines site captures and reality intelligence to verify construction progress for owners lenders and contractors.,company product description,Capture counts savings and financing are company/customer claims; distinguish from other 3D tracking products.,https://track3d.ai/|https://zacuaventures.com/portfolio/|https://track3d.ai/reality-intelligence-platform/|https://track3d.ai/newsroom/,2026-08-30,startup_core_additions.csv,1,false,
org-trimble-77e0db1,Trimble,Trimble,https://www.trimble.com/en/solutions/trimble-construction-one,active,2026-08-30,United States,Global,1978,public company,hardware software and subscription,Public,L4 Design,L5 Construction/L9 Portfolio,surveying BIM and connected construction management,enterprise,A,High,A,,,,,"Construction One connects project, field, financial, scheduling and equipment workflows across contractor types",official product description,"Hardware, standards and implementation costs are significant; product portfolio and acquisitions should be tracked separately.",https://www.trimble.com/en/solutions/trimble-construction-one|https://civilconstruction.trimble.com/en/products/software/trimble-connect,2026-08-30,coverage_gap_additions.csv,1,false,
org-trunk-tools-844cca9,Trunk Tools,Trunk Tools,https://trunktools.com/,active,2026-08-30,United States,North America and global,,private company,SaaS subscription,CEMEX Ventures Construction Startup Competition Top 50 2025,L5 Construction,L4 Design,construction field intelligence and document workflow AI,scaleup,B,High,A,,,,,Turns project documents and field knowledge into searchable and actionable construction workflows.,company product description,Jobsite and volume metrics are company claims; customer and funding fields should be refreshed.,https://trunktools.com/|https://www.cemexventures.com/top-50-2025/,2026-08-30,startup_core_additions.csv,1,false,
org-turntide-35dea2f,Turntide,Turntide,https://www.turntide.com/,active,2026-08-30,United States,Global,2013,Company,Hardware plus software,JLL Spark/Fifth Wall,Climate,Facilities,Efficient motors/controls,Scaleup,B,Medium,A,,,,,Smart motor systems for HVAC efficiency,Investor/industry signal,Current status service spares and measured ROI,https://www.turntide.com/|https://spark.jllt.com/,2026-08-30,proptech_startups_agent.csv,1,false,
org-appfolio-fa66ac8,AppFolio,AppFolio,https://www.appfolio.com/,active,2026-08-30,United States,US/global || United States,2006,Company || property management software,SaaS,Independent,Operations || F/S/H/O,Sales,Property management platform,Public,A,Medium || Potential rental operations and payments layer,A || B,Large property-management SaaS platform,"Leasing, payments, accounting and AI workflows to verify",Enterprise SaaS,AppFolio Property Manager,Accounting marketing leasing maintenance and resident operations || Unknown,Product description || unknown,US-centric market and payment/local law fit || Public-company metrics need current filing review,https://www.appfolio.com/,2026-08-30,global_real_estate_pioneers_agent.csv|proptech_startups_agent.csv,2,false,
org-autodesk-construction-cloud-1c9b0c9,Autodesk Construction Cloud / Forma,Autodesk Construction Cloud / Forma,https://construction.autodesk.com/,active,2026-08-30,United States,Global,Unknown,Company || design and construction software,Enterprise SaaS,Enterprise,Design || D/C,Construction,BIM/CDE,Enterprise,A,High || Potential design-to-delivery system of record,A || B,Global BIM/design/construction platform,"BIM, coordination, document control and AI workflows",Enterprise SaaS ecosystem,Autodesk Construction Cloud; Revit; Forma,Cloud suite connects design coordination documents field cost and handover || Customer outcomes vary; verify case studies,Product description || vendor-reported,Implementation complexity and ERP/BIM overlap || Product suite and deployment differ by market,https://construction.autodesk.com/|https://construction.autodesk.com/resources/customer-success-stories/boustead-projects-cuts-rework-by-20-and-saves-months-on-handovers-with-autodesk-forma-2/,2026-08-30,global_real_estate_pioneers_agent.csv|proptech_startups_agent.csv,2,false,
org-costar-1ac20e9,CoStar,CoStar,https://www.costar.com/,active,2026-08-30,United States,Global,1987,Company || property data marketplace analytics,Subscription/data marketplace,Independent,Data || L/S/F,Sales,Property marketplace analytics,Public,A,Medium || Data benchmark for JCX market intelligence,A || B,Large CRE data and marketplace platform,"Property data, search, analytics and AI to verify",Data platform and acquisitions,CoStar; Homes.com; LoopNet,Commercial property data marketplaces and analytics || Unknown,Product description || unknown,"Licensing cost and Bangladesh coverage || Separate traffic, leads and closed-transaction evidence",https://www.costargroup.com/|https://www.costar.com/,2026-08-30,global_real_estate_pioneers_agent.csv|proptech_startups_agent.csv,2,false,
org-entrata-25f43fe,Entrata,Entrata,https://www.entrata.com/,active,2026-08-30,United States,United States,2003,Company || multifamily property software,Enterprise SaaS,Independent,Operations || S/H/O/F,Sales,Multifamily operations,Enterprise,A,Medium || Potential multifamily operations comparator,A || B,Large multifamily operating platform,"Leasing, resident experience, payments and operations to verify",Enterprise SaaS ecosystem,Entrata platform,Leasing resident accounting maintenance and marketing || Unknown,Product description || unknown,Local language payment and rental law || Primary customer evidence required,https://www.entrata.com/,2026-08-30,global_real_estate_pioneers_agent.csv|proptech_startups_agent.csv,2,false,
org-matterport-6ed468a,Matterport,Matterport,https://matterport.com/,acquired-active,2026-08-30,United States,Global,2011,Subsidiary || spatial capture digital twin software,Hardware plus SaaS,CoStar,Sales || D/S/O,Design,3D capture digital twin,Public,A,"High || JCX marketing, as-built and handover layer",A || B,Global spatial-capture platform,"3D capture and digital twins for marketing, facilities and insurance",Software platform and channel partnerships,3D Showcase; digital twins,Spatial capture and 3D tours for property and AEC || Vendor claims 403% more inquiries; 49% more qualified leads; 95% more calls,Product description || vendor-reported,CoStar roadmap/export and parent dependency || Old vendor claims may not generalise,https://matterport.com/|https://www.costargroup.com/|https://static.matterport.com/mp_cms/media/filer_public/4f/bf/4fbfdb3a-4e41-494c-b3ab-e45ab1f81569/matterport_for_real_estate_-_script_updated.pdf,2026-08-30,global_real_estate_pioneers_agent.csv|proptech_startups_agent.csv,2,false,
org-mri-software-e66e243,MRI Software,MRI Software,https://www.mrisoftware.com/,active,2026-08-30,United States,Global,1971,Company || property management and CRE software,Enterprise SaaS,Independent,Operations || F/S/H/O,Facilities,Property/facilities ERP,Enterprise,A,Medium || Potential operations and finance backbone,A || B,Global property software platform,"Property accounting, leasing, facilities and analytics to verify",Enterprise SaaS and acquisitions,MRI platform,Property finance lease facilities and asset systems || Unknown,Product description || unknown,Local accounting payments and integrations || Verify current product names and outcomes,https://www.mrisoftware.com/,2026-08-30,global_real_estate_pioneers_agent.csv|proptech_startups_agent.csv,2,false,
org-procore-9fbe212,Procore,Procore,https://www.procore.com/,active,2026-08-30,United States,Global,2002,Company || construction software,Enterprise SaaS,Fifth Wall,Construction || D/C/F,Operations,Project controls,Enterprise,A,High || Potential JCX contractor data backbone,A || B,Global construction management platform,"System of record for RFIs, cost, schedule and AI workflows",Enterprise SaaS and partner ecosystem,Procore platform; AI features,Cloud project platform for owners and contractors || Customer outcomes vary; verify case studies,Product description || vendor-reported,Contractor adoption local accounting and integration || Vendor claims need customer confirmation,https://www.procore.com/|https://www.fifthwall.com/portfolio,2026-08-30,global_real_estate_pioneers_agent.csv|proptech_startups_agent.csv,2,false,
org-properp-1c4f6f4,PropERP,PropERP,https://properp.app/,unclear,2026-08-30,Bangladesh,Bangladesh,2018 || Unknown,private-product || Company,subscription-implementation || SaaS,SpaGreen-Creative || Independent,booking-collections-JV || Operations,CRM-marketing-brokers-inventory || Sales,developer-ERP-automation || Developer CRM/ERP,early-scale || Early,D,booking-kisti-JV-broker-pilot || Medium,A || B,,,,,broader-SpaGreen-metrics-not-PropERP-proof || Leads booking installments land/JV and WhatsApp proposition,company-page || Company self-description,unknown || Claims and controls need verification,https://properp.app/|https://properp.app/bn,2026-08-30,proptech_startups_agent.csv|regional_companies_agent.csv,2,true,
org-yardi-f113060,Yardi,Yardi,https://www.yardi.com/,active,2026-08-30,United States,Global,1984,Company || property management and accounting software,Enterprise SaaS,Independent,Operations || F/S/H/O,Finance,Property management ERP,Enterprise,A,Medium || Potential property operations backbone,A || B,Large property-management software platform,"Accounting, leasing, maintenance and resident operations",Enterprise SaaS ecosystem,Yardi Voyager; RentCafe,Accounting leasing rent work orders and resident operations || Unknown,Product description || unknown,Local tax payment language and implementation || Product outcomes require customer evidence,https://www.yardi.com/,2026-08-30,global_real_estate_pioneers_agent.csv|proptech_startups_agent.csv,2,false,
org-zillow-d3dd627,Zillow,Zillow,https://www.zillow.com/,active,2026-08-30,United States,United States,2006,Company || residential marketplace,Ads/data marketplace,Independent,Sales || L/S/H,Data,Property marketplace,Public,A,Medium || Consumer discovery and lead-funnel benchmark,A || B,Large residential property marketplace,"Digital search, valuation, lead generation and AI assistance","Marketplace, brokerage and partnerships",Zillow; Zestimate; Zillow Home Loans,Consumer search listings advertising and property data || Unknown,Product description || unknown,Platform dependency fraud freshness and local fit || Market traffic is not transaction conversion,https://www.zillow.com/,2026-08-30,global_real_estate_pioneers_agent.csv|proptech_startups_agent.csv,2,false,
org-cambio-93cf094,Cambio,Cambio,https://www.ycombinator.com/companies/cambio-2,active,2026-08-30,United States,Global,2020,Company || YC CRE operations and retrofit analytics,AI SaaS,YC S2022,Operations || F/O/E,Climate,CRE operations/retrofit intelligence,Scaleup,A,High || Potential ESG and capex prioritisation layer,A || C,Claims institutional customers; verify,"LLM portfolio operations, compliance and retrofit prioritisation",YC-backed and enterprise customers,Cambio platform,AI collects building data and prioritizes capital/compliance/retrofits || Named customer list; no independent ROI,YC named-customer claim || startup self-report,Customer list and model outcomes need diligence || Customer references are startup-profile claims,https://www.ycombinator.com/companies/cambio-2|https://www.ycombinator.com/companies/industry/real-estate-and-construction,2026-08-30,global_real_estate_pioneers_agent.csv|proptech_startups_agent.csv,2,false,
org-foundation-ec9624c,Foundation,Foundation,https://www.ycombinator.com/companies/foundation-2,active,2026-08-30,United States,United States,Unknown,Company || YC homebuilder buyer-experience software,SaaS,YC S2023,Sales || S/H,Operations,New-home buyer experience,Early,A,High || Potential digital sales and handover layer,A || C,Scale unknown,"Online new-home shopping, purchase and ownership",YC-backed startup,Foundation,Online new-home shopping purchase and ownership experience || Unknown,YC self-description || startup self-report,US-centric and Bangladesh documents/financing differ || Verify builder customers and conversion,https://www.ycombinator.com/companies/foundation-2|https://www.ycombinator.com/companies/industry/real-estate-and-construction,2026-08-30,global_real_estate_pioneers_agent.csv|proptech_startups_agent.csv,2,false,
org-permitportal-5607258,PermitPortal,PermitPortal,https://www.ycombinator.com/companies/permitportal,active,2026-08-30,United States,United States,Unknown,Company || YC site-to-permit workflow startup,SaaS,YC F2024,Land || L/D,Construction,Entitlement permit workflow,Early,A,Medium || High relevance to land and approval bottlenecks,A || C,Scale unknown,"AI site selection, entitlement and permitting",YC-backed startup,PermitPortal,Workflows development sites through permits and sentiment || Unknown,YC self-description || startup self-report,US regulatory/data coverage; early stage || Validate municipal customers and approvals,https://www.ycombinator.com/companies/permitportal|https://www.ycombinator.com/companies/industry/real-estate-and-construction,2026-08-30,global_real_estate_pioneers_agent.csv|proptech_startups_agent.csv,2,false,
org-barikoi-0f8853c,Barikoi,Barikoi,https://barikoi.com/,active,2026-08-30,Bangladesh,Bangladesh-Singapore-GCC,2017,private-startup,API-SaaS-enterprise,Iterative-IDLC-AcceliCITY,site-selection-location,logistics-address-normalization,geospatial-APIs,early-growth,B/A,maps-address-catchments-delivery,A/B,,,,,local-mapping-infrastructure-and-IDLC-investment,company-plus-investor,not-a-title-verifier-test-accuracy-and-data-rights,https://barikoi.com/|https://www.crunchbase.com/organization/barikoi|https://www.linkedin.com/posts/idlc-asset-management-limited_idlc-venture-capitalhas-made-an-equity-investment-activity-7196948544384098304-EgcV,2026-08-30,regional_companies_agent.csv,1,false,
org-vextrus-988c4a5,Vextrus,Vextrus,https://www.vextrus.com/,active,2026-08-30,Bangladesh,Bangladesh,2026,private-startup,subscription-SaaS,local-KUET-founders,land-JV-project-procurement-accounting,sales-collections-HR-tax,AI-developer-ERP,early-stage,B/D,unified-JCX-OS-pilot,A/B,,,,,24-agents-and-savings-are-company-claims,company-claim,validate-references-security-export-uptime,https://www.vextrus.com/|https://bd.linkedin.com/company/vextrus,2026-08-30,regional_companies_agent.csv,1,false,
org-99-group-12db5df,99-Group,99-Group,https://www.99.co/,active,2026-08-30,Singapore,Singapore-Indonesia,2014,private-growth,advertising-subscriptions-data,East-Ventures-Sequoia-Gaw,property-discovery-advertising,market-intelligence-valuation-finance,SEA-portal-data,scale,B,acquisition-integration-data,B,,,,,US17m-2023-revenue-CAGR-company-claims,company-pages,unknown,https://www.99.co/|https://www.99.co/about-us|https://www.99.co/about-us/indonesia,2026-08-30,regional_companies_agent.csv,1,false,
org-accor-ce52bb6,Accor,Accor,https://group.accor.com/en/,active,2026-08-30,France,Global Europe MENA Asia-Pacific,1967,"asset-light hotel, residence, rental, workspace and experience platform","digital guest interaction, loyalty, hospitality operations and sustainability reporting",Independent,D/S/H/O/E/F,F,global multi-segment hospitality platform,scale platform,B,"Completes the Europe/MENA/global hospitality comparison across hotels, residences, rentals, workspaces and experiences",B,,,,,2025 Universal Registration Document filed March 2026; 57% of hotels eco-certified at end-2025,official universal registration document,Named digital initiatives require deeper extraction; eco-certification is not technology ROI,https://group.accor.com/en/|https://group.accor.com/en/documents-publications|https://group.accor.com/en/finance/esg-reporting-ratings|https://assets.group.accor.com/yrj0orc8tx24/dwdklcBVai21ztMLgb3A5/e53a5c4937c07351b855819fd097b8a6/ACCOR_DEU2025_MEL_US_270326.pdf,2026-08-30,operator_coverage_additions.csv,1,false,
org-agave-d371575,Agave,Agave,https://www.ycombinator.com/companies/agave,active,2026-08-30,United States,United States,2022,private startup,API SaaS,Y Combinator W2022,L5 Construction,L3 Capital/finance,financial operations APIs and AI for construction,scaleup,A,Medium,B,,,,,YC describes integration rails and AI for invoicing expenses compliance billing and other construction financial workflows; YC page reports 500+ customers,company-reported scale via YC description,Customer and profitability claims are YC-directory statements; accounting APIs and tax rules are jurisdiction-specific.,https://www.ycombinator.com/companies/agave,2026-08-30,coverage_gap_additions.csv,1,false,
org-ai-realestate-d2e60f1,Ai.realestate,Ai.realestate,,cohort-selected,2026-08-30,United States,United States,Unknown,Company,SaaS/AI,NAR REACH US Residential 2026,Sales,Data,Real-estate data intelligence,Early,A,Medium,B,,,,,Unifies internal and property/mortgage/client intelligence for sales teams,Cohort selection/self-description,No independent outcomes or Bangladesh fit yet,https://www.nar-reach.com/second-century-ventures-announces-6-technology-companies-for-2026-reach-scale-up-program,2026-08-30,proptech_startups_agent.csv,1,false,
org-asano-7c359e8,Asano,Asano,,cohort-selected,2026-08-30,United Arab Emirates,UAE/Middle East,Unknown,Company,SaaS/data,NAR REACH Middle East 2026,Land,Finance,Development intelligence,Early,A,Medium,B,,,,,Unifies financial development and spatial data for capital planning,Cohort selection/self-description,Middle East/local-data fit needs verification,https://www.nar-reach.com/news,2026-08-30,proptech_startups_agent.csv,1,false,
org-assembly-hoa-ccdf571,Assembly HOA,Assembly HOA,https://www.ycombinator.com/companies/assembly-hoa,active,2026-08-30,United States,United States,2024,private startup,managed service plus software,Y Combinator S2024,L8 Property operations,L7 Occupancy,AI-native HOA management and community operations,early-growth,A,Medium,B,,,,,"YC describes AI-enabled HOA management, routine-task automation and resident/board transparency",YC company description,"Service business plus software; HOA governance, legal duties and trust require human accountability.",https://www.ycombinator.com/companies/assembly-hoa,2026-08-30,coverage_gap_additions.csv,1,false,
org-association-online-7880320,Association Online,Association Online,,cohort-selected,2026-08-30,United States,United States,Unknown,Company,SaaS,NAR REACH US Residential 2026,Transaction,Legal,HOA data/transparency,Early,A,Low,B,,,,,HOA data and transparency to reduce closing delays and risk,Cohort selection/self-description,US HOA context and no independent outcomes,https://www.nar-reach.com/second-century-ventures-announces-6-technology-companies-for-2026-reach-scale-up-program,2026-08-30,proptech_startups_agent.csv,1,false,
org-automax-ai-d3cbf41,Automax.ai,Automax.ai,https://www.ycombinator.com/companies/automax-ai,active,2026-08-30,United States,United States,Unknown,Company,AI SaaS,YC F2025,Land,Finance,AI appraisal,Very early,A,Medium,B,,,,,LiDAR/computer vision appraisal in under 20 minutes,YC self-description,US Fannie/Freddie compliance and very early,https://www.ycombinator.com/companies/automax-ai,2026-08-30,proptech_startups_agent.csv,1,false,
org-avalonbay-communities-7170354,AvalonBay Communities,AvalonBay Communities,https://investors.avalonbay.com/,active,,United States,United States,,multifamily REIT,,,S/H/O/E,,,,C,Institutional multifamily operations benchmark,B,Public multifamily REIT,"Digital leasing, resident services, smart home and energy analytics to verify",Internal operations and vendors,Unknown—verify products,Unknown,unknown,Primary filing review required,https://investors.avalonbay.com/,2026-08-30,global_real_estate_pioneers_agent.csv,1,false,
org-averyiq-55a4cc0,AveryIQ,AveryIQ,https://www.ycombinator.com/companies/averyiq,active,2026-08-30,United States,United States,Unknown,Company,AI SaaS,YC W2024,Operations,Sales,AI property manager,Early,A,Medium,B,,,,,AI leasing and maintenance contact center,YC self-description,Bangla voice vendors escalation and privacy,https://www.ycombinator.com/companies/averyiq,2026-08-30,proptech_startups_agent.csv,1,false,
org-biomason-5aaaaad,Biomason,Biomason,https://biomason.com/,active,2026-08-30,United States,United States and Europe,2012,private materials technology company,technology partnerships manufacturing and licensing,2150,L10 ESG climate and resilience,L5 Construction delivery,biotechnology-derived cement and concrete binder,commercial demonstration,A,Adds a biology-based cement pathway and a concrete-producer partnership model to the low-carbon materials comparison,B,,,,,Biomason uses microorganisms to form calcium-carbonate biocement and reports current production with IBF at a Denmark factory qualified in 2023.,official product and deployment description,"Carbon, performance and factory claims are company-reported; assess product standards, local feedstocks, capacity and economics before comparison with conventional cement.",https://biomason.com/|https://biomason.com/biocement|https://www.2150.vc/investments/biomason,2026-08-30,final_residual_additions.csv,1,false,
org-bricks-fund-tokyo-f018f4a,BRICKS FUND TOKYO,BRICKS FUND TOKYO,https://bricks-fundtokyo.com/,active,,Japan,Japan global,,developer-led CVC,,,L/S/H/O,,,,B,Urban-platform partnership model,B,Mitsubishi Estate CVC; fund size not extracted,Invests in social-impact and industrial-restructuring startups,CVC jointly managed with Prime Partners,Mellow; IVRy; OptQC; MOZU,No portfolio-level ROI disclosed,observed,Property deployment metrics sparse,https://bricks-fundtokyo.com/|https://www.mec.co.jp/ir/library/2023/1Q/irpresentation2023_2.pdf,2026-08-30,global_real_estate_pioneers_agent.csv,1,false,
org-brokerbot-ae596f6,BrokerBot,BrokerBot,,cohort-selected,2026-08-30,United States,United States,Unknown,Company,AI SaaS,NAR REACH US Residential 2026,Sales,Operations,AI brokerage teammates,Early,A,Medium,B,,,,,AI admin support training compliance and agent guidance,Cohort selection/self-description,Integration and human-oversight diligence,https://www.nar-reach.com/second-century-ventures-announces-6-technology-companies-for-2026-reach-scale-up-program,2026-08-30,proptech_startups_agent.csv,1,false,
org-brookfield-5b2c313,Brookfield,Brookfield,https://www.brookfield.com/,active,,Canada,Global,,real assets owner manager,,,F/O/E,,,,A,Capital allocation and energy/data-centre case,B,2025 report frames multi-trillion AI infrastructure opportunity,Invests in physical backbone for AI and digital infrastructure,Institutional capital and operating platforms,AI backbone; data centres; power; fibre,Brookfield estimates $7tn AI value-chain capital need over decade; market thesis,company-reported,"$7tn is thesis estimate, not Brookfield commitment",https://www.brookfield.com/|https://www.brookfield.com/2025-brookfield-corporation-annual-report,2026-08-30,global_real_estate_pioneers_agent.csv,1,false,
org-buildmart-a61bcf7,BuildMart,BuildMart,https://buildmart.com.bd/,active,2026-08-30,Bangladesh,Bangladesh,Unknown,private-initiative,marketplace-supplier-leads,Buildcon-Bangladesh,materials-sourcing-RFQ,professional-services-cost-calculators,construction-marketplace,early-stage,B/D,test-RFQ-and-verified-materials,B,,,,,verification-and-integration-not-audited,company-page,unknown,https://buildmart.com.bd/|https://buildmart.com.bd/pages/about-us,2026-08-30,regional_companies_agent.csv,1,false,
org-built-robotics-e09ff21,Built Robotics,Built Robotics,https://www.builtrobotics.com/,active,2026-08-30,United States,North America,2016,private startup,robotics hardware plus software,Independent,L5 Construction,L1 Land/site,autonomous construction equipment and excavation systems,scaleup,B,Medium,B,,,,,Develops autonomous construction equipment to automate earthmoving and jobsite work,company product description,"Autonomy in live jobsites has safety, supervision, equipment and insurance requirements; validate deployments, not demonstrations.",https://www.builtrobotics.com/,2026-08-30,coverage_gap_additions.csv,1,false,
org-cbre-42561ee,CBRE,CBRE,https://www.cbre.com/,active,,United States,Global,,services brokerage facilities capital markets,,,F/S/O/E,,,,A,Disciplined ROI-gate and service-led implementation benchmark,B,Global CRE services platform,"AI in back office, research, transactions, development and maintenance",Internal AI/product investment and service integration,AI research; proactive maintenance workflows,No broad portfolio AI ROI disclosed,observed,Strategy disclosure is stronger than product outcomes,https://www.cbre.com/|https://ir.cbre.com/financial-reports/sec-filings/content/0001193125-26-141311/2025_ars_filing_4-3-26.pdf,2026-08-30,global_real_estate_pioneers_agent.csv,1,false,
org-chestnut-7e1617e,Chestnut,Chestnut,https://www.ycombinator.com/companies/chestnut,active,2026-08-30,United States,United States,Unknown,Company,Fintech/AI,YC P2025,Finance,Transaction,AI mortgage lender,Very early,A,Medium,B,,,,,YC says licensed in Texas/Colorado and claims 0.5%+ savings,YC self-description,Licensing/credit risk and claim verification,https://www.ycombinator.com/companies/chestnut,2026-08-30,proptech_startups_agent.csv,1,false,
org-clau-d85bf61,Clau,Clau,https://www.ycombinator.com/companies/clau,active,2026-08-30,Mexico,Mexico,2020,private startup,marketplace SaaS and financial intermediation,Y Combinator S2020,L6 Marketing/sales,L3 Capital/finance/L9 Portfolio,real-estate super-app marketplace CRM mortgage and data,scaleup,A,Medium,B,,,,,"YC describes a Mexican marketplace, broker CRM, mortgage brokerage, renovation services and residential data layer",YC company description,YC directory description is not an audited operating or customer outcome report; current product breadth and licensing need recheck.,https://www.ycombinator.com/companies/clau,2026-08-30,coverage_gap_additions.csv,1,false,
org-daiwa-house-867bffd,Daiwa House,Daiwa House,https://www.daiwahouse.com/English/,active,,Japan,Japan global,,industrialised homebuilder developer,,,D/C/H/O/E,,,,C,Industrialised construction comparator,B,Large Japanese housing and real-estate group,"Factory production, modularity, smart-home and lifecycle maintenance to verify",Internal R&D and industrialised construction,Unknown—verify products,Unknown,unknown,Product-level outcomes not extracted,https://www.daiwahouse.com/English/,2026-08-30,global_real_estate_pioneers_agent.csv,1,false,
org-dlf-dccdl-26bceb7,DLF / DCCDL,DLF / DCCDL,https://www.dlf.in/,active,,India,India,,office retail residential developer operator,,,O/H/E,,,,A,Commercial workplace and smart-infrastructure benchmark,B,DCCDL Cyber City portfolio,"Tech-enabled workplace connectivity, ESG and water",WiredScore certification and internal asset operations,DLF Cyber City; WiredScore,Certification indicates connectivity readiness; no tenant productivity ROI,observed,"Certification is readiness, not performance",https://www.dlf.in/|https://www.dlf.in/dccdl/annual-docket/DCCDL_Annual_Report_FY_2024_25.pdf,2026-08-30,global_real_estate_pioneers_agent.csv,1,false,
org-e-hishabi-b51c1b7,E-Hishabi,E-Hishabi,https://ehishabi.com/,unclear,2026-08-30,Bangladesh,Bangladesh,Unknown,private-software-company || Company,subscription-implementation || SaaS,local-ERP-vendor || Independent,land-sales-collections || Operations,procurement-construction-HR-accounts || Finance,real-estate-ERP || Developer ERP/booking,early-stage || Early,D,compare-local-ERP || Medium,B,,,,,customer-count-and-outcomes-not-published || Real-estate developer booking/installment software claim,company-product-page || Company self-description,unknown || Request named references uptime APIs and exports,https://ehishabi.com/,2026-08-30,proptech_startups_agent.csv|regional_companies_agent.csv,2,true,
org-elyos-ai-90065ff,Elyos AI,Elyos AI,https://elyos.ai/,active,2026-08-30,United Kingdom,UK and Europe,2023,private startup,AI SaaS and workflow automation,Pi Labs,L5 Construction,L8 Property operations,autonomous AI agents for trades and field services,early-growth,A,Medium,B,,,,,Pi Labs lists Elyos AI as fully autonomous AI agents for trades and field services,ecosystem product description,"Early-stage product and safety claims need live customer evidence, human approval controls and clear liability boundaries.",https://elyos.ai/|https://pilabs.vc/portfolio?sort=date_desc,2026-08-30,coverage_gap_additions.csv,1,false,
org-equity-residential-15dcba6,Equity Residential,Equity Residential,https://www.equityapartments.com/,active,,United States,United States,,multifamily REIT,,,S/H/O/E,,,,C,Resident-experience comparator,B,Public multifamily REIT,Digital resident experience and operations to verify,Internal operations and vendors,Unknown—verify products,Unknown,unknown,Primary filing review required,https://www.equityapartments.com/,2026-08-30,global_real_estate_pioneers_agent.csv,1,false,
org-estate-intel-539a151,Estate Intel,Estate Intel,https://estateintel.com/,active,2026-08-30,Nigeria,Africa,2014,private company,data subscriptions reports and custom research,MetaProp/Independent,L1 Land/site,L3 Capital/finance/L9 Portfolio,real-estate market intelligence and project data,growth,A,Medium,B,,,,,Property and construction database covering historic prices vacancy project teams and project tracking; official site reports 120+ subscribing companies,company-reported customer and product claim,"Customer count and database coverage are company claims; validate data provenance, update cadence and local representativeness.",https://estateintel.com/|https://estateintel.com/insights/this-is-ei-pro-more-affordable-access-to-real-estate-data,2026-08-30,coverage_gap_additions.csv,1,false,
org-fbr-hadrian-x-b896b3f,FBR / Hadrian X,FBR / Hadrian X,https://www.fbr.com.au/,active,2026-08-30,Australia,Australia and United States,1994,public company,robotics hardware licensing and construction services,Public,L5 Construction,L10 ESG,autonomous bricklaying and construction robotics,scaleup,A,Medium,B,,,,,ASX-listed FBR develops Hadrian autonomous bricklaying and reports speeds up to 360 blocks per hour on its product page,company product description,"Throughput is not the same as completed-house cost or quality; block supply, site setup, local standards and workforce model are decisive.",https://www.fbr.com.au/|https://www.fbr.com.au/view/hadrian,2026-08-30,coverage_gap_additions.csv,1,false,
org-first-street-foundation-first-street-ff7010b,First Street Foundation / First Street,First Street Foundation / First Street,https://firststreet.org/,active,2026-08-30,United States,United States,unknown,nonprofit,data subscriptions API and research partnerships,Independent,L10 ESG,L1 Land/site/L2 Feasibility/L3 Capital/finance,public-data building-level physical climate risk platform and API,growth,B,Medium-high,B,,,,,First Street provides per-location flood wildfire heat and wind risk scores and building-level damage estimates for property decisions,official product description,"Primarily U.S.-focused; model uncertainty, coverage and distribution history require explicit caveats",https://firststreet.org/|https://help.firststreet.org/hc/en-us/articles/9680350042903-First-Street-FAQ|https://docs.firststreet.org/api/climate-risk-api/getting-started|https://docs.firststreet.org/api,2026-08-30,enterprise_platform_additions.csv,1,false,
org-flexdesk-024af53,FlexDesk,FlexDesk,https://www.ycombinator.com/companies/flexdesk,active,2026-08-30,United States,United States,2023,private startup,enterprise SaaS,Y Combinator W2023,L9 Portfolio,L7 Occupancy,AI corporate real-estate portfolio workflow,early-growth,A,Medium,B,,,,,YC describes agents that execute fragmented corporate real-estate back-office and portfolio workflows; customer examples include Reddit and Confluent,YC company description,"Customer and automation claims are directory statements; integration, procurement and data-security requirements are enterprise-heavy.",https://www.ycombinator.com/companies/flexdesk,2026-08-30,coverage_gap_additions.csv,1,false,
org-frasers-property-a09bfaa,Frasers Property,Frasers Property,https://www.frasersproperty.com/,active,,Singapore,Asia Australia Europe,,developer owner operator REIT sponsor,,,L/S/H/O/E,,,,C,APAC mixed-use and logistics comparator,B,Multi-asset global platform,"Digital customer platforms, logistics and smart buildings to verify","Asset manager, REITs and partnerships",Unknown—verify products,Unknown,unknown,Primary report review required,https://www.frasersproperty.com/,2026-08-30,global_real_estate_pioneers_agent.csv,1,false,
org-gic-09508e5,GIC,GIC,https://www.gic.com.sg/,active,,Singapore,Global,,sovereign institutional investor,,,F/E,,,,C,Long-horizon capital comparator,B,Large sovereign investor,"Digital infrastructure, data and climate analytics to verify",Long-term institutional co-investment,Unknown—verify PropTech portfolio,Unknown,unknown,Exposure may be indirect through funds,https://www.gic.com.sg/,2026-08-30,global_real_estate_pioneers_agent.csv,1,false,
org-gojom-1727459,GoJom,GoJom,https://www.ycombinator.com/companies/gojom,active,2026-08-30,Peru,Latin America,2022,private startup,marketplace and transaction fees,Y Combinator W2022,L6 Marketing/sales,L3 Capital/finance/L7 Occupancy,one-stop real-estate marketplace and transaction services,early-growth,A,Medium,B,,,,,YC describes a faster way to buy sell and rent property across Latin America using technology and machine learning,YC company description,"Early-stage directory evidence; verify countries, licensing, transaction volume and current operations before relying on it.",https://www.ycombinator.com/companies/gojom,2026-08-30,coverage_gap_additions.csv,1,false,
org-goldbridge-afb37b0,Goldbridge,Goldbridge,https://www.ycombinator.com/companies/goldbridge,active,2026-08-30,United States,United States,Unknown,Company,Fintech/AI,YC F2025,Finance,Operations,Owner banking AI,Very early,A,Medium,B,,,,,AI banking platform for real-estate owners,YC self-description,Unverified market/funding claims and banking regulation,https://www.ycombinator.com/companies/goldbridge,2026-08-30,proptech_startups_agent.csv,1,false,
org-goodman-56241ae,Goodman,Goodman,https://www.goodman.com/,active,,Australia,Global,,logistics industrial data-centre owner developer,,,L/O/E,,,,C,Industrial/data-centre comparator,B,Global logistics and data-centre platform,"Automation-ready logistics, renewables and data centres",Integrated developer/operator and partnerships,Unknown—verify initiatives,Unknown,unknown,Separate customer automation from owner technology,https://www.goodman.com/,2026-08-30,global_real_estate_pioneers_agent.csv,1,false,
org-greystar-19b2aa9,Greystar,Greystar,https://www.greystar.com/,active,,United States,Global,,multifamily owner operator developer,,,S/H/O/F,,,,C,Rental operations comparator,B,Large global rental housing platform,"Digital leasing, resident experience, smart access and maintenance to verify",Internal platform and vendor partnerships,Unknown—verify products,Unknown,unknown,Do not publish unverified AI claims,https://www.greystar.com/,2026-08-30,global_real_estate_pioneers_agent.csv,1,false,
org-growthpoint-properties-2bd3863,Growthpoint Properties,Growthpoint Properties,https://growthpoint.co.za/,active,2026-08-30,South Africa,Africa South Africa Australia Europe,1987,"REIT, owner/operator and funds manager","retail, office, logistics, healthcare, student, mixed-use, smart meters and predictive maintenance",Independent,L/S/H/O/E,F,African diversified REIT and asset manager,scale operator,B,Corrects the Africa portal bias with a real owner/operator and concrete smart-building utility/maintenance examples,B,,,,,"FY2025 reporting describes 475 properties and smart meters, leak detection, remote monitoring and predictive maintenance",official annual/ESG reporting,Portfolio and operational claims are company-reported; separate SA group from Growthpoint Australia,https://growthpoint.co.za/|https://growthpoint.co.za/wp-content/uploads/2025/10/2025-Environmental-Social-and-Governance-Report.pdf|https://growthpoint.co.za/pressoffice/growth-trajectory|https://sharedata.co.za/v2/Scripts/Glossies.aspx?c=GRT,2026-08-30,operator_coverage_additions.csv,1,false,
org-haven-property-operations-42e9d8a,Haven,Haven,https://www.ycombinator.com/companies/haven-2,active,2026-08-30,United States,United States,Unknown,Company,AI SaaS,YC W2023,Operations,Customer,AI property management,Early,A,Medium,B,,,,,AI maintenance diagnosis dispatch and follow-up,YC self-description,Local vendors language and liability,https://www.ycombinator.com/companies/haven-2,2026-08-30,proptech_startups_agent.csv,1,false,Potential same-name collision split by cohort/category.
org-henry-3eca10f,Henry,Henry,https://www.ycombinator.com/companies/henry-2,active,2026-08-30,United States,United States,Unknown,Company,AI SaaS,YC S2024,Sales,Data,CRE broker AI,Early,A,Medium,B,,,,,Generates CRE presentations and financial models,YC self-description,Data licensing and hallucination risk,https://www.ycombinator.com/companies/henry-2,2026-08-30,proptech_startups_agent.csv,1,false,
org-hines-5178409,Hines,Hines,https://www.hines.com/,active,,United States,Global 30 countries/territories,,investment manager developer operator,,,L/D/C/O/E,,,,A,Pilot governance and venture-building benchmark,B,30 countries/territories; 27 Timber Transit Technology buildings in 2024 report,"Pilots/scales technology, financing models and sustainable practices",Global Ventures; Office of Innovation; Fifth Wall,CQuel; Fabrik; Varuna; T3,No portfolio-wide PropTech ROI disclosed,observed,Public evidence stronger on governance than product detail,https://www.hines.com/|https://www.hines.com/globalventures|https://www.hines.com/2024-sustainability-report-full-report|https://hines-assets.s3.amazonaws.com/documents/Hines-2018-Sustainability-Report.-FINAL_190925_181950.pdf,2026-08-30,global_real_estate_pioneers_agent.csv,1,false,
org-holox-0928a35,HoloX,HoloX,,cohort-selected,2026-08-30,United Arab Emirates,Middle East,Unknown,Company,SaaS,NAR REACH Middle East 2026,Sales,Design,Digital twins for off-plan sales,Early,A,Medium,B,,,,,Interactive 3D experiences for master plans,Cohort selection/self-description,Data capture export and local support unknown,https://www.nar-reach.com/news,2026-08-30,proptech_startups_agent.csv,1,false,
org-hongkong-land-9ed857e,Hongkong Land,Hongkong Land,https://www.hkland.com/,active,,Hong Kong,Hong Kong China Asia,,developer owner operator,,,H/O/E,,,,C,Asia mixed-use owner comparator,B,Premium commercial/residential portfolio,Smart building and tenant operations to verify,Internal asset management and partnerships,Unknown—verify initiatives,Unknown,unknown,Primary annual report review required,https://www.hkland.com/,2026-08-30,global_real_estate_pioneers_agent.csv,1,false,
org-houseafrica-4dd17a3,HouseAfrica,HouseAfrica,https://houseafrica.io/,unclear,2026-08-30,Nigeria,Africa,2019,private startup,platform fees and investment services,Independent,L1 Land/site,L3 Capital/finance/L6 Marketing/sales,land verification digital title and fractional property platform,early-stage,B,Medium,B,,,,,"Uses satellite mapping, digital certificates and blockchain-linked records to improve land verification and payments in Africa",company product description,"Live site and self-described partnerships are not proof of current solvency, regulatory authorization or enforceable title; classify status unresolved until independently verified.",https://houseafrica.io/|https://project.houseafrica.io/terms,2026-08-30,coverage_gap_additions.csv,1,false,
org-huspy-288c347,Huspy,Huspy,https://huspy.com/ae/,active,2026-08-30,United Arab Emirates,UAE-Spain-MENA,2020,private-growth,commission-referral-finance,Fifth-Wall-Peak-XV-Balderton,home-discovery-brokerage,mortgage-financing,brokerage-mortgage-platform,scale,B,transaction-to-finance,B,,,,,25-percent-Dubai-mortgage-and-AED1bn-month-company-claims,company-releases,UAE-licenses-do-not-transfer,https://huspy.com/ae/|https://huspy.com/ae/blog/balderton-huspy|https://huspy.com/blog/huspy-series-a,2026-08-30,regional_companies_agent.csv,1,false,
org-i-city-i-berhad-05f7e81,i-City / i-Berhad,i-City / i-Berhad,https://www.i-bhd.com/about/,active,,Malaysia,Malaysia,,integrated city developer,,,L/O/E,,,,B,Southeast Asian smart-city case,B,Positioned as Malaysia's first integrated AI City,"Urban ecosystem combining development, infrastructure and intelligent systems",Integrated developer platform,i-City AI City,No independent outcome disclosed,company-reported,Marketing claims require delivered-system verification,https://www.i-bhd.com/about/,2026-08-30,global_real_estate_pioneers_agent.csv,1,false,
org-icon-f8995ba,ICON,ICON,https://www.iconbuild.com/technology,active,2026-08-30,United States,United States,2017,private company,hardware software materials training and construction services,Independent,L5 Construction,L2 Feasibility/L10 ESG,robotic 3D-printed construction and BuildOS,scaleup,A,Medium,B,,,,,BuildOS orchestrates robotic concrete printing and the company is rolling out Titan systems for builders,company product description and rollout announcement,"3D printing solves only part of total construction cost; structural standards, finishes, utilities, code, service and economics need project-level proof.",https://www.iconbuild.com/technology|https://www.iconbuild.com/newsroom/icon-announces-first-commercial-rollout-of-its-3d-printing-construction-technology-for-builders,2026-08-30,coverage_gap_additions.csv,1,false,
org-inbuild-0282ee3,inBuild,inBuild,https://www.ycombinator.com/companies/inbuild,active,2026-08-30,United States,United States,2023,private startup,fintech SaaS,Y Combinator W2023,L5 Construction,L3 Capital/finance,AI invoice approval payment and budget control for homebuilders,early-stage,A,Medium,B,,,,,"YC describes invoice checking against project budgets, approvals, payments and QuickBooks updates",YC company description,Accounting integration and payment controls are US-centric; test segregation of duties and local tax treatment.,https://www.ycombinator.com/companies/inbuild,2026-08-30,coverage_gap_additions.csv,1,false,
org-infra-market-b3a2104,Infra-Market,Infra-Market,https://infra.market/,active,2026-08-30,India,India,2016,private-company,marketplace-manufacturing-finance,Indian-construction-scaleup,materials-procurement-manufacturing,distribution-private-label-credit,construction-materials-platform,scale,B/C,supply-aggregation-quality,B,,,,,valuation-and-funding-mixed-source-credit-risk,company-plus-investor,unknown,https://infra.market/|https://infra.market/about-us|https://infra-prod.gumlet.io/ivas/PROD/06-05-2025/1746534342377_IVAS_DezineMandapam.pdf,2026-08-30,regional_companies_agent.csv,1,false,
org-inspectmind-ai-e96a36c,InspectMind AI,InspectMind AI,https://www.ycombinator.com/companies/inspectmind-ai,active,2026-08-30,United States,United States,Unknown,Company,AI SaaS,YC W2024,Design,Construction,AI drawing QA,Very early,A,Medium,B,,,,,Catches construction-drawing issues before rework,YC self-description,False negatives drawing standards and liability,https://www.ycombinator.com/companies/inspectmind-ai,2026-08-30,proptech_startups_agent.csv,1,false,
org-invitation-homes-84857f4,Invitation Homes,Invitation Homes,https://www.invitationhomes.com/,active,,United States,United States,,single-family rental owner operator,,,S/H/O,,,,C,Distributed-home operations comparator,B,Large single-family rental owner,"Centralised digital leasing, field service, work orders and smart home to verify",Internal platform and vendors,Unknown—verify products,Unknown,unknown,Primary filing review required,https://www.invitationhomes.com/,2026-08-30,global_real_estate_pioneers_agent.csv,1,false,
org-ivanhoe-cambridge-8c510ab,Ivanhoé Cambridge,Ivanhoé Cambridge,https://www.ivanhoecambridge.com/,active,,Canada,Global,,institutional real estate investor,,,F/O/E,,,,C,Institutional owner comparator,B,Global portfolio,"Climate, data and tenant operations to verify",Institutional partnerships,Unknown—verify programmes,Unknown,unknown,Primary ESG report review required,https://www.ivanhoecambridge.com/,2026-08-30,global_real_estate_pioneers_agent.csv,1,false,
org-jomee-jomaa-d8b40e9,Jomee-Jomaa,Jomee-Jomaa,https://www.jomeejomaa.com/,active,2026-08-30,Bangladesh,Bangladesh,2023,private-fintech,profit-share,local-fintech-proptech,land-investment-fractionalization,secondary-market-documents,fractional-land-platform,early-stage,B/C,benchmark-only-pending-counsel,B,,,,,BDT1000-ROI-liquidity-are-claims,company-plus-press,securities-AML-title-secondary-market-risk,https://www.jomeejomaa.com/|https://www.jomeejomaa.com/terms|https://www.thedailystar.net/tech-startup/news/fractional-land-investment-platform-jomee-jomaa-launched-3444451,2026-08-30,regional_companies_agent.csv,1,false,
org-kestrix-45a7de9,Kestrix,Kestrix,https://www.kestrix.io/,active,2026-08-30,United Kingdom,UK and Europe,2022,private startup,software plus survey services,Pi Labs,L8 Property operations,L10 ESG/L9 Portfolio,machine-learning energy surveying and building intelligence,early-growth,A,Medium,B,,,,,"Pi Labs lists Kestrix as machine-learning energy surveillance, a missing bridge between building data capture and retrofit decisions",ecosystem product description,"Survey accuracy, retrofit savings and local climate calibration need independent validation; service-heavy delivery may limit scale.",https://www.kestrix.io/|https://pilabs.vc/portfolio?sort=date_desc,2026-08-30,coverage_gap_additions.csv,1,false,
org-landeed-505b2d4,Landeed,Landeed,https://www.landeed.com/,active,2026-08-30,India,India,Unknown,private-startup,subscription-data-services,Indian-proptech-venture,title-document-search,valuation-market-data,property-records-platform,early-growth,B/C,title-evidence-graph-benchmark,B,,,,,Indian-state-integrations-not-portable,company-page,unknown,https://www.landeed.com/|https://www.landeed.com/about,2026-08-30,regional_companies_agent.csv,1,false,
org-link-reit-3ef24b7,Link REIT,Link REIT,https://www.linkreit.com/en/,active,2026-08-30,Hong Kong,Hong Kong Mainland China Australia Singapore United Kingdom,2005,REIT and asset-management platform,"retail, office, logistics, community services, sustainability and data transparency",Independent; internally managed,L/S/H/O/E,F,APAC internally managed REIT and community operator,scale operator,B,"Shows a large owner/operator using portfolio data and community operations, counterbalancing developer-led platform cases",B,,,,,Official IR calls Link the largest REIT in Asia by asset value and publishes 2025/26 operating and sustainability data,official IR and sustainability reporting,Technology outcomes need deeper extraction; do not equate ESG disclosure with PropTech ROI,https://www.linkreit.com/en/|https://www.linkreit.com/en/investor-relations/|https://www.linkreit.com/en/investor-relations/financial-reports/|https://www.linkreit.com/en/sustainability/,2026-08-30,operator_coverage_additions.csv,1,false,
org-livspace-8e2af3d,Livspace,Livspace,https://www.livspace.com/in,active,2026-08-30,India,India and Southeast Asia,2014,private company,marketplace design manufacturing installation and warranty,Independent,L11 Handover/end-of-life,L4 Design/L5 Construction,tech-enabled end-to-end interiors and renovation,scaleup,A,Medium,B,,,,,"Integrates designer marketplace, materials, manufacturing, installation, warranty and project coordination; company reports 100,000+ homes and 100+ cities",company-reported scale and product description,"Quality, deadline and warranty outcomes need independent validation; useful as a handover/fit-out benchmark, not a core developer ERP.",https://www.livspace.com/in|https://www.livspace.com/in/about-us,2026-08-30,coverage_gap_additions.csv,1,false,
org-lotroll-83be313,LotRoll,LotRoll,,cohort-selected,2026-08-30,United States,United States,Unknown,Company,Data marketplace,NAR REACH US Residential 2026,Sales,Data,Manufactured-housing data/infrastructure,Early,A,Low,B,,,,,Brings manufactured housing market online with data and tools,Cohort selection/self-description,US segment and no independent outcomes,https://www.nar-reach.com/second-century-ventures-announces-6-technology-companies-for-2026-reach-scale-up-program,2026-08-30,proptech_startups_agent.csv,1,false,
org-mahindra-lifespaces-55a7354,Mahindra Lifespaces,Mahindra Lifespaces,https://www.mahindralifespaces.com/,active,2026-08-30,India,India South Asia,1994,developer and integrated-cities platform,"net-zero homes, industrial land, sustainable design and community operations",Mahindra Group,L/D/C/H/O/E,E,"India residential, industrial-cluster and net-zero developer",growth platform,B,"Adds an India sustainability/industrial-cluster benchmark not duplicated by Godrej, Prestige or Lodha",B,,,,,"FY2025 report and FY2026 investor page report >₹45,000 crore cumulative GDV and net-zero projects",official annual report and investor page,Sustainability leadership is not automatically digital innovation; extract named systems before scoring,https://www.mahindralifespaces.com/|https://www.mahindralifespaces.com/investor-center/?category=annual-reports|https://mldlprodstorage.blob.core.windows.net/live/2025/07/269865_MLDL_AR_2025_Final.pdf|https://cms.mahindralifespaces.com/web/node/4161,2026-08-30,operator_coverage_additions.csv,1,false,
org-mapletree-38e8d9a,Mapletree,Mapletree,https://www.mapletree.com.sg/,active,,Singapore,Asia Europe United States,,developer owner operator,,,L/O/E,,,,C,APAC logistics and mixed-use comparator,B,"Global logistics, industrial, office, retail and residential platform","Smart logistics, energy and tenant platforms to verify",Integrated developer and REIT manager,Unknown—verify platforms,Unknown,unknown,Technology evidence not extracted,https://www.mapletree.com.sg/,2026-08-30,global_real_estate_pioneers_agent.csv,1,false,
org-masdar-city-eee2e48,Masdar City,Masdar City,https://www.mubadala.com/en/what-we-do/masdar-city,active,,United Arab Emirates,Abu Dhabi,,smart sustainable urban development,,,L/D/O/E,,,,B,Masterplan-as-testbed model,B,Buildings designed for at least 40% less water and energy than conventional buildings,"Real-time urban laboratory for clean energy, water, mobility, AI and high-performance buildings",Tech Park and The Catalyst accelerator,Masdar City; Tech Park; The Catalyst,At least 40% less water and energy target (company claim),company-reported,Target baseline not independently validated,https://www.mubadala.com/en/what-we-do/masdar-city|https://masdar.ae/en/news/newsroom/tech-park-at-masdar-city-to-position-abu-dhabi-as-an-innovation-hub-for-start-ups,2026-08-30,global_real_estate_pioneers_agent.csv,1,false,
org-material-depot-494da72,Material Depot,Material Depot,https://www.ycombinator.com/companies/material-depot,active,2026-08-30,India,India,2022,private startup,marketplace and direct commerce,Y Combinator W2022,L5 Construction,L11 Handover/end-of-life,interior-material marketplace and supply chain,scaleup,A,Medium,B,,,,,"YC describes direct manufacturer-to-customer materials with live trend data and reports 10,000+ homes served",company-reported scale via YC description,"Supply chain quality, returns, credit, delivery and local product certification must be verified before procurement integration.",https://www.ycombinator.com/companies/material-depot,2026-08-30,coverage_gap_additions.csv,1,false,
org-maxhome-ai-e6888c9,MaxHome.ai,MaxHome.ai,,cohort-selected,2026-08-30,United States,United States,Unknown,Company,AI SaaS,NAR REACH US Residential 2026,Transaction,Operations,Transaction intelligence,Early,A,Medium,B,,,,,Streamlines compliance and operational workflows for brokerages,Cohort selection/self-description,US compliance and early-stage evidence,https://www.nar-reach.com/second-century-ventures-announces-6-technology-companies-for-2026-reach-scale-up-program,2026-08-30,proptech_startups_agent.csv,1,false,
org-mirvac-df71b9e,Mirvac,Mirvac,https://www.mirvac.com/,active,,Australia,Australia,,developer owner operator,,,L/D/H/O/E,,,,C,Precinct operations comparator,B,Large Australian mixed-use/residential platform,"Digital customer, precinct and energy operations to verify",Internal innovation and partnerships,Unknown—verify initiatives,Unknown,unknown,Primary report review required,https://www.mirvac.com/,2026-08-30,global_real_estate_pioneers_agent.csv,1,false,
org-mitsubishi-estate-e9746be,Mitsubishi Estate,Mitsubishi Estate,https://www.mec.co.jp/en/,active,,Japan,Japan United States Europe Asia Oceania,,developer owner operator,,,L/H/O/E,,,,B,Urban-platform and developer-CVC comparator,B,Large Marunouchi-centred global urban developer,"Urban data, tenant experience and digital services to verify",BRICKS FUND TOKYO CVC; Prime Partners,BRICKS FUND TOKYO; Mellow; IVRy,No portfolio-level outcome disclosed,observed,CVC evidence stronger than property deployment,https://www.mec.co.jp/en/|https://bricks-fundtokyo.com/,2026-08-30,global_real_estate_pioneers_agent.csv,1,false,
org-mubadala-real-assets-18e6cb7,Mubadala Real Assets,Mubadala Real Assets,https://www.mubadala.com/,active,,United Arab Emirates,Global,,sovereign investor real assets,,,L/F/O/E,,,,A,Capital-allocation comparator for JCX,B,"Portfolio spans digital infrastructure, logistics, healthcare/life sciences and living","Invests around digital transformation, urbanisation and decarbonisation",Institutional partnerships and thematic investment,Mubadala Real Assets; digital infrastructure,No property-tech ROI disclosed,observed,Thesis broader than PropTech,https://www.mubadala.com/|https://annual2024.mubadala.com/en/onemubadala/real-assets,2026-08-30,global_real_estate_pioneers_agent.csv,1,false,
org-mubawab-4b0178e,Mubawab,Mubawab,https://www.mubawab.ma/en/about,active,2026-08-30,Morocco,Morocco and Tunisia/Maghreb,2012,private company,listing subscriptions advertising and transaction services,Africa Property Portals,L6 Marketing/sales,L9 Portfolio,North African property marketplace and market data,scaleup,A,Medium,B,,,,,Digital property platform connecting buyers renters agencies and developers; official page reports 2m+ monthly visits and acquisition of Jumia House in the Maghreb,company-reported scale and acquisition disclosure,Traffic is company-reported and not equivalent to leads or closings; French/Arabic and country coverage are key localization variables.,https://www.mubawab.ma/en/about|https://www.mubawab.com/,2026-08-30,coverage_gap_additions.csv,1,false,
org-nawy-fea68ec,Nawy,Nawy,https://www.nawy.com/,active,2026-08-30,Egypt,Egypt-MENA,2019,private-growth,commission-financing-fees,Partech-eCapital-Nclude,property-discovery-brokerage,mortgage-fractional-B2B-brokers,integrated-proptech,scale,B,inventory-broker-finance,B,,,,,US52m-equity-and-US23m-debt-release-license-needs-check,company-release,unknown,https://www.nawy.com/|https://www.nawy.com/blog/116847-nawy-raises-a-52m-series-a-to-take-on-mena|https://www.nawy.com/about-us,2026-08-30,regional_companies_agent.csv,1,false,
org-nearmap-8a8f2ad,Nearmap,Nearmap,https://www.nearmap.com/au,active,2026-08-30,Australia,Australia-US-NZ-Canada,2007,public-global-company,subscription-API,aerial-property-intelligence,site-property-intelligence,construction-insurance-government,aerial-imagery-AI,scale,B,imagery-change-detection,B,,,,,customer-counts-refresh-company-claims-local-drone-alternative,company-page,unknown,https://www.nearmap.com/au|https://www.nearmap.com/au/property-intelligence|https://www.nearmap.com/au/about,2026-08-30,regional_companies_agent.csv,1,false,
org-nemetschek-8aa57f2,Nemetschek,Nemetschek,https://www.nemetschek.com/en/solutions,active,2026-08-30,Germany,Global,1963,public company,enterprise and subscription software,Public,L4 Design,L5 Construction/L8 Property operations,open BIM design construction and building-management software,enterprise,A,Medium,B,,,,,"Portfolio covers planning, visualization, construction and building management through brands such as Bluebeam, Graphisoft, Solibri, Spacewell and dTwin",official group product description,Group is a parent of many brands; do not count each brand as an independent company without ownership relationships.,https://www.nemetschek.com/en/solutions|https://www.nemetschek.com/en/company/brands,2026-08-30,coverage_gap_additions.csv,1,false,
org-neom-e682d22,NEOM,NEOM,https://www.neom.com/,active,,Saudi Arabia,Saudi Arabia,,master developer,,,L/D/O/E,,,,C,MENA smart-city reference,B,Mega-project masterplan,"Smart-city, digital twin, autonomous mobility and sustainable infrastructure claims to verify",Government-backed ecosystem and partners,The Line; Oxagon; Trojena,Unknown,unknown,Separate aspiration from delivered systems,https://www.neom.com/,2026-08-30,global_real_estate_pioneers_agent.csv,1,false,
org-nigeria-property-centre-6683212,Nigeria Property Centre,Nigeria Property Centre,https://nigeriapropertycentre.com/about-us,active,2026-08-30,Nigeria,Nigeria Ghana Kenya Uganda and Ethiopia,2011,private company,listing subscriptions advertising and data,Independent,L6 Marketing/sales,L9 Portfolio/L3 Capital/finance,pan-African property search platform,scaleup,A,Medium,B,,,,,"Official page reports 181,000+ active listings, 18,700 agents/developers, 698 areas and 1.25m monthly seekers across its network",company-reported scale and product description,Self-reported network metrics; country domains and market data should be separated; search traffic does not prove transaction conversion.,https://nigeriapropertycentre.com/about-us,2026-08-30,coverage_gap_additions.csv,1,false,
org-nirmanbazaar-a26f78c,NirmanBazaar,NirmanBazaar,https://nirmanbazaar.com/,unclear,2026-08-30,Bangladesh,Bangladesh,Unknown,private-startup || Company,marketplace-margin-credit || Marketplace,local-early-stage || Independent,materials-procurement-delivery || Procurement,project-tracking-cost-loans-credit || Construction,construction-marketplace || Materials marketplace,early-stage || Early,D,potential-procurement-partner || Medium,B,,,,,claims-suppliers-buyers-districts-products-credit-not-audited || Construction materials marketplace proposition,company-claim || Directory/company description,unknown || Verify operating history supplier QA delivery and integration,https://www.nirmanbazaar.com.bd/|https://info-vendor.nirmanbazaar.com/|https://nirmanbazaar.com/,2026-08-30,proptech_startups_agent.csv|regional_companies_agent.csv,2,true,
org-nuveen-real-estate-cdf03a7,Nuveen Real Estate,Nuveen Real Estate,https://www.nuveen.com/global/real-estate,active,,United States,Global,,institutional investment manager,,,F/O/E,,,,C,"Capital, retrofit and operations benchmark",B,Global real estate manager,"Portfolio analytics, retrofit and energy management to verify",Institutional funds and partnerships,Unknown—verify products,Unknown,unknown,Do not infer technology from general ESG language,https://www.nuveen.com/global/real-estate,2026-08-30,global_real_estate_pioneers_agent.csv,1,false,
org-obayashi-6a0d181,Obayashi,Obayashi,https://www.obayashi.co.jp/en/,active,,Japan,Japan global,,construction contractor developer,,,D/C/O/E,,,,C,Japanese construction automation comparator,B,Major Japanese contractor,"Robotics, autonomous construction, BIM and digital twins to verify",Internal R&D and partnerships,Unknown—verify robotics,Unknown,unknown,Primary report review required,https://www.obayashi.co.jp/en/,2026-08-30,global_real_estate_pioneers_agent.csv,1,false,
org-opendoor-bd08442,Opendoor,Opendoor,https://www.opendoor.com/,active,,United States,United States,,iBuyer technology-enabled brokerage,,,S/F,,,,C,Useful transaction-automation case and risk lesson,B,Digital home transaction platform,Data-driven pricing and transaction automation,Technology-enabled operator,Opendoor platform,Unknown,unknown,Inventory and market-cycle risks are material,https://www.opendoor.com/,2026-08-30,global_real_estate_pioneers_agent.csv,1,false,
org-oxford-properties-1e070f3,Oxford Properties,Oxford Properties,https://www.oxfordproperties.com/,active,,Canada,Global,,institutional owner manager,,,F/O/E,,,,C,Institutional ESG and asset-management comparator,B,Institutional global real estate platform,"Portfolio data, decarbonisation and tenant experience to verify",Institutional partnerships and funds,Unknown—verify products,Unknown,unknown,Verify owner versus manager attribution,https://www.oxfordproperties.com/,2026-08-30,global_real_estate_pioneers_agent.csv,1,false,
org-paces-c08a2fe,Paces,Paces,https://www.ycombinator.com/companies/paces,active,2026-08-30,United States,United States,2022,private startup,AI SaaS and development services,Y Combinator S2022,L1 Land/site,L2 Feasibility/L5 Construction,AI siting interconnection permitting and renewable/data-center development,early-growth,A,Medium,B,,,,,YC describes automation and expert services that accelerate renewable-energy and data-center projects from siting through construction-ready,YC company description,Energy and data-center development differs from residential real estate; useful for infrastructure siting and permitting architecture.,https://www.ycombinator.com/companies/paces,2026-08-30,coverage_gap_additions.csv,1,false,
org-pares-ai-de8df6d,PARES AI,PARES AI,https://www.ycombinator.com/companies/pares-ai,active,2026-08-30,United States,United States,Unknown,Company,AI-native services,YC S2025,Operations,Sales,AI brokerage/property management,Very early,A,Medium,B,,,,,AI-native brokerage and property management,YC self-description,Autonomy law payment and human oversight,https://www.ycombinator.com/companies/pares-ai,2026-08-30,proptech_startups_agent.csv,1,false,
org-passivelogic-138e956,PassiveLogic,PassiveLogic,https://www.passivelogic.com/,active,2026-08-30,United States,Global,unknown,private startup,AI SaaS and hardware software,RET Ventures portfolio,L4 Design,L5 Construction/L8 Property operations/L10 ESG,physics-based digital twin generative controls and autonomous building platform,early-growth,B,Medium-high,B,,,,,"Physical-AI stack spans digital-twin construction, sensor/control design, commissioning, fault detection and autonomous building control",official product description; company press release,"Public deployment, customer scale and realized outcomes are incomplete; Level 3 autonomy is a company announcement",https://www.passivelogic.com/|https://passivelogic.com/downloads/Builder-ProdSheet-%202025_web.pdf|https://www.prnewswire.com/news-releases/passivelogic-introduces-the-worlds-first-generative-autonomy-platform-for-buildings-and-industrial-infrastructure-302820208.html,2026-08-30,enterprise_platform_additions.csv,1,false,
org-permitflow-157886b,PermitFlow,PermitFlow,https://www.ycombinator.com/companies/permitflow,active,2026-08-30,United States,United States,2022,private startup,AI SaaS,Y Combinator W2022,L2 Feasibility,L5 Construction/L1 Land/site,AI preconstruction and permit management,scaleup,A,Medium,B,,,,,YC describes an AI platform helping contractors and developers manage preconstruction and permitting,YC company description,Permitting is authority-specific; no Bangladesh data or workflow equivalence should be assumed.,https://www.ycombinator.com/companies/permitflow,2026-08-30,coverage_gap_additions.csv,1,false,
org-pinhome-8799253,Pinhome,Pinhome,https://www.pinhome.id/pages/tentang-kami,active,2026-08-30,Indonesia,Indonesia,2020,private company,marketplace financial referral and services,Independent,L6 Marketing/sales,L3 Capital/finance/L7 Occupancy,integrated property marketplace finance and home services,scaleup,A,Medium,B,,,,,"Indonesia property-tech platform serving seekers, owners, developers and maintenance users; company reports up to 1m unique listings and finance/service partners",company-reported scale and product description,"Metrics are company-reported; marketplace, lending and home-service regulatory boundaries should be separated.",https://www.pinhome.id/pages/tentang-kami|https://assets.pinhome.id/static/market-report/downloads/market-report_downloads_id_market_report_2024_and_outlook_2025.pdf,2026-08-30,coverage_gap_additions.csv,1,false,
org-private-property-nigeria-a4f087b,Private Property Nigeria,Private Property Nigeria,https://privateproperty.ng/about,active,2026-08-30,Nigeria,Nigeria,2011,private company,listing subscriptions and advertising,Independent,L6 Marketing/sales,L9 Portfolio,property classified marketplace,scaleup,A,Medium,B,,,,,"Nigeria portal reporting 120,000+ properties and more than 1m monthly visitors on its official about page",company-reported scale,Visitor and inventory claims are not independently audited; fraud controls and listing freshness are central to transferability.,https://privateproperty.ng/about,2026-08-30,coverage_gap_additions.csv,1,false,
org-propaya-ee84d26,Propaya,Propaya,https://www.ycombinator.com/companies/propaya,active,2026-08-30,United States,United States,2024,private startup,AI SaaS,Y Combinator S2024,L3 Capital/finance,L9 Portfolio/L1 Land/site,AI extraction of CRE leases and property documents,early-stage,A,Medium,B,,,,,YC describes extraction of lease terms obligations costs dates and risk signals with source citations and portfolio routing,YC company description,Early-stage YC listing is not proof of production reliability or legal accuracy; document access and human review are essential.,https://www.ycombinator.com/companies/propaya,2026-08-30,coverage_gap_additions.csv,1,false,
org-property24-3a2a0bf,Property24,Property24,https://www.property24.com/about-us,active,2026-08-30,South Africa,South Africa and selected Africa markets,unknown,private subsidiary,listing subscriptions advertising and data,Naspers,L6 Marketing/sales,L9 Portfolio,property portal and agent/developer marketing,scaleup,A,Medium,B,,,,,"South Africa portal with 300,000+ sale and rental listings claimed on its official about page and expansion signals in Kenya and Nigeria",company-reported scale and product description,Listing counts and international footprint change; parent ownership and market coverage should be stored separately from the brand.,https://www.property24.com/about-us,2026-08-30,coverage_gap_additions.csv,1,false,
org-propertyland-b1fe12b,PropertyLand,PropertyLand,https://www.propertyland.co/,active,2026-08-30,Bangladesh,Bangladesh,2024,private-startup,transaction-and-advisory,local-early-stage,discover-buy-sell,legal-investment-consulting,marketplace-legal-guidance,early-stage,B/D,possible-partner,B,,,,,claims-300-clients-1000-properties-70-brands-500-visitors,company-claim,no-independent-traction-found,https://www.propertyland.co/|https://www.propertyland.co/footer/about,2026-08-30,regional_companies_agent.csv,1,false,
org-prypco-be97735,PRYPCO,PRYPCO,https://prypco.com/,active,2026-08-30,United Arab Emirates,Dubai-UAE,Unknown,private-startup,transaction-fees,DLD-tokenization-initiative,property-investment-finance,tokenized-real-estate-Golden-Visa,property-fintech-tokenization,early-growth,B,regulator-connected-tokenization,B,,,,,DLD-reported-sellout-verify-legal-details,government-plus-company,unknown,https://prypco.com/|https://dubailand.gov.ae/en/news-media/dubai-land-department-achieves-world-first-with-instant-sell-out-of-tokenized-real-estate|https://help.prypco.com/en/articles/13740985-what-is-prypco,2026-08-30,regional_companies_agent.csv,1,false,
org-pultegroup-8667429,PulteGroup,PulteGroup,https://www.pultegroup.com/,active,2026-08-30,United States,North America,1950,developer and production homebuilder,"standardized construction, customer segmentation, mortgage/title and warranty",Independent,D/C/S/F/H/O,O/E,"high-volume homebuilder, active-adult and financial-services operator",scale operator,B,Completes the high-volume builder cohort and exposes customer-segment and warranty differences,B,,,,,FY2025 SEC annual report is current; technology evidence is strategy-level,official filing; observed strategy,Public technology evidence is thinner than Lennar; keep contextual until named deployments and outcomes are extracted,https://www.pultegroup.com/|https://www.sec.gov/Archives/edgar/data/0000822416/000082241626000018/pultegroupinc2025_ars.pdf|https://investor.pulte.com/,2026-08-30,operator_coverage_additions.csv,1,false,
org-qiddiya-investment-c4e1996,Qiddiya Investment Company,Qiddiya Investment Company,https://qiddiya.com/,active,2026-08-30,Saudi Arabia,Saudi Arabia MENA,2017,master developer and destination platform,"intelligent command centre, real-time insights, automation, destination sustainability",PIF portfolio company,L/D/C/H/O/E,E,Saudi giga-project and destination developer/operator,development-stage platform,B,Makes destination-scale operating intelligence concrete through the Intelligent Command Centre,B,,,,,Official sustainability page plus Saudi Press Agency report documents ICC launch in Nov 2025,official company and government report,Most city-scale claims remain development-stage; do not score renderings or targets as delivered outcomes,https://qiddiya.com/|https://qiddiya.com/about/sustainability/|https://qiddiya.com/en/|https://spa.gov.sa/en/N2440931,2026-08-30,operator_coverage_additions.csv,1,false,
org-qualis-flow-6468e8b,Qualis Flow,Qualis Flow,https://www.qualisflow.com/,active,2026-08-30,United Kingdom,UK and Europe/global,2018,private startup,software and consulting,Pi Labs,L5 Construction,L4 Design/L10 ESG,construction embodied-carbon measurement,scaleup,A,Medium,B,,,,,"Pi Labs describes software that decarbonizes construction from a photograph, making it a concrete missing construction-carbon benchmark",ecosystem product description,Product claims need project-level method and third-party LCA review; photo-based estimates are not a substitute for verified EPD or bill-of-material data.,https://www.qualisflow.com/|https://pilabs.vc/portfolio?sort=date_desc,2026-08-30,coverage_gap_additions.csv,1,false,
org-red-sea-global-b4c8daa,Red Sea Global,Red Sea Global,https://www.redseaglobal.com/,active,2026-08-30,Saudi Arabia,Saudi Arabia MENA Global hospitality,2017,destination developer and hospitality operator,"renewable energy, water cycle, 5G, EV charging, biodiversity data and resort operations",PIF portfolio company,L/D/C/H/O/E,E,Saudi sustainable destination developer/operator,development-stage platform,B,Adds a whole-destination climate and hospitality operating model with measurable infrastructure programmes,B,,,,,"Official responsible-development pages report 100% renewable energy across destinations, solar panels and biodiversity data platforms",official company sustainability reporting,"Targets and programme metrics require attribution; 100% renewable claim is destination scope, not universal corporate performance",https://www.redseaglobal.com/|https://www.redseaglobal.com/en/responsible-development/|https://www.redseaglobal.com/en/responsible-development/planet/|https://webserver-redseaportal-prd.lfr.cloud/en/web/guest/responsible-development,2026-08-30,operator_coverage_additions.csv,1,false,
org-redfin-72aad9b,Redfin,Redfin,https://www.redfin.com/,active,,United States,United States,,residential brokerage marketplace,,,S/F/H,,,,C,Digital brokerage comparator,B,Large digital brokerage marketplace,"Digital brokerage, search, valuation and transaction workflows",Integrated brokerage and software,Redfin platform,Unknown,unknown,Verify current AI and transaction metrics,https://www.redfin.com/,2026-08-30,global_real_estate_pioneers_agent.csv,1,false,
org-rewa-f6d2379,Rewa,Rewa,,cohort-selected,2026-08-30,India/Middle East,Middle East,Unknown,Company,Fintech,NAR REACH Middle East 2026,Finance,Operations,Rental payments/tenant rewards,Early,A,Low,B,,,,,Digital rental payments with tenant rewards and landlord collection,Cohort selection/self-description,Payment licensing and local rails,https://www.nar-reach.com/news,2026-08-30,proptech_startups_agent.csv,1,false,
org-rezi-dfe4679,REZI,REZI,https://www.ycombinator.com/companies/rezi,active,2026-08-30,United States,United States,2016,Company,Marketplace/SaaS,YC W2017,Sales,Operations,Automated apartment leasing,Scaleup,A,Low,B,,,,,Automated mobile apartment leasing and landlord rent guarantee,YC self-description,US tenancy law and guarantee economics,https://www.ycombinator.com/companies/rezi,2026-08-30,proptech_startups_agent.csv,1,false,
org-roshn-db6668f,ROSHN,ROSHN,https://www.roshn.sa/,active,,Saudi Arabia,Saudi Arabia,,housing developer,,,L/D/S/H/O,,,,C,Regional housing and community comparator,B,Large Saudi housing developer,"Digital sales, community services and construction technology to verify",Government-backed ecosystem,Unknown—verify platforms,Unknown,unknown,Primary programme evidence required,https://www.roshn.sa/,2026-08-30,global_real_estate_pioneers_agent.csv,1,false,
org-runwise-276380c,Runwise,Runwise,https://www.runwise.com/,active,2026-08-30,United States,North America,unknown,private company,managed service plus software,Independent,L8 Property operations,L10 ESG,wireless heating cooling and building-monitoring controls retrofit platform,scaleup,A,Medium-high,B,,,,,Wireless controls and sensors retrofit central heating/cooling and leak/water monitoring with portfolio visibility and published savings,official product description; company-reported outcome,"10,600 buildings, $173m savings and 23% savings are company-reported; strongest fit is centrally heated North American stock",https://www.runwise.com/|https://www.runwise.com/faq|https://lp.runwise.com/wireless-heating-controls-demo,2026-08-30,enterprise_platform_additions.csv,1,false,
org-sekisui-house-50bc068,Sekisui House,Sekisui House,https://www.sekisuihouse.co.jp/english/,active,,Japan,Japan global,,homebuilder developer,,,D/C/H/O/E,,,,C,High-quality residential delivery comparator,B,Large Japanese homebuilder,"Factory production, smart homes and lifecycle service to verify",Internal R&D and partnerships,Unknown—verify products,Unknown,unknown,Primary report review required,https://www.sekisuihouse.co.jp/english/,2026-08-30,global_real_estate_pioneers_agent.csv,1,false,
org-sharebari-9a44fdf,ShareBari,ShareBari,https://sharebari.com/,active,2026-08-30,Bangladesh,Bangladesh,Unknown,private-startup,subscription-SaaS,local-early-stage,shared-project-shareholder-accounting,documents-progress-investor-comms,shareholder-governance-SaaS,early-stage,B/D,shared-JV-investor-transparency,B,,,,,Padma-Builders-demo-not-paying-customer-proof,company-product-page,unknown,https://sharebari.com/,2026-08-30,regional_companies_agent.csv,1,false,
org-sidewalk-labs-quayside-b7600cf,Sidewalk Labs / Quayside,Sidewalk Labs / Quayside,https://www.waterfrontoronto.ca/,inactive,,Canada,Canada,,cancelled smart-city development,,,L/D/O/E,,,,A,"Failure lesson for scope, legitimacy, privacy and viability",B,12-acre project; agreement terminated 17 May 2020,Data-driven connected-city testbed,Alphabet/Waterfront Toronto partnership,Quayside,Cancelled 7 May 2020; agreement terminated 17 May,observed,Do not frame as current active project,https://www.waterfrontoronto.ca/|https://www.waterfrontoronto.ca/sites/default/files/documents/plan-development-agreement-amendments-and-sidewalk-labs--termination-notice---termination-effective-date---may-17-2020.pdf|https://techcrunch.com/2020/05/07/sidewalk-labs-shuts-down-toronto-project/,2026-08-30,global_real_estate_pioneers_agent.csv,1,false,
org-smartcrowd-51aef62,SmartCrowd,SmartCrowd,https://www.smartcrowd.ae/,active,2026-08-30,United Arab Emirates,Dubai-UAE,Unknown,private-fintech,platform-asset-fees,DFSA-DIFC-DLD,fractional-property-investment,SPV-distributions-exit,fractional-real-estate,scale,B,SPV-investor-transparency,B,,,,,legal-structure-not-Bangladesh-ready,company-help-center,unknown,https://www.smartcrowd.ae/|https://help-center.smartcrowd.ae/en/articles/7122055-how-are-investments-structured-at-smartcrowd,2026-08-30,regional_companies_agent.csv,1,false,
org-sobha-sobha-realty-73bebee,Sobha Limited / Sobha Realty,Sobha Limited / Sobha Realty,https://www.sobha.com/,active,,India / United Arab Emirates,India UAE,,backward-integrated developer,,,D/C/H/O/E,,,,B,India/UAE vertically integrated delivery comparator,B,Company profile claim: 148m sq ft and 600+ projects delivered,"BIM, home automation, BMS/IoT, water systems, cybersecurity and payments",Backward integration and internal technology operations,BIM 360; BMS; IoT dashboards; SOC; smart irrigation; payments,148m sq ft / 600+ projects is company claim; no causal tech ROI,company-reported,Separate legal entities; verify metric ownership,https://www.sobha.com/|https://www.sobha.com/investor-relations/|https://sobhaltd.in/updates/sobha-honoured-as-real-estate-developer-of-year-residential-2025/|https://sobharealty.com/sites/default/files/2025-07/SR%202024%20SOBHA%2031%20JULY%202025%20V2%20all_compressed.pdf,2026-08-30,global_real_estate_pioneers_agent.csv,1,false,
org-stackwrap-dab4401,StackWrap,StackWrap,,cohort-selected,2026-08-30,United States,United States,Unknown,Company,SaaS,NAR REACH US Residential 2026,Operations,Data,Tech-stack command center,Early,A,Medium,B,,,,,Wraps existing tools into secure dashboard and tracks tech adoption,Cohort selection/self-description,Integration/security claims need diligence,https://www.nar-reach.com/second-century-ventures-announces-6-technology-companies-for-2026-reach-scale-up-program,2026-08-30,proptech_startups_agent.csv,1,false,
org-stairs-financial-76f4a0b,Stairs Financial,Stairs Financial,https://www.ycombinator.com/companies/stairs-financial,active,2026-08-30,United States,United States,2022,private startup,fintech and govtech referral,Y Combinator W2022,L3 Capital/finance,L6 Marketing/sales,housing-affordability grants loans and tax-benefit discovery,early-stage,A,Medium,B,,,,,"YC describes a home-search and finance workflow that matches young buyers with grants, loans and tax breaks",YC company description,Government-program eligibility and regulated financial referrals are country-specific; useful for affordability and customer-finance research.,https://www.ycombinator.com/companies/stairs-financial,2026-08-30,coverage_gap_additions.csv,1,false,
org-stockland-96c6c0b,Stockland,Stockland,https://www.stockland.com.au/,active,,Australia,Australia,,residential mixed-use community owner,,,L/H/O/E,,,,C,Community developer comparator,B,Large Australian community platform,"Digital customer journey, community operations and energy to verify",Internal platform and partnerships,Unknown—verify programmes,Unknown,unknown,Primary report review required,https://www.stockland.com.au/,2026-08-30,global_real_estate_pioneers_agent.csv,1,false,
org-sublime-systems-b5e57c0,Sublime Systems,Sublime Systems,https://sublime-systems.com/,active,2026-08-30,United States,United States with global commercialization pathway,2020,private materials technology company,manufactured cement partnerships and future production licensing,,L10 ESG climate and resilience,L5 Construction delivery,electrochemical low-carbon cement manufacturing,pilot-to-commercial scaleup,A,Represents a fundamentally different electrified cement pathway rather than incremental mix optimization,B,,,,,Sublime produces ASTM-compliant cement through a fully electrified electrochemical process and is developing its first commercial kiloton facility after a 250-ton-per-year pilot.,official product and scale description,Commercial facility timing and mature-scale cost are forward-looking; emissions and durability performance require scope-specific third-party review.,https://sublime-systems.com/|https://sublime-systems.com/sublime-cement/|https://sublime-systems.com/our-process/,2026-08-30,final_residual_additions.csv,1,false,
org-subvysion-47747d0,SubVysion,SubVysion,https://www.ycombinator.com/companies/subvysion,active,2026-08-30,United States,United States,Unknown,Company,Hardware/data,YC S2026,Construction,Infrastructure,Underground utility mapping,Very early,A,Medium,B,,,,,Centimeter-accurate 3D utility maps for safer digging,YC self-description,Local utility records sensors and permissions,https://www.ycombinator.com/companies/subvysion,2026-08-30,proptech_startups_agent.csv,1,false,
org-swire-properties-64248d6,Swire Properties,Swire Properties,https://www.swireproperties.com/,active,,Hong Kong,Hong Kong China Asia,,mixed-use developer owner,,,H/O/E,,,,C,Premium mixed-use comparator,B,Premium mixed-use portfolio,"Smart-building connectivity, tenant experience and ESG analytics to verify",Internal sustainability and partnerships,Unknown—verify platforms,Unknown,unknown,Product-level evidence required,https://www.swireproperties.com/,2026-08-30,global_real_estate_pioneers_agent.csv,1,false,
org-takeem-1d723c2,Takeem,Takeem,,cohort-selected,2026-08-30,United Arab Emirates,Middle East,Unknown,Company,Marketplace/fintech,NAR REACH Middle East 2026,Sales,Finance,Digital rental platform,Early,A,Low,B,,,,,Digital rental process pre-qualification and landlord income protection,Cohort selection/self-description,Insurance/credit/regulatory diligence,https://www.nar-reach.com/news,2026-08-30,proptech_startups_agent.csv,1,false,
org-tandem-93731a1,Tandem,Tandem,https://www.ycombinator.com/companies/tandem-2,active,2026-08-30,United States,United States,Unknown,Company,AI SaaS,YC S2024,Sales,Data,CRE leasing/deal data,Early,A,Medium,B,,,,,AI office search and deal-package extraction; YC says 50+ customers,YC self-description,US data and identity lineage needs check,https://www.ycombinator.com/companies/tandem-2,2026-08-30,proptech_startups_agent.csv,1,false,
org-tire-swing-eca8d51,Tire Swing,Tire Swing,https://www.ycombinator.com/companies/tire-swing,active,2026-08-30,United States,United States,Unknown,Company,SaaS/AI,YC W2025,Operations,Legal,Affordable-housing compliance,Very early,A,Low,B,,,,,Eligibility certification and recertification workflow,YC self-description,US programs and fairness/privacy risk,https://www.ycombinator.com/companies/tire-swing,2026-08-30,proptech_startups_agent.csv,1,false,
org-travelio-bdec63d,Travelio,Travelio,https://www.travelio.com/en/faq,active,2026-08-30,Indonesia,Indonesia,2015,private company,booking commissions and property management,Independent,L7 Occupancy,L6 Marketing/sales/L8 Property operations,online rental marketplace and professionally managed apartments,scaleup,A,Medium,B,,,,,"Technology platform supports rent, buy and sell plus Travelio Property Management for furnished and unfurnished units; official FAQ reports 8,000+ properties",company-reported inventory and product description,"Inventory is self-reported; short-term rental, tenancy, building rules and service-level economics are local.",https://www.travelio.com/en/faq|https://www.travelio.com/tpm,2026-08-30,coverage_gap_additions.csv,1,false,
org-truzo-5012b1e,Truzo,Truzo,https://www.truzo.app/,pilot,2026-08-30,Bangladesh,Bangladesh,Unknown,private-startup,project-SaaS,local-pilot,proof-expenses-committee-approval,shareholder-payments-progress,construction-governance-SaaS,pilot,B/D,dispute-reduction-expense-evidence,B,,,,,site-says-Now-in-Pilot-and-zero-disputes-is-claim,company-claim,unknown,https://www.truzo.app/,2026-08-30,regional_companies_agent.csv,1,false,
org-turner-construction-7925c54,Turner Construction,Turner Construction,https://www.turnerconstruction.com/,active,,United States,United States,,general contractor,,,D/C,,,,C,Construction implementation comparator,B,Major US contractor,"BIM/VDC, safety analytics, robotics and project controls to verify",Internal innovation and partnerships,Unknown—verify products,Unknown,unknown,Primary evidence required,https://www.turnerconstruction.com/,2026-08-30,global_real_estate_pioneers_agent.csv,1,false,
org-unova-estate-7be6c79,Unova-Estate,Unova-Estate,https://www.estate.unova.bd/,active,2026-08-30,Bangladesh,Bangladesh,Unknown,private-startup,subscription-SaaS,local-AI-vendor,CRM-inventory-booking,land-BOQ-construction-HR-finance,AI-developer-ERP-CRM,early-stage,B/D,local-language-JV-PDC,B,,,,,45-percent-efficiency-and-zero-double-booking-self-claims,company-claim,request-references-security-docs,https://www.estate.unova.bd/|https://www.estate.unova.bd/solutions/erp-for-real-estate-developers,2026-08-30,regional_companies_agent.csv,1,false,
org-veev-by-lennar-844d2b1,Veev by Lennar,Veev by Lennar,https://www.veev.com/,active,,United States,United States,,precision-built home technology acquired by builder,,,D/C,,,,B,Shows capability can survive strategic integration,B,Official biography says >$500m raised and acquired by Lennar in 2023,"Prefabrication, enclosed-wall technology and precision-built homes",Venture-backed startup integrated into Lennar,Veev; LENX,>$500m raised; acquisition in 2023 (company biography),company-reported,Confirm transaction terms and post-acquisition deployment,https://www.veev.com/|https://www.veev.com/about-us/|https://www.lennar.com/about/companies,2026-08-30,global_real_estate_pioneers_agent.csv,1,false,
org-vinci-0e581b1,VINCI,VINCI,https://www.vinci.com/,active,,France,Global,,concessions construction energy solutions,,,D/C/O/E,,,,A,Scale and decentralised implementation benchmark,B,€74.6bn revenue in 2025,Digital tools and sustainable construction via decentralised lines,Innovation Awards; startup partnerships; business-line pilots,VINCI Innovation Awards; digital construction,€74.6bn revenue; no PropTech ROI disclosed,observed,Group metric is not technology outcome,https://www.vinci.com/|https://www.vinci.com/en/faq|https://vinci-construction.com/en/engagements/innovation_eng/,2026-08-30,global_real_estate_pioneers_agent.csv,1,false,
org-vonovia-41d0ca4,Vonovia,Vonovia,https://www.vonovia.com/en/,active,2026-08-30,Germany,Europe,2001,listed residential landlord and operator,"mass-rental operations, refurbishment, smart energy, automation and tenant service",Independent,L/S/H/O/E,F,European residential owner/operator and services platform,scale operator,B,Adds the missing European mass-rental operating model and a portfolio-scale energy/refurbishment benchmark,B,,,,,"2025 annual report explicitly identifies digitalization, automation, AI and smart energy as strategic opportunities",official annual report; observed strategy,Named products and causal outcomes require deeper report extraction; do not score generic AI language,https://www.vonovia.com/en/|https://www.vonovia.com/en/investors/news-and-publications/results-presentations|https://www.vonovia.com/en/content/download/310373/file/Vonovia_SE_Annual_Report_2025.pdf,2026-08-30,operator_coverage_additions.csv,1,false,
org-vts-42d9767,VTS,VTS,https://www.vts.com/,active,,United States,Global,,CRE leasing software,,,S/H/O,,,,C,Potential commercial leasing data layer,B,CRE leasing and asset operations platform,"Leasing, tenant experience and portfolio workflows to verify",Enterprise SaaS and partner ecosystem,VTS; VTS Rise,Unknown,unknown,Verify current AI and customer outcomes,https://www.vts.com/,2026-08-30,global_real_estate_pioneers_agent.csv,1,false,
org-wakecap-a08c5b1,WakeCap,WakeCap,https://www.wakecap.com/,active,2026-08-30,Saudi Arabia,Saudi-Arabia-UAE-US-Japan,Unknown,private-growth,hardware-SaaS-partnerships,Saudi-contech,site-workforce-equipment-visibility,safety-reality-capture,IoT-construction-operations,scale,B,site-evidence-safety,B,,,,,OpenSpace-partnership-and-Crews-acquisition-dated-outcomes-not-audited,company-announcements,unknown,https://www.wakecap.com/|https://www.wakecap.com/news-and-events/wakecap-openspace-partnership|https://www.wakecap.com/news-and-events/wakecap-acquires-crews-by-core,2026-08-30,regional_companies_agent.csv,1,false,
org-watad-43c1925,Watad,Watad,,cohort-selected,2026-08-30,United Arab Emirates,Middle East,Unknown,Company,Marketplace/fintech,NAR REACH Middle East 2026,Procurement,Finance,Building-material procurement with embedded finance,Early,A,High,B,,,,,AI-enabled materials procurement and embedded finance signal,Cohort selection/self-description,Supply quality finance licensing and local delivery,https://www.nar-reach.com/news,2026-08-30,proptech_startups_agent.csv,1,false,
org-wereno-34fab03,WeReno,WeReno,https://www.ycombinator.com/companies/wereno,active,2026-08-30,Canada,Canada and North America,2022,private startup,AI SaaS and services,Y Combinator W2022,L5 Construction,L8 Property operations,AI owner's representative for renovations and capital projects,early-growth,A,Medium,B,,,,,"YC describes drawing analysis, scopes, cost estimates, RFQs, vendor coordination and execution tracking",YC company description,"Construction drawings, trade pricing, contracts and vendor market are jurisdiction-specific; treat as workflow benchmark.",https://www.ycombinator.com/companies/wereno,2026-08-30,coverage_gap_additions.csv,1,false,
org-wework-8768417,WeWork,WeWork,https://www.wework.com/,restructured,,United States,Global,,flexible workspace operator,,,S/H/O/F,,,,A,"Failure lesson for fixed leases, utilisation and capital structure",B,Chapter 11 Nov 2023; emerged June 2024,Technology-enabled flexible space and community,Venture-backed operator; restructuring,Flexible workspace platform,Chapter 11 and restructuring documented in court/SEC records,observed,Refresh current footprint before publication,https://www.wework.com/|https://www.njb.uscourts.gov/wework|https://www.sec.gov/Archives/edgar/data/1813756/000119312523274596/d295389d8k.htm,2026-08-30,global_real_estate_pioneers_agent.csv,1,false,
org-zenatix-bb347b7,Zenatix,Zenatix,https://www.zenatix.com/,active,2026-08-30,India,India,Unknown,subsidiary,hardware-SaaS,Schneider-Electric,building-energy-monitoring,IoT-analytics-efficiency,smart-building-energy,scale,B,energy-management,B,,,,,3000-sites-and-ROI-under-24-months-company-claims,company-page,unknown,https://www.zenatix.com/|https://www.zenatix.com/about/,2026-08-30,regional_companies_agent.csv,1,false,
org-zestyai-c21da1c,ZestyAI,ZestyAI,https://zesty.ai/,active,2026-08-30,United States,United States,unknown,private startup,AI SaaS and services,Independent,L10 ESG,L1 Land/site/L8 Property operations/L9 Portfolio,AI property risk intelligence for insurance inspection and mitigation,scaleup,B,Medium-high,B,,,,,"Aerial imagery, permits, parcel and loss signals support wildfire hail wind storm water and fire risk workflows for insurers",official product description; company-reported scale,"Coverage, regulatory approvals, carrier ROI and segmentation figures are company-reported and U.S.-centric",https://zesty.ai/,2026-08-30,enterprise_platform_additions.csv,1,false,
org-propertyguru-366b88f,PropertyGuru,PropertyGuru,https://www.propertyguru.com.sg/,active,2026-08-30,Singapore,Singapore-Malaysia-Indonesia-Thailand || SEA,2007,public-status-verify || Company,advertising-subscriptions-leads || Ads/leads marketplace,SEA-portal || Independent,property-discovery-advertising || Sales,developer-leads-data-events || Finance,online-property-portal || Property marketplace,scale || Public,A,portal-data-content || High,B || A,,,,,11m-buyers-and-enquiry-figures-company-claims || SEA property search and developer/broker leads,company-page || Product description,unknown || Listing freshness attribution and channel conflict,https://www.propertyguru.com.sg/|https://www.propertyguru.com.sg/about-us/our-company,2026-08-30,proptech_startups_agent.csv|regional_companies_agent.csv,2,false,
org-express-building-add003f,Express Building,Express Building,https://www.ycombinator.com/companies/express-building,active,2026-08-30,Singapore,Indonesia/Philippines || Indonesia Philippines,Unknown,Company || YC affordable housing finance startup,Fintech,YC S2022,Finance || L/F,Land,Affordable housing developer finance,Early,A,Medium || Regional affordable-development pattern,B || C,Scale unknown,Pre-sold affordable housing development pipeline and finance,YC-backed startup,Express Building,Pre-sold affordable development finance || Unknown,YC self-description || startup self-report,Local credit title and presales legal fit || Verify financing licence and defaults,https://www.ycombinator.com/companies/express-building|https://www.ycombinator.com/companies/industry/real-estate-and-construction,2026-08-30,global_real_estate_pioneers_agent.csv|proptech_startups_agent.csv,2,false,
org-flatx-046b6ca,FlatX,FlatX,https://www.ycombinator.com/companies/flatx,active,2026-08-30,India,India,Unknown,Company || YC rental marketplace,Marketplace,YC S2022,Sales || S/H,Operations,Rental/flatmate marketplace,Very early,A,Low || South Asian rental-discovery pattern,B || C,Scale unknown,AI rental and flatmate matching,YC-backed startup,FlatX,AI rental and flatmate matching || Unknown,YC self-description || startup self-report,Inventory liquidity fraud and tenancy law || Verify current operating status,https://www.ycombinator.com/companies/flatx|https://www.ycombinator.com/companies/industry/real-estate-and-construction,2026-08-30,global_real_estate_pioneers_agent.csv|proptech_startups_agent.csv,2,false,
org-alchemist-built-world-adjacent-portfolio-c108545,Alchemist built-world adjacent portfolio,Alchemist built-world adjacent portfolio,https://www.alchemistaccelerator.com/portfolio-2,active,2026-08-30,United States,Global,2012,Accelerator,Portfolio/program,Alchemist,Construction,AI,Enterprise/deeptech ecosystem index,Portfolio index,A,Medium,C,,,,,Portfolio includes EDEN Scription 36ZERO Vision Critical Loop and Legitify,Program/portfolio description,Adjacency and current operating status vary,https://www.alchemistaccelerator.com/portfolio-2,2026-08-30,proptech_startups_agent.csv,1,false,
org-ampd-energy-d47df2a,Ampd Energy,Ampd Energy,https://www.ampd.energy/,active,2026-08-30,Australia,Asia/global,Unknown,Company,Hardware plus software,Taronga RealTechX,Construction,Climate,Construction batteries,Scaleup,B,Medium,C,,,,,Battery systems replace diesel on jobsites; CDL/Microsoft cases via Taronga,Customer/vendor case,Import service grid safety capex and warranty,https://www.ampd.energy/|https://tarongagroup.com/realtechx/,2026-08-30,proptech_startups_agent.csv,1,false,
org-apply-design-73f51a0,Apply Design,Apply Design,https://www.ycombinator.com/companies/apply-design,active,2026-08-30,Israel,Global,2022,private startup,subscription SaaS,Y Combinator S2022,L6 Marketing/sales,L11 Handover/end-of-life,AI virtual staging for property marketing,scaleup,A,Low-medium,C,,,,,"YC describes one-click photorealistic staging and reports 10,000+ properties processed monthly",company-reported scale via YC description,"Image provenance, disclosure, copyright and buyer-expectation risk matter; staging does not prove conversion or price lift.",https://www.ycombinator.com/companies/apply-design,2026-08-30,coverage_gap_additions.csv,1,false,
org-archilabs-8f4d23e,ArchiLabs,ArchiLabs,https://www.ycombinator.com/companies/archilabs,unknown,,United States,Global/unknown,,YC data-centre design startup,,,D/C,,,,D,Potential data-centre design pilot,C,"Founder profile cites prior $10.6m contracted run rate, not current company",AI data-centre design OS,YC-backed startup,ArchiLabs,"$10.6m is prior-company claim, not ArchiLabs outcome",startup self-report,Separate founder history from current traction,https://www.ycombinator.com/companies/archilabs,2026-08-30,global_real_estate_pioneers_agent.csv,1,false,
org-bpc-2d7019e,BPC,BPC,,unclear,2026-08-30,Bangladesh,Unknown,Unknown,Unknown,Unknown,identity-unresolved,Unknown,Unknown,unresolved,Unknown,D,exclude-until-legal-identity,C,,,,,searches-resolve-to-non-PropTech-entities,negative-verification,provide-legal-name-or-domain,https://www.wikipedia.org/wiki/BPC,2026-08-30,regional_companies_agent.csv,1,false,
org-brick-and-mortar-ventures-portfolio-8dcb652,Brick & Mortar Ventures portfolio,Brick & Mortar Ventures portfolio,https://brickmortar.vc/portfolio,active,2026-08-30,United States,Global,2015,Investor,Portfolio,Brick & Mortar Ventures,Construction,Facilities,AEC/FM VC ecosystem index,Portfolio index,A,High,C,,,,,Specialist portfolio of construction/AEC/FM software and hardware,Investor portfolio,Active versus exited labels need per-company checks,https://brickmortar.vc/portfolio,2026-08-30,proptech_startups_agent.csv,1,false,
org-buildingconnected-001c81a,BuildingConnected,BuildingConnected,https://construction.autodesk.com/products/buildingconnected/,acquired,2026-08-30,United States,Global,2012,Subsidiary,Marketplace/SaaS,Brick & Mortar,Procurement,Construction,Construction bidding,Acquired,A,Medium,C,,,,,Subcontractor bid/network management; historical exit,Portfolio/ownership record,Current parent product and local trade network must be checked,https://construction.autodesk.com/products/buildingconnected/|https://brickmortar.vc/portfolio,2026-08-30,proptech_startups_agent.csv,1,false,
org-cobblestone-e6f3985,Cobblestone,Cobblestone,https://www.ycombinator.com/companies/cobblestone,acquired,2026-08-30,United States,United States,Unknown,Company,SaaS,YC W2023,Operations,Finance,Landlord fraud/delinquency,Acquired,A,Low,C,,,,,Software to reduce landlord delinquency and fraud,YC status,Historical only; no current vendor assumption,https://www.ycombinator.com/companies/cobblestone,2026-08-30,proptech_startups_agent.csv,1,false,
org-easyknock-980472f,EasyKnock,EasyKnock,https://easyknock.com/,inactive,2026-08-30,United States,United States,2016,Company,Asset-backed service,Independent,Finance,Sales,Sale-leaseback proptech,Shut down,B,Low,C,,,,,Technology-enabled residential sale-leaseback company announced closure in December 2024,Reputable press report,Consumer-protection and underwriting failure case; old site/product not current,https://easyknock.com/|https://therealdeal.com/national/2024/12/09/easyknock-suddenly-shuts-down/,2026-08-30,proptech_startups_agent.csv,1,false,
org-equipmentshare-b7b2fd1,EquipmentShare,EquipmentShare,https://www.equipmentshare.com/,active,,United States,United States global,,construction equipment and fleet software,,,C/O/F,,,,D,Construction fleet-data comparator,C,"YC profile reports 5,400 employees; verify independently","Cloud equipment rental, telematics, tracking and security",YC-backed venture plus operating platform,EquipmentShare platform; fleet tracking,"5,400 employees (YC profile claim)",startup self-report,YC profile is not audited,https://www.equipmentshare.com/|https://www.ycombinator.com/companies/industry/real-estate-and-construction,2026-08-30,global_real_estate_pioneers_agent.csv,1,false,
org-fieldwire-4bfc09b,Fieldwire,Fieldwire,https://www.fieldwire.com/,acquired,2026-08-30,United States,Global,2013,Subsidiary,SaaS,Brick & Mortar,Construction,Operations,Field construction management,Acquired,A,Medium,C,,,,,Mobile plans tasks forms and punch lists,Portfolio/ownership record,Current ownership support and offline/local fit,https://www.fieldwire.com/|https://brickmortar.vc/portfolio,2026-08-30,proptech_startups_agent.csv,1,false,
org-fifth-wall-portfolio-17b20c3,Fifth Wall portfolio,Fifth Wall portfolio,https://www.fifthwall.com/portfolio,active,2026-08-30,United States,Global,2016,Investor,Portfolio,Fifth Wall,Data,Climate,Built-world VC ecosystem index,Portfolio index,A,Medium,C,,,,,Portfolio spans real estate technology and energy with active/exited labels,Investor portfolio,Verify each company status and geography,https://www.fifthwall.com/portfolio,2026-08-30,proptech_startups_agent.csv,1,false,
org-fresco-c724191,Fresco,Fresco,,unknown,,United States,United States,,YC construction takeoff startup,,,C,,,,D,Potential estimating pilot,C,"Profile claims 3,000+ takeoffs",AI trade takeoff and estimating,YC-backed startup,Fresco,"3,000+ takeoffs; 99% accuracy; 70% time reduction claimed",startup self-report,Claims require customer validation,https://www.ycombinator.com/companies/industry/real-estate-and-construction,2026-08-30,global_real_estate_pioneers_agent.csv,1,false,
org-housmart-propocloud-a0ab301,Housmart-PropoCloud,Housmart-PropoCloud,https://www.j-vgi.co.jp/en/news/housmart211008,acquired,2026-08-30,Japan,Japan,2014,acquired-startup,SaaS,GA-acquisition-2024,broker-lead-nurture,automated-property-matching,real-estate-sales-SaaS,acquired,C,acquisition-case-study,C,,,,,GA-filing-records-Jan-2024-acquisition,company-plus-filing,unknown,https://www.j-vgi.co.jp/en/news/housmart211008|https://edinetdb.jp/company/E34177/text?fy=2024,2026-08-30,regional_companies_agent.csv,1,false,
org-inspace-a027d14,Inspace,Inspace,https://inspace.io/,active,2026-08-30,Australia,Global,Unknown,Company,SaaS/services,Taronga RealTechX,Sales,Design,3D visualization,Scaleup,B,Medium,C,,,,,Visualizations for sales and leasing; CBRE case via Taronga,Customer/vendor case,Connectivity capture language and output quality,https://inspace.io/|https://tarongagroup.com/realtechx/,2026-08-30,proptech_startups_agent.csv,1,false,
org-karmen-a81d410,Karmen,Karmen,,unknown,,unknown,United States / unknown,,YC construction scheduling startup,,,C,,,,D,Potential JCX schedule-risk pilot,C,Scale unknown,AI scheduling from project documents,YC-backed startup,Karmen,Unknown,startup self-report,Verify live projects and accuracy,https://www.ycombinator.com/companies/industry/real-estate-and-construction,2026-08-30,global_real_estate_pioneers_agent.csv,1,false,
org-localize-ec8bde7,Localize,Localize,https://www.localize.city/,inactive,2026-08-30,Israel,Israel/US,2016,Company,Data/SaaS,Independent,Data,Sales,Property data and buyer tools,Regional shutdown,B,Low,C,,,,,US operations ceased in August 2024 while sister Madlan continued in Israel,Reputable press report,Regional shutdown not global death; geography/market-cycle lesson,https://www.localize.city/|https://www.calcalistech.com/ctechnews/article/sypuszzjr,2026-08-30,proptech_startups_agent.csv,1,false,
org-metaprop-portfolio-bda9b60,MetaProp portfolio,MetaProp portfolio,https://www.metaprop.com/portfolio,active,2026-08-30,United States,Global,2015,Investor,Portfolio,MetaProp,Data,Finance,PropTech VC ecosystem index,Portfolio index,A,Medium,C,,,,,Official site reports 150+ investments and 1.9B portfolio capital,Investor claim,Investment is not endorsement or current status,https://www.metaprop.com/portfolio|https://www.metaprop.com/,2026-08-30,proptech_startups_agent.csv,1,false,
org-nar-reach-portfolio-068d892,NAR REACH portfolio,NAR REACH portfolio,https://www.nar-reach.com/,active,2026-08-30,United States,Global,2013,Accelerator,Portfolio/program,NAR/Second Century Ventures,Sales,Transaction,Real-estate accelerator ecosystem index,Portfolio index,A,Medium,C,,,,,Official site reports 300+ companies 8B aggregate valuation and 2.9B capital,Program claim,Portfolio heterogeneity and status churn,https://www.nar-reach.com/,2026-08-30,proptech_startups_agent.csv,1,false,
org-nobroker-efe14d3,NoBroker,NoBroker,https://www.nobroker.in/,active,2026-08-30,India,India,2014,private-startup,service-fees-subscriptions,Indian-proptech-scaleup,owner-buyer-renter-marketplace,property-society-services,consumer-marketplace,scale,B/C,self-service-and-monetization-caution,C,,,,,early-Series-A-company-release-current-paid-plans-need-review,company-press,unknown,https://www.nobroker.in/|https://assets.nobroker.in/static/img/press/nb_in_chennai.pdf|https://www.nobroker.in/forum/wp-content/uploads/2026/01/NoBroker_Realestate_Report_2025_compressed.pdf,2026-08-30,regional_companies_agent.csv,1,false,
org-pi-labs-portfolio-188a1d3,Pi Labs portfolio,Pi Labs portfolio,https://pilabs.vc/portfolio?sort=date_desc,active,2026-08-30,United Kingdom,Global,2015,Investor/accelerator,Portfolio,Pi Labs,Data,Climate,PropTech ecosystem index,Portfolio index,A,Medium,C,,,,,Official portfolio says approximately 100 companies in 15 countries,Investor claim,Portfolio membership is not validation; check each company,https://pilabs.vc/portfolio?sort=date_desc,2026-08-30,proptech_startups_agent.csv,1,false,
org-plan0-ai-b7d6d9e,PLAN0 AI,PLAN0 AI,,unknown,,unknown,United States / unknown,,YC preconstruction analytics startup,,,L/D/C/F,,,,D,Potential JCX cost-intelligence pilot,C,YC profile claims $20bn of projects; verify,Vision models analyse plans for cost estimates,YC-backed and industry partnerships,PLAN0 AI,$20bn projects claimed by profile,startup self-report,Early-stage claim; independently validate,https://www.ycombinator.com/companies/industry/real-estate-and-construction,2026-08-30,global_real_estate_pioneers_agent.csv,1,false,
org-plangrid-378edb8,PlanGrid,PlanGrid,https://www.plangrid.com/,acquired,2026-08-30,United States,Global,2011,Subsidiary,Enterprise SaaS,Brick & Mortar,Construction,Design,Field construction software,Acquired,A,Medium,C,,,,,Field plans and collaboration; historical Brick & Mortar exit,Portfolio/ownership record,Do not present as independent current startup,https://www.plangrid.com/|https://brickmortar.vc/portfolio,2026-08-30,proptech_startups_agent.csv,1,false,
org-plug-and-play-real-estate-and-construction-d45b0c2,Plug and Play Real Estate & Construction,Plug and Play Real Estate & Construction,https://welcome.plugandplaytechcenter.com/investment-portfolio,active,2026-08-30,United States,Global,2006,Accelerator/investor,Portfolio/program,Plug and Play,Data,Construction,Accelerator ecosystem index,Portfolio index,A,Medium,C,,,,,Global investment portfolio and real estate/construction programming,Program/product description,Live portfolio needs company-level screening,https://welcome.plugandplaytechcenter.com/investment-portfolio|https://welcome.plugandplaytechcenter.com/hubfs/Mobility%20SV%20Folder/June%20Summit%202025%20Decks/Real%20Estate%20%26%20Construction%20Expo.pdf,2026-08-30,proptech_startups_agent.csv,1,false,
org-powerplay-ca9649a,Powerplay,Powerplay,https://www.accel.com/companies/powerplay,active,2026-08-30,India,India,Unknown,private-startup,subscription-SaaS,Accel-seed-2021,site-collaboration-documents,project-communication-architecture,ConTech-collaboration-SaaS,early-growth,C,site-diary-RFI-progress,C,,,,,Accel-confirms-seed-positioning-few-outcomes,VC-profile,unknown,https://www.accel.com/companies/powerplay,2026-08-30,regional_companies_agent.csv,1,false,
org-proprise-71fd7fd,PropRise,PropRise,,unknown,,United States,United States,,YC CRE investment analytics,,,F,,,,D,Potential land and underwriting pilot,C,Profile claims 50+ customers including Public Storage,"AI sourcing, underwriting and site selection",YC-backed startup,Beacon; Primer,50+ customers claimed; no audited productivity metric,startup self-report,Verify references and data rights,https://www.ycombinator.com/companies/industry/real-estate-and-construction,2026-08-30,global_real_estate_pioneers_agent.csv,1,false,
org-qflow-9a7b840,Qflow,Qflow,https://www.qflow.tech/,active,2026-08-30,United Kingdom,Global,Unknown,Company,SaaS,Taronga RealTechX,Construction,Climate,Materials carbon tracking,Early/scaleup,A,Medium,C,,,,,Construction material and carbon data,Portfolio/product description,Local supplier standards and data quality,https://www.qflow.tech/|https://tarongagroup.com/realtechx/,2026-08-30,proptech_startups_agent.csv,1,false,
org-rentflow-7f79886,RentFlow,RentFlow,https://www.ycombinator.com/companies/rentflow,active,2026-08-30,United States,United States,2024,private startup,fintech SaaS and payments,Y Combinator S2024,L7 Occupancy,L3 Capital/finance,AI cash-flow-synced commercial rent payments,early-stage,A,Low-medium,C,,,,,YC describes underwriting business rent in real time from transaction data to prevent late payments,YC company description,"US SMB underwriting and payments are not portable to Bangladesh; regulated credit, defaults and consent need diligence.",https://www.ycombinator.com/companies/rentflow,2026-08-30,coverage_gap_additions.csv,1,false,
org-stake-2f6c8f6,Stake,Stake,https://getstake.com/,active,2026-08-30,United Arab Emirates,UAE-Saudi-Arabia,2018,private-fintech,platform-management-fees,regional-fractional,fractional-property-investing,app-secondary-liquidity,real-estate-investment,scale,B/C,digital-investor-onboarding,C,,,,,Bangladesh-explicitly-unavailable-to-UAE-investors,company-help-center,unknown,https://getstake.com/|https://help.getstake.com/en/articles/6570336-who-can-invest-in-uae|https://help.getstake.com/en/articles/8249047-how-do-i-begin,2026-08-30,regional_companies_agent.csv,1,false,
org-switchee-205db60,Switchee,Switchee,https://www.switchee.co/,active,2026-08-30,United Kingdom,UK/global,Unknown,Company,Hardware plus SaaS,Pi Labs,Facilities,Climate,Smart housing energy,Scaleup,A,Medium,C,,,,,Smart thermostat and housing/energy insights,Portfolio/product description,Hardware climate utility privacy and local service,https://www.switchee.co/|https://pilabs.vc/portfolio?sort=date_desc,2026-08-30,proptech_startups_agent.csv,1,false,
org-taronga-realtechx-632296d,Taronga RealTechX,Taronga RealTechX,https://tarongagroup.com/realtechx/,active,2026-08-30,Australia,Asia/global,2018,Accelerator/investor,Programs/pilots,Taronga Ventures,Data,Climate,RealTech pilot ecosystem index,Portfolio index,A,High,C,,,,,Official site says 55+ RealTech companies and names corporate pilots,Program/portfolio claim,Participation does not equal product validation,https://tarongagroup.com/realtechx/,2026-08-30,proptech_startups_agent.csv,1,false,
org-trendspek-f3aa791,Trendspek,Trendspek,https://trendspek.com/,active,2026-08-30,Australia,Australia/global,Unknown,Company,SaaS/services,Taronga RealTechX,Facilities,Data,Asset inspection,Scaleup,B,Medium,C,,,,,Digital building capture and lifecycle planning; 110-building university case via Taronga,Customer/vendor case,Survey standards capture and local support,https://trendspek.com/|https://tarongagroup.com/realtechx/,2026-08-30,proptech_startups_agent.csv,1,false,
org-uhoo-7143ba7,uHoo,uHoo,https://uhooair.com/,active,2026-08-30,Switzerland,Global,2015,Company,Hardware plus SaaS,Taronga RealTechX,Facilities,Climate,Indoor-air quality,Scaleup,A,Low,C,,,,,IAQ sensors and analytics,Portfolio/product description,Calibration privacy maintenance and adoption,https://uhooair.com/|https://tarongagroup.com/realtechx/,2026-08-30,proptech_startups_agent.csv,1,false,
org-wint-44d2ec1,WINT,WINT,https://wint.ai/,active,2026-08-30,Israel,Global,2015,Company,Hardware plus SaaS,Taronga RealTechX,Facilities,Climate,Water leak prevention,Scaleup,A,Medium,C,,,,,Water intelligence detection and shutoff,Portfolio/product description,Plumbing retrofit connectivity and response service,https://wint.ai/|https://tarongagroup.com/realtechx/,2026-08-30,proptech_startups_agent.csv,1,false,
org-wiredscore-75d1974,WiredScore,WiredScore,https://wiredscore.com/,active,2026-08-30,United Kingdom,Global,2013,Company,Certification,Taronga/RealTechX,Facilities,Data,Digital infrastructure rating,Scaleup,A,Low,C,,,,,Digital connectivity certification for buildings,Portfolio/product description,Local evidence and methodology adaptation,https://wiredscore.com/|https://tarongagroup.com/realtechx/,2026-08-30,proptech_startups_agent.csv,1,false,
org-bproperty-79a37ab,Bproperty,Bproperty,https://www.bproperty.com/,unclear,2026-08-30,Bangladesh,Bangladesh,2016 || 2015,private-company || Company,listing-and-transaction-fees || Marketplace/leads,EMPG-DCG-history || Independent,discover-sell-rent || Sales,legal-mortgage-valuation || Finance,property-marketplace || Marketplace valuation mortgage,unclear || Scaleup,A,listing-UX-and-lead-channel || High,C || A,,,,,major-historic-portal-current-domain-disclaims-legacy-affiliation || Local listings advice valuation and loan comparison,historical-press-plus-company || Company description,verify-entity-data-contracts-and-inventory || Lead ownership data use and freshness,https://www.bproperty.com/|https://www.bproperty.com/about-us|https://www.bproperty.com/terms-of-use|https://www.bssnews.net/business/107809,2026-08-30,proptech_startups_agent.csv|regional_companies_agent.csv,2,true,
org-homebase-sea-finance-75bb47f,Homebase,Homebase,https://www.ycombinator.com/companies/homebase,active,2026-08-30,Singapore || Vietnam,Southeast-Asia || SEA,2019,private-startup || Company,financing-fees || Fintech,Y-Combinator-W21-Antler-Iterative || YC W2021,rent-to-own-financing || Finance,alternative-mortgage-underwriting || Sales,housing-finance || Rent-to-own housing finance,early-growth || Scaleup,A,affordability-staged-ownership || Medium,C || B,,,,,name-collides-with-US-Homebase-OneQuext-credit-risk || Rent-to-own financing for Southeast Asia,YC-profile || YC self-description,unknown || Licensing capital intensity and defaults,https://www.ycombinator.com/companies/homebase|https://homebase.ai/,2026-08-30,proptech_startups_agent.csv|regional_companies_agent.csv,2,false,Official name normalized to Homebase; Homebase-SEA retained as an alias.
org-katerra-0503c58,Katerra,Katerra,https://www.katerra.com/,inactive,2026-08-30,United States,United States || United States global,2015,Company || failed construction technology and off-site manufacturing,Vertical integration/hardware,Independent,Construction || D/C,Design,Offsite construction/design-build,Shut down,B,"Medium || Cautionary case for capex, working capital and scale assumptions",C || B,Raised approximately $2bn per credible reporting; Chapter 11 June 2021,Vertically integrated off-site construction and manufacturing,Venture-backed industrialisation,Off-site construction factories,High-profile offsite construction startup shut down and filed Chapter 11 in June 2021 || Chapter 11 filing June 2021,Reputable press/bankruptcy report || observed,Failure case; do not display as active; study capital intensity bonding working capital || Use court/financial sources for causal detail,https://www.katerra.com/|https://techcrunch.com/2021/06/01/softbank-backed-construction-giant-katerra-said-to-be-shutting-down-after-raising-billions/|https://www.constructiondive.com/news/katerra-files-for-chapter-11/601439/|https://www.sec.gov/|https://www.reuters.com/,2026-08-30,global_real_estate_pioneers_agent.csv|proptech_startups_agent.csv,2,false,
org-proq-cf33256,ProQ,ProQ,https://proq.com.bd/,active,2026-08-30,Bangladesh,Bangladesh,2025 || Unknown,private-startup || Company,marketplace-leads || Marketplace/RFQ,local-early-stage || Independent,construction-procurement || Procurement,architecture-real-estate || Construction,procurement-marketplace || Construction materials procurement,early-stage || Very early,B,watchlist-bounded-pilot || High,C/D || B,,,,,LinkedIn-indicates-2-to-10-employees || RFQ supplier discovery comparison negotiation and orders,company-profile || Company/press report,no-outcome-evidence || No long-term outcomes; verify suppliers ERP and disputes,https://www.proq.com.bd/|https://www.linkedin.com/company/proq-platform|https://proq.com.bd/|https://www.thedailystar.net/news/technology/news/bangladeshs-construction-procurement-still-runs-phone-calls-and-whatsapp-startup-wants-change-4250786,2026-08-30,proptech_startups_agent.csv|regional_companies_agent.csv,2,false,
