snapshot_date,directory,directory_count_at_snapshot,name,yc_profile_url,yc_profile_slug,yc_company_id,batch,status,employee_count_shown,location_shown,city_shown,country_code_shown,official_one_liner,official_description_concise,visible_tags,inferred_lifecycle,inferred_category,jcx_screening_tier,jcx_screening_basis,in_proptech_directory,in_real_estate_directory,identity_status_source,research_caveat
2026-08-30,Real Estate and Construction,128,EquipmentShare,https://www.ycombinator.com/companies/equipmentshare,equipmentshare,809,W2015,Public,5400,"Columbia, MO, USA",Columbia,US,Cloud solutions for the construction industry.,"EquipmentShare delivers cloud solutions for the construction industry. We provide a better equipment rental experience, fleet tracking software and hardware security solutions to help contractors work smarter.",construction,L5 Construction; L7 Occupancy/tenant; L12 Data/intelligence,ConTech / construction operations,A,"Direct fit for a developer's digitization, project, property, transaction, data, or ESG workflows.",no,no,https://www.ycombinator.com/companies/industry/real-estate-and-construction,"YC directory/company copy is a discovery source and is not independently verified here; status, employees, location, tags, and descriptions are point-in-time fields."
2026-08-30,Real Estate and Construction,128,Atlia,https://www.ycombinator.com/companies/atlia,atlia,31257,S2026,Active,2,San Francisco,San Francisco,US,The AI-native property management company,"We manage short-term rental properties by running operations completely autonomously. By replacing costly human coordination with AI agents, we cut traditional management fees in half so Airbnb hosts take home 10% to 20% more revenue with zero effort. This lets us offer the best owner and guest experiences with the lowest management rates in the country.",real-estate; big-data; artificial-intelligence,L7 Occupancy/tenant; L8 FM/maintenance; L12 Data/intelligence,Property operations / housing,A,"Direct fit for a developer's digitization, project, property, transaction, data, or ESG workflows.",no,yes,https://www.ycombinator.com/companies/industry/real-estate-and-construction,"YC directory/company copy is a discovery source and is not independently verified here; status, employees, location, tags, and descriptions are point-in-time fields."
2026-08-30,Real Estate and Construction,128,SubVysion,https://www.ycombinator.com/companies/subvysion,subvysion,33313,S2026,Active,2,San Francisco,San Francisco,US,Autonomous rovers to make the ‘Google Maps’ of underground utilities,"We build centimeter-accurate 3D maps of underground utilities to help construction contractors dig safer and faster. With underground intelligence, contractors can avoid dangerous utility strikes and costly project delays.",construction; infrastructure; real-estate; computer-vision; hard-tech,L1 Land/site; L4 Design/BIM; L5 Construction,ConTech / construction operations,A,"Direct fit for a developer's digitization, project, property, transaction, data, or ESG workflows.",no,yes,https://www.ycombinator.com/companies/industry/real-estate-and-construction,"YC directory/company copy is a discovery source and is not independently verified here; status, employees, location, tags, and descriptions are point-in-time fields."
2026-08-30,Real Estate and Construction,128,Alloovium,https://www.ycombinator.com/companies/alloovium,alloovium,32204,S2026,Active,5,"Brisbane QLD, Australia",Brisbane,AU,The company brain for construction companies,"Alloovium is the document intelligence layer for construction 🏗️ It reads every document and piece of data on a project (contracts, specs, drawings, compliance records, conversations), turning them into answers you can trust and actions with real value: every answer cites its exact source sentence, paperwork is checked clause by clause against the builder's own Integrated Management System, and nothing AI-drafted...",construction; ai,L5 Construction; L12 Data/intelligence,ConTech / construction operations,A,"Direct fit for a developer's digitization, project, property, transaction, data, or ESG workflows.",no,no,https://www.ycombinator.com/companies/industry/real-estate-and-construction,"YC directory/company copy is a discovery source and is not independently verified here; status, employees, location, tags, and descriptions are point-in-time fields."
2026-08-30,Real Estate and Construction,128,Vestris,https://www.ycombinator.com/companies/vestris,vestris,32751,S2026,Active,2,San Francisco,San Francisco,US,AI native platform for real estate closings,"Vestris automates title processing end-to-end, from contract to close, so title shops can close more deals with fewer processors. Title insurance has famously high margins, but slow, manual processing is a constant pain — especially in today's bleeding housing market.",workflow-automation; home-services,L1 Land/site; L3 Capital/finance; L7 Occupancy/tenant; L12 Data/intelligence,Real-estate finance / insurtech,A,"Direct fit for a developer's digitization, project, property, transaction, data, or ESG workflows.",no,no,https://www.ycombinator.com/companies/industry/real-estate-and-construction,"YC directory/company copy is a discovery source and is not independently verified here; status, employees, location, tags, and descriptions are point-in-time fields."
2026-08-30,Real Estate and Construction,128,FlowManual,https://www.ycombinator.com/companies/flowmanual,flowmanual,32525,S2026,Active,2,San Francisco,San Francisco,US,AI for Construction's Back Office,"FlowManual is the all-in-one AI estimating, bidding, and purchasing platform for both general and MEP construction contractors. Built by two engineers and Harvard dropouts, FlowManual automates the buying process during pre-construction. With FlowManual, specialty contractors win more work while general contractors deliver at higher standards.",construction; workflow-automation; saas,L5 Construction; L12 Data/intelligence,ConTech / construction operations,A,"Direct fit for a developer's digitization, project, property, transaction, data, or ESG workflows.",no,no,https://www.ycombinator.com/companies/industry/real-estate-and-construction,"YC directory/company copy is a discovery source and is not independently verified here; status, employees, location, tags, and descriptions are point-in-time fields."
2026-08-30,Real Estate and Construction,128,RealPact,https://www.ycombinator.com/companies/realpact,realpact,32195,S2026,Active,2,San Francisco,San Francisco,US,AI-native OS for Real Estate Brokerages,"RealPact builds AI agents that handle the paperwork behind real estate transactions. They find property records like deeds, tax records, permits, parcel data, and MLS information, then use that data to fill out contracts, organize documents, track deadlines, and help brokerages close deals faster. We are starting by automating transactions and will expand into other parts of brokerage operations. Much of the...",real-estate; enterprise-software; ai,L1 Land/site; L6 Marketing/sales; L7 Occupancy/tenant; L12 Data/intelligence,Property data / transaction infrastructure,A,"Direct fit for a developer's digitization, project, property, transaction, data, or ESG workflows.",no,yes,https://www.ycombinator.com/companies/industry/real-estate-and-construction,"YC directory/company copy is a discovery source and is not independently verified here; status, employees, location, tags, and descriptions are point-in-time fields."
2026-08-30,Real Estate and Construction,128,CentralComs,https://www.ycombinator.com/companies/centralcoms,centralcoms,31543,P2026,Active,2,San Francisco,San Francisco,US,AI agent platform for home services companies.,"Home services companies lose money on missed calls and idle techs. When the phone rings during a job and nobody picks up, that lead goes to a competitor and the trucks already on the road sit half-booked because dispatch can't keep the schedule tight. CentralComs fixes this with AI agents that answer every call, route each job to the right technician, and keep the calendar full. They handle intake, dispatch, and...",home-services,L8 FM/maintenance; L12 Data/intelligence,Real-estate software / adjacent,B,Adjacent capability with a plausible real-estate use case; validate local workflow and integration fit.,no,no,https://www.ycombinator.com/companies/industry/real-estate-and-construction,"YC directory/company copy is a discovery source and is not independently verified here; status, employees, location, tags, and descriptions are point-in-time fields."
2026-08-30,Real Estate and Construction,128,AquaShield,https://www.ycombinator.com/companies/aquashield,aquashield,31487,P2026,Active,3,San Francisco,San Francisco,US,AI water leak detection for buildings,AquaShield protects large real estate portfolios against water damage (losses of up to hundreds of millions per year).,,L9 Portfolio/asset; L12 Data/intelligence,Real-estate software / adjacent,C,"Interesting discovery lead, but the direct JCX/developer use case is not evident from directory copy.",no,no,https://www.ycombinator.com/companies/industry/real-estate-and-construction,"YC directory/company copy is a discovery source and is not independently verified here; status, employees, location, tags, and descriptions are point-in-time fields."
2026-08-30,Real Estate and Construction,128,Rudus,https://www.ycombinator.com/companies/rudus,rudus,31346,P2026,Active,2,San Francisco,San Francisco,US,AI Takeoffs for Concrete,"Rudus is an AI-powered takeoff and estimation platform enabling concrete contractors to win 3x more projects yearly. It automatically identifies every concrete structure like footings, walls, columns, and slabs on plans, eliminating the manual work and reducing estimation time by 70%. Concrete is the most-used material on earth after water, and demand is surging with the AI infrastructure boom.",,L5 Construction; L12 Data/intelligence,ConTech / construction operations,A,"Direct fit for a developer's digitization, project, property, transaction, data, or ESG workflows.",no,no,https://www.ycombinator.com/companies/industry/real-estate-and-construction,"YC directory/company copy is a discovery source and is not independently verified here; status, employees, location, tags, and descriptions are point-in-time fields."
2026-08-30,Real Estate and Construction,128,PLAN0 AI,https://www.ycombinator.com/companies/plan0-ai,plan0-ai,31460,P2026,Active,4,,,,Construction Cost Intelligence.,"PLAN0 is building the Bloomberg of construction for real estate developers, investors, and general contractors — $20B of projects are already running through the platform. We analyze architectural plans using vision models to generate detailed cost estimates and analytics in minutes. Through industry partnerships, the platform also aggregates historical and real-time project data across all major geographies to...",,L4 Design/BIM; L5 Construction; L12 Data/intelligence,ConTech / construction operations,A,"Direct fit for a developer's digitization, project, property, transaction, data, or ESG workflows.",no,no,https://www.ycombinator.com/companies/industry/real-estate-and-construction,"YC directory/company copy is a discovery source and is not independently verified here; status, employees, location, tags, and descriptions are point-in-time fields."
2026-08-30,Real Estate and Construction,128,Foreman,https://www.ycombinator.com/companies/foreman,foreman,31243,W2026,Active,2,San Francisco,San Francisco,US,"Keeping contractors on the job site, not behind a desk.","Foreman is the all-in-one AI-powered project management platform built for construction contractors and the trade industry. Today, contractors run complex businesses on a patchwork of tools that were never designed for construction — estimates in spreadsheets, plans in email, proposals copy-pasted from old Word docs, photos scattered across phones. Nothing talks to anything else, and the admin work never stops....",construction; artificial-intelligence; enterprise-software; scheduling; finance,L1 Land/site; L4 Design/BIM; L5 Construction; L12 Data/intelligence,ConTech / construction operations,A,"Direct fit for a developer's digitization, project, property, transaction, data, or ESG workflows.",no,no,https://www.ycombinator.com/companies/industry/real-estate-and-construction,"YC directory/company copy is a discovery source and is not independently verified here; status, employees, location, tags, and descriptions are point-in-time fields."
2026-08-30,Real Estate and Construction,128,Travo,https://www.ycombinator.com/companies/travo,travo,30905,W2026,Active,4,San Francisco,San Francisco,US,The brokerage that never sleeps,"Travo is an AI-native commercial real estate brokerage. Our AI constantly sources off-market deals that fit your exact buy box, and our brokers take them to close. Instead of the same on-market listings everyone sees, buyers get properties that never hit the market, with reconciled T-12s, rent rolls, and comps already cleaned up and ready to underwrite. We focus on multifamily, manufactured housing (MHP and MHC),...",,L6 Marketing/sales; L7 Occupancy/tenant; L9 Portfolio/asset; L12 Data/intelligence,Real-estate marketplace / sales,A,"Direct fit for a developer's digitization, project, property, transaction, data, or ESG workflows.",no,no,https://www.ycombinator.com/companies/industry/real-estate-and-construction,"YC directory/company copy is a discovery source and is not independently verified here; status, employees, location, tags, and descriptions are point-in-time fields."
2026-08-30,Real Estate and Construction,128,Goldbridge,https://www.ycombinator.com/companies/goldbridge,goldbridge,29161,F2025,Active,3,,,,Ramp for Real Estate,"Goldbridge is building the financial operating system for the largest asset class in the world – real estate. More than $1T in rent flows through landlord bank accounts annually, with roughly a quarter locked in idle reserves and security deposits – and billions more leaking from unnecessary property expenses. And with $2.5T in real estate loans about to mature in 2027/28, property owners are desperate to boost...",ai; real-estate; neobank; finance; proptech,L3 Capital/finance; L7 Occupancy/tenant; L8 FM/maintenance; L9 Portfolio/asset; L12 Data/intelligence,Property operations / housing,A,"Direct fit for a developer's digitization, project, property, transaction, data, or ESG workflows.",yes,yes,https://www.ycombinator.com/companies/industry/real-estate-and-construction,"YC directory/company copy is a discovery source and is not independently verified here; status, employees, location, tags, and descriptions are point-in-time fields."
2026-08-30,Real Estate and Construction,128,Brickwise,https://www.ycombinator.com/companies/brickwise,brickwise,30847,F2025,Active,2,London,London,GB,AI property manager for landlords and estate agents,"We've built an AI property manager that automates maintenance requests, handling tenant calls and messages 24/7, following up by chasing contractors and resolving issues. We're based in London, but have over 10 customers throughout the world, from San Francisco to Dubai. We have a reliable sales pipeline, including a >$1m cARR enterprise contract. Since our formation 6 months ago, we have raised over $3M in...",,L5 Construction; L6 Marketing/sales; L7 Occupancy/tenant; L8 FM/maintenance; L12 Data/intelligence,ConTech / construction operations,A,"Direct fit for a developer's digitization, project, property, transaction, data, or ESG workflows.",no,no,https://www.ycombinator.com/companies/industry/real-estate-and-construction,"YC directory/company copy is a discovery source and is not independently verified here; status, employees, location, tags, and descriptions are point-in-time fields."
2026-08-30,Real Estate and Construction,128,Automax.ai,https://www.ycombinator.com/companies/automax-ai,automax-ai,30956,F2025,Active,4,San Francisco,San Francisco,US,AI native real-estate appraisal firm,"Automax.ai does property appraisals faster and more transparent. Our mobile app uses LiDAR and computer vision to capture property details automatically, and our custom-trained AI agents combine that data with all the analysis and aggregation required to to generate a complete appraisal report in minutes. The result is a clear, grounded valuation, fully Fannie Mae & Freddie Mac compliant — done in under 20...",b2b; proptech,L2 Feasibility; L7 Occupancy/tenant; L12 Data/intelligence,Property data / transaction infrastructure,A,"Direct fit for a developer's digitization, project, property, transaction, data, or ESG workflows.",yes,no,https://www.ycombinator.com/companies/industry/real-estate-and-construction,"YC directory/company copy is a discovery source and is not independently verified here; status, employees, location, tags, and descriptions are point-in-time fields."
2026-08-30,Real Estate and Construction,128,Helonic,https://www.ycombinator.com/companies/helonic,helonic,30911,F2025,Active,2,San Francisco,San Francisco,US,Automatic Construction Drawing Clash Detection,"We help construction teams eliminate rework, delays, and drawing confusion before construction starts. We analyze PDF plans, detect clashes and inconsistencies across disciplines, and create draft RFIs so teams can resolve issues early. This saves construction companies hundreds of hours and millions of dollars. What we do: - Automatically detect clashes, missing information, and drawing mismatches - Align...",construction; b2b; workflow-automation; architecture; artificial-intelligence,L4 Design/BIM; L5 Construction; L12 Data/intelligence,ConTech / construction operations,A,"Direct fit for a developer's digitization, project, property, transaction, data, or ESG workflows.",no,no,https://www.ycombinator.com/companies/industry/real-estate-and-construction,"YC directory/company copy is a discovery source and is not independently verified here; status, employees, location, tags, and descriptions are point-in-time fields."
2026-08-30,Real Estate and Construction,128,Structured AI,https://www.ycombinator.com/companies/structured-ai,structured-ai,30845,F2025,Active,10,New York City,New York City,US,The AI drawing review platform for architects and engineers.,"Structured AI is the most advanced AI-powered QA/QC platform for drawing packages, working across both PDF drawings and native Revit models. Architects and engineers use our platform to make every drawing set leave the office with certainty. Our AI agents learn your firm's standards, apply the relevant codes, and read every page of a set, then return a clear list of what's wrong, where it sits, and how to fix it....",ai; construction; architecture; computer-vision,L4 Design/BIM; L5 Construction; L12 Data/intelligence,ConTech / construction operations,A,"Direct fit for a developer's digitization, project, property, transaction, data, or ESG workflows.",no,no,https://www.ycombinator.com/companies/industry/real-estate-and-construction,"YC directory/company copy is a discovery source and is not independently verified here; status, employees, location, tags, and descriptions are point-in-time fields."
2026-08-30,Real Estate and Construction,128,Spotlight Realty,https://www.ycombinator.com/companies/spotlight-realty,spotlight-realty,30791,S2025,Active,4,San Francisco,San Francisco,US,AI powered brokerage reducing residential rental commissions in NYC…,We are a full-service sell-side residential brokerage that lists and markets your properties. We also screen and schedule tenants showings with our AI agent for a third of the normal commission.,real-estate; machine-learning,L6 Marketing/sales; L7 Occupancy/tenant; L12 Data/intelligence,Property operations / housing,B,Adjacent capability with a plausible real-estate use case; validate local workflow and integration fit.,no,yes,https://www.ycombinator.com/companies/industry/real-estate-and-construction,"YC directory/company copy is a discovery source and is not independently verified here; status, employees, location, tags, and descriptions are point-in-time fields."
2026-08-30,Real Estate and Construction,128,Wayline,https://www.ycombinator.com/companies/wayline,wayline,30364,S2025,Active,5,San Francisco,San Francisco,US,AI voice for property managers,"Wayline is an AI front desk assistant purpose-built for real estate to answer calls and messages 24/7. It’s like an always-on property manager that can convert leads and resolve issues better than any human, day or night. Our AI can be setup in as little as 24 hours and works seamlessly with existing phone/management software. Uniquely, our AI knowledge base is domain-specific to learn and handle the most complex...",,L8 FM/maintenance; L12 Data/intelligence,Property operations / housing,A,"Direct fit for a developer's digitization, project, property, transaction, data, or ESG workflows.",no,no,https://www.ycombinator.com/companies/industry/real-estate-and-construction,"YC directory/company copy is a discovery source and is not independently verified here; status, employees, location, tags, and descriptions are point-in-time fields."
2026-08-30,Real Estate and Construction,128,Bidflow,https://www.ycombinator.com/companies/bidflow,bidflow,30620,W2026,Active,2,New York City,New York City,US,AI Takeoffs for Electrical,"We use AI to help electricians speed up the time it takes to submit a competitive bid to a job. We do this by scanning complex CAD drawings and 10X-ing the time it takes to estimate a job. This involves using vision models to read and count complex symbols in large PDFs, which typically take hours (sometimes days) to do precisely. Every missed symbol can cost thousands, and our AI can count to 99% accuracy.",computer-vision; saas; construction; infrastructure,L4 Design/BIM; L5 Construction; L12 Data/intelligence,ConTech / construction operations,A,"Direct fit for a developer's digitization, project, property, transaction, data, or ESG workflows.",no,no,https://www.ycombinator.com/companies/industry/real-estate-and-construction,"YC directory/company copy is a discovery source and is not independently verified here; status, employees, location, tags, and descriptions are point-in-time fields."
2026-08-30,Real Estate and Construction,128,IronLedger.ai,https://www.ycombinator.com/companies/ironledger-ai,ironledger-ai,30685,S2025,Active,,New York City,New York City,US,AI-enabled Corporate Cards and Invoice Processing for Real Estate,"IronLedger automates property accounting for property managers, developers and contractors, starting with accounts payable. We eliminate more than $70K of accounting costs annually for over 50K multifamily units. https://www.ironledger.ai/",,L5 Construction; L8 FM/maintenance; L12 Data/intelligence,ConTech / construction operations,A,"Direct fit for a developer's digitization, project, property, transaction, data, or ESG workflows.",no,no,https://www.ycombinator.com/companies/industry/real-estate-and-construction,"YC directory/company copy is a discovery source and is not independently verified here; status, employees, location, tags, and descriptions are point-in-time fields."
2026-08-30,Real Estate and Construction,128,PARES AI,https://www.ycombinator.com/companies/pares-ai,pares-ai,30736,S2025,Active,3,Los Angeles,Los Angeles,US,AI-native real estate services firm,"PARES is an AI-native real estate services firm, providing investment sales brokerage and property management to institutional and middle-market property owners and investors across the country. Real estate is an extremely labor-intensive business, often requiring scaling headcount to grow, being extremely local to submarkets, and operating on low margins. With AI, these services can be centralized and delivered...",real-estate; conversational-ai; artificial-intelligence; proptech,L2 Feasibility; L3 Capital/finance; L6 Marketing/sales; L7 Occupancy/tenant; L8 FM/maintenance; L9 Portfolio/asset; L12 Data/intelligence,Property operations / housing,A,"Direct fit for a developer's digitization, project, property, transaction, data, or ESG workflows.",yes,yes,https://www.ycombinator.com/companies/industry/real-estate-and-construction,"YC directory/company copy is a discovery source and is not independently verified here; status, employees, location, tags, and descriptions are point-in-time fields."
2026-08-30,Real Estate and Construction,128,Opusense AI,https://www.ycombinator.com/companies/opusense-ai,opusense-ai,30467,P2025,Active,2,"Toronto, ON, Canada",Toronto,CA,AI for Field Inspection Reports,"Opusense AI automates field report writing for construction field inspectors. Instead of typing up notes at the end of the day, inspectors can now walk a site, speak observations aloud, snap photos, and let our AI assistant generate a detailed, organized report on-site and in real time. Combined, the founding team has over 15 years in the construction industry. Writing up these field reports used to take up at...",,L5 Construction; L12 Data/intelligence,ConTech / construction operations,A,"Direct fit for a developer's digitization, project, property, transaction, data, or ESG workflows.",no,no,https://www.ycombinator.com/companies/industry/real-estate-and-construction,"YC directory/company copy is a discovery source and is not independently verified here; status, employees, location, tags, and descriptions are point-in-time fields."
2026-08-30,Real Estate and Construction,128,Bild AI,https://www.ycombinator.com/companies/bild-ai,bild-ai,30177,W2025,Active,9,San Francisco,San Francisco,US,"AI estimating & detailing for Division 8 doors, frames & hardware","Bild AI automates Division 8 estimating — doors, frames, and hardware — end to end. Bild AI reads blueprints and specs, generates opening (door) schedules automatically, prices the bid, and exports it directly into the ERPs Division 8 shops already run on, including Comsense, Avaware, and ProTech. Division 8 estimating is the brutal trifecta of nitty-gritty details, where typos cost hundreds of thousands, and...",,L12 Data/intelligence,Real-estate software / adjacent,C,"Interesting discovery lead, but the direct JCX/developer use case is not evident from directory copy.",no,no,https://www.ycombinator.com/companies/industry/real-estate-and-construction,"YC directory/company copy is a discovery source and is not independently verified here; status, employees, location, tags, and descriptions are point-in-time fields."
2026-08-30,Real Estate and Construction,128,Permitify,https://www.ycombinator.com/companies/permitify,permitify,30317,W2025,Active,2,"Salt Lake City, UT, USA",Salt Lake City,US,AI co-pilot for building plan review and building code compliance,"City building departments are understaffed and overworked. Meanwhile, builders lobby to remove power from building departments. Because building departments are usually the only profitable/self-sustaining branch of a local government, this is problematic. Permitify allows city build-plan reviewers to 10x their productivity covering the labor shortage, reducing the time required to issue a building permit, and...",generative-ai; computer-vision; construction; govtech,L1 Land/site; L5 Construction; L12 Data/intelligence,ConTech / construction operations,A,"Direct fit for a developer's digitization, project, property, transaction, data, or ESG workflows.",no,no,https://www.ycombinator.com/companies/industry/real-estate-and-construction,"YC directory/company copy is a discovery source and is not independently verified here; status, employees, location, tags, and descriptions are point-in-time fields."
2026-08-30,Real Estate and Construction,128,ArchiLabs,https://www.ycombinator.com/companies/archilabs,archilabs,30105,F2024,Active,2,San Francisco,San Francisco,US,AI Data Center Design,ArchiLabs is building the data center project OS.,b2b; saas; proptech; construction; ai,L4 Design/BIM; L5 Construction; L12 Data/intelligence,ConTech / construction operations,A,"Direct fit for a developer's digitization, project, property, transaction, data, or ESG workflows.",yes,no,https://www.ycombinator.com/companies/industry/real-estate-and-construction,"YC directory/company copy is a discovery source and is not independently verified here; status, employees, location, tags, and descriptions are point-in-time fields."
2026-08-30,Real Estate and Construction,128,PermitPortal,https://www.ycombinator.com/companies/permitportal,permitportal,30088,F2024,Active,2,San Francisco,San Francisco,US,AI Operating System for Pre-construction,"We are building workflows to help developers go from finding and closing development sites to getting a building permit faster. PermitPortal accelerates the most critical parts of the pre-construction phase: finding the right sites, understanding entitlements and navigating local development sentiment.",ai; real-estate; construction,L1 Land/site; L5 Construction; L12 Data/intelligence,ConTech / construction operations,A,"Direct fit for a developer's digitization, project, property, transaction, data, or ESG workflows.",no,yes,https://www.ycombinator.com/companies/industry/real-estate-and-construction,"YC directory/company copy is a discovery source and is not independently verified here; status, employees, location, tags, and descriptions are point-in-time fields."
2026-08-30,Real Estate and Construction,128,Karmen,https://www.ycombinator.com/companies/karmen,karmen,30062,F2024,Active,2,San Francisco,San Francisco,US,Your AI scheduling assistant for construction,"Karmen is an AI scheduling assistant for construction. Karmen builds your baseline schedules from project documents, and updates them as your project evolves, saving you time and potential delays.",,L5 Construction; L12 Data/intelligence,ConTech / construction operations,A,"Direct fit for a developer's digitization, project, property, transaction, data, or ESG workflows.",no,no,https://www.ycombinator.com/companies/industry/real-estate-and-construction,"YC directory/company copy is a discovery source and is not independently verified here; status, employees, location, tags, and descriptions are point-in-time fields."
2026-08-30,Real Estate and Construction,128,Fresco,https://www.ycombinator.com/companies/fresco,fresco,30089,F2024,Active,2,San Francisco,San Francisco,US,AI copilot for construction estimators,"Fresco is an AI-powered takeoff and estimating for Division 8 construction (doors, frames, and hardware). Estimating Division 8 has always been brutally manual: flipping through hundreds of pages of specs, cross-referencing hardware sets, and building out schedules by hand. A single missed door or misread hardware group can kill a bid's margin. Fresco automates the entire takeoff process with 99% accuracy,...",,L5 Construction; L12 Data/intelligence,ConTech / construction operations,A,"Direct fit for a developer's digitization, project, property, transaction, data, or ESG workflows.",no,no,https://www.ycombinator.com/companies/industry/real-estate-and-construction,"YC directory/company copy is a discovery source and is not independently verified here; status, employees, location, tags, and descriptions are point-in-time fields."
2026-08-30,Real Estate and Construction,128,Propaya,https://www.ycombinator.com/companies/propaya,propaya,29815,S2024,Active,2,San Francisco,San Francisco,US,,"Propaya is an AI-powered commercial real estate intelligence platform that transforms leases and property documents into structured, actionable data. It extracts key terms, obligations, costs, and critical dates with source citations, while identifying legal, operational, environmental, and biological property-risk signals. Teams can customize risk taxonomies, track portfolio-level issues, export structured data,...",proptech; real-estate; artificial-intelligence,L7 Occupancy/tenant; L8 FM/maintenance; L9 Portfolio/asset; L12 Data/intelligence,Property operations / housing,A,"Direct fit for a developer's digitization, project, property, transaction, data, or ESG workflows.",yes,yes,https://www.ycombinator.com/companies/industry/real-estate-and-construction,"YC directory/company copy is a discovery source and is not independently verified here; status, employees, location, tags, and descriptions are point-in-time fields."
2026-08-30,Real Estate and Construction,128,Assembly HOA,https://www.ycombinator.com/companies/assembly-hoa,assembly-hoa,29824,S2024,Active,12,San Francisco,San Francisco,US,AI-native HOA Management Company,"Assembly is an AI-native HOA management company on a mission to fix homeowner associations. Traditional HOA management is often reactive, confusing, and inefficient. Assembly takes a different approach by combining professional expertise with intelligent software to make communities run smoothly and decisions easier. We exist to build trust, create transparency, and ensure well-run communities that protect and...",real-estate; fintech; housing; proptech; artificial-intelligence,L7 Occupancy/tenant; L12 Data/intelligence,Property operations / housing,B,Adjacent capability with a plausible real-estate use case; validate local workflow and integration fit.,yes,yes,https://www.ycombinator.com/companies/industry/real-estate-and-construction,"YC directory/company copy is a discovery source and is not independently verified here; status, employees, location, tags, and descriptions are point-in-time fields."
2026-08-30,Real Estate and Construction,128,Henry,https://www.ycombinator.com/companies/henry-2,henry-2,29954,S2024,Active,20,New York City,New York City,US,Automating Deal Decks for Commercial Real Estate Brokers,"Henry is an AI copilot for commercial real estate (CRE) brokers that seamlessly integrates a brokerage’s internal data set with external sources to generate custom presentations and financial modeling for deals. Our mission is to help CRE brokers close more deals faster, earning more while doing less repetitive work. We’re initially focusing on enabling brokers to generate deal decks in seconds—a task that...",saas; generative-ai; real-estate; ai-assistant; ai,L6 Marketing/sales; L9 Portfolio/asset; L12 Data/intelligence,Real-estate finance / insurtech,A,"Direct fit for a developer's digitization, project, property, transaction, data, or ESG workflows.",no,yes,https://www.ycombinator.com/companies/industry/real-estate-and-construction,"YC directory/company copy is a discovery source and is not independently verified here; status, employees, location, tags, and descriptions are point-in-time fields."
2026-08-30,Real Estate and Construction,128,SchemeFlow,https://www.ycombinator.com/companies/schemeflow,schemeflow,29776,S2024,Active,5,London,London,GB,AI Report Generation for Engineering & Environmental Review,"SchemeFlow uses AI to generate technical reports for engineering and environmental review for construction projects. Two brothers + high school friend, with great combo of skills: Mayor’s Chief of Staff, Arup construction engineer + AI software engineer. LLMs allow fast generation of reports & handling local regulatory complexity which wasn’t feasible before. Working across Transportation, Air Quality, Noise,...",,L5 Construction; L12 Data/intelligence,ConTech / construction operations,A,"Direct fit for a developer's digitization, project, property, transaction, data, or ESG workflows.",no,no,https://www.ycombinator.com/companies/industry/real-estate-and-construction,"YC directory/company copy is a discovery source and is not independently verified here; status, employees, location, tags, and descriptions are point-in-time fields."
2026-08-30,Real Estate and Construction,128,CoCrafter,https://www.ycombinator.com/companies/cocrafter,cocrafter,29481,W2024,Active,9,"Munich, Germany",Munich,DE,B2B construction marketplace to match contractors and subcontractors.,"CoCrafter is a construction marketplace to match contractors and subcontractors. Already used by over 3000 companies in the strong German SMB sector, CoCrafter helps contractors to find and manage local as well as foreign subcontractors.",marketplace; construction,L5 Construction,ConTech / construction operations,A,"Direct fit for a developer's digitization, project, property, transaction, data, or ESG workflows.",no,no,https://www.ycombinator.com/companies/industry/real-estate-and-construction,"YC directory/company copy is a discovery source and is not independently verified here; status, employees, location, tags, and descriptions are point-in-time fields."
2026-08-30,Real Estate and Construction,128,AveryIQ,https://www.ycombinator.com/companies/averyiq,averyiq,29284,W2024,Active,3,"Austin, TX, USA",Austin,US,AI Copilot for Property Managers and Landlords,"Avery helps property managers fill vacancies faster and resolve maintenance requests automatically. Our AI property manager and leasing agents can be assigned to complete many common tasks, from getting tours scheduled to following up with vendors. There are nearly 300,000 third party property management companies across the US, many of whom are overwhelmed by dozens of repetitive tenant requests streaming in...",proptech; real-estate; telecommunications; ai,L7 Occupancy/tenant; L8 FM/maintenance; L12 Data/intelligence,Property operations / housing,A,"Direct fit for a developer's digitization, project, property, transaction, data, or ESG workflows.",yes,yes,https://www.ycombinator.com/companies/industry/real-estate-and-construction,"YC directory/company copy is a discovery source and is not independently verified here; status, employees, location, tags, and descriptions are point-in-time fields."
2026-08-30,Real Estate and Construction,128,InspectMind AI,https://www.ycombinator.com/companies/inspectmind-ai,inspectmind-ai,29511,W2024,Active,2,San Francisco,San Francisco,US,AI agent for construction drawings review,An AI agent that catches issues in construction drawings before they become costly rework and project delays,ai; construction; proptech; artificial-intelligence; b2b,L5 Construction; L12 Data/intelligence,ConTech / construction operations,A,"Direct fit for a developer's digitization, project, property, transaction, data, or ESG workflows.",yes,no,https://www.ycombinator.com/companies/industry/real-estate-and-construction,"YC directory/company copy is a discovery source and is not independently verified here; status, employees, location, tags, and descriptions are point-in-time fields."
2026-08-30,Real Estate and Construction,128,Foundation,https://www.ycombinator.com/companies/foundation-2,foundation-2,29112,S2023,Active,4,"Boulder, CO, USA",Boulder,US,Shopify for Homebuilders,"Foundation is the buyer experience platform for homebuilders. By bringing the new home shopping, purchase, and ownership experience online, Foundation helps homebuilders sell more homes, more profitably, to happier customers.",saas; real-estate; proptech; ai-assistant; b2b,L12 Data/intelligence,Real-estate software / adjacent,C,"Interesting discovery lead, but the direct JCX/developer use case is not evident from directory copy.",yes,yes,https://www.ycombinator.com/companies/industry/real-estate-and-construction,"YC directory/company copy is a discovery source and is not independently verified here; status, employees, location, tags, and descriptions are point-in-time fields."
2026-08-30,Real Estate and Construction,128,sizeless,https://www.ycombinator.com/companies/sizeless,sizeless,28959,S2023,Active,3,San Francisco,San Francisco,US,Instant 3D Digital Twins for Smarter Real Estate.,"Make data-driven decisions. Optimize property management. With the property Digital Twin from sizeless, you can access highly accurate data to understand your property's details, make informed decisions on inspections, and work on the required management optimization measures.",artificial-intelligence; computer-vision; real-estate; construction; energy,L4 Design/BIM; L5 Construction; L8 FM/maintenance; L10 ESG/climate; L12 Data/intelligence,ConTech / construction operations,A,"Direct fit for a developer's digitization, project, property, transaction, data, or ESG workflows.",no,yes,https://www.ycombinator.com/companies/industry/real-estate-and-construction,"YC directory/company copy is a discovery source and is not independently verified here; status, employees, location, tags, and descriptions are point-in-time fields."
2026-08-30,Real Estate and Construction,128,Constructable,https://www.ycombinator.com/companies/constructable,constructable,29121,S2023,Active,6,"Santa Barbara, CA, USA",Santa Barbara,US,Building the next Procore,"Constructable is the modern alternative to Procore, Autodesk, and Fieldwire. We help mid-size general contractors manage the entire lifecycle of a commercial project from bidding to closeout. With Constructable, teams can accelerate field, project, and financial management in one intuitive system. RFIs, submittals, drawings, daily logs, punch lists, change orders—everything lives in one place, with AI-powered...",b2b; saas; construction; productivity; ai,L5 Construction; L12 Data/intelligence,ConTech / construction operations,A,"Direct fit for a developer's digitization, project, property, transaction, data, or ESG workflows.",no,no,https://www.ycombinator.com/companies/industry/real-estate-and-construction,"YC directory/company copy is a discovery source and is not independently verified here; status, employees, location, tags, and descriptions are point-in-time fields."
2026-08-30,Real Estate and Construction,128,PropRise,https://www.ycombinator.com/companies/proprise,proprise,28808,S2023,Active,3,San Francisco,San Francisco,US,The AI platform for CRE investment teams,"PropRise is the AI platform for institutional CRE investment teams. We automate the tedious, Excel-heavy workflows that slow down dealmaking: from sourcing to underwriting to due diligence. Our two live products serve 50+ customers including Public Storage: Beacon automates site selection for developers, and Primer extracts financial data from deal packages into structured, model-ready formats, cutting hours of...",real-estate; saas; b2b; analytics; machine-learning,L2 Feasibility; L12 Data/intelligence,Real-estate finance / insurtech,C,"Interesting discovery lead, but the direct JCX/developer use case is not evident from directory copy.",no,yes,https://www.ycombinator.com/companies/industry/real-estate-and-construction,"YC directory/company copy is a discovery source and is not independently verified here; status, employees, location, tags, and descriptions are point-in-time fields."
2026-08-30,Real Estate and Construction,128,Craftwork,https://www.ycombinator.com/companies/craftwork,craftwork,28823,S2023,Active,50,"Charlotte, NC, USA",Charlotte,US,Digital-native home painting franchise,Craftwork is a full-service home painting company that uses software to dramatically improve the homeowner and operator experience.,home-services; home-automation; proptech,L12 Data/intelligence,Real-estate software / adjacent,C,"Interesting discovery lead, but the direct JCX/developer use case is not evident from directory copy.",yes,no,https://www.ycombinator.com/companies/industry/real-estate-and-construction,"YC directory/company copy is a discovery source and is not independently verified here; status, employees, location, tags, and descriptions are point-in-time fields."
2026-08-30,Real Estate and Construction,128,Electric Air,https://www.ycombinator.com/companies/electric-air-2,electric-air-2,28822,S2023,Active,18,San Francisco,San Francisco,US,Tech-enabled heat pump contractor that cuts costs by 60%,Electric Air is a tech-enabled contractor for heat pump installations that cuts costs by 60%. Heat pumps are the most efficient way to heat American homes with a $53B annual market opportunity.,,L5 Construction; L10 ESG/climate; L12 Data/intelligence,ConTech / construction operations,A,"Direct fit for a developer's digitization, project, property, transaction, data, or ESG workflows.",no,no,https://www.ycombinator.com/companies/industry/real-estate-and-construction,"YC directory/company copy is a discovery source and is not independently verified here; status, employees, location, tags, and descriptions are point-in-time fields."
2026-08-30,Real Estate and Construction,128,Palomma,https://www.ycombinator.com/companies/palomma,palomma,27714,W2023,Active,8,"Medellín, Medellin, Antioquia, Colombia",Medellín,CO,"AI & financial services for real estate in LatAm, starting by rent","Palomma is building the AI-native bank for real estate in LatAm. We start with AI agents for property managers (leasing, sales, collections), then add payments to own the flow of rent. This unlocks credit and insurance products to monetize on the $235Bn of rental flows from tenants and landlords.",ai; finance; payments; b2b; saas,L3 Capital/finance; L6 Marketing/sales; L7 Occupancy/tenant; L8 FM/maintenance; L12 Data/intelligence,Property operations / housing,A,"Direct fit for a developer's digitization, project, property, transaction, data, or ESG workflows.",no,no,https://www.ycombinator.com/companies/industry/real-estate-and-construction,"YC directory/company copy is a discovery source and is not independently verified here; status, employees, location, tags, and descriptions are point-in-time fields."
2026-08-30,Real Estate and Construction,128,Clad,https://www.ycombinator.com/companies/clad,clad,28070,W2023,Active,7,New York City,New York City,US,Project management software for building infrastructure.,"Clad is project management and billing software for infrastructure. The world is rebuilding its internet and power networks. The utilities, internet companies, and contractors tasked with this work face immense pressure to deliver. But their tools haven’t caught up. Contractors struggle to grow, constrained by cashflow. Operators fly blind, lacking real time visibility into issues. Clad unifies project operations...",b2b; construction; marketplace; saas; collaboration,L1 Land/site; L3 Capital/finance; L5 Construction; L12 Data/intelligence,ConTech / construction operations,A,"Direct fit for a developer's digitization, project, property, transaction, data, or ESG workflows.",no,no,https://www.ycombinator.com/companies/industry/real-estate-and-construction,"YC directory/company copy is a discovery source and is not independently verified here; status, employees, location, tags, and descriptions are point-in-time fields."
2026-08-30,Real Estate and Construction,128,Cambio,https://www.ycombinator.com/companies/cambio-2,cambio-2,27248,S2022,Active,60,San Francisco,San Francisco,US,AI-native commercial real estate operations,"Cambio is the AI-native commercial real estate operations platform, built by investors for investors. Our suite of products automatically collects building data to empower mission critical workflows like capital planning and compliance. Cambio uses LLMs and agentic AI to reason across thousands of pages of unstructured data, run multi-stepanalyses, and continuously adapt as regulations, assets and market...",real-estate; b2b; artificial-intelligence,L2 Feasibility; L4 Design/BIM; L9 Portfolio/asset; L12 Data/intelligence,Design / visualization,A,"Direct fit for a developer's digitization, project, property, transaction, data, or ESG workflows.",no,yes,https://www.ycombinator.com/companies/industry/real-estate-and-construction,"YC directory/company copy is a discovery source and is not independently verified here; status, employees, location, tags, and descriptions are point-in-time fields."
2026-08-30,Real Estate and Construction,128,Aldara,https://www.ycombinator.com/companies/aldara,aldara,27249,S2022,Active,10,"Barcelona, Spain",Barcelona,ES,HOA manager with automated operations,"Aldara is a modern, efficient HOA manager. We achieve that by automating back-office and operations with our in-house technology, powered by AI.",proptech; real-estate; fintech,L7 Occupancy/tenant; L12 Data/intelligence,Property operations / housing,C,"Interesting discovery lead, but the direct JCX/developer use case is not evident from directory copy.",yes,yes,https://www.ycombinator.com/companies/industry/real-estate-and-construction,"YC directory/company copy is a discovery source and is not independently verified here; status, employees, location, tags, and descriptions are point-in-time fields."
2026-08-30,Real Estate and Construction,128,FlatX,https://www.ycombinator.com/companies/flatx,flatx,27219,S2022,Active,2,Bengaluru,Bengaluru,IN,AI-Powered Rental Platform for Urban Renters,"FlatX is the first AI-powered rental platform in India focused on Young Renters. It helps them find the right flat and the right flatmate faster, and makes it effortless to rent in any city without brokers, scams, or the usual chaos.",real-estate; housing; marketplace,L6 Marketing/sales; L7 Occupancy/tenant; L12 Data/intelligence,Property operations / housing,B,Adjacent capability with a plausible real-estate use case; validate local workflow and integration fit.,no,yes,https://www.ycombinator.com/companies/industry/real-estate-and-construction,"YC directory/company copy is a discovery source and is not independently verified here; status, employees, location, tags, and descriptions are point-in-time fields."
2026-08-30,Real Estate and Construction,128,Express Building,https://www.ycombinator.com/companies/express-building,express-building,27175,S2022,Active,14,Singapore,Singapore,SG,Financing Southeast Asia's ~$1 trillion housing backlog,Express Building (EB) helps small and medium sized residential developers scale their pre-sold affordable housing development pipeline. Current markets: Indonesia & Philippines,real-estate; fintech; proptech; lending; b2b,L3 Capital/finance; L7 Occupancy/tenant,Property operations / housing,B,Adjacent capability with a plausible real-estate use case; validate local workflow and integration fit.,yes,yes,https://www.ycombinator.com/companies/industry/real-estate-and-construction,"YC directory/company copy is a discovery source and is not independently verified here; status, employees, location, tags, and descriptions are point-in-time fields."
2026-08-30,Real Estate and Construction,128,Apply Design,https://www.ycombinator.com/companies/apply-design,apply-design,26802,S2022,Active,4,"Tel Aviv-Yafo, Israel",Tel Aviv-Yafo,IL,Helping realtors showcase the full potential of their properties,"Apply Design is a leading AI-powered virtual staging app that empowers real estate professionals to showcase the full potential of their properties to prospective buyers, helping them sell homes faster and for higher prices. We virtually stage over 10,000 properties monthly, transforming images of vacant or outdated spaces into fully furnished, captivating property photos. Our proprietary AI-powered software is...",computer-vision; proptech; saas; generative-ai; e-commerce,L4 Design/BIM; L6 Marketing/sales; L7 Occupancy/tenant; L12 Data/intelligence,Design / visualization,A,"Direct fit for a developer's digitization, project, property, transaction, data, or ESG workflows.",yes,no,https://www.ycombinator.com/companies/industry/real-estate-and-construction,"YC directory/company copy is a discovery source and is not independently verified here; status, employees, location, tags, and descriptions are point-in-time fields."
2026-08-30,Real Estate and Construction,128,Albiware Inc.,https://www.ycombinator.com/companies/albiware-inc,albiware-inc,26501,S2022,Active,12,"Downers Grove, IL, USA",Downers Grove,US,B2B SaaS for insurance damage repair contractors.,"Albiware (Albi) is a B2B SaaS solution for the $100B+ insurance damage repair industry. Albi provides an all-in-one platform for damage repair contractors to manage all aspects of their business including: CRM, project management, field documentation, scheduling, BI, marketing automation, communication, HR management, and much more. Albi is built by contractors who felt the pain that lack of technology brought...",insurance; saas,L3 Capital/finance; L5 Construction; L12 Data/intelligence,ConTech / construction operations,A,"Direct fit for a developer's digitization, project, property, transaction, data, or ESG workflows.",no,no,https://www.ycombinator.com/companies/industry/real-estate-and-construction,"YC directory/company copy is a discovery source and is not independently verified here; status, employees, location, tags, and descriptions are point-in-time fields."
2026-08-30,Real Estate and Construction,128,HOMLI,https://www.ycombinator.com/companies/homli,homli,27109,S2022,Active,20,New York City,New York City,US,Sell your home without brokers,"HOMLI is building the first fully autonomous real estate broker, enabling homeowners to sell without agents.",proptech; real-estate; consumer; ai; artificial-intelligence,L6 Marketing/sales; L12 Data/intelligence,Real-estate marketplace / sales,B,Adjacent capability with a plausible real-estate use case; validate local workflow and integration fit.,yes,yes,https://www.ycombinator.com/companies/industry/real-estate-and-construction,"YC directory/company copy is a discovery source and is not independently verified here; status, employees, location, tags, and descriptions are point-in-time fields."
2026-08-30,Real Estate and Construction,128,PermitFlow,https://www.ycombinator.com/companies/permitflow,permitflow,25647,W2022,Active,80,New York City,New York City,US,Construction's AI Platform,Intuitive AI platform that helps general contractors and developers manage their preconstruction process,construction; govtech; proptech; ai,L1 Land/site; L5 Construction; L12 Data/intelligence,ConTech / construction operations,A,"Direct fit for a developer's digitization, project, property, transaction, data, or ESG workflows.",yes,no,https://www.ycombinator.com/companies/industry/real-estate-and-construction,"YC directory/company copy is a discovery source and is not independently verified here; status, employees, location, tags, and descriptions are point-in-time fields."
2026-08-30,Real Estate and Construction,128,WeReno,https://www.ycombinator.com/companies/wereno,wereno,25318,W2022,Active,12,"Toronto, ON, Canada",Toronto,CA,AI owner's representative for commercial construction and renovations.,"WeReno is an AI owner's representative that helps building owners plan and manage renovations, capital projects, and property improvements. It automatically analyzes drawings, generates scopes of work, estimates costs, prepares RFQs, coordinates vendors, and tracks project execution, giving owners the capabilities of an experienced owner's rep through software.",proptech; construction; real-estate; artificial-intelligence,L5 Construction; L12 Data/intelligence,ConTech / construction operations,A,"Direct fit for a developer's digitization, project, property, transaction, data, or ESG workflows.",yes,yes,https://www.ycombinator.com/companies/industry/real-estate-and-construction,"YC directory/company copy is a discovery source and is not independently verified here; status, employees, location, tags, and descriptions are point-in-time fields."
2026-08-30,Real Estate and Construction,128,Trusty,https://www.ycombinator.com/companies/trusty,trusty,26067,W2022,Active,6,San Francisco,San Francisco,US,Limitless Real Estate,"Trusty is an agent-to-agent matchmaking network that searches every home, regardless of whether it's on the market. This means fresh inventory for buyers, private offers for homeowners, and happy real estate agents.",proptech; real-estate; marketplace; consumer; b2b,L6 Marketing/sales,Real-estate marketplace / sales,B,Adjacent capability with a plausible real-estate use case; validate local workflow and integration fit.,yes,yes,https://www.ycombinator.com/companies/industry/real-estate-and-construction,"YC directory/company copy is a discovery source and is not independently verified here; status, employees, location, tags, and descriptions are point-in-time fields."
2026-08-30,Real Estate and Construction,128,Remi,https://www.ycombinator.com/companies/remi,remi,26268,W2022,Active,170,"Lehi, UT, USA",Lehi,US,"Simplifying roofing for homeowners, roofers and enterprises.","We find roofers more roofs, and homeowners the right roofer. There are over 80 million homes in the US, and eventually, every one of them will need a new roof. Our technology allows contractors to focus on what they do best—getting a repaired roof over homeowners' heads quickly.",construction; saas; proptech; solar-power; climate,L5 Construction; L10 ESG/climate; L12 Data/intelligence,ConTech / construction operations,A,"Direct fit for a developer's digitization, project, property, transaction, data, or ESG workflows.",yes,no,https://www.ycombinator.com/companies/industry/real-estate-and-construction,"YC directory/company copy is a discovery source and is not independently verified here; status, employees, location, tags, and descriptions are point-in-time fields."
2026-08-30,Real Estate and Construction,128,Material Depot,https://www.ycombinator.com/companies/material-depot,material-depot,25810,W2022,Active,50,Bengaluru,Bengaluru,IN,India's Fastest Growing Home Decor destination for Floor & Wall Decor,"Material Depot is reimagining home interiors for the next generation of Indian homeowners. We bring design-forward materials: tiles, laminates, wall panels & more - straight from manufacturers to customers, cutting out the old, broken supply chain. Our online engagement fuels real-time trend insights, enabling us to launch new designs faster, in smaller batches, and at unbeatable prices. The result: beautiful...",construction; marketplace; proptech,L4 Design/BIM; L5 Construction; L12 Data/intelligence,ConTech / construction operations,A,"Direct fit for a developer's digitization, project, property, transaction, data, or ESG workflows.",yes,no,https://www.ycombinator.com/companies/industry/real-estate-and-construction,"YC directory/company copy is a discovery source and is not independently verified here; status, employees, location, tags, and descriptions are point-in-time fields."
2026-08-30,Real Estate and Construction,128,Vobi,https://www.ycombinator.com/companies/vobi,vobi,25965,W2022,Active,45,"São Paulo, State of São Paulo, Brazil",São Paulo,BR,All-in-one project management software for construction SMBs in Latam,"Vobi is a project management platform for small construction businesses, like home remodeling companies, contractors, and architects. We help them save up to 50% of their time spent on manual work, mainly on the procurement and estimation processes, so they have more time to focus on their core activities. Through Vobi, they can manage projects from start to finish, collaborate with their customers, plan, quote,...",marketplace; saas; construction; b2b,L3 Capital/finance; L4 Design/BIM; L5 Construction; L12 Data/intelligence,ConTech / construction operations,A,"Direct fit for a developer's digitization, project, property, transaction, data, or ESG workflows.",no,no,https://www.ycombinator.com/companies/industry/real-estate-and-construction,"YC directory/company copy is a discovery source and is not independently verified here; status, employees, location, tags, and descriptions are point-in-time fields."
2026-08-30,Real Estate and Construction,128,HippoBuild,https://www.ycombinator.com/companies/hippobuild,hippobuild,26190,W2022,Active,5,"Bogotá, Bogota, Colombia",Bogotá,CO,The Operating System of the construction industry,"Hippo Build is building the Operating System for the Construction industry. We automate and optimize back office functions and the supply chain of Small and Medium Construction Companies. We save our customers hours everyday, and 1000’s of dollars every month on better sourced materials. And it takes only minutes for them to onboard We charge a small SaaS fee, + 1% transaction fee for the materials sourced. We...",saas; construction,L5 Construction; L12 Data/intelligence,ConTech / construction operations,A,"Direct fit for a developer's digitization, project, property, transaction, data, or ESG workflows.",no,no,https://www.ycombinator.com/companies/industry/real-estate-and-construction,"YC directory/company copy is a discovery source and is not independently verified here; status, employees, location, tags, and descriptions are point-in-time fields."
2026-08-30,Real Estate and Construction,128,Cash Flow Portal,https://www.ycombinator.com/companies/cash-flow-portal,cash-flow-portal,25754,W2022,Active,19,Seattle,Seattle,US,Investment management platform for real estate,"Cash Flow Portal is an investment management platform for real estate. We launched 5 months ago, and we have 6-figure ARR, growing 50% month over month, with 300 syndicators and 3,000 investors. We’ve grown quickly because I am a syndicator myself. Having raised $20MM for my own deals, I know how painful it is to manually prepare Docusigns, send wire instructions and wrangle investors. I also happen to be friends...",marketplace; real-estate; b2b; saas; proptech,L2 Feasibility; L12 Data/intelligence,Real-estate finance / insurtech,B,Adjacent capability with a plausible real-estate use case; validate local workflow and integration fit.,yes,yes,https://www.ycombinator.com/companies/industry/real-estate-and-construction,"YC directory/company copy is a discovery source and is not independently verified here; status, employees, location, tags, and descriptions are point-in-time fields."
2026-08-30,Real Estate and Construction,128,Zorba,https://www.ycombinator.com/companies/zorba,zorba,25573,W2022,Active,,"St. Petersburg, FL, USA",Saint Petersburg,US,"AI copilot for real-estate sales teams, powered by proprietary data","Zorba is a real estate sales AI copilot, powered by proprietary vertical data, designed to help sales and customer success teams grow their client base and improve retention. It's used and trusted by both Fortune 500 and mid-market firms. With a multi-layered, LLM-driven engine, we’ve built a proprietary dataset of consolidated real estate entities, delivering real-time insights tailored specifically for the...",real-estate; sales; marketing,L2 Feasibility; L4 Design/BIM; L6 Marketing/sales; L12 Data/intelligence,Property data / transaction infrastructure,A,"Direct fit for a developer's digitization, project, property, transaction, data, or ESG workflows.",no,yes,https://www.ycombinator.com/companies/industry/real-estate-and-construction,"YC directory/company copy is a discovery source and is not independently verified here; status, employees, location, tags, and descriptions are point-in-time fields."
2026-08-30,Real Estate and Construction,128,GoJom,https://www.ycombinator.com/companies/gojom,gojom,25976,W2022,Active,140,"Lima, Peru",Lima,PE,One-stop-shop for Real Estate Solutions.,"GoJom is a One Stop Shop for Real Estate Solutions. It’s technology creates a faster and easier way to buy, sell and rent properties in LaTam.",proptech; machine-learning; fintech,L7 Occupancy/tenant,Real-estate software / adjacent,D,Directory discovery only; not enough evidence in the official listing for a near-term JCX use case.,yes,no,https://www.ycombinator.com/companies/industry/real-estate-and-construction,"YC directory/company copy is a discovery source and is not independently verified here; status, employees, location, tags, and descriptions are point-in-time fields."
2026-08-30,Real Estate and Construction,128,Concord Materials,https://www.ycombinator.com/companies/concord-materials,concord-materials,23971,S2021,Active,7,New York City,New York City,US,Automating procurement and finance for construction companies,"SaaS automation tools, financing and marketplace for bulk construction materials",enterprise; insurance; fintech; marketplace; machine-learning,L3 Capital/finance; L5 Construction; L12 Data/intelligence,ConTech / construction operations,A,"Direct fit for a developer's digitization, project, property, transaction, data, or ESG workflows.",no,no,https://www.ycombinator.com/companies/industry/real-estate-and-construction,"YC directory/company copy is a discovery source and is not independently verified here; status, employees, location, tags, and descriptions are point-in-time fields."
2026-08-30,Real Estate and Construction,128,Ivy Homes,https://www.ycombinator.com/companies/ivy-homes,ivy-homes,24164,S2021,Active,80,Bengaluru,Bengaluru,IN,We make instant offers to buy homes in India,Selling a home is a super stressful affair due to the uncertainties involved. We help smoothen that process by guaranteeing a fair price and offering that value upfront for the seller. We’ve built up an information system that captures the details of all real estate transactions. We’ve further developed a pricing model on top of it that helps determine the value of a home. We use this to offer liquidity to the...,proptech,L12 Data/intelligence,Real-estate software / adjacent,C,"Interesting discovery lead, but the direct JCX/developer use case is not evident from directory copy.",yes,no,https://www.ycombinator.com/companies/industry/real-estate-and-construction,"YC directory/company copy is a discovery source and is not independently verified here; status, employees, location, tags, and descriptions are point-in-time fields."
2026-08-30,Real Estate and Construction,128,DigiBuild,https://www.ycombinator.com/companies/digibuild,digibuild,24291,S2021,Active,15,"Miami, FL, USA",Miami,US,We buy & track building materials for construction companies.,"Our platform fixes construction's broken supply chain. 70% of construction projects finish late or over budget; procuring and managing building materials is the number 1 reason why. We use LLMs to buy and manage building materials for large construction companies. With DigiBuild, construction contractors can find, order, track and manage their materials from the supplier to the job site. We help customers save...",supply-chain; artificial-intelligence; saas; ai; ml,L5 Construction; L12 Data/intelligence,ConTech / construction operations,A,"Direct fit for a developer's digitization, project, property, transaction, data, or ESG workflows.",no,no,https://www.ycombinator.com/companies/industry/real-estate-and-construction,"YC directory/company copy is a discovery source and is not independently verified here; status, employees, location, tags, and descriptions are point-in-time fields."
2026-08-30,Real Estate and Construction,128,Bolster,https://www.ycombinator.com/companies/bolster,bolster,24543,S2021,Active,25,"Calgary, AB, Canada",Calgary,CA,"The platform for buying, selling and managing residential construction","We are building the Amazon for construction where contractors can give their customers an interactive shopping experience, turning the estimate into a point-of-sale, for the first time. It is a marketplace for general contractors, subcontractors, retailers and consumers, powered by a database of over 114,000 real items.",fintech; marketplace; proptech,L5 Construction; L7 Occupancy/tenant; L12 Data/intelligence,ConTech / construction operations,A,"Direct fit for a developer's digitization, project, property, transaction, data, or ESG workflows.",yes,no,https://www.ycombinator.com/companies/industry/real-estate-and-construction,"YC directory/company copy is a discovery source and is not independently verified here; status, employees, location, tags, and descriptions are point-in-time fields."
2026-08-30,Real Estate and Construction,128,RendaloMaq,https://www.ycombinator.com/companies/rendalomaq,rendalomaq,24152,S2021,Active,25,"Santiago, Santiago Metropolitan Region, Chile",Santiago,CL,Tech-powered equipment rentals in Latam.,"RendaloMaq is the main tech-powered equipment rental company in Latin America. Leveraging our core tech ROS® (Rendalo Operating System), we simplify and accelerate equipment access for the construction and mining industries. Fleet management and equipment rentals under control. Our mission is to drive productivity through technological innovation while delivering reliable, world-class service.",construction; b2b,L5 Construction; L7 Occupancy/tenant; L12 Data/intelligence,ConTech / construction operations,A,"Direct fit for a developer's digitization, project, property, transaction, data, or ESG workflows.",no,no,https://www.ycombinator.com/companies/industry/real-estate-and-construction,"YC directory/company copy is a discovery source and is not independently verified here; status, employees, location, tags, and descriptions are point-in-time fields."
2026-08-30,Real Estate and Construction,128,Somos,https://www.ycombinator.com/companies/somos,somos,23421,W2021,Active,250,"Medellín, Medellin, Antioquia, Colombia",Medellín,CO,Internet for the urban developing world.,We use cutting-edge radio tech operating in unlicensed spectrum to rapidly build fiber-quality networks (1Gbps ) in the urban developing world.,telecommunications; latin-america,L12 Data/intelligence,Real-estate software / adjacent,D,Directory discovery only; not enough evidence in the official listing for a near-term JCX use case.,no,no,https://www.ycombinator.com/companies/industry/real-estate-and-construction,"YC directory/company copy is a discovery source and is not independently verified here; status, employees, location, tags, and descriptions are point-in-time fields."
2026-08-30,Real Estate and Construction,128,Machine26,https://www.ycombinator.com/companies/machine26,machine26,23327,W2021,Active,12,"Berlin, Germany",Berlin,DE,Marketplace for construction machines,Machine26 is a marketplace that helps construction machine owners to sell their machines without any effort. Our inspection app collects all relevant data on the machine condition so that our customers can receive the best offer from international used dealers within a few days.,marketplace; construction,L5 Construction; L12 Data/intelligence,ConTech / construction operations,A,"Direct fit for a developer's digitization, project, property, transaction, data, or ESG workflows.",no,no,https://www.ycombinator.com/companies/industry/real-estate-and-construction,"YC directory/company copy is a discovery source and is not independently verified here; status, employees, location, tags, and descriptions are point-in-time fields."
2026-08-30,Real Estate and Construction,128,Morada Uno,https://www.ycombinator.com/companies/morada-uno,morada-uno,23261,W2021,Active,150,"Mexico City, CDMX, Mexico",Mexico City,MX,We underwrite and insure house rentals in Latam,"We screen, collect and insure residential leases; allowing brokers and landlords to close more deals with less work, and solving the biggest pain point for tenants- needing a guarantor with a property to co-sign the lease.",insurance; latin-america; real-estate,L3 Capital/finance; L6 Marketing/sales; L7 Occupancy/tenant; L8 FM/maintenance; L12 Data/intelligence,Property operations / housing,A,"Direct fit for a developer's digitization, project, property, transaction, data, or ESG workflows.",no,yes,https://www.ycombinator.com/companies/industry/real-estate-and-construction,"YC directory/company copy is a discovery source and is not independently verified here; status, employees, location, tags, and descriptions are point-in-time fields."
2026-08-30,Real Estate and Construction,128,Humance,https://www.ycombinator.com/companies/humance,humance,23636,W2021,Active,3,,,,AI that keeps complex construction projects on schedule.,"Humance is building an AI-powered project management tool for the construction industry, where work is highly coordinated and delays are costly. Large projects involve dozens of interdependent workstreams where a single setback can cascade unpredictably through the entire timeline. Today, most project managers track this manually — tracing dependencies by hand, updating schedules, and notifying stakeholders one...",construction; b2b; scheduling; artificial-intelligence,L4 Design/BIM; L5 Construction; L12 Data/intelligence,ConTech / construction operations,A,"Direct fit for a developer's digitization, project, property, transaction, data, or ESG workflows.",no,no,https://www.ycombinator.com/companies/industry/real-estate-and-construction,"YC directory/company copy is a discovery source and is not independently verified here; status, employees, location, tags, and descriptions are point-in-time fields."
2026-08-30,Real Estate and Construction,128,Homebase,https://www.ycombinator.com/companies/homebase,homebase,22983,W2021,Active,20,"Ho Chi Minh City, Vietnam",Ho Chi Minh City,VN,Personalized rent-to-own real estate financing using technology in SEA,"Homebase provides Rent-To-Own real estate financing for buyers in Southeast Asia - the only alternative to inflexible/high-interest rate (12%+) mortgages in the region. We strive to provide more innovative, compelling, and empathetic solutions for those who aspire to own a home. Homebase was founded in 2019 in Singapore and is backed by Y Combinator, VinaCapital Ventures, Class 5 Global, Pegasus Technology...",fintech; proptech,L3 Capital/finance; L7 Occupancy/tenant,Real-estate finance / insurtech,A,"Direct fit for a developer's digitization, project, property, transaction, data, or ESG workflows.",yes,no,https://www.ycombinator.com/companies/industry/real-estate-and-construction,"YC directory/company copy is a discovery source and is not independently verified here; status, employees, location, tags, and descriptions are point-in-time fields."
2026-08-30,Real Estate and Construction,128,Houm,https://www.ycombinator.com/companies/houm,houm,23266,W2021,Active,400,"Santiago, Santiago Metropolitan Region, Chile",Santiago,CL,All-in-one real estate marketplace for Latin America,"Houm is an all-in-one real estate marketplace that helps landlords find tenants, collect rent, and manage their properties in Latam.",proptech; marketplace,L7 Occupancy/tenant; L8 FM/maintenance,Property operations / housing,A,"Direct fit for a developer's digitization, project, property, transaction, data, or ESG workflows.",yes,no,https://www.ycombinator.com/companies/industry/real-estate-and-construction,"YC directory/company copy is a discovery source and is not independently verified here; status, employees, location, tags, and descriptions are point-in-time fields."
2026-08-30,Real Estate and Construction,128,Quantierra,https://www.ycombinator.com/companies/quantierra,quantierra,807,W2015,Active,5,New York City,New York City,US,Sourcing investment real estate,"Quantierra sources real estate investments for developers. It uses their database and algorithms to determine what can be built, its value, and the probability of it selling. Taking a 1.5% cut of any property they help sell, They’ve made $141,000 in revenue in 3 months, and say they have $310,000 in signed term sheets.",real-estate; investing,L2 Feasibility; L9 Portfolio/asset; L12 Data/intelligence,Real-estate software / adjacent,C,"Interesting discovery lead, but the direct JCX/developer use case is not evident from directory copy.",no,yes,https://www.ycombinator.com/companies/industry/real-estate-and-construction,"YC directory/company copy is a discovery source and is not independently verified here; status, employees, location, tags, and descriptions are point-in-time fields."
2026-08-30,Real Estate and Construction,128,UpEquity,https://www.ycombinator.com/companies/upequity,upequity,12625,S2019,Active,90,"Austin, TX, USA",Austin,US,UpEquity gives homebuyers more certainty and power.,UpEquity is removing contingencies for home buyers so that they have more negotiating leverage when purchasing their next home.,real-estate; fintech,L12 Data/intelligence,Real-estate software / adjacent,C,"Interesting discovery lead, but the direct JCX/developer use case is not evident from directory copy.",no,yes,https://www.ycombinator.com/companies/industry/real-estate-and-construction,"YC directory/company copy is a discovery source and is not independently verified here; status, employees, location, tags, and descriptions are point-in-time fields."
2026-08-30,Real Estate and Construction,128,Banner,https://www.ycombinator.com/companies/banner,banner,12639,S2019,Active,35,New York City,New York City,US,Banner makes software for CRE owners to manage capital spend,"Banner is the operating system for real estate teams. From building acquisition to disposition, Banner moves all communications, workflows, spreadsheets, and file-sharing into one system. With Banner, customers automate away 80%+ of their administrative work, saving up to 10% on project costs. The company is founded by Mark Murphy who formerly worked in RE finance, along with Kunal Chaudhary and Eric Gao, both UC...",proptech; saas; marketplace,L12 Data/intelligence,Real-estate software / adjacent,B,Adjacent capability with a plausible real-estate use case; validate local workflow and integration fit.,yes,no,https://www.ycombinator.com/companies/industry/real-estate-and-construction,"YC directory/company copy is a discovery source and is not independently verified here; status, employees, location, tags, and descriptions are point-in-time fields."
2026-08-30,Real Estate and Construction,128,Clau,https://www.ycombinator.com/companies/clau,clau,22294,S2020,Active,90,"Mexico City, CDMX, Mexico",Mexico City,MX,The real estate superapp for Mexico,"We are the real estate super app for Mexico combining a marketplace with over 20,000 properties, a crm for brokers, financial services including a mortgage brokerage, renovations and the leading data layer for residential real estate in the country.",proptech; marketplace; machine-learning; fintech,L3 Capital/finance; L6 Marketing/sales; L7 Occupancy/tenant; L12 Data/intelligence,Property operations / housing,A,"Direct fit for a developer's digitization, project, property, transaction, data, or ESG workflows.",yes,no,https://www.ycombinator.com/companies/industry/real-estate-and-construction,"YC directory/company copy is a discovery source and is not independently verified here; status, employees, location, tags, and descriptions are point-in-time fields."
2026-08-30,Real Estate and Construction,128,Inspectify,https://www.ycombinator.com/companies/inspectify,inspectify,22257,S2020,Active,75,Seattle,Seattle,US,"Home Inspections, Simplified","We founded Inspectify with the goal to make a platform that helps inspectors, real estate professionals and home buyers alike. We see a tremendous opportunity to apply the latest technology to make inspectors more proficient and effective and make home inspections more engaging and value add to home buyers. We are just getting started, but are excited to provide much needed disruption in the space!",real-estate; marketplace; proptech,L5 Construction; L12 Data/intelligence,Real-estate software / adjacent,B,Adjacent capability with a plausible real-estate use case; validate local workflow and integration fit.,yes,yes,https://www.ycombinator.com/companies/industry/real-estate-and-construction,"YC directory/company copy is a discovery source and is not independently verified here; status, employees, location, tags, and descriptions are point-in-time fields."
2026-08-30,Real Estate and Construction,128,Sakneen,https://www.ycombinator.com/companies/sakneen,sakneen,13511,W2020,Active,9,"Cairo, Cairo Governorate, Egypt",Cairo,EG,Shopify for Real Estate Developers,Shopify for Real Estate Developers,saas; housing,L7 Occupancy/tenant; L12 Data/intelligence,Real-estate software / adjacent,B,Adjacent capability with a plausible real-estate use case; validate local workflow and integration fit.,no,no,https://www.ycombinator.com/companies/industry/real-estate-and-construction,"YC directory/company copy is a discovery source and is not independently verified here; status, employees, location, tags, and descriptions are point-in-time fields."
2026-08-30,Real Estate and Construction,128,Tough Commerce,https://www.ycombinator.com/companies/tough-commerce,tough-commerce,13116,W2020,Active,21,"Toronto, ON, Canada",Toronto,CA,Shopify for construction.,"Tough Commerce is the only white-label commerce platform tailored for industry-specific workflows and enable merchants, suppliers, producers and manufacturers to digitize their processes. Behind the scenes, we provides order management, location management, pricing management, dispatching, logistics, messaging, e-ticketing, invoicing, customer portal, AR automation, payment, payouts and real-time delivery...",b2b; e-commerce,L3 Capital/finance; L5 Construction; L12 Data/intelligence,ConTech / construction operations,A,"Direct fit for a developer's digitization, project, property, transaction, data, or ESG workflows.",no,no,https://www.ycombinator.com/companies/industry/real-estate-and-construction,"YC directory/company copy is a discovery source and is not independently verified here; status, employees, location, tags, and descriptions are point-in-time fields."
2026-08-30,Real Estate and Construction,128,Alude,https://www.ycombinator.com/companies/alude,alude,13083,W2020,Active,8,"São Paulo, State of São Paulo, Brazil",São Paulo,BR,We offer free software that automates bureaucracy for real-estate…,We offer free software that automates bureaucracy for real-estate…,fintech; real-estate; latin-america,L12 Data/intelligence,Real-estate software / adjacent,C,"Interesting discovery lead, but the direct JCX/developer use case is not evident from directory copy.",no,yes,https://www.ycombinator.com/companies/industry/real-estate-and-construction,"YC directory/company copy is a discovery source and is not independently verified here; status, employees, location, tags, and descriptions are point-in-time fields."
2026-08-30,Real Estate and Construction,128,Handoff,https://www.ycombinator.com/companies/handoff,handoff,13121,W2020,Active,20,"Austin, TX, USA",Austin,US,AI estimator & agent for remodelers.,"Handoff creates instant construction estimates and automates business operations for contractors with AI. Using generative AI technology and access to localized construction costs, Handoff provides remodelers with a fast, accurate, and intuitive way to create construction cost estimates in minutes.",machine-learning; api; b2b; construction; proptech,L5 Construction; L12 Data/intelligence,ConTech / construction operations,A,"Direct fit for a developer's digitization, project, property, transaction, data, or ESG workflows.",yes,no,https://www.ycombinator.com/companies/industry/real-estate-and-construction,"YC directory/company copy is a discovery source and is not independently verified here; status, employees, location, tags, and descriptions are point-in-time fields."
2026-08-30,Real Estate and Construction,128,Culdesac,https://www.ycombinator.com/companies/culdesac,culdesac,2030,S2018,Active,100,San Francisco,San Francisco,US,"We build cities for people, not cars.","Culdesac designs, builds, and manages walkable communities. Culdesac is a real estate developer and property manager. We build neighborhoods that embrace community, open space, and mobility. We offer residential units at a variety of price points integrated with local retail, commercial uses, and open space for nature and public plazas. Our communities prioritize biking, walking, and transit over cars and...",real-estate; proptech; housing; climatetech,L4 Design/BIM; L7 Occupancy/tenant; L8 FM/maintenance; L10 ESG/climate; L12 Data/intelligence,Property operations / housing,A,"Direct fit for a developer's digitization, project, property, transaction, data, or ESG workflows.",yes,yes,https://www.ycombinator.com/companies/industry/real-estate-and-construction,"YC directory/company copy is a discovery source and is not independently verified here; status, employees, location, tags, and descriptions are point-in-time fields."
2026-08-30,Real Estate and Construction,128,Curri,https://www.ycombinator.com/companies/curri,curri,12850,S2019,Active,104,Los Angeles,Los Angeles,US,Construction & industrial logistics platform.,"Curri provides on-demand, last-mile logistics for construction and adjacent industries with our nationwide fleet of cars, trucks, and flatbeds.",b2b; construction; logistics; delivery; electric-vehicles,L5 Construction; L12 Data/intelligence,ConTech / construction operations,A,"Direct fit for a developer's digitization, project, property, transaction, data, or ESG workflows.",no,no,https://www.ycombinator.com/companies/industry/real-estate-and-construction,"YC directory/company copy is a discovery source and is not independently verified here; status, employees, location, tags, and descriptions are point-in-time fields."
2026-08-30,Real Estate and Construction,128,Mudafy,https://www.ycombinator.com/companies/mudafy,mudafy,12847,S2019,Active,75,"Buenos Aires, Argentina",Buenos Aires,AR,The LatAm tech-enabled real estate broker to buy and sell houses.,"Mudafy is a tech-enabled real estate broker for LatAm that makes it easier for people to buy and sell their homes. Mudafy delivers superior customer experience through technology and data analytics. Their customer-facing product includes 360° virtual tours, online booking for showings & appraisals, and dynamic benchmark pricing data for properties. For agents, they have processes and tools that increase their...",marketplace; proptech,L2 Feasibility; L6 Marketing/sales; L12 Data/intelligence,Property data / transaction infrastructure,A,"Direct fit for a developer's digitization, project, property, transaction, data, or ESG workflows.",yes,no,https://www.ycombinator.com/companies/industry/real-estate-and-construction,"YC directory/company copy is a discovery source and is not independently verified here; status, employees, location, tags, and descriptions are point-in-time fields."
2026-08-30,Real Estate and Construction,128,Green Canopy NODE,https://www.ycombinator.com/companies/green-canopy-node,green-canopy-node,12641,S2019,Active,31,Seattle,Seattle,US,Green Canopy NODE builds sustainable homes fast.,"Construction costs are climbing out of control, there is a declining construction workforce that gets smaller with every recession. Meanwhile, we’ve got a housing crisis in our major cities. Green Canopy NODE is the combination of NODE - construction technology start up that develops a house assembly kits that we manufacture in our factory in Seattle, and then ship flat-pack - like Ikea, and Green Canopy a...",housing; hardware; proptech,L5 Construction; L7 Occupancy/tenant; L10 ESG/climate; L12 Data/intelligence,ConTech / construction operations,A,"Direct fit for a developer's digitization, project, property, transaction, data, or ESG workflows.",yes,no,https://www.ycombinator.com/companies/industry/real-estate-and-construction,"YC directory/company copy is a discovery source and is not independently verified here; status, employees, location, tags, and descriptions are point-in-time fields."
2026-08-30,Real Estate and Construction,128,Handle,https://www.ycombinator.com/companies/handle,handle,12043,W2019,Active,55,San Francisco,San Francisco,US,Simplifying Payments and Compliance for Construction Suppliers,Handle builds software that helps simplify construction financial management by automating manual and repetitive tasks throughout the life cycle of construction payments.,construction; payments,L3 Capital/finance; L5 Construction; L12 Data/intelligence,ConTech / construction operations,A,"Direct fit for a developer's digitization, project, property, transaction, data, or ESG workflows.",no,no,https://www.ycombinator.com/companies/industry/real-estate-and-construction,"YC directory/company copy is a discovery source and is not independently verified here; status, employees, location, tags, and descriptions are point-in-time fields."
2026-08-30,Real Estate and Construction,128,ZiffyHomes,https://www.ycombinator.com/companies/ziffyhomes,ziffyhomes,1995,S2018,Active,57,"Gurugram, Haryana, India",Gurugram,IN,ZiffyHomes is managed corporate housing for white collar employees in…,"ZiffyHomes is a living solace for young professionals with beautiful living spaces, vibrant community, excellent services and full time support to all our customers. We work towards providing the highest standards of living for young professionals and saving them from woes of house hunt. We wish to provide a space for them where they can flourish. Founded by Saurabh Kumar & Sanchal Ranjan where they are...",real-estate; india,L7 Occupancy/tenant,Real-estate software / adjacent,B,Adjacent capability with a plausible real-estate use case; validate local workflow and integration fit.,no,yes,https://www.ycombinator.com/companies/industry/real-estate-and-construction,"YC directory/company copy is a discovery source and is not independently verified here; status, employees, location, tags, and descriptions are point-in-time fields."
2026-08-30,Real Estate and Construction,128,Rabbet,https://www.ycombinator.com/companies/rabbet,rabbet,1636,S2017,Active,23,"Denver, CO, USA",Denver,US,The financial foundation for every real estate development decision,"Rabbet is a real estate software company with two products: Rabbet Development and Rabbet Construction Lending. Our mission is to take the friction out of real estate development execution through structured, connected financial data. We help real estate teams turn fragmented project information into trusted insights that can be shared, understood, and acted on throughout the development lifecycle. Learn more at...",fintech; proptech; real-estate,L3 Capital/finance; L5 Construction; L9 Portfolio/asset; L12 Data/intelligence,ConTech / construction operations,A,"Direct fit for a developer's digitization, project, property, transaction, data, or ESG workflows.",yes,yes,https://www.ycombinator.com/companies/industry/real-estate-and-construction,"YC directory/company copy is a discovery source and is not independently verified here; status, employees, location, tags, and descriptions are point-in-time fields."
2026-08-30,Real Estate and Construction,128,UpCodes,https://www.ycombinator.com/companies/upcodes,upcodes,1602,S2017,Active,35,"Austin, TX, USA",Austin,US,"AI platform for unifying codes, assemblies, products, and specs","UpCodes simplifies code compliance for architects, engineers, and construction professionals with a centralized, searchable library of 6,000+ state and city building codes. Using NLP to parse complex code adoptions across U.S. jurisdictions, UpCodes powers the first AI-powered code-to-spec workflow, connecting regulations to specifications and a growing product library. The platform also provides an AI solution...",b2b; govtech; construction,L4 Design/BIM; L5 Construction; L12 Data/intelligence,ConTech / construction operations,A,"Direct fit for a developer's digitization, project, property, transaction, data, or ESG workflows.",no,no,https://www.ycombinator.com/companies/industry/real-estate-and-construction,"YC directory/company copy is a discovery source and is not independently verified here; status, employees, location, tags, and descriptions are point-in-time fields."
2026-08-30,Real Estate and Construction,128,Aecore,https://www.ycombinator.com/companies/x3-builders,x3-builders,1593,S2017,Active,6,San Francisco,San Francisco,US,Vertically integrated commercial construction,"Aecore is a technology-enabled commercial contractor focused on vertical integration and agile project delivery through automation. Our in-house design team, project managers and software engineers guide clients through the process from conceptual design to completion. We will ensure you are getting the best possible pricing by leveraging our network of contractors and material suppliers.",construction,L4 Design/BIM; L5 Construction; L12 Data/intelligence,ConTech / construction operations,A,"Direct fit for a developer's digitization, project, property, transaction, data, or ESG workflows.",no,no,https://www.ycombinator.com/companies/industry/real-estate-and-construction,"YC directory/company copy is a discovery source and is not independently verified here; status, employees, location, tags, and descriptions are point-in-time fields."
2026-08-30,Real Estate and Construction,128,VergeSense,https://www.ycombinator.com/companies/vergesense,vergesense,1587,S2017,Active,70,San Francisco,San Francisco,US,AI-Powered Building Management,"VergeSense is a Y Combinator-backed startup that develops an AI-powered sensing device for facility management. The sensor-as-a-system platform consists of sensing devices containing a series of different sensor hardware, including an image sensor, coupled with a cloud platform for pre-training machine learning models that run on the hardware, process data and report occupancy analysis back to VergeSense’s cloud.",proptech; artificial-intelligence,L7 Occupancy/tenant; L12 Data/intelligence,Real-estate software / adjacent,C,"Interesting discovery lead, but the direct JCX/developer use case is not evident from directory copy.",yes,no,https://www.ycombinator.com/companies/industry/real-estate-and-construction,"YC directory/company copy is a discovery source and is not independently verified here; status, employees, location, tags, and descriptions are point-in-time fields."
2026-08-30,Real Estate and Construction,128,Tolemi,https://www.ycombinator.com/companies/tolemi,tolemi,1502,W2017,Active,20,Boston,Boston,US,Data integration & insights for state and local governments,"A smart city technology platform that helps state and local governments take a data-driven approach to ensure safe, stable, and affordable housing.",govtech; civic-tech,L7 Occupancy/tenant; L12 Data/intelligence,Real-estate software / adjacent,B,Adjacent capability with a plausible real-estate use case; validate local workflow and integration fit.,no,no,https://www.ycombinator.com/companies/industry/real-estate-and-construction,"YC directory/company copy is a discovery source and is not independently verified here; status, employees, location, tags, and descriptions are point-in-time fields."
2026-08-30,Real Estate and Construction,128,REZI,https://www.ycombinator.com/companies/rezi,rezi,1463,W2017,Active,31,New York City,New York City,US,Rent Better,"REZI is a leading real estate technology company founded in 2016 and the only fully remote and automated marketplace for long-term apartment rentals. REZI empowers landlords to lease their vacant apartments using their state-of-the-art platform — guaranteeing the monthly rent, paying up to 12 months of rent upfront, reducing leasing costs, and simplifying the leasing process for several to hundreds of units in a...",real-estate; proptech,L6 Marketing/sales; L7 Occupancy/tenant; L8 FM/maintenance; L12 Data/intelligence,Property operations / housing,A,"Direct fit for a developer's digitization, project, property, transaction, data, or ESG workflows.",yes,yes,https://www.ycombinator.com/companies/industry/real-estate-and-construction,"YC directory/company copy is a discovery source and is not independently verified here; status, employees, location, tags, and descriptions are point-in-time fields."
2026-08-30,Real Estate and Construction,128,New Story,https://www.ycombinator.com/companies/new-story,new-story,869,S2015,Active,20,"Atlanta, GA, USA",Atlanta,US,We pioneer solutions to end the global housing crisis by empowering…,"Since its inception, NS has raised over $80 million to build thousands of homes across Latin America and impact ~20,000 individuals. In 2021, NS launched a venture capital fund, Hometeam Ventures, focused on early-stage construction and housing innovations. NS graduated from Y Combinator and is a 4x recipient of Fast Company’s Most Innovative Company.",housing; nonprofit; fintech,L5 Construction; L7 Occupancy/tenant; L12 Data/intelligence,ConTech / construction operations,A,"Direct fit for a developer's digitization, project, property, transaction, data, or ESG workflows.",no,no,https://www.ycombinator.com/companies/industry/real-estate-and-construction,"YC directory/company copy is a discovery source and is not independently verified here; status, employees, location, tags, and descriptions are point-in-time fields."
2026-08-30,Real Estate and Construction,128,Resolve,https://www.ycombinator.com/companies/resolve,resolve,797,W2015,Active,10,New York City,New York City,US,Software to accelerate construction by finding issues in 3D BIM,At Resolve we’re accelerating construction to build as fast as the future demands. Construction projects are all slowed down by rework that arises after humans spot issues in real life that slipped through all the hours of design reviews and coordination. Resolve enables construction teams to detect these issues in 3D BIM as early as possible so that we can close the gap between design and reality. By combining...,virtual-reality; construction; design-tools; collaboration; ai,L4 Design/BIM; L5 Construction; L12 Data/intelligence,ConTech / construction operations,A,"Direct fit for a developer's digitization, project, property, transaction, data, or ESG workflows.",no,no,https://www.ycombinator.com/companies/industry/real-estate-and-construction,"YC directory/company copy is a discovery source and is not independently verified here; status, employees, location, tags, and descriptions are point-in-time fields."
2026-08-30,Real Estate and Construction,128,BuildScience,https://www.ycombinator.com/companies/buildscience,buildscience,781,W2015,Active,1,"Niagara Falls, NY, USA",Niagara Falls,US,The operating system for commercial buildings.,"Revolutionizing building management. Our platform allows building owners to deliver better customer service via custom software. We have deployed this in a 1M sq.ft. Class A office building, where we were able to lower operational expenses while improving tenant satisfaction.",proptech; energy; sustainability,L7 Occupancy/tenant; L10 ESG/climate; L12 Data/intelligence,Property operations / housing,A,"Direct fit for a developer's digitization, project, property, transaction, data, or ESG workflows.",yes,no,https://www.ycombinator.com/companies/industry/real-estate-and-construction,"YC directory/company copy is a discovery source and is not independently verified here; status, employees, location, tags, and descriptions are point-in-time fields."
2026-08-30,Real Estate and Construction,128,Guesty,https://www.ycombinator.com/companies/guesty,guesty,626,W2014,Active,700,New York City,New York City,US,The management platform for the short term rental industry.,"Guesty’s property management software provides property managers and management companies with an end-to-end solution to simplify the complex operational needs of short term rentals. With Guesty, users can manage listings from multiple online travel agencies including Airbnb, Booking.com, Agoda and TripAdvisor, and utilize the company’s guest-centric tools including: Unified Inbox, Automation Tools, 24/7 Guest...",proptech; travel; saas; b2b,L3 Capital/finance; L6 Marketing/sales; L7 Occupancy/tenant; L8 FM/maintenance; L12 Data/intelligence,Property operations / housing,A,"Direct fit for a developer's digitization, project, property, transaction, data, or ESG workflows.",yes,no,https://www.ycombinator.com/companies/industry/real-estate-and-construction,"YC directory/company copy is a discovery source and is not independently verified here; status, employees, location, tags, and descriptions are point-in-time fields."
2026-08-30,Real Estate and Construction,128,Snapdocs,https://www.ycombinator.com/companies/snapdocs,snapdocs,622,W2014,Active,285,"Portland, OR, USA",Portland,US,digital mortgage closing,"We're building digital infrastructure and workflow tools to connect the many parties involved in real estate transactions. The result is a more digital, online, and automated process for everyone involved.",saas; housing; b2b; enterprise; networks,L3 Capital/finance; L5 Construction; L7 Occupancy/tenant; L12 Data/intelligence,ConTech / construction operations,A,"Direct fit for a developer's digitization, project, property, transaction, data, or ESG workflows.",no,no,https://www.ycombinator.com/companies/industry/real-estate-and-construction,"YC directory/company copy is a discovery source and is not independently verified here; status, employees, location, tags, and descriptions are point-in-time fields."
2026-08-30,Real Estate and Construction,128,RentHop,https://www.ycombinator.com/companies/renthop,renthop,258,S2009,Active,9,New York City,New York City,US,Apartment rental marketplace,"RentHop (www.renthop.com) helps renters find great apartments. We use sophisticated data analysis to rank apartment listings based on their ""freshness"", their accuracy and completeness and the responsiveness of the manager who listed the apartment on our site. As a renter, you can use list-based or map-based search tools to browse listings and comprehensive search filters to narrow our 100,000+ listings to just...",real-estate; marketplace,L6 Marketing/sales; L7 Occupancy/tenant; L8 FM/maintenance; L12 Data/intelligence,Property operations / housing,A,"Direct fit for a developer's digitization, project, property, transaction, data, or ESG workflows.",no,yes,https://www.ycombinator.com/companies/industry/real-estate-and-construction,"YC directory/company copy is a discovery source and is not independently verified here; status, employees, location, tags, and descriptions are point-in-time fields."
2026-08-30,Real Estate and Construction,128,You Got Listings,https://www.ycombinator.com/companies/you-got-listings-inc,you-got-listings-inc,147,W2011,Active,3,,,,All-in-one apartment Marketing Platform for brokerages and landlords.,"You Got Listings is an all-in-one apartment Marketing Platform for brokerages and management companies. Founded in 2009, You Got Listings through innovation and automation has helped push over 3 Million properties in front of prospect renters. We are here to provide the rentals industry with the most comprehensive online marketing solution.",saas; real-estate,L6 Marketing/sales; L7 Occupancy/tenant; L8 FM/maintenance; L12 Data/intelligence,Property operations / housing,A,"Direct fit for a developer's digitization, project, property, transaction, data, or ESG workflows.",no,yes,https://www.ycombinator.com/companies/industry/real-estate-and-construction,"YC directory/company copy is a discovery source and is not independently verified here; status, employees, location, tags, and descriptions are point-in-time fields."
2026-08-30,Real Estate and Construction,128,Cobblestone,https://www.ycombinator.com/companies/cobblestone,cobblestone,27853,W2023,Acquired,3,New York City,New York City,US,Delinquency reduction and automation software for institutional…,We're building software to help institutional landlords reduce delinquency starting with fraud reduction.,real-estate; fintech; b2b,L8 FM/maintenance; L12 Data/intelligence,Property operations / housing,A,"Direct fit for a developer's digitization, project, property, transaction, data, or ESG workflows.",no,yes,https://www.ycombinator.com/companies/industry/real-estate-and-construction,"YC directory/company copy is a discovery source and is not independently verified here; status, employees, location, tags, and descriptions are point-in-time fields."
2026-08-30,Real Estate and Construction,128,TigerEye,https://www.ycombinator.com/companies/tigereye,tigereye,25267,S2022,Acquired,30,San Francisco,San Francisco,US,AI for Construction,TigerEye eliminates bullsh*t so construction professionals can focus on building the infrastructure that makes our world work,saas; construction; artificial-intelligence,L5 Construction; L12 Data/intelligence,ConTech / construction operations,A,"Direct fit for a developer's digitization, project, property, transaction, data, or ESG workflows.",no,no,https://www.ycombinator.com/companies/industry/real-estate-and-construction,"YC directory/company copy is a discovery source and is not independently verified here; status, employees, location, tags, and descriptions are point-in-time fields."
2026-08-30,Real Estate and Construction,128,Pulppo,https://www.ycombinator.com/companies/pulppo,pulppo,26862,S2022,Acquired,29,"Mexico City, CDMX, Mexico",Mexico City,MX,Shopify for Real Estate Agents in LATAM,"Pulppo is building Shopify for the real estate brokerages in Latin America. We provide them with performance analytics software, automatic online property listings, a valuation tool and a CRM. We will charge 20% of the 166 billions dollars in annual commissions they generate. From our integrated tool we automate non-value added activities, and give visibility and transparency to agents (CRM) and customers (buyer...",proptech; real-estate,L2 Feasibility; L6 Marketing/sales; L12 Data/intelligence,Property data / transaction infrastructure,B,Adjacent capability with a plausible real-estate use case; validate local workflow and integration fit.,yes,yes,https://www.ycombinator.com/companies/industry/real-estate-and-construction,"YC directory/company copy is a discovery source and is not independently verified here; status, employees, location, tags, and descriptions are point-in-time fields."
2026-08-30,Real Estate and Construction,128,HomeRoom,https://www.ycombinator.com/companies/homeroom,homeroom,25396,W2022,Acquired,25,San Francisco,San Francisco,US,We Rent Your Property by the Room. You earn 50% more Rent.,"Homeroom helps investors provide affordable housing while making a 22% ROI. We do this by sourcing properties, arranging capital, managing construction, vetting tenants and collecting rent by the room. To date, Homeroom has brought on 85 property investors, growing 6X annually, are bringing in 420K in annualized net-revenue How it works: We help investors buy homes in cities that are attractive to young people,...",real-estate; proptech; machine-learning; nlp; data-engineering,L5 Construction; L7 Occupancy/tenant; L12 Data/intelligence,ConTech / construction operations,A,"Direct fit for a developer's digitization, project, property, transaction, data, or ESG workflows.",yes,yes,https://www.ycombinator.com/companies/industry/real-estate-and-construction,"YC directory/company copy is a discovery source and is not independently verified here; status, employees, location, tags, and descriptions are point-in-time fields."
2026-08-30,Real Estate and Construction,128,Ladder,https://www.ycombinator.com/companies/ladder,ladder,13090,S2020,Acquired,1,"Atlanta, GA, USA",Atlanta,US,Labor Marketplace for Construction,Ladder is a recruiting platform for the construction trades.,marketplace; construction,L5 Construction; L12 Data/intelligence,ConTech / construction operations,A,"Direct fit for a developer's digitization, project, property, transaction, data, or ESG workflows.",no,no,https://www.ycombinator.com/companies/industry/real-estate-and-construction,"YC directory/company copy is a discovery source and is not independently verified here; status, employees, location, tags, and descriptions are point-in-time fields."
2026-08-30,Real Estate and Construction,128,Hent,https://www.ycombinator.com/companies/hent,hent,13484,W2020,Acquired,22,"Recife - Paratibe, Recife - State of Pernambuco, Brazil",Recife,BR,Hent is helping land lot developers to better manage their sales…,Hent is helping land lot developers to better manage their sales receivables and streamline their processes by securing access to capital and connecting all the stakeholders involved.,fintech; proptech,L6 Marketing/sales,Real-estate software / adjacent,D,Directory discovery only; not enough evidence in the official listing for a near-term JCX use case.,yes,no,https://www.ycombinator.com/companies/industry/real-estate-and-construction,"YC directory/company copy is a discovery source and is not independently verified here; status, employees, location, tags, and descriptions are point-in-time fields."
2026-08-30,Real Estate and Construction,128,Downtobid,https://www.ycombinator.com/companies/downtobid,downtobid,12646,S2019,Acquired,5,Los Angeles,Los Angeles,US,Using AI to understand construction plans faster.,"Our product helps GCs automatically identify scopes of work, find qualified local subcontractors, and send personalized bid invites.",construction,L5 Construction; L12 Data/intelligence,ConTech / construction operations,A,"Direct fit for a developer's digitization, project, property, transaction, data, or ESG workflows.",no,no,https://www.ycombinator.com/companies/industry/real-estate-and-construction,"YC directory/company copy is a discovery source and is not independently verified here; status, employees, location, tags, and descriptions are point-in-time fields."
2026-08-30,Real Estate and Construction,128,TaxProper,https://www.ycombinator.com/companies/taxproper,taxproper,12627,S2019,Acquired,8,"Chicago, IL, USA",Chicago,US,TaxProper helps large Real Estate owners manage their property taxes.,"TaxProper is an enterprise SaaS solution that acquires real-time property tax data, encodes local tax rules, and contains all of the operational workflows associated with property tax management. Our core products automate property tax payments, forecast future property tax liability, and help large real estate operators manage their property tax appeals.",real-estate; saas; fintech,L3 Capital/finance; L9 Portfolio/asset; L12 Data/intelligence,Real-estate finance / insurtech,A,"Direct fit for a developer's digitization, project, property, transaction, data, or ESG workflows.",no,yes,https://www.ycombinator.com/companies/industry/real-estate-and-construction,"YC directory/company copy is a discovery source and is not independently verified here; status, employees, location, tags, and descriptions are point-in-time fields."
2026-08-30,Real Estate and Construction,128,Obie,https://www.ycombinator.com/companies/obie,obie,12600,S2019,Acquired,120,"Chicago, IL, USA",Chicago,US,Moving Investment Property Insurance Forward,"Since 2017, Obie has simplified real estate investment insurance for landlords, property managers, agents, and investors across the U.S. With expert-backed coverage, intuitive tools, and embedded technology, Obie delivers fast, reliable insurance solutions designed to fit how real estate professionals work today. With $60 billion in coverage secured and $39 million in funding, Obie is redefining what insurance...",real-estate; insurance,L2 Feasibility; L3 Capital/finance; L4 Design/BIM; L8 FM/maintenance; L9 Portfolio/asset,Property operations / housing,A,"Direct fit for a developer's digitization, project, property, transaction, data, or ESG workflows.",no,yes,https://www.ycombinator.com/companies/industry/real-estate-and-construction,"YC directory/company copy is a discovery source and is not independently verified here; status, employees, location, tags, and descriptions are point-in-time fields."
2026-08-30,Real Estate and Construction,128,ZeroDown,https://www.ycombinator.com/companies/zerodown,zerodown,12391,W2019,Acquired,13,San Francisco,San Francisco,US,Find beautiful homes,"What used to be an integral part of the American Dream, or at least a check mark on the way to adulthood, is now well beyond reach for many of us. And nobody bears the brunt of the current housing crisis more than young folks, who, compared to their parents and grandparents, find themselves saddled with more debt and in possession of fewer assets. But it doesn't have to be this way. At ZeroDown, we're driven by...",real-estate; housing,L3 Capital/finance; L7 Occupancy/tenant,Real-estate finance / insurtech,B,Adjacent capability with a plausible real-estate use case; validate local workflow and integration fit.,no,yes,https://www.ycombinator.com/companies/industry/real-estate-and-construction,"YC directory/company copy is a discovery source and is not independently verified here; status, employees, location, tags, and descriptions are point-in-time fields."
2026-08-30,Real Estate and Construction,128,Doorport,https://www.ycombinator.com/companies/doorport,doorport,12038,W2019,Acquired,3,San Francisco,San Francisco,US,Acquired by Alarm.com - We make existing apartment access smart.,Acquired by Alarm.com - We make existing apartment access smart.,smart-home-assistants; iot,L12 Data/intelligence,Real-estate software / adjacent,D,Directory discovery only; not enough evidence in the official listing for a near-term JCX use case.,no,no,https://www.ycombinator.com/companies/industry/real-estate-and-construction,"YC directory/company copy is a discovery source and is not independently verified here; status, employees, location, tags, and descriptions are point-in-time fields."
2026-08-30,Real Estate and Construction,128,hypcloud,https://www.ycombinator.com/companies/hypcloud,hypcloud,1975,S2018,Acquired,14,"Berlin, Germany",Berlin,DE,A tech-enabled commercial mortgage broker. hypcloud allows property…,A tech-enabled commercial mortgage broker. hypcloud allows property…,fintech; real-estate,L3 Capital/finance; L6 Marketing/sales,Real-estate finance / insurtech,A,"Direct fit for a developer's digitization, project, property, transaction, data, or ESG workflows.",no,yes,https://www.ycombinator.com/companies/industry/real-estate-and-construction,"YC directory/company copy is a discovery source and is not independently verified here; status, employees, location, tags, and descriptions are point-in-time fields."
2026-08-30,Real Estate and Construction,128,Naborly,https://www.ycombinator.com/companies/naborly,naborly,1824,W2018,Acquired,25,"Toronto, ON, Canada",Toronto,CA,A credit bureau for the renting generation.,"Naborly has reinvented how credit reports and scores work for the rental industry to help landlords know who they're renting to, while helping tenants build credit by just paying their rent.",real-estate; fintech; artificial-intelligence,L7 Occupancy/tenant; L8 FM/maintenance,Property operations / housing,A,"Direct fit for a developer's digitization, project, property, transaction, data, or ESG workflows.",no,yes,https://www.ycombinator.com/companies/industry/real-estate-and-construction,"YC directory/company copy is a discovery source and is not independently verified here; status, employees, location, tags, and descriptions are point-in-time fields."
2026-08-30,Real Estate and Construction,128,disclosures.io,https://www.ycombinator.com/companies/disclosures-io,disclosures-io,1695,S2017,Acquired,10,San Francisco,San Francisco,US,The Complete Listing Toolkit for the New Era of Real Estate,"Every year $1.2 trillion in residential home sales are exchanged, however buying and selling a house is still a huge, painful process. Maybe that’s because Real Estate is the least digital industry, behind only agriculture 🐮 . Disclosures.io is on a mission to make the real estate process more transparent and efficient for everyone involved. Our product helps sellers get their home to market faster and enables...",saas; documents; b2b,L6 Marketing/sales; L7 Occupancy/tenant; L12 Data/intelligence,Property operations / housing,B,Adjacent capability with a plausible real-estate use case; validate local workflow and integration fit.,no,no,https://www.ycombinator.com/companies/industry/real-estate-and-construction,"YC directory/company copy is a discovery source and is not independently verified here; status, employees, location, tags, and descriptions are point-in-time fields."
2026-08-30,Real Estate and Construction,128,Starcity,https://www.ycombinator.com/companies/starcity,starcity,1431,S2016,Acquired,,San Francisco,San Francisco,US,Starcity was one of the largest co-living brands. Exit to Common in…,Starcity was one of the largest co-living brands. Exit to Common in 2021.,real-estate; housing; proptech,L7 Occupancy/tenant,Real-estate software / adjacent,B,Adjacent capability with a plausible real-estate use case; validate local workflow and integration fit.,yes,yes,https://www.ycombinator.com/companies/industry/real-estate-and-construction,"YC directory/company copy is a discovery source and is not independently verified here; status, employees, location, tags, and descriptions are point-in-time fields."
2026-08-30,Real Estate and Construction,128,Innov8,https://www.ycombinator.com/companies/innov8,innov8,1341,S2016,Acquired,100,"New Delhi, Delhi, India",New Delhi,IN,"We provide co-working offices to startups, freelancers and SMEs in…","Innov8 Coworking is a Y- Combinator backed workspaces and community startup based in India. We provide Premium workspaces (Managed Private Offices and Coworking Spaces). Innov8 Coworking is the first of its kind Thought space in India. We encourage community engagement of like-minded individuals from any space, whether they are founders, investors, freelancers, creators or just want to work in a highly productive...",india,L7 Occupancy/tenant; L12 Data/intelligence,Real-estate software / adjacent,C,"Interesting discovery lead, but the direct JCX/developer use case is not evident from directory copy.",no,no,https://www.ycombinator.com/companies/industry/real-estate-and-construction,"YC directory/company copy is a discovery source and is not independently verified here; status, employees, location, tags, and descriptions are point-in-time fields."
2026-08-30,Real Estate and Construction,128,Bulldozair,https://www.ycombinator.com/companies/bulldozair,bulldozair,1265,S2016,Acquired,8,"Paris, France",Paris,FR,Construction management platform,"Bulldozair is a technology company backed by Y Combinator (US), Station F (EU) and Kima Ventures (EU). We provide a collaborative web and mobile platform that helps companies that own real estate or industrial assets to deliver their construction projects on time and on budget. Bulldozair digitally integrates all the construction process, compliance and checklists and deliver them to contractors and engineering...",construction; saas; enterprise,L5 Construction; L10 ESG/climate; L12 Data/intelligence,ConTech / construction operations,A,"Direct fit for a developer's digitization, project, property, transaction, data, or ESG workflows.",no,no,https://www.ycombinator.com/companies/industry/real-estate-and-construction,"YC directory/company copy is a discovery source and is not independently verified here; status, employees, location, tags, and descriptions are point-in-time fields."
2026-08-30,Real Estate and Construction,128,Tenant Turner,https://www.ycombinator.com/companies/tenant-turner,tenant-turner,969,S2015,Acquired,15,San Francisco,San Francisco,US,We help residential property managers eliminate vacancy.,"Tenant Turner helps property managers eliminate vacancy. We streamline your rental process from leads to lease by listing your rentals on all the major rental sites; pre-qualifying prospects via web, phone, and email; and schedule showings with a leasing agent, lockbox, or lock.",saas; proptech; smart-locks,L6 Marketing/sales; L7 Occupancy/tenant; L8 FM/maintenance; L12 Data/intelligence,Property operations / housing,A,"Direct fit for a developer's digitization, project, property, transaction, data, or ESG workflows.",yes,no,https://www.ycombinator.com/companies/industry/real-estate-and-construction,"YC directory/company copy is a discovery source and is not independently verified here; status, employees, location, tags, and descriptions are point-in-time fields."
2026-08-30,Real Estate and Construction,128,Open Listings,https://www.ycombinator.com/companies/open-listings,open-listings,777,W2015,Acquired,48,Los Angeles,Los Angeles,US,A better way to buy a home,Open Listings was the all-in-one homebuying app designed to make buying a home simple and more affordable. We helped buyers purchase billions of dollars worth of homes and saved them over $25 million in commission fees. Acquired by Opendoor in 2018.,real-estate; marketplace,L4 Design/BIM; L6 Marketing/sales,Design / visualization,A,"Direct fit for a developer's digitization, project, property, transaction, data, or ESG workflows.",no,yes,https://www.ycombinator.com/companies/industry/real-estate-and-construction,"YC directory/company copy is a discovery source and is not independently verified here; status, employees, location, tags, and descriptions are point-in-time fields."
2026-08-30,Real Estate and Construction,128,Ravti,https://www.ycombinator.com/companies/ravti,ravti,735,S2014,Acquired,17,New York City,New York City,US,"Software to track, manage, and procure HVAC for commercial real…","Ravti makes HVAC easier for the Real Estate world. We track, manager, and procure HVAC for large property owners. We manage all your HVAC maintenance programs, emergent repairs, scheduled repairs, capital replacement, capex management, and all the associated headaches that come along with that – multiple bids, procurement, HVAC inventory, warranties. Your team can start any project with the simple click of a...",iot; saas,L5 Construction; L7 Occupancy/tenant; L8 FM/maintenance; L9 Portfolio/asset; L10 ESG/climate; L12 Data/intelligence,ConTech / construction operations,A,"Direct fit for a developer's digitization, project, property, transaction, data, or ESG workflows.",no,no,https://www.ycombinator.com/companies/industry/real-estate-and-construction,"YC directory/company copy is a discovery source and is not independently verified here; status, employees, location, tags, and descriptions are point-in-time fields."
2026-08-30,Real Estate and Construction,128,RealCrowd,https://www.ycombinator.com/companies/realcrowd,realcrowd,554,S2013,Acquired,9,"Portland, OR, USA",Portland,US,Direct real estate investing marketplace,"RealCrowd puts the power of commercial real estate investing into your hands. This unique crowd based equity platform was created by experienced commercial real estate investment professionals to allow you to decide where your money is invested by offering direct investments. Pooling your money with other like-minded investors and working with a seasoned real estate operator with the skills, knowledge and...",real-estate; marketplace,L2 Feasibility; L9 Portfolio/asset; L12 Data/intelligence,Real-estate software / adjacent,A,"Direct fit for a developer's digitization, project, property, transaction, data, or ESG workflows.",no,yes,https://www.ycombinator.com/companies/industry/real-estate-and-construction,"YC directory/company copy is a discovery source and is not independently verified here; status, employees, location, tags, and descriptions are point-in-time fields."
2026-08-30,Real Estate and Construction,128,Movity,https://www.ycombinator.com/companies/movity,movity,231,W2010,Acquired,2,San Francisco,San Francisco,US,Real estate data visualization. Sold to Trulia Dec…,"Movity provides location-based living facilities and neighborhood data that help home buyers make better decisions. Movity.com surfaces geodata (crime, noise, pricing, etc) to help home buyers make better decisions. The company was founded in 2010 and is based in San Francisco, California.",real-estate; data-visualization,L2 Feasibility; L8 FM/maintenance; L12 Data/intelligence,Property data / transaction infrastructure,C,"Interesting discovery lead, but the direct JCX/developer use case is not evident from directory copy.",no,yes,https://www.ycombinator.com/companies/industry/real-estate-and-construction,"YC directory/company copy is a discovery source and is not independently verified here; status, employees, location, tags, and descriptions are point-in-time fields."
2026-08-30,Real Estate and Construction,128,PadMapper,https://www.ycombinator.com/companies/padmapper,padmapper,186,S2010,Acquired,2,San Francisco,San Francisco,US,Map-based apartment search.,"PadMapper is a location-based apartment rental search engine with real-time filtering. PadMapper's entire browsing interface is taken up by a full-screen map, and listings are loaded as the user moves around the map. Zooming into the map loads more listings in that area, zooming out broadens the search. Listings are filtered out or allowed back into the results as filter sliders are moved. Apartment listings from...",real-estate; marketplace,L6 Marketing/sales; L7 Occupancy/tenant; L12 Data/intelligence,Property operations / housing,B,Adjacent capability with a plausible real-estate use case; validate local workflow and integration fit.,no,yes,https://www.ycombinator.com/companies/industry/real-estate-and-construction,"YC directory/company copy is a discovery source and is not independently verified here; status, employees, location, tags, and descriptions are point-in-time fields."
2026-08-30,Real Estate and Construction,128,Zeus,https://www.ycombinator.com/companies/zeus,zeus,128,S2011,Acquired,200,San Francisco,San Francisco,US,Tech-enabled property manager focused on corporate rentals; Acquired…,Tech-enabled property manager focused on corporate rentals; Acquired…,proptech; real-estate,L7 Occupancy/tenant; L8 FM/maintenance,Property operations / housing,A,"Direct fit for a developer's digitization, project, property, transaction, data, or ESG workflows.",yes,yes,https://www.ycombinator.com/companies/industry/real-estate-and-construction,"YC directory/company copy is a discovery source and is not independently verified here; status, employees, location, tags, and descriptions are point-in-time fields."
2026-08-30,Real Estate and Construction,128,MyVR,https://www.ycombinator.com/companies/myvr,myvr,13,W2012,Acquired,15,San Francisco,San Francisco,US,The open platform for the vacation rental industry.,"MyVR provides short-term rental businesses the ability to simplify and centralize the management of their marketing channels - Airbnb, HomeAway/Vrbo, TripAdvisor, Booking.com, Expedia and more - from a single dashboard, while also providing these businesses with their own online presence to grow their direct sales channel. MyVR's easy-to-use software also allows short-term rentals to streamline and automate day...",travel; saas,L6 Marketing/sales; L7 Occupancy/tenant; L12 Data/intelligence,Property operations / housing,B,Adjacent capability with a plausible real-estate use case; validate local workflow and integration fit.,no,no,https://www.ycombinator.com/companies/industry/real-estate-and-construction,"YC directory/company copy is a discovery source and is not independently verified here; status, employees, location, tags, and descriptions are point-in-time fields."
2026-08-30,Real Estate and Construction,128,PlanGrid,https://www.ycombinator.com/companies/plangrid,plangrid,8,W2012,Acquired,355,San Francisco,San Francisco,US,Mobile applications for the construction industry.,"PlanGrid is the leader in construction productivity software, used on more than one million projects in 84 countries. PlanGrid's cloud-based platform empowers contractors and owners in commercial, heavy civil, and other industries to collaborate easily from their mobile devices and desktop, managing blueprints, specs, photos, RFIs, field reports, and punch lists. With over 100 million digital blueprints on its...",construction,L5 Construction; L12 Data/intelligence,ConTech / construction operations,A,"Direct fit for a developer's digitization, project, property, transaction, data, or ESG workflows.",no,no,https://www.ycombinator.com/companies/industry/real-estate-and-construction,"YC directory/company copy is a discovery source and is not independently verified here; status, employees, location, tags, and descriptions are point-in-time fields."
2026-08-30,Real Estate and Construction,128,42Floors,https://www.ycombinator.com/companies/42floors,42floors,7,W2012,Acquired,60,San Francisco,San Francisco,US,We make it easy to search for office space.,"*Acquired by Knotel in 2018 42Floors was founded in November of 2011 with the vision of making it easy to discover and create your dream office space. Based in San Francisco, the 42Floors team is made up of experienced entrepreneurs, engineers, and real estate professionals. All with a passion for making the commercial real estate search process easier for everyone. On the site, you'll find available spaces,...",proptech; real-estate,L7 Occupancy/tenant; L9 Portfolio/asset; L12 Data/intelligence,Real-estate software / adjacent,A,"Direct fit for a developer's digitization, project, property, transaction, data, or ESG workflows.",yes,yes,https://www.ycombinator.com/companies/industry/real-estate-and-construction,"YC directory/company copy is a discovery source and is not independently verified here; status, employees, location, tags, and descriptions are point-in-time fields."
